{
    "RowStruct": "/Script/Icarus.FarmingSeedData",
    "Defaults": {
        "Seed": {
            "RowName": "None",
            "DataTableName": "D_ItemsStatic"
        },
        "GrowthStates": [],
        "CropRewards": {
            "RowName": "None",
            "DataTableName": "D_ItemRewards"
        },
        "Audio": {
            "PlantedSound": "None",
            "HarvestedSound": "None",
            "ClearedSound": "None"
        },
        "DecayTime": 0,
        "DeadState": {
            "RowName": "None",
            "DataTableName": "D_FarmingGrowthStates"
        }
    },
    "Rows": [
        {
            "Name": "Corn",
            "Seed": {
                "RowName": "Corn"
            },
            "GrowthStates": [
                {
                    "RowName": "Corn_Growth_01",
                    "DataTableName": "D_FarmingGrowthStates"
                },
                {
                    "RowName": "Corn_Growth_02",
                    "DataTableName": "D_FarmingGrowthStates"
                },
                {
                    "RowName": "Corn_Growth_03",
                    "DataTableName": "D_FarmingGrowthStates"
                },
                {
                    "RowName": "Corn_Growth_04",
                    "DataTableName": "D_FarmingGrowthStates"
                },
                {
                    "RowName": "Corn_Growth_05",
                    "DataTableName": "D_FarmingGrowthStates"
                }
            ],
            "CropRewards": {
                "RowName": "Corn_Crops"
            },
            "Audio": {
                "PlantedSound": "/Game/FMOD/Events/SFX/Farming/SFX_FARMING_CORN_SOW.SFX_FARMING_CORN_SOW",
                "HarvestedSound": "/Game/FMOD/Events/SFX/D_Resource_Nodes/SFX_CORN_HARVEST.SFX_CORN_HARVEST",
                "ClearedSound": "/Game/FMOD/Events/UI/Generic/UI_INV_DROPITEM.UI_INV_DROPITEM"
            },
            "DecayTime": 7200,
            "DeadState": {
                "RowName": "Corn_Growth_Dead"
            }
        },
        {
            "Name": "Wheat",
            "Seed": {
                "RowName": "Wheat"
            },
            "GrowthStates": [
                {
                    "RowName": "Wheat_Growth_01",
                    "DataTableName": "D_FarmingGrowthStates"
                },
                {
                    "RowName": "Wheat_Growth_02",
                    "DataTableName": "D_FarmingGrowthStates"
                },
                {
                    "RowName": "Wheat_Growth_03",
                    "DataTableName": "D_FarmingGrowthStates"
                },
                {
                    "RowName": "Wheat_Growth_04",
                    "DataTableName": "D_FarmingGrowthStates"
                },
                {
                    "RowName": "Wheat_Growth_05",
                    "DataTableName": "D_FarmingGrowthStates"
                }
            ],
            "CropRewards": {
                "RowName": "Wheat_Crops"
            },
            "Audio": {
                "PlantedSound": "/Game/FMOD/Events/SFX/Farming/SFX_FARMING_CORN_SOW.SFX_FARMING_CORN_SOW",
                "HarvestedSound": "/Game/FMOD/Events/SFX/D_Resource_Nodes/SFX_WHEAT_HARVEST.SFX_WHEAT_HARVEST",
                "ClearedSound": "/Game/FMOD/Events/UI/Generic/UI_INV_DROPITEM.UI_INV_DROPITEM"
            },
            "DecayTime": 3600,
            "DeadState": {
                "RowName": "Wheat_Growth_Dead"
            }
        },
        {
            "Name": "ReedFlower",
            "Seed": {
                "RowName": "Reed_Flower"
            },
            "GrowthStates": [
                {
                    "RowName": "ReedFlower_Growth_01",
                    "DataTableName": "D_FarmingGrowthStates"
                },
                {
                    "RowName": "ReedFlower_Growth_02",
                    "DataTableName": "D_FarmingGrowthStates"
                },
                {
                    "RowName": "ReedFlower_Growth_03",
                    "DataTableName": "D_FarmingGrowthStates"
                },
                {
                    "RowName": "ReedFlower_Growth_04",
                    "DataTableName": "D_FarmingGrowthStates"
                },
                {
                    "RowName": "ReedFlower_Growth_05",
                    "DataTableName": "D_FarmingGrowthStates"
                }
            ],
            "CropRewards": {
                "RowName": "Reed_Flower_Crops"
            },
            "Audio": {
                "PlantedSound": "/Game/FMOD/Events/SFX/Farming/SFX_FARMING_CORN_SOW.SFX_FARMING_CORN_SOW",
                "HarvestedSound": "/Game/FMOD/Events/SFX/D_Resource_Nodes/SFX_REED_HARVEST.SFX_REED_HARVEST",
                "ClearedSound": "/Game/FMOD/Events/UI/Generic/UI_INV_DROPITEM.UI_INV_DROPITEM"
            },
            "DecayTime": 4800,
            "DeadState": {
                "RowName": "ReedFlower_Growth_Dead"
            }
        },
        {
            "Name": "Yeast",
            "Seed": {
                "RowName": "Yeast"
            },
            "GrowthStates": [
                {
                    "RowName": "Yeast_Growth_01",
                    "DataTableName": "D_FarmingGrowthStates"
                },
                {
                    "RowName": "Yeast_Growth_02",
                    "DataTableName": "D_FarmingGrowthStates"
                },
                {
                    "RowName": "Yeast_Growth_03",
                    "DataTableName": "D_FarmingGrowthStates"
                },
                {
                    "RowName": "Yeast_Growth_04",
                    "DataTableName": "D_FarmingGrowthStates"
                },
                {
                    "RowName": "Yeast_Growth_05",
                    "DataTableName": "D_FarmingGrowthStates"
                }
            ],
            "CropRewards": {
                "RowName": "Yeast_Crops"
            },
            "Audio": {
                "PlantedSound": "/Game/FMOD/Events/SFX/Farming/SFX_FARMING_CORN_SOW.SFX_FARMING_CORN_SOW",
                "HarvestedSound": "/Game/FMOD/Events/SFX/D_Resource_Nodes/SFX_LILY_HARVEST.SFX_LILY_HARVEST",
                "ClearedSound": "/Game/FMOD/Events/UI/Generic/UI_INV_DROPITEM.UI_INV_DROPITEM"
            },
            "DecayTime": 7200,
            "DeadState": {
                "RowName": "Yeast_Growth_Dead"
            }
        },
        {
            "Name": "Lily",
            "Seed": {
                "RowName": "Lily"
            },
            "GrowthStates": [
                {
                    "RowName": "Lily_Growth_01",
                    "DataTableName": "D_FarmingGrowthStates"
                },
                {
                    "RowName": "Lily_Growth_02",
                    "DataTableName": "D_FarmingGrowthStates"
                },
                {
                    "RowName": "Lily_Growth_03",
                    "DataTableName": "D_FarmingGrowthStates"
                },
                {
                    "RowName": "Lily_Growth_04",
                    "DataTableName": "D_FarmingGrowthStates"
                },
                {
                    "RowName": "Lily_Growth_05",
                    "DataTableName": "D_FarmingGrowthStates"
                }
            ],
            "CropRewards": {
                "RowName": "Lily_Crops"
            },
            "Audio": {
                "PlantedSound": "/Game/FMOD/Events/SFX/Farming/SFX_FARMING_CORN_SOW.SFX_FARMING_CORN_SOW",
                "HarvestedSound": "/Game/FMOD/Events/SFX/D_Resource_Nodes/SFX_LILY_HARVEST.SFX_LILY_HARVEST",
                "ClearedSound": "/Game/FMOD/Events/UI/Generic/UI_INV_DROPITEM.UI_INV_DROPITEM"
            },
            "DecayTime": 7200,
            "DeadState": {
                "RowName": "Lily_Growth_Dead"
            }
        },
        {
            "Name": "BerryBush",
            "Seed": {
                "RowName": "Berry"
            },
            "GrowthStates": [
                {
                    "RowName": "BerryBush_Growth_01",
                    "DataTableName": "D_FarmingGrowthStates"
                },
                {
                    "RowName": "BerryBush_Growth_02",
                    "DataTableName": "D_FarmingGrowthStates"
                },
                {
                    "RowName": "BerryBush_Growth_03",
                    "DataTableName": "D_FarmingGrowthStates"
                },
                {
                    "RowName": "BerryBush_Growth_04",
                    "DataTableName": "D_FarmingGrowthStates"
                },
                {
                    "RowName": "BerryBush_Growth_05",
                    "DataTableName": "D_FarmingGrowthStates"
                }
            ],
            "CropRewards": {
                "RowName": "BerryBush_Crops"
            },
            "Audio": {
                "PlantedSound": "/Game/FMOD/Events/SFX/Farming/SFX_FARMING_CORN_SOW.SFX_FARMING_CORN_SOW",
                "HarvestedSound": "/Game/FMOD/Events/SFX/D_Resource_Nodes/SFX_BERRYBUSH_HARVEST.SFX_BERRYBUSH_HARVEST",
                "ClearedSound": "/Game/FMOD/Events/UI/Generic/UI_INV_DROPITEM.UI_INV_DROPITEM"
            },
            "DecayTime": 3600,
            "DeadState": {
                "RowName": "BerryBush_Growth_Dead"
            }
        },
        {
            "Name": "Pumpkin",
            "Seed": {
                "RowName": "Pumpkin"
            },
            "GrowthStates": [
                {
                    "RowName": "Pumpkin_Growth_01",
                    "DataTableName": "D_FarmingGrowthStates"
                },
                {
                    "RowName": "Pumpkin_Growth_02",
                    "DataTableName": "D_FarmingGrowthStates"
                },
                {
                    "RowName": "Pumpkin_Growth_03",
                    "DataTableName": "D_FarmingGrowthStates"
                },
                {
                    "RowName": "Pumpkin_Growth_04",
                    "DataTableName": "D_FarmingGrowthStates"
                },
                {
                    "RowName": "Pumpkin_Growth_05",
                    "DataTableName": "D_FarmingGrowthStates"
                }
            ],
            "CropRewards": {
                "RowName": "Pumpkin_Crops"
            },
            "Audio": {
                "PlantedSound": "/Game/FMOD/Events/SFX/Farming/SFX_FARMING_CORN_SOW.SFX_FARMING_CORN_SOW",
                "HarvestedSound": "/Game/FMOD/Events/SFX/D_Resource_Nodes/SFX_GOURD_HARVEST.SFX_GOURD_HARVEST",
                "ClearedSound": "/Game/FMOD/Events/UI/Generic/UI_INV_DROPITEM.UI_INV_DROPITEM"
            },
            "DecayTime": 7200,
            "DeadState": {
                "RowName": "Pumpkin_Growth_Dead"
            }
        },
        {
            "Name": "Beans",
            "Seed": {
                "RowName": "Bean"
            },
            "GrowthStates": [
                {
                    "RowName": "Beans_Growth_01",
                    "DataTableName": "D_FarmingGrowthStates"
                },
                {
                    "RowName": "Beans_Growth_02",
                    "DataTableName": "D_FarmingGrowthStates"
                },
                {
                    "RowName": "Beans_Growth_03",
                    "DataTableName": "D_FarmingGrowthStates"
                },
                {
                    "RowName": "Beans_Growth_04",
                    "DataTableName": "D_FarmingGrowthStates"
                },
                {
                    "RowName": "Beans_Growth_05",
                    "DataTableName": "D_FarmingGrowthStates"
                }
            ],
            "CropRewards": {
                "RowName": "Beans_Crops"
            },
            "Audio": {
                "PlantedSound": "/Game/FMOD/Events/SFX/Farming/SFX_FARMING_CORN_SOW.SFX_FARMING_CORN_SOW",
                "HarvestedSound": "/Game/FMOD/Events/SFX/D_Resource_Nodes/SFX_FIBER_HARVEST.SFX_FIBER_HARVEST",
                "ClearedSound": "/Game/FMOD/Events/UI/Generic/UI_INV_DROPITEM.UI_INV_DROPITEM"
            },
            "DecayTime": 3600,
            "DeadState": {
                "RowName": "Beans_Growth_Dead"
            }
        },
        {
            "Name": "Squash",
            "Seed": {
                "RowName": "Squash"
            },
            "GrowthStates": [
                {
                    "RowName": "Squash_Growth_01",
                    "DataTableName": "D_FarmingGrowthStates"
                },
                {
                    "RowName": "Squash_Growth_02",
                    "DataTableName": "D_FarmingGrowthStates"
                },
                {
                    "RowName": "Squash_Growth_03",
                    "DataTableName": "D_FarmingGrowthStates"
                },
                {
                    "RowName": "Squash_Growth_04",
                    "DataTableName": "D_FarmingGrowthStates"
                },
                {
                    "RowName": "Squash_Growth_05",
                    "DataTableName": "D_FarmingGrowthStates"
                }
            ],
            "CropRewards": {
                "RowName": "Squash_Crops"
            },
            "Audio": {
                "PlantedSound": "/Game/FMOD/Events/SFX/Farming/SFX_FARMING_CORN_SOW.SFX_FARMING_CORN_SOW",
                "HarvestedSound": "/Game/FMOD/Events/SFX/D_Resource_Nodes/SFX_SQUASH_HARVEST.SFX_SQUASH_HARVEST",
                "ClearedSound": "/Game/FMOD/Events/UI/Generic/UI_INV_DROPITEM.UI_INV_DROPITEM"
            },
            "DecayTime": 7200,
            "DeadState": {
                "RowName": "Squash_Growth_Dead"
            }
        },
        {
            "Name": "Watermelon",
            "Seed": {
                "RowName": "Watermelon"
            },
            "GrowthStates": [
                {
                    "RowName": "Watermelon_Growth_01",
                    "DataTableName": "D_FarmingGrowthStates"
                },
                {
                    "RowName": "Watermelon_Growth_02",
                    "DataTableName": "D_FarmingGrowthStates"
                },
                {
                    "RowName": "Watermelon_Growth_03",
                    "DataTableName": "D_FarmingGrowthStates"
                },
                {
                    "RowName": "Watermelon_Growth_04",
                    "DataTableName": "D_FarmingGrowthStates"
                },
                {
                    "RowName": "Watermelon_Growth_05",
                    "DataTableName": "D_FarmingGrowthStates"
                }
            ],
            "CropRewards": {
                "RowName": "Watermelon_Crops"
            },
            "Audio": {
                "PlantedSound": "/Game/FMOD/Events/SFX/Farming/SFX_FARMING_CORN_SOW.SFX_FARMING_CORN_SOW",
                "HarvestedSound": "/Game/FMOD/Events/SFX/D_Resource_Nodes/SFX_GOURD_HARVEST.SFX_GOURD_HARVEST",
                "ClearedSound": "/Game/FMOD/Events/UI/Generic/UI_INV_DROPITEM.UI_INV_DROPITEM"
            },
            "DecayTime": 7200,
            "DeadState": {
                "RowName": "Watermelon_Growth_Dead"
            }
        },
        {
            "Name": "Cocoa",
            "Seed": {
                "RowName": "Cocoa"
            },
            "GrowthStates": [
                {
                    "RowName": "Cocoa_Growth_01",
                    "DataTableName": "D_FarmingGrowthStates"
                },
                {
                    "RowName": "Cocoa_Growth_02",
                    "DataTableName": "D_FarmingGrowthStates"
                },
                {
                    "RowName": "Cocoa_Growth_03",
                    "DataTableName": "D_FarmingGrowthStates"
                },
                {
                    "RowName": "Cocoa_Growth_04",
                    "DataTableName": "D_FarmingGrowthStates"
                },
                {
                    "RowName": "Cocoa_Growth_05",
                    "DataTableName": "D_FarmingGrowthStates"
                }
            ],
            "CropRewards": {
                "RowName": "Cocoa_Crops"
            },
            "Audio": {
                "PlantedSound": "/Game/FMOD/Events/SFX/Farming/SFX_FARMING_CORN_SOW.SFX_FARMING_CORN_SOW",
                "HarvestedSound": "/Game/FMOD/Events/SFX/D_Resource_Nodes/SFX_COFFEE_HARVEST.SFX_COFFEE_HARVEST",
                "ClearedSound": "/Game/FMOD/Events/UI/Generic/UI_INV_DROPITEM.UI_INV_DROPITEM"
            },
            "DecayTime": 4800,
            "DeadState": {
                "RowName": "Cocoa_Growth_Dead"
            }
        },
        {
            "Name": "Coffee",
            "Seed": {
                "RowName": "Coffee"
            },
            "GrowthStates": [
                {
                    "RowName": "Coffee_Growth_01",
                    "DataTableName": "D_FarmingGrowthStates"
                },
                {
                    "RowName": "Coffee_Growth_02",
                    "DataTableName": "D_FarmingGrowthStates"
                },
                {
                    "RowName": "Coffee_Growth_03",
                    "DataTableName": "D_FarmingGrowthStates"
                },
                {
                    "RowName": "Coffee_Growth_04",
                    "DataTableName": "D_FarmingGrowthStates"
                },
                {
                    "RowName": "Coffee_Growth_05",
                    "DataTableName": "D_FarmingGrowthStates"
                }
            ],
            "CropRewards": {
                "RowName": "Coffee_Crops"
            },
            "Audio": {
                "PlantedSound": "/Game/FMOD/Events/SFX/Farming/SFX_FARMING_CORN_SOW.SFX_FARMING_CORN_SOW",
                "HarvestedSound": "/Game/FMOD/Events/SFX/D_Resource_Nodes/SFX_COFFEE_HARVEST.SFX_COFFEE_HARVEST",
                "ClearedSound": "/Game/FMOD/Events/UI/Generic/UI_INV_DROPITEM.UI_INV_DROPITEM"
            },
            "DecayTime": 4800,
            "DeadState": {
                "RowName": "Coffee_Growth_Dead"
            }
        },
        {
            "Name": "GreenTea",
            "Seed": {
                "RowName": "GreenTea"
            },
            "GrowthStates": [
                {
                    "RowName": "GreenTea_Growth_01",
                    "DataTableName": "D_FarmingGrowthStates"
                },
                {
                    "RowName": "GreenTea_Growth_02",
                    "DataTableName": "D_FarmingGrowthStates"
                },
                {
                    "RowName": "GreenTea_Growth_03",
                    "DataTableName": "D_FarmingGrowthStates"
                },
                {
                    "RowName": "GreenTea_Growth_04",
                    "DataTableName": "D_FarmingGrowthStates"
                },
                {
                    "RowName": "GreenTea_Growth_05",
                    "DataTableName": "D_FarmingGrowthStates"
                }
            ],
            "CropRewards": {
                "RowName": "GreenTea_Crops"
            },
            "Audio": {
                "PlantedSound": "/Game/FMOD/Events/SFX/Farming/SFX_FARMING_CORN_SOW.SFX_FARMING_CORN_SOW",
                "HarvestedSound": "/Game/FMOD/Events/SFX/D_Resource_Nodes/SFX_FIBER_HARVEST.SFX_FIBER_HARVEST",
                "ClearedSound": "/Game/FMOD/Events/UI/Generic/UI_INV_DROPITEM.UI_INV_DROPITEM"
            },
            "DecayTime": 4800,
            "DeadState": {
                "RowName": "GreenTea_Growth_Dead"
            }
        },
        {
            "Name": "WildTea",
            "Seed": {
                "RowName": "WildTea"
            },
            "GrowthStates": [
                {
                    "RowName": "WildTea_Growth_01",
                    "DataTableName": "D_FarmingGrowthStates"
                },
                {
                    "RowName": "WildTea_Growth_02",
                    "DataTableName": "D_FarmingGrowthStates"
                },
                {
                    "RowName": "WildTea_Growth_03",
                    "DataTableName": "D_FarmingGrowthStates"
                },
                {
                    "RowName": "WildTea_Growth_04",
                    "DataTableName": "D_FarmingGrowthStates"
                },
                {
                    "RowName": "WildTea_Growth_05",
                    "DataTableName": "D_FarmingGrowthStates"
                }
            ],
            "CropRewards": {
                "RowName": "WildTea_Crops"
            },
            "Audio": {
                "PlantedSound": "/Game/FMOD/Events/SFX/Farming/SFX_FARMING_CORN_SOW.SFX_FARMING_CORN_SOW",
                "HarvestedSound": "/Game/FMOD/Events/SFX/D_Resource_Nodes/SFX_FIBER_HARVEST.SFX_FIBER_HARVEST",
                "ClearedSound": "/Game/FMOD/Events/UI/Generic/UI_INV_DROPITEM.UI_INV_DROPITEM"
            },
            "DecayTime": 4800,
            "DeadState": {
                "RowName": "WildTea_Growth_Dead"
            }
        },
        {
            "Name": "Carrot",
            "Seed": {
                "RowName": "Carrot"
            },
            "GrowthStates": [
                {
                    "RowName": "Carrot_Growth_01",
                    "DataTableName": "D_FarmingGrowthStates"
                },
                {
                    "RowName": "Carrot_Growth_02",
                    "DataTableName": "D_FarmingGrowthStates"
                },
                {
                    "RowName": "Carrot_Growth_03",
                    "DataTableName": "D_FarmingGrowthStates"
                },
                {
                    "RowName": "Carrot_Growth_04",
                    "DataTableName": "D_FarmingGrowthStates"
                },
                {
                    "RowName": "Carrot_Growth_05",
                    "DataTableName": "D_FarmingGrowthStates"
                }
            ],
            "CropRewards": {
                "RowName": "Carrot_Crops"
            },
            "Audio": {
                "PlantedSound": "/Game/FMOD/Events/SFX/Farming/SFX_FARMING_CORN_SOW.SFX_FARMING_CORN_SOW",
                "HarvestedSound": "/Game/FMOD/Events/SFX/D_Resource_Nodes/SFX_CARROT_HARVEST.SFX_CARROT_HARVEST",
                "ClearedSound": "/Game/FMOD/Events/UI/Generic/UI_INV_DROPITEM.UI_INV_DROPITEM"
            },
            "DecayTime": 4800,
            "DeadState": {
                "RowName": "Carrot_Growth_Dead"
            }
        },
        {
            "Name": "Mushroom",
            "Seed": {
                "RowName": "Mushroom"
            },
            "GrowthStates": [
                {
                    "RowName": "Mushroom_Growth_01",
                    "DataTableName": "D_FarmingGrowthStates"
                },
                {
                    "RowName": "Mushroom_Growth_02",
                    "DataTableName": "D_FarmingGrowthStates"
                },
                {
                    "RowName": "Mushroom_Growth_03",
                    "DataTableName": "D_FarmingGrowthStates"
                },
                {
                    "RowName": "Mushroom_Growth_04",
                    "DataTableName": "D_FarmingGrowthStates"
                },
                {
                    "RowName": "Mushroom_Growth_05",
                    "DataTableName": "D_FarmingGrowthStates"
                }
            ],
            "CropRewards": {
                "RowName": "Mushroom_Crops"
            },
            "Audio": {
                "PlantedSound": "/Game/FMOD/Events/SFX/Farming/SFX_FARMING_CORN_SOW.SFX_FARMING_CORN_SOW",
                "HarvestedSound": "/Game/FMOD/Events/SFX/D_Resource_Nodes/SFX_CARROT_HARVEST.SFX_CARROT_HARVEST",
                "ClearedSound": "/Game/FMOD/Events/UI/Generic/UI_INV_DROPITEM.UI_INV_DROPITEM"
            },
            "DecayTime": 4800,
            "DeadState": {
                "RowName": "Mushroom_Growth_Dead"
            }
        }
    ]
}