{
    "RowStruct": "/Script/IcarusUtilities.FeatureLevelData",
    "Defaults": {
        "DisplayName": "",
        "ShortName": "",
        "Description": "",
        "Color": {
            "R": 0,
            "G": 0,
            "B": 0,
            "A": 0
        },
        "bEnableForCook": true,
        "bEnableForShip": true,
        "bEnableForPreview": false
    },
    "GenerateEnum": true,
    "HasMetadata": false,
    "Rows": [
        {
            "Name": "Core",
            "DisplayName": "INVTEXT(\"Core\")",
            "ShortName": "INVTEXT(\"CORE\")",
            "Description": "Icarus 1.0",
            "Color": {
                "R": 0.015208999626338482,
                "G": 0.015208999626338482,
                "B": 0.015208999626338482,
                "A": 1
            }
        },
        {
            "Name": "Cheats",
            "DisplayName": "INVTEXT(\"Cheats\")",
            "ShortName": "INVTEXT(\"CHEAT\")",
            "Color": {
                "R": 0.20000000298023224,
                "B": 0.10000000149011612,
                "A": 1
            },
            "bEnableForShip": false
        },
        {
            "Name": "ComingSoon",
            "DisplayName": "INVTEXT(\"Coming Soon\")",
            "ShortName": "INVTEXT(\"PREVIEW\")",
            "Description": "Coming soon!",
            "Color": {
                "R": 0.10000000149011612,
                "G": 0.10000000149011612,
                "B": 0.10000000149011612,
                "A": 0.33000001311302185
            },
            "bEnableForPreview": true
        },
        {
            "Name": "BetaWeekend1",
            "DisplayName": "INVTEXT(\"Beta Weekend 1\")",
            "ShortName": "INVTEXT(\"BW1\")",
            "Description": "Forest",
            "Color": {
                "G": 0.10000000149011612,
                "A": 0.33000001311302185
            }
        },
        {
            "Name": "BetaWeekend2",
            "DisplayName": "INVTEXT(\"Beta Weekend 2\")",
            "ShortName": "INVTEXT(\"BW2\")",
            "Description": "Storms",
            "Color": {
                "R": 0.10000000149011612,
                "A": 0.33000001311302185
            }
        },
        {
            "Name": "BetaWeekend3",
            "DisplayName": "INVTEXT(\"Beta Weekend 3\")",
            "ShortName": "INVTEXT(\"BW3\")",
            "Description": "Arctic",
            "Color": {
                "G": 0.10000000149011612,
                "B": 0.10000000149011612,
                "A": 0.33000001311302185
            }
        },
        {
            "Name": "BetaWeekend4",
            "DisplayName": "INVTEXT(\"Beta Weekend 4\")",
            "ShortName": "INVTEXT(\"BW4\")",
            "Description": "Satellites",
            "Color": {
                "R": 0.10000000149011612,
                "G": 0.10000000149011612,
                "A": 0.33000001311302185
            }
        },
        {
            "Name": "BetaWeekend5",
            "DisplayName": "INVTEXT(\"Beta Weekend 5\")",
            "ShortName": "INVTEXT(\"BW5\")",
            "Description": "Desert",
            "Color": {
                "R": 0.10000000149011612,
                "B": 0.10000000149011612,
                "A": 0.33000001311302185
            }
        },
        {
            "Name": "BetaWeekend6",
            "DisplayName": "INVTEXT(\"Beta Weekend 6\")",
            "ShortName": "INVTEXT(\"BW6\")",
            "Description": "Missions",
            "Color": {
                "B": 0.10000000149011612,
                "A": 0.33000001311302185
            }
        },
        {
            "Name": "BetaWeekend7",
            "DisplayName": "INVTEXT(\"Beta Weekend 7\")",
            "ShortName": "INVTEXT(\"BW7\")",
            "Description": "Community"
        },
        {
            "Name": "FirstCohort",
            "DisplayName": "INVTEXT(\"Release\")",
            "ShortName": "INVTEXT(\"R1\")",
            "Description": "Feature level for first release"
        },
        {
            "Name": "Styx",
            "DisplayName": "INVTEXT(\"Styx\")",
            "ShortName": "INVTEXT(\"STYX\")",
            "Description": "Feature level for Styx"
        },
        {
            "Name": "NewFrontiers",
            "DisplayName": "INVTEXT(\"New Frontiers\")",
            "ShortName": "INVTEXT(\"NF_DLC1\")",
            "Description": "Feature level for New Frontiers"
        },
        {
            "Name": "LiveDemos",
            "DisplayName": "INVTEXT(\"Live Demos\")",
            "ShortName": "INVTEXT(\"LD\")",
            "Description": "Feature Level For Live Demos",
            "Color": {
                "R": 255,
                "G": 100,
                "B": 233.14285278320312,
                "A": 1
            }
        },
        {
            "Name": "Uncooked",
            "DisplayName": "INVTEXT(\"Uncooked\")",
            "ShortName": "INVTEXT(\"UNC\")",
            "Description": "Editor only",
            "bEnableForCook": false,
            "bEnableForShip": false
        },
        {
            "Name": "Development",
            "DisplayName": "INVTEXT(\"Development\")",
            "ShortName": "INVTEXT(\"DEV\")",
            "Description": "Editor and Test builds only",
            "Color": {
                "R": 0.009999999776482582,
                "A": 0.8999999761581421
            },
            "bEnableForShip": false
        }
    ]
}