{
    "RowStruct": "/Script/Icarus.DecayableData",
    "Defaults": {
        "DecayTime": 0,
        "SpoilTime": 0,
        "SpoiledItem": {
            "RowName": "None",
            "DataTableName": "D_ItemTemplate"
        },
        "ResourceLeakage": 0
    },
    "Rows": [
        {
            "Name": "Decay_General",
            "DecayTime": 300
        },
        {
            "Name": "Decay_Waterskin",
            "DecayTime": 300,
            "ResourceLeakage": 10
        },
        {
            "Name": "Decay_Sponge",
            "DecayTime": 300,
            "ResourceLeakage": 60
        },
        {
            "Name": "Decay_Raw_Meat",
            "DecayTime": 300,
            "SpoilTime": 600,
            "SpoiledItem": {
                "RowName": "Spoiled_Meat"
            }
        },
        {
            "Name": "Decay_Raw_Prime_Meat",
            "DecayTime": 300,
            "SpoilTime": 600,
            "SpoiledItem": {
                "RowName": "Spoiled_Meat"
            }
        },
        {
            "Name": "Decay_CookedMeat_Generic",
            "DecayTime": 300,
            "SpoilTime": 1800,
            "SpoiledItem": {
                "RowName": "Spoiled_Meat"
            }
        },
        {
            "Name": "Decay_Bread_Generic",
            "DecayTime": 300,
            "SpoilTime": 3600
        },
        {
            "Name": "Decay_Food_Generic",
            "DecayTime": 300,
            "SpoilTime": 900
        },
        {
            "Name": "Decay_Food_Generic_1200",
            "DecayTime": 300,
            "SpoilTime": 1200
        },
        {
            "Name": "Decay_Food_Generic_1800",
            "DecayTime": 300,
            "SpoilTime": 1800
        },
        {
            "Name": "Decay_Animal_Carcass",
            "DecayTime": 600
        },
        {
            "Name": "Decay_Animal_Carcass_30",
            "DecayTime": 1800
        },
        {
            "Name": "Decay_Deployable",
            "DecayTime": 600
        },
        {
            "Name": "Decay_Ice",
            "DecayTime": 300,
            "SpoilTime": 2700
        },
        {
            "Name": "Decay_Arrow",
            "DecayTime": 300
        },
        {
            "Name": "Decay_Spear",
            "DecayTime": 300
        },
        {
            "Name": "Decay_Knife",
            "DecayTime": 300
        },
        {
            "Name": "Decay_Coconut_Young",
            "DecayTime": 600,
            "SpoilTime": 300,
            "SpoiledItem": {
                "RowName": "Coconut_mid"
            }
        },
        {
            "Name": "Decay_Coconut_Mid",
            "DecayTime": 600,
            "SpoilTime": 300,
            "SpoiledItem": {
                "RowName": "Coconut_mature"
            }
        },
        {
            "Name": "Decay_Coconut_Mature",
            "DecayTime": 600,
            "SpoilTime": 600
        },
        {
            "Name": "Decay_Tree_Trunk",
            "DecayTime": 600
        },
        {
            "Name": "Decay_Pack_Wolf_Carcass",
            "DecayTime": 180
        },
        {
            "Name": "Decay_Lantern",
            "DecayTime": 600
        },
        {
            "Name": "Decay_MetaItem",
            "DecayTime": 1200
        },
        {
            "Name": "Decay_Delivery_Object",
            "DecayTime": 10,
            "SpoilTime": 15
        },
        {
            "Name": "Decay_Bait",
            "DecayTime": 600,
            "SpoilTime": 2400
        },
        {
            "Name": "Decay_Fruit_Vegetable",
            "DecayTime": 300,
            "SpoilTime": 800,
            "SpoiledItem": {
                "RowName": "Spoiled_Plants"
            }
        },
        {
            "Name": "Decay_Dried_Meat",
            "DecayTime": 300,
            "SpoilTime": 5000,
            "SpoiledItem": {
                "RowName": "Spoiled_Meat"
            }
        },
        {
            "Name": "Decay_Quick",
            "DecayTime": 1
        }
    ]
}