{
    "RowStruct": "/Script/Icarus.DurableData",
    "Defaults": {
        "Max_Durability": 100,
        "Destroyed_At_Zero": false,
        "ItemsForRepair": [],
        "NoRecipe_RequiredRecipeSet": []
    },
    "Rows": [
        {
            "Name": "Basic"
        },
        {
            "Name": "Destroyed",
            "Destroyed_At_Zero": true
        },
        {
            "Name": "Destroyed_Tool",
            "Max_Durability": 10000,
            "Destroyed_At_Zero": true
        },
        {
            "Name": "Deployable",
            "Max_Durability": 1000,
            "Destroyed_At_Zero": true
        },
        {
            "Name": "Vehicle_Component",
            "Max_Durability": 500
        },
        {
            "Name": "Stone_Axe",
            "Max_Durability": 20000,
            "ItemsForRepair": [
                {
                    "Item": {
                        "RowName": "Stone",
                        "DataTableName": "D_ItemsStatic"
                    },
                    "Amount": 1
                }
            ]
        },
        {
            "Name": "Metal_Axe",
            "Max_Durability": 40000,
            "ItemsForRepair": [
                {
                    "Item": {
                        "RowName": "Refined_Metal",
                        "DataTableName": "D_ItemsStatic"
                    },
                    "Amount": 1
                }
            ]
        },
        {
            "Name": "Steel_Axe",
            "Max_Durability": 80000,
            "ItemsForRepair": [
                {
                    "Item": {
                        "RowName": "Steel_Ingot",
                        "DataTableName": "D_ItemsStatic"
                    },
                    "Amount": 1
                }
            ]
        },
        {
            "Name": "Titanium_Axe",
            "Max_Durability": 120000,
            "ItemsForRepair": [
                {
                    "Item": {
                        "RowName": "Titanium_Ingot",
                        "DataTableName": "D_ItemsStatic"
                    },
                    "Amount": 1
                }
            ]
        },
        {
            "Name": "Platinum_Axe",
            "Max_Durability": 120000,
            "ItemsForRepair": [
                {
                    "Item": {
                        "RowName": "Platinum_Ingot",
                        "DataTableName": "D_ItemsStatic"
                    },
                    "Amount": 1
                }
            ]
        },
        {
            "Name": "Meta_Axe",
            "Max_Durability": 500000,
            "ItemsForRepair": [
                {
                    "Item": {
                        "RowName": "Meta_Repair_Item",
                        "DataTableName": "D_ItemsStatic"
                    },
                    "Amount": 1
                }
            ],
            "NoRecipe_RequiredRecipeSet": [
                {
                    "RowName": "Fabricator",
                    "DataTableName": "D_RecipeSets"
                },
                {
                    "RowName": "Machining_Bench",
                    "DataTableName": "D_RecipeSets"
                }
            ]
        },
        {
            "Name": "Stone_Pickaxe",
            "Max_Durability": 20000,
            "ItemsForRepair": [
                {
                    "Item": {
                        "RowName": "Stone",
                        "DataTableName": "D_ItemsStatic"
                    },
                    "Amount": 1
                }
            ]
        },
        {
            "Name": "Metal_Pickaxe",
            "Max_Durability": 40000,
            "ItemsForRepair": [
                {
                    "Item": {
                        "RowName": "Refined_Metal",
                        "DataTableName": "D_ItemsStatic"
                    },
                    "Amount": 1
                }
            ]
        },
        {
            "Name": "Titanium_Pickaxe",
            "Max_Durability": 120000,
            "ItemsForRepair": [
                {
                    "Item": {
                        "RowName": "Titanium_Ingot",
                        "DataTableName": "D_ItemsStatic"
                    },
                    "Amount": 1
                }
            ]
        },
        {
            "Name": "Platinum_Pickaxe",
            "Max_Durability": 120000,
            "ItemsForRepair": [
                {
                    "Item": {
                        "RowName": "Platinum_Ingot",
                        "DataTableName": "D_ItemsStatic"
                    },
                    "Amount": 1
                }
            ]
        },
        {
            "Name": "Meta_Pickaxe",
            "Max_Durability": 500000,
            "ItemsForRepair": [
                {
                    "Item": {
                        "RowName": "Meta_Repair_Item",
                        "DataTableName": "D_ItemsStatic"
                    },
                    "Amount": 1
                }
            ],
            "NoRecipe_RequiredRecipeSet": [
                {
                    "RowName": "Fabricator",
                    "DataTableName": "D_RecipeSets"
                },
                {
                    "RowName": "Machining_Bench",
                    "DataTableName": "D_RecipeSets"
                }
            ]
        },
        {
            "Name": "Stone_Knife",
            "Max_Durability": 1000,
            "ItemsForRepair": [
                {
                    "Item": {
                        "RowName": "Stone",
                        "DataTableName": "D_ItemsStatic"
                    },
                    "Amount": 1
                }
            ]
        },
        {
            "Name": "Bone_Knife",
            "Max_Durability": 1500,
            "ItemsForRepair": [
                {
                    "Item": {
                        "RowName": "Bone",
                        "DataTableName": "D_ItemsStatic"
                    },
                    "Amount": 1
                }
            ]
        },
        {
            "Name": "Caveworm_Knife",
            "Max_Durability": 2500,
            "ItemsForRepair": [
                {
                    "Item": {
                        "RowName": "Caveworm_Scale",
                        "DataTableName": "D_ItemsStatic"
                    },
                    "Amount": 1
                }
            ]
        },
        {
            "Name": "Metal_Knife",
            "Max_Durability": 8000,
            "ItemsForRepair": [
                {
                    "Item": {
                        "RowName": "Refined_Metal",
                        "DataTableName": "D_ItemsStatic"
                    },
                    "Amount": 1
                }
            ]
        },
        {
            "Name": "Sandworm_Knife",
            "Max_Durability": 5000,
            "ItemsForRepair": [
                {
                    "Item": {
                        "RowName": "Sandworm_Scale",
                        "DataTableName": "D_ItemsStatic"
                    },
                    "Amount": 1
                }
            ]
        },
        {
            "Name": "Steel_Knife",
            "Max_Durability": 16000,
            "ItemsForRepair": [
                {
                    "Item": {
                        "RowName": "Steel_Ingot",
                        "DataTableName": "D_ItemsStatic"
                    },
                    "Amount": 1
                }
            ]
        },
        {
            "Name": "Titanium_Knife",
            "Max_Durability": 30000,
            "ItemsForRepair": [
                {
                    "Item": {
                        "RowName": "Titanium_Ingot",
                        "DataTableName": "D_ItemsStatic"
                    },
                    "Amount": 1
                }
            ]
        },
        {
            "Name": "Platinum_Knife",
            "Max_Durability": 24000,
            "ItemsForRepair": [
                {
                    "Item": {
                        "RowName": "Platinum_Ingot",
                        "DataTableName": "D_ItemsStatic"
                    },
                    "Amount": 1
                }
            ]
        },
        {
            "Name": "Combat_Knife",
            "Max_Durability": 24000,
            "ItemsForRepair": [
                {
                    "Item": {
                        "RowName": "Steel_Ingot",
                        "DataTableName": "D_ItemsStatic"
                    },
                    "Amount": 1
                }
            ]
        },
        {
            "Name": "Machete",
            "Max_Durability": 40000,
            "ItemsForRepair": [
                {
                    "Item": {
                        "RowName": "Refined_Metal",
                        "DataTableName": "D_ItemsStatic"
                    },
                    "Amount": 1
                }
            ]
        },
        {
            "Name": "Meta_Knife",
            "Max_Durability": 1000000,
            "ItemsForRepair": [
                {
                    "Item": {
                        "RowName": "Meta_Repair_Item",
                        "DataTableName": "D_ItemsStatic"
                    },
                    "Amount": 1
                }
            ],
            "NoRecipe_RequiredRecipeSet": [
                {
                    "RowName": "Fabricator",
                    "DataTableName": "D_RecipeSets"
                },
                {
                    "RowName": "Machining_Bench",
                    "DataTableName": "D_RecipeSets"
                }
            ]
        },
        {
            "Name": "Wood_Bow",
            "Max_Durability": 5000,
            "ItemsForRepair": [
                {
                    "Item": {
                        "RowName": "Stick",
                        "DataTableName": "D_ItemsStatic"
                    },
                    "Amount": 1
                }
            ]
        },
        {
            "Name": "Longbow",
            "Max_Durability": 7500,
            "ItemsForRepair": [
                {
                    "Item": {
                        "RowName": "Bone",
                        "DataTableName": "D_ItemsStatic"
                    },
                    "Amount": 1
                }
            ]
        },
        {
            "Name": "Caveworm_Bow",
            "Max_Durability": 8500,
            "ItemsForRepair": [
                {
                    "Item": {
                        "RowName": "Caveworm_Scale",
                        "DataTableName": "D_ItemsStatic"
                    },
                    "Amount": 1
                }
            ]
        },
        {
            "Name": "Sandworm_Bow",
            "Max_Durability": 10000,
            "ItemsForRepair": [
                {
                    "Item": {
                        "RowName": "Sandworm_Scale",
                        "DataTableName": "D_ItemsStatic"
                    },
                    "Amount": 1
                }
            ]
        },
        {
            "Name": "Recurve_Bow",
            "Max_Durability": 12500,
            "ItemsForRepair": [
                {
                    "Item": {
                        "RowName": "Aluminium",
                        "DataTableName": "D_ItemsStatic"
                    },
                    "Amount": 1
                }
            ]
        },
        {
            "Name": "Compound_Bow",
            "Max_Durability": 20000,
            "ItemsForRepair": [
                {
                    "Item": {
                        "RowName": "Composites",
                        "DataTableName": "D_ItemsStatic"
                    },
                    "Amount": 1
                }
            ]
        },
        {
            "Name": "Meta_Item_Shengong",
            "Max_Durability": 80000,
            "ItemsForRepair": [
                {
                    "Item": {
                        "RowName": "Meta_Repair_Item",
                        "DataTableName": "D_ItemsStatic"
                    },
                    "Amount": 1
                }
            ],
            "NoRecipe_RequiredRecipeSet": [
                {
                    "RowName": "Fabricator",
                    "DataTableName": "D_RecipeSets"
                },
                {
                    "RowName": "Machining_Bench",
                    "DataTableName": "D_RecipeSets"
                }
            ]
        },
        {
            "Name": "Meta_Item_Inaris",
            "Max_Durability": 140000,
            "ItemsForRepair": [
                {
                    "Item": {
                        "RowName": "Meta_Repair_Item",
                        "DataTableName": "D_ItemsStatic"
                    },
                    "Amount": 1
                }
            ],
            "NoRecipe_RequiredRecipeSet": [
                {
                    "RowName": "Fabricator",
                    "DataTableName": "D_RecipeSets"
                },
                {
                    "RowName": "Machining_Bench",
                    "DataTableName": "D_RecipeSets"
                }
            ]
        },
        {
            "Name": "Meta_Item_Larkwell",
            "Max_Durability": 500000,
            "ItemsForRepair": [
                {
                    "Item": {
                        "RowName": "Meta_Repair_Item",
                        "DataTableName": "D_ItemsStatic"
                    },
                    "Amount": 1
                }
            ],
            "NoRecipe_RequiredRecipeSet": [
                {
                    "RowName": "Fabricator",
                    "DataTableName": "D_RecipeSets"
                },
                {
                    "RowName": "Machining_Bench",
                    "DataTableName": "D_RecipeSets"
                }
            ]
        },
        {
            "Name": "Meta_Item_Printed",
            "Max_Durability": 40000,
            "ItemsForRepair": [
                {
                    "Item": {
                        "RowName": "Meta_Repair_Item",
                        "DataTableName": "D_ItemsStatic"
                    },
                    "Amount": 1
                }
            ],
            "NoRecipe_RequiredRecipeSet": [
                {
                    "RowName": "Fabricator",
                    "DataTableName": "D_RecipeSets"
                },
                {
                    "RowName": "Machining_Bench",
                    "DataTableName": "D_RecipeSets"
                }
            ]
        },
        {
            "Name": "Crossbow",
            "Max_Durability": 15000,
            "ItemsForRepair": [
                {
                    "Item": {
                        "RowName": "Refined_Metal",
                        "DataTableName": "D_ItemsStatic"
                    },
                    "Amount": 1
                }
            ]
        },
        {
            "Name": "Voxel",
            "Max_Durability": 1000000
        },
        {
            "Name": "Wood_Rag_Torch",
            "Max_Durability": 10000,
            "Destroyed_At_Zero": true,
            "ItemsForRepair": [
                {
                    "Item": {
                        "RowName": "Wood",
                        "DataTableName": "D_ItemsStatic"
                    },
                    "Amount": 1
                }
            ]
        },
        {
            "Name": "Wood_Flare",
            "Max_Durability": 15000,
            "Destroyed_At_Zero": true,
            "ItemsForRepair": [
                {
                    "Item": {
                        "RowName": "Wood",
                        "DataTableName": "D_ItemsStatic"
                    },
                    "Amount": 1
                }
            ]
        },
        {
            "Name": "Small_Bush",
            "Max_Durability": 25,
            "Destroyed_At_Zero": true
        },
        {
            "Name": "Wood_Spear",
            "Max_Durability": 1000,
            "ItemsForRepair": [
                {
                    "Item": {
                        "RowName": "Stick",
                        "DataTableName": "D_ItemsStatic"
                    },
                    "Amount": 1
                }
            ]
        },
        {
            "Name": "Bone_Spear",
            "Max_Durability": 2000,
            "ItemsForRepair": [
                {
                    "Item": {
                        "RowName": "Bone",
                        "DataTableName": "D_ItemsStatic"
                    },
                    "Amount": 1
                }
            ]
        },
        {
            "Name": "Caveworm_Spear",
            "Max_Durability": 5000,
            "ItemsForRepair": [
                {
                    "Item": {
                        "RowName": "Caveworm_Scale",
                        "DataTableName": "D_ItemsStatic"
                    },
                    "Amount": 1
                }
            ]
        },
        {
            "Name": "Metal_Spear",
            "Max_Durability": 10000,
            "ItemsForRepair": [
                {
                    "Item": {
                        "RowName": "Refined_Metal",
                        "DataTableName": "D_ItemsStatic"
                    },
                    "Amount": 1
                }
            ]
        },
        {
            "Name": "Sandworm_Spear",
            "Max_Durability": 15000,
            "ItemsForRepair": [
                {
                    "Item": {
                        "RowName": "Sandworm_Scale",
                        "DataTableName": "D_ItemsStatic"
                    },
                    "Amount": 1
                }
            ]
        },
        {
            "Name": "Steel_Spear",
            "Max_Durability": 20000,
            "ItemsForRepair": [
                {
                    "Item": {
                        "RowName": "Steel_Ingot",
                        "DataTableName": "D_ItemsStatic"
                    },
                    "Amount": 1
                }
            ]
        },
        {
            "Name": "Titanium_Spear",
            "Max_Durability": 30000,
            "ItemsForRepair": [
                {
                    "Item": {
                        "RowName": "Titanium_Ingot",
                        "DataTableName": "D_ItemsStatic"
                    },
                    "Amount": 1
                }
            ]
        },
        {
            "Name": "Platinum_Spear",
            "Max_Durability": 30000,
            "ItemsForRepair": [
                {
                    "Item": {
                        "RowName": "Platinum_Ingot",
                        "DataTableName": "D_ItemsStatic"
                    },
                    "Amount": 1
                }
            ]
        },
        {
            "Name": "Carbon_Spear",
            "Max_Durability": 30000,
            "ItemsForRepair": [
                {
                    "Item": {
                        "RowName": "Carbon_Fiber",
                        "DataTableName": "D_ItemsStatic"
                    },
                    "Amount": 1
                }
            ]
        },
        {
            "Name": "Composite_Spear",
            "Max_Durability": 50000,
            "ItemsForRepair": [
                {
                    "Item": {
                        "RowName": "Composites",
                        "DataTableName": "D_ItemsStatic"
                    },
                    "Amount": 1
                }
            ]
        },
        {
            "Name": "Meta_Spear",
            "Max_Durability": 50000,
            "ItemsForRepair": [
                {
                    "Item": {
                        "RowName": "Meta_Repair_Item",
                        "DataTableName": "D_ItemsStatic"
                    },
                    "Amount": 1
                }
            ],
            "NoRecipe_RequiredRecipeSet": [
                {
                    "RowName": "Fabricator",
                    "DataTableName": "D_RecipeSets"
                },
                {
                    "RowName": "Machining_Bench",
                    "DataTableName": "D_RecipeSets"
                }
            ]
        },
        {
            "Name": "Thatch_Building",
            "Max_Durability": 500
        },
        {
            "Name": "Wood_Building",
            "Max_Durability": 1000
        },
        {
            "Name": "Stone_Building",
            "Max_Durability": 2500,
            "ItemsForRepair": [
                {
                    "Item": {
                        "RowName": "Stone",
                        "DataTableName": "D_ItemsStatic"
                    },
                    "Amount": 1
                }
            ]
        },
        {
            "Name": "Concrete_Building",
            "Max_Durability": 4000
        },
        {
            "Name": "Metal_Building",
            "Max_Durability": 2500
        },
        {
            "Name": "Player_Fist",
            "Max_Durability": 100000000
        },
        {
            "Name": "Deployable_100",
            "Destroyed_At_Zero": true
        },
        {
            "Name": "Deployable_250",
            "Max_Durability": 250,
            "Destroyed_At_Zero": true
        },
        {
            "Name": "Deployable_500",
            "Max_Durability": 500,
            "Destroyed_At_Zero": true
        },
        {
            "Name": "Deployable_750",
            "Max_Durability": 750,
            "Destroyed_At_Zero": true
        },
        {
            "Name": "Deployable_1000",
            "Max_Durability": 1000,
            "Destroyed_At_Zero": true
        },
        {
            "Name": "Deployable_1500",
            "Max_Durability": 1500,
            "Destroyed_At_Zero": true
        },
        {
            "Name": "Deployable_2000",
            "Max_Durability": 2000,
            "Destroyed_At_Zero": true
        },
        {
            "Name": "Deployable_2500",
            "Max_Durability": 2500,
            "Destroyed_At_Zero": true
        },
        {
            "Name": "Deployable_5000",
            "Max_Durability": 5000,
            "Destroyed_At_Zero": true
        },
        {
            "Name": "FireWhacker",
            "Max_Durability": 10000,
            "ItemsForRepair": [
                {
                    "Item": {
                        "RowName": "Stick",
                        "DataTableName": "D_ItemsStatic"
                    },
                    "Amount": 1
                }
            ]
        },
        {
            "Name": "Carcass_Small",
            "Destroyed_At_Zero": true
        },
        {
            "Name": "Carcass_Medium",
            "Max_Durability": 200,
            "Destroyed_At_Zero": true
        },
        {
            "Name": "Carcass_Large",
            "Max_Durability": 500,
            "Destroyed_At_Zero": true
        },
        {
            "Name": "Tree",
            "Max_Durability": 100000
        },
        {
            "Name": "Fire_Arrow",
            "Max_Durability": 500,
            "Destroyed_At_Zero": true
        },
        {
            "Name": "Sickle",
            "Max_Durability": 20000,
            "ItemsForRepair": [
                {
                    "Item": {
                        "RowName": "Wood",
                        "DataTableName": "D_ItemsStatic"
                    },
                    "Amount": 1
                }
            ]
        },
        {
            "Name": "Bone_Sickle",
            "Max_Durability": 10000,
            "ItemsForRepair": [
                {
                    "Item": {
                        "RowName": "Bone",
                        "DataTableName": "D_ItemsStatic"
                    },
                    "Amount": 1
                }
            ]
        },
        {
            "Name": "Titanium_Sickle",
            "Max_Durability": 30000,
            "ItemsForRepair": [
                {
                    "Item": {
                        "RowName": "Titanium_Ingot",
                        "DataTableName": "D_ItemsStatic"
                    },
                    "Amount": 1
                }
            ]
        },
        {
            "Name": "Platinum_Sickle",
            "Max_Durability": 30000,
            "ItemsForRepair": [
                {
                    "Item": {
                        "RowName": "Platinum_Ingot",
                        "DataTableName": "D_ItemsStatic"
                    },
                    "Amount": 1
                }
            ]
        },
        {
            "Name": "Wood_Repair_Hammer",
            "Max_Durability": 2000,
            "ItemsForRepair": [
                {
                    "Item": {
                        "RowName": "Wood",
                        "DataTableName": "D_ItemsStatic"
                    },
                    "Amount": 1
                }
            ]
        },
        {
            "Name": "Iron_Hammer",
            "Max_Durability": 10000,
            "ItemsForRepair": [
                {
                    "Item": {
                        "RowName": "Refined_Metal",
                        "DataTableName": "D_ItemsStatic"
                    },
                    "Amount": 1
                }
            ]
        },
        {
            "Name": "Steel_Hammer",
            "Max_Durability": 20000,
            "ItemsForRepair": [
                {
                    "Item": {
                        "RowName": "Steel_Ingot",
                        "DataTableName": "D_ItemsStatic"
                    },
                    "Amount": 1
                }
            ]
        },
        {
            "Name": "Platinum_Hammer",
            "Max_Durability": 40000,
            "ItemsForRepair": [
                {
                    "Item": {
                        "RowName": "Platinum_Ingot",
                        "DataTableName": "D_ItemsStatic"
                    },
                    "Amount": 1
                }
            ]
        },
        {
            "Name": "Titanium_Hammer",
            "Max_Durability": 40000,
            "ItemsForRepair": [
                {
                    "Item": {
                        "RowName": "Titanium_Ingot",
                        "DataTableName": "D_ItemsStatic"
                    },
                    "Amount": 1
                }
            ]
        },
        {
            "Name": "Steel_Pickaxe",
            "Max_Durability": 80000,
            "ItemsForRepair": [
                {
                    "Item": {
                        "RowName": "Steel_Ingot",
                        "DataTableName": "D_ItemsStatic"
                    },
                    "Amount": 1
                }
            ]
        },
        {
            "Name": "Rifle_Hunting",
            "Max_Durability": 10000,
            "ItemsForRepair": [
                {
                    "Item": {
                        "RowName": "Titanium_Ingot",
                        "DataTableName": "D_ItemsStatic"
                    },
                    "Amount": 1
                }
            ]
        },
        {
            "Name": "Shotgun",
            "Max_Durability": 10000,
            "ItemsForRepair": [
                {
                    "Item": {
                        "RowName": "Steel_Ingot",
                        "DataTableName": "D_ItemsStatic"
                    },
                    "Amount": 1
                }
            ]
        },
        {
            "Name": "Shovel",
            "Max_Durability": 20000,
            "ItemsForRepair": [
                {
                    "Item": {
                        "RowName": "Refined_Metal",
                        "DataTableName": "D_ItemsStatic"
                    },
                    "Amount": 1
                }
            ]
        },
        {
            "Name": "Taxidermy_Knife",
            "Max_Durability": 15000,
            "ItemsForRepair": [
                {
                    "Item": {
                        "RowName": "Refined_Metal",
                        "DataTableName": "D_ItemsStatic"
                    },
                    "Amount": 1
                }
            ]
        },
        {
            "Name": "FireExtinguisher",
            "Max_Durability": 10000,
            "Destroyed_At_Zero": true
        },
        {
            "Name": "Chainsaw",
            "Max_Durability": 100000
        },
        {
            "Name": "Meta_Armor",
            "Max_Durability": 80000,
            "ItemsForRepair": [
                {
                    "Item": {
                        "RowName": "Meta_Repair_Item",
                        "DataTableName": "D_ItemsStatic"
                    },
                    "Amount": 1
                }
            ],
            "NoRecipe_RequiredRecipeSet": [
                {
                    "RowName": "Fabricator",
                    "DataTableName": "D_RecipeSets"
                },
                {
                    "RowName": "Machining_Bench",
                    "DataTableName": "D_RecipeSets"
                }
            ]
        },
        {
            "Name": "Pistol_Handgun",
            "Max_Durability": 3500,
            "ItemsForRepair": [
                {
                    "Item": {
                        "RowName": "Steel_Ingot",
                        "DataTableName": "D_ItemsStatic"
                    },
                    "Amount": 1
                }
            ]
        },
        {
            "Name": "Rifle_BoltAction",
            "Max_Durability": 7500,
            "ItemsForRepair": [
                {
                    "Item": {
                        "RowName": "Steel_Ingot",
                        "DataTableName": "D_ItemsStatic"
                    },
                    "Amount": 1
                }
            ]
        },
        {
            "Name": "Armor_Cloth",
            "Max_Durability": 2000,
            "ItemsForRepair": [
                {
                    "Item": {
                        "RowName": "Fiber",
                        "DataTableName": "D_ItemsStatic"
                    },
                    "Amount": 1
                }
            ]
        },
        {
            "Name": "Armor_Leather",
            "Max_Durability": 5000,
            "ItemsForRepair": [
                {
                    "Item": {
                        "RowName": "Leather",
                        "DataTableName": "D_ItemsStatic"
                    },
                    "Amount": 1
                }
            ]
        },
        {
            "Name": "Armor_Fur",
            "Max_Durability": 4000,
            "ItemsForRepair": [
                {
                    "Item": {
                        "RowName": "Fur",
                        "DataTableName": "D_ItemsStatic"
                    },
                    "Amount": 1
                }
            ]
        },
        {
            "Name": "Armor_Ghillie",
            "Max_Durability": 4000,
            "ItemsForRepair": [
                {
                    "Item": {
                        "RowName": "Rope",
                        "DataTableName": "D_ItemsStatic"
                    },
                    "Amount": 1
                }
            ]
        },
        {
            "Name": "Armor_Hunter",
            "Max_Durability": 8000,
            "ItemsForRepair": [
                {
                    "Item": {
                        "RowName": "Leather",
                        "DataTableName": "D_ItemsStatic"
                    },
                    "Amount": 1
                }
            ]
        },
        {
            "Name": "Armor_Scale",
            "Max_Durability": 8000,
            "ItemsForRepair": [
                {
                    "Item": {
                        "RowName": "Sandworm_Scale",
                        "DataTableName": "D_ItemsStatic"
                    },
                    "Amount": 1
                }
            ]
        },
        {
            "Name": "Armor_Scorpion",
            "Max_Durability": 9000,
            "ItemsForRepair": [
                {
                    "Item": {
                        "RowName": "Scorpion_Carapace",
                        "DataTableName": "D_ItemsStatic"
                    },
                    "Amount": 1
                }
            ]
        },
        {
            "Name": "Armor_Composite",
            "Max_Durability": 8000,
            "ItemsForRepair": [
                {
                    "Item": {
                        "RowName": "Composites",
                        "DataTableName": "D_ItemsStatic"
                    },
                    "Amount": 1
                }
            ]
        },
        {
            "Name": "Armor_PolarBear",
            "Max_Durability": 12000,
            "ItemsForRepair": [
                {
                    "Item": {
                        "RowName": "Polarbear_Pelt",
                        "DataTableName": "D_ItemsStatic"
                    },
                    "Amount": 1
                }
            ]
        },
        {
            "Name": "Fertilizer",
            "Max_Durability": 1000,
            "Destroyed_At_Zero": true
        },
        {
            "Name": "Farmers_Shotgun",
            "Max_Durability": 6000,
            "ItemsForRepair": [
                {
                    "Item": {
                        "RowName": "Steel_Ingot",
                        "DataTableName": "D_ItemsStatic"
                    },
                    "Amount": 1
                }
            ]
        },
        {
            "Name": "Crashed_Ship",
            "Max_Durability": 100000
        },
        {
            "Name": "Mission_Knife_Lion",
            "Max_Durability": 120000,
            "ItemsForRepair": [
                {
                    "Item": {
                        "RowName": "Meta_Repair_Item",
                        "DataTableName": "D_ItemsStatic"
                    },
                    "Amount": 1
                }
            ],
            "NoRecipe_RequiredRecipeSet": [
                {
                    "RowName": "Fabricator",
                    "DataTableName": "D_RecipeSets"
                },
                {
                    "RowName": "Machining_Bench",
                    "DataTableName": "D_RecipeSets"
                }
            ]
        }
    ]
}