{
    "RowStruct": "/Script/Icarus.EquippableData",
    "Defaults": {
        "EquippableModifier": "None",
        "GrantedStats": {},
        "GlobalStat_ActorClass": "None",
        "GlobalStat_GrantedStats": {}
    },
    "Rows": [
        {
            "Name": "Equippable_Test_Stat",
            "EquippableModifier": "/Script/Icarus.EquippableModifier",
            "GrantedStats": {
                "(Value=\"BaseMaximumHealth_+\")": 1000
            }
        },
        {
            "Name": "Equippable_Test_Flag",
            "EquippableModifier": "/Script/Icarus.EquippableModifier"
        },
        {
            "Name": "Equippable_Test_BP",
            "EquippableModifier": "/Game/BP/Behaviours/Equippable/BP_EquippableModifier.BP_EquippableModifier_C"
        },
        {
            "Name": "Module_Compass",
            "EquippableModifier": "/Game/BP/Behaviours/Equippable/BP_EquippableModifier.BP_EquippableModifier_C",
            "GrantedStats": {
                "(Value=\"CanSeeCompass_?\")": 1
            }
        },
        {
            "Name": "Module_Player_Tracker",
            "EquippableModifier": "/Game/BP/Behaviours/Equippable/BP_EquippableModifier_GlobalStat.BP_EquippableModifier_GlobalStat_C",
            "GrantedStats": {
                "(Value=\"BaseRadarScanningSpeed_+%\")": 50
            },
            "GlobalStat_ActorClass": "/Script/Icarus.IcarusPlayerCharacter",
            "GlobalStat_GrantedStats": {
                "(Value=\"MapIsBroadcastingForMap_?\")": 1
            }
        },
        {
            "Name": "Module_Player_Status",
            "EquippableModifier": "/Game/BP/Behaviours/Equippable/BP_EquippableModifier.BP_EquippableModifier_C",
            "GrantedStats": {
                "(Value=\"CanSeeStatuses_?\")": 1,
                "(Value=\"CanSeeHealth_?\")": 1,
                "(Value=\"CanSeeOtherPlayersBillboards_?\")": 1
            }
        },
        {
            "Name": "Module_Waypoint_Marker",
            "EquippableModifier": "/Game/BP/Behaviours/Equippable/BP_EquippableModifier.BP_EquippableModifier_C",
            "GrantedStats": {
                "(Value=\"MapCanSeeWaypoint_?\")": 1,
                "(Value=\"MapCanMakeWaypoint_?\")": 1
            }
        },
        {
            "Name": "Module_Vision_Headlamp",
            "EquippableModifier": "/Game/BP/Behaviours/Equippable/BP_EquippableModifier.BP_EquippableModifier_C",
            "GrantedStats": {
                "(Value=\"CanUseHeadlamp_?\")": 1
            }
        },
        {
            "Name": "Module_Vision_ThermalImager",
            "EquippableModifier": "/Game/BP/Behaviours/Equippable/BP_EquippableModifier.BP_EquippableModifier_C",
            "GrantedStats": {
                "(Value=\"CanUseThermalVision_?\")": 1
            }
        },
        {
            "Name": "Module_Creature_Tracker",
            "EquippableModifier": "/Game/BP/Behaviours/Equippable/BP_EquippableModifier.BP_EquippableModifier_C",
            "GrantedStats": {
                "(Value=\"MapCanSeeCreatures_?\")": 1
            }
        },
        {
            "Name": "Module_MovementSpeed",
            "EquippableModifier": "/Game/BP/Behaviours/Equippable/BP_EquippableModifier.BP_EquippableModifier_C",
            "GrantedStats": {
                "(Value=\"BaseMovementSpeed_+%\")": 10
            }
        },
        {
            "Name": "Module_FallDamage",
            "EquippableModifier": "/Game/BP/Behaviours/Equippable/BP_EquippableModifier.BP_EquippableModifier_C",
            "GrantedStats": {
				"(Value=\"BaseFallDamageResistance_%\")": 25,
                "(Value=\"BaseChanceToResistSprain_%\")": 50,
                "(Value=\"BaseSprainModifierDuration_+%\")": -50,
				"(Value=\"BaseExposureResistance_+%\")": 15
            }
        },
        {
            "Name": "Module_Consumption",
            "EquippableModifier": "/Game/BP/Behaviours/Equippable/BP_EquippableModifier.BP_EquippableModifier_C",
            "GrantedStats": {
                "(Value=\"BaseOxygenConsumption_+%\")": -30,
                "(Value=\"BaseFoodConsumption_+%\")": -30,
                "(Value=\"BaseWaterConsumption_+%\")": -30,
				"(Value=\"BaseColdResistance_%\")": 10
            }
        },
        {
            "Name": "Module_Slots",
            "EquippableModifier": "/Game/BP/Behaviours/Equippable/BP_EquippableModifier.BP_EquippableModifier_C",
            "GrantedStats": {
                "(Value=\"BaseBackpackSlots_+\")": 6
            }
        },
        {
            "Name": "Module_Slots2",
            "EquippableModifier": "/Game/BP/Behaviours/Equippable/BP_EquippableModifier.BP_EquippableModifier_C",
            "GrantedStats": {
                "(Value=\"BaseBackpackSlots_+\")": 12
            }
        },
        {
            "Name": "Module_Fire_Damage_Resistence",
            "EquippableModifier": "/Game/BP/Behaviours/Equippable/BP_EquippableModifier.BP_EquippableModifier_C",
            "GrantedStats": {
                "(Value=\"BaseFireDamageResistance_%\")": 50,
				"(Value=\"BaseHeatResistance_%\")": 15
            }
        },
        {
            "Name": "Module_Posion_Damage_Resitance",
            "EquippableModifier": "/Game/BP/Behaviours/Equippable/BP_EquippableModifier.BP_EquippableModifier_C",
            "GrantedStats": {
                "(Value=\"BasePoisonDamageResistance_%\")": 50,
				"(Value=\"BaseMaximumStamina_+\")": 50,
				"(Value=\"BaseColdResistance_%\")": 5
            }
        },
        {
            "Name": "Module_Carry_Weight",
            "EquippableModifier": "/Game/BP/Behaviours/Equippable/BP_EquippableModifier.BP_EquippableModifier_C",
            "GrantedStats": {
                "(Value=\"BaseWeightCapacity_+\")": 35,
				"(Value=\"BaseOverencumberedPenalty_+%\")": -15
				
            }
        },
        {
            "Name": "Backpack_Basic",
            "EquippableModifier": "/Game/BP/Behaviours/Equippable/BP_EquippableModifier.BP_EquippableModifier_C",
            "GrantedStats": {
                "(Value=\"BaseWeightCapacity_+\")": 10,
                "(Value=\"BaseOreCarryWeight_+%\")": -20,
                "(Value=\"BaseBackpackSlots_+\")": 6
            }
        },
        {
            "Name": "Mining_Backpack",
            "EquippableModifier": "/Game/BP/Behaviours/Equippable/BP_EquippableModifier.BP_EquippableModifier_C",
            "GrantedStats": {
                "(Value=\"BaseOreCarryWeight_+%\")": -45,
                "(Value=\"BaseWoodCarryWeight_+%\")": -45,
				"(Value=\"BaseStoneCarryWeight_+%\")": -45,
                "(Value=\"BasePickaxeItemWear_+%\")": -30,
                "(Value=\"BaseAxeItemWear_+%\")": -30,
                "(Value=\"BaseBackpackSlots_+\")": 6
            }
        },
        {
            "Name": "Basic_Quiver",
            "EquippableModifier": "/Game/BP/Behaviours/Equippable/BP_EquippableModifier.BP_EquippableModifier_C",
            "GrantedStats": {
                "(Value=\"BaseBowReloadSpeed_+%\")": 25,
				"(Value=\"BaseBowItemWear_+%\")": -50,
				"(Value=\"BaseBowEquipSpeed_+%\")": 50,
                "(Value=\"BaseBowAimDownSightsSpeed_+%\")": 30,
                "(Value=\"BaseBackpackSlots_+\")": 6
            }
        },
        {
            "Name": "Basic_Bandolier",
            "EquippableModifier": "/Game/BP/Behaviours/Equippable/BP_EquippableModifier.BP_EquippableModifier_C",
            "GrantedStats": {
                "(Value=\"BaseFirearmCarryWeight_+%\")": -50,
                "(Value=\"BaseFirearmItemWear_+%\")": -25,
                "(Value=\"BaseFirearmReloadSpeed_+%\")": 25
            }
        },
        {
            "Name": "Equippable_Carcass_Small",
            "EquippableModifier": "/Game/BP/Behaviours/Equippable/BP_EquippableModifier.BP_EquippableModifier_C",
            "GrantedStats": {
                "(Value=\"BaseAnimalCarryingMovementSpeed_+%\")": -10
            }
        },
        {
            "Name": "Equippable_Carcass_Medium",
            "EquippableModifier": "/Game/BP/Behaviours/Equippable/BP_EquippableModifier.BP_EquippableModifier_C",
            "GrantedStats": {
                "(Value=\"BaseAnimalCarryingMovementSpeed_+%\")": -20
            }
        },
        {
            "Name": "Equippable_Carcass_Large",
            "EquippableModifier": "/Game/BP/Behaviours/Equippable/BP_EquippableModifier.BP_EquippableModifier_C",
            "GrantedStats": {
                "(Value=\"BaseAnimalCarryingMovementSpeed_+%\")": -30
            }
        },
        {
            "Name": "Module_Animal_Healthbar",
            "EquippableModifier": "/Game/BP/Behaviours/Equippable/BP_EquippableModifier.BP_EquippableModifier_C",
            "GrantedStats": {
                "(Value=\"CanTrackAnimalHealthbar_?\")": 1
            }
        },
        {
            "Name": "Module_Animal_Highlighting",
            "EquippableModifier": "/Game/BP/Behaviours/Equippable/BP_EquippableModifier.BP_EquippableModifier_C",
            "GrantedStats": {
                "(Value=\"HighlightMediumAnimalsWhenADS_?\")": 1,
                "(Value=\"HighlightLargeAnimalsWhenADS_?\")": 1,
                "(Value=\"HighlightSmallAnimalsWhenADS_?\")": 1
            }
        },
        {
            "Name": "Basic_Survival_Backpack",
            "EquippableModifier": "/Game/BP/Behaviours/Equippable/BP_EquippableModifier.BP_EquippableModifier_C",
            "GrantedStats": {
                "(Value=\"BaseFallDamageResistance_%\")": 25,
                "(Value=\"BaseChanceToResistSprain_%\")": 50,
                "(Value=\"BaseSprainModifierDuration_+%\")": -50,
                "(Value=\"BaseBackpackSlots_+\")": 6,
                "(Value=\"BaseMovementSpeed_+%\")": 10
            }
        },
        {
            "Name": "Larkwell_Backpack_Alpha",
            "EquippableModifier": "/Game/BP/Behaviours/Equippable/BP_EquippableModifier.BP_EquippableModifier_C",
            "GrantedStats": {
                "(Value=\"BaseShotgunAmmoCapacity_+%\")": 25,
                "(Value=\"BaseShotgunReloadSpeed_+%\")": 30,
                "(Value=\"BaseShotgunProjectileDamage_+%\")": 50,
                "(Value=\"BaseRifleAmmoCapacity_+%\")": 25,
                "(Value=\"BaseRifleReloadSpeed_+%\")": 30,
                "(Value=\"BaseRifleProjectileDamage_+%\")": 50
            }
        },
        {
            "Name": "Larkwell_Backpack_Beta",
            "EquippableModifier": "/Game/BP/Behaviours/Equippable/BP_EquippableModifier.BP_EquippableModifier_C",
            "GrantedStats": {
                "(Value=\"BaseBackpackSlots_+\")": 24,
                "(Value=\"BaseOreCarryWeight_+%\")": -50,
                "(Value=\"BaseWoodCarryWeight_+%\")": -50,
                "(Value=\"BaseExoticCarryWeight_+%\")": -50,
				"(Value=\"BaseStoneCarryWeight_+%\")": -50
            }
        },
        {
            "Name": "Module_Alpha",
            "EquippableModifier": "/Game/BP/Behaviours/Equippable/BP_EquippableModifier.BP_EquippableModifier_C",
            "GrantedStats": {
                "(Value=\"GrantedAuraWeightReduction_?\")": 1
            }
        },
        {
            "Name": "Module_Beta",
            "EquippableModifier": "/Game/BP/Behaviours/Equippable/BP_EquippableModifier.BP_EquippableModifier_C",
            "GrantedStats": {
                "(Value=\"GrantedAuraHealingAfflictions_?\")": 1
            }
        },
        {
            "Name": "Module_World_Boss",
            "EquippableModifier": "/Game/BP/Behaviours/Equippable/BP_EquippableModifier.BP_EquippableModifier_C",
            "GrantedStats": {
                "(Value=\"MapCanSeeWorldBosses_?\")": 1
            }
        }
    ]
}