{
    "RowStruct": "/Script/Icarus.Outpost",
    "Defaults": {
        "Icon": "None",
        "ProspectListRowHandle": {
            "RowName": "None",
            "DataTableName": "D_ProspectList"
        },
        "RequiredMission": {
            "RowName": "None",
            "DataTableName": "D_Talents"
        }
    },
    "Rows": [
        {
            "Name": "Outpost_002_Forest",
            "Icon": "/Game/Assets/2DArt/UI/ProspectSelect/Images/T_Prospect_Forest_ExpeditionSpear01_Small.T_Prospect_Forest_ExpeditionSpear01_Small",
            "ProspectListRowHandle": {
                "RowName": "Outpost002_Forest"
            }
        },
        {
            "Name": "Outpost_003_Arctic",
            "Icon": "/Game/Assets/2DArt/UI/ProspectSelect/Images/T_Prospect_Arctic_Pickaxe01_Small.T_Prospect_Arctic_Pickaxe01_Small",
            "ProspectListRowHandle": {
                "RowName": "Outpost003_Arctic"
            }
        },
        {
            "Name": "Outpost_005_Forest",
            "Icon": "/Game/Assets/2DArt/UI/ProspectSelect/Images/T_Prospect_Forest_Lumberjack01_Small.T_Prospect_Forest_Lumberjack01_Small",
            "ProspectListRowHandle": {
                "RowName": "Outpost005_Forest"
            }
        },
        {
            "Name": "Outpost_Olympus",
            "Icon": "/Game/Assets/2DArt/UI/ProspectSelect/TerrainButtons/T_Olympus_TerrainSelectButton.T_Olympus_TerrainSelectButton",
            "ProspectListRowHandle": {
                "RowName": "Outpost006_Olympus"
            }
        }
    ]
}