{
    "RowStruct": "/Script/Icarus.ArmourData",
    "Defaults": {
        "ArmourMesh": "None",
        "HabArmourMesh": "None",
        "FemaleMeshVariant": "None",
        "FirstPersonMeshVariant": "None",
        "bHideFirstPersonUndersuit": false,
        "AnimBlueprintClass": "None",
        "FemaleAnimBlueprintClass": "None",
        "FirstPersonAnimBlueprintClass": "None",
        "ArmourStats": {},
        "ArmourType": "Undefined",
        "ArmourSet": {
            "RowName": "None",
            "DataTableName": "D_ArmourSets"
        },
        "ImplicitDefaultArmour": [],
        "bOverrideDefaultMaterials": false,
        "ArmourMeshMaterialOverrides": {},
        "FemaleArmourMeshMaterialOverrides": {},
        "FPArmourMeshMaterialOverrides": {}
    },
    "Rows": [
        {
            "Name": "IO_Undersuit",
            "ArmourMesh": "/Game/ASS/CHA/Human/3RD/SK_CHA_3RD_MAL_01.SK_CHA_3RD_MAL_01",
            "FemaleMeshVariant": "/Game/ASS/CHA/Human/3RD/SK_CHA_3RD_FEM_01.SK_CHA_3RD_FEM_01",
            "AnimBlueprintClass": "/Game/ASS/CHA/Human/3RD/SK_CHA_3RD_MAL_01_CopyPose_AnimBP.SK_CHA_3RD_MAL_01_CopyPose_AnimBP_C",
            "FemaleAnimBlueprintClass": "/Game/ASS/CHA/Human/3RD/SK_CHA_3RD_MAL_01_CopyPose_AnimBP.SK_CHA_3RD_MAL_01_CopyPose_AnimBP_C",
            "ArmourStats": {
                "(Value=\"BaseOxygenSlots_+\")": 1
            },
            "ArmourType": "Undersuit",
            "ImplicitDefaultArmour": [
                {
                    "RowName": "IO_Undersuit_Straps",
                    "DataTableName": "D_Armour"
                },
                {
                    "RowName": "IO_Undersuit_Helmet",
                    "DataTableName": "D_Armour"
                }
            ]
        },
        {
            "Name": "IO_Undersuit_Tier2",
            "ArmourMesh": "/Game/ASS/CHA/Human/3RD/CHA_Suit_Variation/SK_CHA_3RD_MAL_V1.SK_CHA_3RD_MAL_V1",
            "FemaleMeshVariant": "/Game/ASS/CHA/Human/3RD/CHA_Suit_Variation/SK_CHA_3RD_FEM_V1.SK_CHA_3RD_FEM_V1",
            "AnimBlueprintClass": "/Game/ASS/CHA/Human/3RD/SK_CHA_3RD_MAL_01_CopyPose_AnimBP.SK_CHA_3RD_MAL_01_CopyPose_AnimBP_C",
            "FemaleAnimBlueprintClass": "/Game/ASS/CHA/Human/3RD/SK_CHA_3RD_MAL_01_CopyPose_AnimBP.SK_CHA_3RD_MAL_01_CopyPose_AnimBP_C",
            "ArmourStats": {
                "(Value=\"BaseUpgradeSlots_+\")": 1,
                "(Value=\"BaseOxygenSlots_+\")": 1
            },
            "ArmourType": "Undersuit",
            "ImplicitDefaultArmour": [
                {
                    "RowName": "IO_Undersuit_Straps",
                    "DataTableName": "D_Armour"
                },
                {
                    "RowName": "IO_Undersuit_Helmet",
                    "DataTableName": "D_Armour"
                }
            ]
        },
        {
            "Name": "IO_Undersuit_Tier3",
            "ArmourMesh": "/Game/ASS/CHA/Human/3RD/CHA_Suit_Variation/SK_CHA_3RD_MAL_V2.SK_CHA_3RD_MAL_V2",
            "FemaleMeshVariant": "/Game/ASS/CHA/Human/3RD/CHA_Suit_Variation/SK_CHA_3RD_FEM_V2.SK_CHA_3RD_FEM_V2",
            "AnimBlueprintClass": "/Game/ASS/CHA/Human/3RD/SK_CHA_3RD_MAL_01_CopyPose_AnimBP.SK_CHA_3RD_MAL_01_CopyPose_AnimBP_C",
            "FemaleAnimBlueprintClass": "/Game/ASS/CHA/Human/3RD/SK_CHA_3RD_MAL_01_CopyPose_AnimBP.SK_CHA_3RD_MAL_01_CopyPose_AnimBP_C",
            "ArmourStats": {
                "(Value=\"BaseUpgradeSlots_+\")": 1,
                "(Value=\"BaseOxygenSlots_+\")": 1,
                "(Value=\"BaseWaterSlots_+\")": 1,
                "(Value=\"BasePhysicalDamageResistance_%\")": 5
            },
            "ArmourType": "Undersuit",
            "ImplicitDefaultArmour": [
                {
                    "RowName": "IO_Undersuit_Straps",
                    "DataTableName": "D_Armour"
                },
                {
                    "RowName": "IO_Undersuit_Helmet",
                    "DataTableName": "D_Armour"
                }
            ]
        },
        {
            "Name": "IO_Undersuit_Tier4",
            "ArmourMesh": "/Game/ASS/CHA/Human/3RD/CHA_Suit_Variation/SK_CHA_3RD_MAL_V3.SK_CHA_3RD_MAL_V3",
            "FemaleMeshVariant": "/Game/ASS/CHA/Human/3RD/CHA_Suit_Variation/SK_CHA_3RD_FEM_V3.SK_CHA_3RD_FEM_V3",
            "AnimBlueprintClass": "/Game/ASS/CHA/Human/3RD/SK_CHA_3RD_MAL_01_CopyPose_AnimBP.SK_CHA_3RD_MAL_01_CopyPose_AnimBP_C",
            "FemaleAnimBlueprintClass": "/Game/ASS/CHA/Human/3RD/SK_CHA_3RD_MAL_01_CopyPose_AnimBP.SK_CHA_3RD_MAL_01_CopyPose_AnimBP_C",
            "ArmourStats": {
                "(Value=\"BaseFoodSlots_+\")": 1,
                "(Value=\"BaseOxygenSlots_+\")": 1,
                "(Value=\"BaseWaterSlots_+\")": 1,
                "(Value=\"BasePhysicalDamageResistance_%\")": 5
            },
            "ArmourType": "Undersuit",
            "ImplicitDefaultArmour": [
                {
                    "RowName": "IO_Undersuit_Straps",
                    "DataTableName": "D_Armour"
                },
                {
                    "RowName": "IO_Undersuit_Helmet",
                    "DataTableName": "D_Armour"
                }
            ]
        },
        {
            "Name": "IO_Undersuit_Tier5",
            "ArmourMesh": "/Game/ASS/CHA/Human/3RD/CHA_Suit_Variation/SK_CHA_3RD_MAL_V4.SK_CHA_3RD_MAL_V4",
            "FemaleMeshVariant": "/Game/ASS/CHA/Human/3RD/CHA_Suit_Variation/SK_CHA_3RD_FEM_V4.SK_CHA_3RD_FEM_V4",
            "AnimBlueprintClass": "/Game/ASS/CHA/Human/3RD/SK_CHA_3RD_MAL_01_CopyPose_AnimBP.SK_CHA_3RD_MAL_01_CopyPose_AnimBP_C",
            "FemaleAnimBlueprintClass": "/Game/ASS/CHA/Human/3RD/SK_CHA_3RD_MAL_01_CopyPose_AnimBP.SK_CHA_3RD_MAL_01_CopyPose_AnimBP_C",
            "ArmourStats": {
                "(Value=\"BaseUpgradeSlots_+\")": 2,
                "(Value=\"BaseOxygenSlots_+\")": 1,
                "(Value=\"BaseWaterSlots_+\")": 1,
                "(Value=\"BasePhysicalDamageResistance_%\")": 5
            },
            "ArmourType": "Undersuit",
            "ImplicitDefaultArmour": [
                {
                    "RowName": "IO_Undersuit_Straps",
                    "DataTableName": "D_Armour"
                },
                {
                    "RowName": "IO_Undersuit_Helmet",
                    "DataTableName": "D_Armour"
                }
            ]
        },
        {
            "Name": "IO_Undersuit_Tier6",
            "ArmourMesh": "/Game/ASS/CHA/Human/3RD/CHA_Suit_Variation/SK_CHA_3RD_MAL_V5.SK_CHA_3RD_MAL_V5",
            "FemaleMeshVariant": "/Game/ASS/CHA/Human/3RD/CHA_Suit_Variation/SK_CHA_3RD_FEM_V5.SK_CHA_3RD_FEM_V5",
            "AnimBlueprintClass": "/Game/ASS/CHA/Human/3RD/SK_CHA_3RD_MAL_01_CopyPose_AnimBP.SK_CHA_3RD_MAL_01_CopyPose_AnimBP_C",
            "FemaleAnimBlueprintClass": "/Game/ASS/CHA/Human/3RD/SK_CHA_3RD_MAL_01_CopyPose_AnimBP.SK_CHA_3RD_MAL_01_CopyPose_AnimBP_C",
            "ArmourStats": {
                "(Value=\"BaseUpgradeSlots_+\")": 2,
                "(Value=\"BaseOxygenSlots_+\")": 1,
                "(Value=\"BaseWaterSlots_+\")": 1,
                "(Value=\"BasePhysicalDamageResistance_%\")": 10,
                "(Value=\"BaseStealthThreatModifier_+%\")": -5
            },
            "ArmourType": "Undersuit",
            "ImplicitDefaultArmour": [
                {
                    "RowName": "IO_Undersuit_Straps",
                    "DataTableName": "D_Armour"
                },
                {
                    "RowName": "IO_Undersuit_Helmet",
                    "DataTableName": "D_Armour"
                }
            ]
        },
        {
            "Name": "IO_Undersuit_Tier7",
            "ArmourMesh": "/Game/ASS/CHA/Human/3RD/CHA_Suit_Variation/SK_CHA_3RD_MAL_V6.SK_CHA_3RD_MAL_V6",
            "FemaleMeshVariant": "/Game/ASS/CHA/Human/3RD/CHA_Suit_Variation/SK_CHA_3RD_FEM_V6.SK_CHA_3RD_FEM_V6",
            "AnimBlueprintClass": "/Game/ASS/CHA/Human/3RD/SK_CHA_3RD_MAL_01_CopyPose_AnimBP.SK_CHA_3RD_MAL_01_CopyPose_AnimBP_C",
            "FemaleAnimBlueprintClass": "/Game/ASS/CHA/Human/3RD/SK_CHA_3RD_MAL_01_CopyPose_AnimBP.SK_CHA_3RD_MAL_01_CopyPose_AnimBP_C",
            "ArmourStats": {
                "(Value=\"BaseUpgradeSlots_+\")": 2,
                "(Value=\"BaseOxygenSlots_+\")": 1,
                "(Value=\"BaseWaterSlots_+\")": 1,
                "(Value=\"BaseStealthThreatModifier_+%\")": -5
            },
            "ArmourType": "Undersuit",
            "ImplicitDefaultArmour": [
                {
                    "RowName": "IO_Undersuit_Straps",
                    "DataTableName": "D_Armour"
                },
                {
                    "RowName": "IO_Undersuit_Helmet",
                    "DataTableName": "D_Armour"
                }
            ]
        },
        {
            "Name": "IO_Undersuit_Straps",
            "ArmourMesh": "/Game/ASS/CHA/ARM/SK_CHA_MAL_ARM_Straps.SK_CHA_MAL_ARM_Straps",
            "FemaleMeshVariant": "/Game/ASS/CHA/ARM/SK_CHA_MAL_ARM_Straps.SK_CHA_MAL_ARM_Straps",
            "AnimBlueprintClass": "/Game/ASS/CHA/ARM/SK_CHA_MAL_ARM_Straps_CopyPose_AnimBP.SK_CHA_MAL_ARM_Straps_CopyPose_AnimBP_C",
            "FemaleAnimBlueprintClass": "/Game/ASS/CHA/ARM/SK_CHA_MAL_ARM_Straps_CopyPose_AnimBP.SK_CHA_MAL_ARM_Straps_CopyPose_AnimBP_C",
            "ArmourType": "Chest"
        },
        {
            "Name": "IO_Undersuit_Helmet",
            "ArmourMesh": "/Game/ASS/CHA/ARM/SK_CHA_3RD_MAL_Helmet_01.SK_CHA_3RD_MAL_Helmet_01",
            "FemaleMeshVariant": "/Game/ASS/CHA/ARM/SK_CHA_3RD_MAL_Helmet_01.SK_CHA_3RD_MAL_Helmet_01",
            "AnimBlueprintClass": "/Game/ASS/CHA/ARM/SK_CHA_3RD_MAL_Helmet_01_CopyPose_AnimBP.SK_CHA_3RD_MAL_Helmet_01_CopyPose_AnimBP_C",
            "FemaleAnimBlueprintClass": "/Game/ASS/CHA/ARM/SK_CHA_3RD_MAL_Helmet_01_CopyPose_AnimBP.SK_CHA_3RD_MAL_Helmet_01_CopyPose_AnimBP_C",
            "ArmourType": "Undersuit_Helmet"
        },
        {
            "Name": "Undersuit_Deluxe",
            "ArmourMesh": "/Game/ASS/CHA/Suits/SK_CHA_MAL_Envirosuit_Deluxe.SK_CHA_MAL_Envirosuit_Deluxe",
            "FemaleMeshVariant": "/Game/ASS/CHA/Suits/SK_CHA_FEM_Envirosuit_Deluxe.SK_CHA_FEM_Envirosuit_Deluxe",
            "FirstPersonMeshVariant": "/Game/ASS/CHA/Suits/SK_1ST_CHA_MAL_Envirosuit_Deluxe.SK_1ST_CHA_MAL_Envirosuit_Deluxe",
            "AnimBlueprintClass": "/Game/ASS/CHA/Human/3RD/SK_CHA_3RD_MAL_01_CopyPose_AnimBP.SK_CHA_3RD_MAL_01_CopyPose_AnimBP_C",
            "FemaleAnimBlueprintClass": "/Game/ASS/CHA/Human/3RD/SK_CHA_3RD_MAL_01_CopyPose_AnimBP.SK_CHA_3RD_MAL_01_CopyPose_AnimBP_C",
            "ArmourStats": {
                "(Value=\"BaseUpgradeSlots_+\")": 1,
                "(Value=\"BaseOxygenSlots_+\")": 1,
                "(Value=\"BaseWaterSlots_+\")": 1,
                "(Value=\"BaseStealthThreatModifier_+%\")": -5
            },
            "ArmourType": "Undersuit",
            "ImplicitDefaultArmour": [
                {
                    "RowName": "Undersuit_Deluxe_Helmet",
                    "DataTableName": "D_Armour"
                }
            ]
        },
        {
            "Name": "Undersuit_Deluxe_Helmet",
            "ArmourMesh": "/Game/ASS/CHA/Suits/SK_CHA_MAL_Envirosuit_Deluxe_Helmet.SK_CHA_MAL_Envirosuit_Deluxe_Helmet",
            "FemaleMeshVariant": "/Game/ASS/CHA/Suits/SK_CHA_FEM_Envirosuit_Deluxe_Helmet.SK_CHA_FEM_Envirosuit_Deluxe_Helmet",
            "AnimBlueprintClass": "/Game/ASS/CHA/Human/3RD/SK_CHA_3RD_MAL_01_CopyPose_AnimBP.SK_CHA_3RD_MAL_01_CopyPose_AnimBP_C",
            "FemaleAnimBlueprintClass": "/Game/ASS/CHA/Human/3RD/SK_CHA_3RD_MAL_01_CopyPose_AnimBP.SK_CHA_3RD_MAL_01_CopyPose_AnimBP_C",
            "ArmourType": "Undersuit_Helmet"
        },
        {
            "Name": "Undersuit_Shengong",
            "ArmourMesh": "/Game/ASS/CHA/Suits/SK_CHA_MAL_Envirosuit_Shengong.SK_CHA_MAL_Envirosuit_Shengong",
            "FemaleMeshVariant": "/Game/ASS/CHA/Suits/SK_CHA_FEM_Envirosuit_Shengong.SK_CHA_FEM_Envirosuit_Shengong",
            "AnimBlueprintClass": "/Game/ASS/CHA/Human/3RD/SK_CHA_3RD_MAL_01_CopyPose_AnimBP.SK_CHA_3RD_MAL_01_CopyPose_AnimBP_C",
            "FemaleAnimBlueprintClass": "/Game/ASS/CHA/Human/3RD/SK_CHA_3RD_MAL_01_CopyPose_AnimBP.SK_CHA_3RD_MAL_01_CopyPose_AnimBP_C",
            "ArmourStats": {
                "(Value=\"BaseUpgradeSlots_+\")": 1,
                "(Value=\"BaseOxygenSlots_+\")": 1,
                "(Value=\"BaseFoodSlots_+\")": 1,
                "(Value=\"BaseWaterSlots_+\")": 1,
                "(Value=\"BaseHeatResistance_%\")": 5
            },
            "ArmourType": "Undersuit",
            "ImplicitDefaultArmour": [
                {
                    "RowName": "Undersuit_Shengong_Helmet",
                    "DataTableName": "D_Armour"
                }
            ]
        },
        {
            "Name": "Undersuit_Shengong_2",
            "ArmourMesh": "/Game/ASS/CHA/Suits/SK_CHA_MAL_Envirosuit_Shengong.SK_CHA_MAL_Envirosuit_Shengong",
            "FemaleMeshVariant": "/Game/ASS/CHA/Suits/SK_CHA_FEM_Envirosuit_Shengong.SK_CHA_FEM_Envirosuit_Shengong",
            "AnimBlueprintClass": "/Game/ASS/CHA/Human/3RD/SK_CHA_3RD_MAL_01_CopyPose_AnimBP.SK_CHA_3RD_MAL_01_CopyPose_AnimBP_C",
            "FemaleAnimBlueprintClass": "/Game/ASS/CHA/Human/3RD/SK_CHA_3RD_MAL_01_CopyPose_AnimBP.SK_CHA_3RD_MAL_01_CopyPose_AnimBP_C",
            "ArmourStats": {
                "(Value=\"BaseUpgradeSlots_+\")": 1,
                "(Value=\"BaseOxygenSlots_+\")": 1,
                "(Value=\"BaseFoodSlots_+\")": 1,
                "(Value=\"BaseWaterSlots_+\")": 1,
                "(Value=\"BaseColdResistance_%\")": 5
            },
            "ArmourType": "Undersuit",
            "ImplicitDefaultArmour": [
                {
                    "RowName": "Undersuit_Shengong_Helmet",
                    "DataTableName": "D_Armour"
                }
            ]
        },
        {
            "Name": "Undersuit_Shengong_Helmet",
            "ArmourMesh": "/Game/ASS/CHA/Suits/SK_CHA_MAL_Envirosuit_Shengong_Helmet.SK_CHA_MAL_Envirosuit_Shengong_Helmet",
            "FemaleMeshVariant": "/Game/ASS/CHA/Suits/SK_CHA_FEM_Envirosuit_Shengong_Helmet.SK_CHA_FEM_Envirosuit_Shengong_Helmet",
            "AnimBlueprintClass": "/Game/ASS/CHA/Human/3RD/SK_CHA_3RD_MAL_01_CopyPose_AnimBP.SK_CHA_3RD_MAL_01_CopyPose_AnimBP_C",
            "FemaleAnimBlueprintClass": "/Game/ASS/CHA/Human/3RD/SK_CHA_3RD_MAL_01_CopyPose_AnimBP.SK_CHA_3RD_MAL_01_CopyPose_AnimBP_C",
            "ArmourType": "Undersuit_Helmet"
        },
        {
            "Name": "Cloth_Head",
            "ArmourMesh": "/Game/ASS/CHA/ARM/SK_CHA_MAL_ARM_Head_Cloth.SK_CHA_MAL_ARM_Head_Cloth",
            "FemaleMeshVariant": "/Game/ASS/CHA/ARM/SK_CHA_MAL_ARM_Head_Cloth.SK_CHA_MAL_ARM_Head_Cloth",
            "AnimBlueprintClass": "/Game/ASS/CHA/ARM/SK_CHA_MAL_ARM_Head_Base_CopyPose_AnimBP.SK_CHA_MAL_ARM_Head_Base_CopyPose_AnimBP_C",
            "FemaleAnimBlueprintClass": "/Game/ASS/CHA/ARM/SK_CHA_MAL_ARM_Head_Base_CopyPose_AnimBP.SK_CHA_MAL_ARM_Head_Base_CopyPose_AnimBP_C",
            "ArmourStats": {
                "(Value=\"BasePhysicalDamageResistance_%\")": 2,
                "(Value=\"BaseHeatResistance_%\")": 7,
                "(Value=\"BaseExposureResistance_+%\")": 1
            },
            "ArmourType": "Head",
            "ArmourSet": {
                "RowName": "Cloth"
            }
        },
        {
            "Name": "Cloth_Chest",
            "ArmourMesh": "/Game/ASS/CHA/ARM/SK_CHA_MAL_ARM_Chest_Cloth.SK_CHA_MAL_ARM_Chest_Cloth",
            "FemaleMeshVariant": "/Game/ASS/CHA/ARM/SK_CHA_MAL_ARM_Chest_Cloth.SK_CHA_MAL_ARM_Chest_Cloth",
            "AnimBlueprintClass": "/Game/ASS/CHA/ARM/SK_CHA_MAL_ARM_Chest_Cloth_CopyPose_AnimBP.SK_CHA_MAL_ARM_Chest_Cloth_CopyPose_AnimBP_C",
            "FemaleAnimBlueprintClass": "/Game/ASS/CHA/ARM/SK_CHA_MAL_ARM_Chest_Cloth_CopyPose_AnimBP.SK_CHA_MAL_ARM_Chest_Cloth_CopyPose_AnimBP_C",
            "ArmourStats": {
                "(Value=\"BasePhysicalDamageResistance_%\")": 4,
                "(Value=\"BaseHeatResistance_%\")": 20,
                "(Value=\"BaseExposureResistance_+%\")": 2
            },
            "ArmourType": "Chest",
            "ArmourSet": {
                "RowName": "Cloth"
            }
        },
        {
            "Name": "Cloth_Arms",
            "ArmourMesh": "/Game/ASS/CHA/ARM/SK_CHA_MAL_ARM_Arm_Cloth.SK_CHA_MAL_ARM_Arm_Cloth",
            "FemaleMeshVariant": "/Game/ASS/CHA/ARM/SK_CHA_MAL_ARM_Arm_Cloth.SK_CHA_MAL_ARM_Arm_Cloth",
            "FirstPersonMeshVariant": "/Game/ASS/CHA/ARM/SK_1ST_CHA_MAL_ARM_Arm_Cloth.SK_1ST_CHA_MAL_ARM_Arm_Cloth",
            "AnimBlueprintClass": "/Game/ASS/CHA/ARM/SK_CHA_MAL_ARM_Arm_base_CopyPose_AnimBP.SK_CHA_MAL_ARM_Arm_base_CopyPose_AnimBP_C",
            "FemaleAnimBlueprintClass": "/Game/ASS/CHA/ARM/SK_CHA_MAL_ARM_Arm_base_CopyPose_AnimBP.SK_CHA_MAL_ARM_Arm_base_CopyPose_AnimBP_C",
            "FirstPersonAnimBlueprintClass": "/Game/ASS/CHA/ARM/SK_1ST_CHA_MAL_ARM_Arm_AnimBP.SK_1ST_CHA_MAL_ARM_Arm_AnimBP_C",
            "ArmourStats": {
                "(Value=\"BasePhysicalDamageResistance_%\")": 1,
                "(Value=\"BaseHeatResistance_%\")": 7,
                "(Value=\"BaseExposureResistance_+%\")": 1
            },
            "ArmourType": "Hands",
            "ArmourSet": {
                "RowName": "Cloth"
            }
        },
        {
            "Name": "Cloth_Legs",
            "ArmourMesh": "/Game/ASS/CHA/ARM/SK_CHA_MAL_ARM_Legs_Cloth.SK_CHA_MAL_ARM_Legs_Cloth",
            "FemaleMeshVariant": "/Game/ASS/CHA/ARM/SK_CHA_MAL_ARM_Legs_Cloth.SK_CHA_MAL_ARM_Legs_Cloth",
            "AnimBlueprintClass": "/Game/ASS/CHA/ARM/SK_CHA_MAL_ARM_Legs_Base_CopyPose_AnimBP.SK_CHA_MAL_ARM_Legs_Base_CopyPose_AnimBP_C",
            "FemaleAnimBlueprintClass": "/Game/ASS/CHA/ARM/SK_CHA_MAL_ARM_Legs_Base_CopyPose_AnimBP.SK_CHA_MAL_ARM_Legs_Base_CopyPose_AnimBP_C",
            "ArmourStats": {
                "(Value=\"BasePhysicalDamageResistance_%\")": 3,
                "(Value=\"BaseHeatResistance_%\")": 10,
                "(Value=\"BaseExposureResistance_+%\")": 2
            },
            "ArmourType": "Legs",
            "ArmourSet": {
                "RowName": "Cloth"
            }
        },
        {
            "Name": "Cloth_Feet",
            "ArmourMesh": "/Game/ASS/CHA/ARM/SK_CHA_MAL_ARM_Feet_Cloth.SK_CHA_MAL_ARM_Feet_Cloth",
            "FemaleMeshVariant": "/Game/ASS/CHA/ARM/SK_CHA_MAL_ARM_Feet_Cloth.SK_CHA_MAL_ARM_Feet_Cloth",
            "AnimBlueprintClass": "/Game/ASS/CHA/ARM/SK_CHA_MAL_ARM_Feet_Base_CopyPose_AnimBP.SK_CHA_MAL_ARM_Feet_Base_CopyPose_AnimBP_C",
            "FemaleAnimBlueprintClass": "/Game/ASS/CHA/ARM/SK_CHA_MAL_ARM_Feet_Base_CopyPose_AnimBP.SK_CHA_MAL_ARM_Feet_Base_CopyPose_AnimBP_C",
            "ArmourStats": {
                "(Value=\"BasePhysicalDamageResistance_%\")": 1,
                "(Value=\"BaseHeatResistance_%\")": 6,
                "(Value=\"BaseExposureResistance_+%\")": 1
            },
            "ArmourType": "Feet",
            "ArmourSet": {
                "RowName": "Cloth"
            }
        },
        {
            "Name": "Leather_Head",
            "ArmourMesh": "/Game/ASS/CHA/ARM/SK_CHA_MAL_ARM_Head_Leather.SK_CHA_MAL_ARM_Head_Leather",
            "FemaleMeshVariant": "/Game/ASS/CHA/ARM/SK_CHA_MAL_ARM_Head_Leather.SK_CHA_MAL_ARM_Head_Leather",
            "AnimBlueprintClass": "/Game/ASS/CHA/ARM/SK_CHA_MAL_ARM_Head_Base_CopyPose_AnimBP.SK_CHA_MAL_ARM_Head_Base_CopyPose_AnimBP_C",
            "FemaleAnimBlueprintClass": "/Game/ASS/CHA/ARM/SK_CHA_MAL_ARM_Head_Base_CopyPose_AnimBP.SK_CHA_MAL_ARM_Head_Base_CopyPose_AnimBP_C",
            "ArmourStats": {
                "(Value=\"BasePhysicalDamageResistance_%\")": 4,
                "(Value=\"BaseColdResistance_%\")": 4,
                "(Value=\"BaseExposureResistance_+%\")": 2
            },
            "ArmourType": "Head",
            "ArmourSet": {
                "RowName": "Leather"
            }
        },
        {
            "Name": "Leather_Chest",
            "ArmourMesh": "/Game/ASS/CHA/ARM/SK_CHA_MAL_ARM_Chest_Leather.SK_CHA_MAL_ARM_Chest_Leather",
            "FemaleMeshVariant": "/Game/ASS/CHA/ARM/SK_CHA_MAL_ARM_Chest_Leather.SK_CHA_MAL_ARM_Chest_Leather",
            "AnimBlueprintClass": "/Game/ASS/CHA/ARM/SK_CHA_MAL_ARM_Chest_Base_CopyPose_AnimBP.SK_CHA_MAL_ARM_Chest_Base_CopyPose_AnimBP_C",
            "FemaleAnimBlueprintClass": "/Game/ASS/CHA/ARM/SK_CHA_MAL_ARM_Chest_Base_CopyPose_AnimBP.SK_CHA_MAL_ARM_Chest_Base_CopyPose_AnimBP_C",
            "ArmourStats": {
                "(Value=\"BasePhysicalDamageResistance_%\")": 8,
                "(Value=\"BaseColdResistance_%\")": 10,
                "(Value=\"BaseExposureResistance_+%\")": 3
            },
            "ArmourType": "Chest",
            "ArmourSet": {
                "RowName": "Leather"
            }
        },
        {
            "Name": "Leather_Arms",
            "ArmourMesh": "/Game/ASS/CHA/ARM/SK_CHA_MAL_ARM_Arm_Leather.SK_CHA_MAL_ARM_Arm_Leather",
            "FemaleMeshVariant": "/Game/ASS/CHA/ARM/SK_CHA_MAL_ARM_Arm_Leather.SK_CHA_MAL_ARM_Arm_Leather",
            "FirstPersonMeshVariant": "/Game/ASS/CHA/ARM/SK_1ST_CHA_MAL_ARM_Arm_Leather.SK_1ST_CHA_MAL_ARM_Arm_Leather",
            "AnimBlueprintClass": "/Game/ASS/CHA/ARM/SK_CHA_MAL_ARM_Arm_base_CopyPose_AnimBP.SK_CHA_MAL_ARM_Arm_base_CopyPose_AnimBP_C",
            "FemaleAnimBlueprintClass": "/Game/ASS/CHA/ARM/SK_CHA_MAL_ARM_Arm_base_CopyPose_AnimBP.SK_CHA_MAL_ARM_Arm_base_CopyPose_AnimBP_C",
            "FirstPersonAnimBlueprintClass": "/Game/ASS/CHA/ARM/SK_1ST_CHA_MAL_ARM_Arm_AnimBP.SK_1ST_CHA_MAL_ARM_Arm_AnimBP_C",
            "ArmourStats": {
                "(Value=\"BasePhysicalDamageResistance_%\")": 2,
                "(Value=\"BaseColdResistance_%\")": 4,
                "(Value=\"BaseExposureResistance_+%\")": 2
            },
            "ArmourType": "Hands",
            "ArmourSet": {
                "RowName": "Leather"
            }
        },
        {
            "Name": "Leather_Legs",
            "ArmourMesh": "/Game/ASS/CHA/ARM/SK_CHA_MAL_ARM_Legs_Leather.SK_CHA_MAL_ARM_Legs_Leather",
            "FemaleMeshVariant": "/Game/ASS/CHA/ARM/SK_CHA_MAL_ARM_Legs_Leather.SK_CHA_MAL_ARM_Legs_Leather",
            "AnimBlueprintClass": "/Game/ASS/CHA/ARM/SK_CHA_MAL_ARM_Legs_Leather_CopyPose_AnimBP.SK_CHA_MAL_ARM_Legs_Leather_CopyPose_AnimBP_C",
            "FemaleAnimBlueprintClass": "/Game/ASS/CHA/ARM/SK_CHA_MAL_ARM_Legs_Leather_CopyPose_AnimBP.SK_CHA_MAL_ARM_Legs_Leather_CopyPose_AnimBP_C",
            "ArmourStats": {
                "(Value=\"BasePhysicalDamageResistance_%\")": 6,
                "(Value=\"BaseColdResistance_%\")": 5,
                "(Value=\"BaseExposureResistance_+%\")": 3
            },
            "ArmourType": "Legs",
            "ArmourSet": {
                "RowName": "Leather"
            }
        },
        {
            "Name": "Leather_Feet",
            "ArmourMesh": "/Game/ASS/CHA/ARM/SK_CHA_MAL_ARM_Feet_Leather.SK_CHA_MAL_ARM_Feet_Leather",
            "FemaleMeshVariant": "/Game/ASS/CHA/ARM/SK_CHA_MAL_ARM_Feet_Leather.SK_CHA_MAL_ARM_Feet_Leather",
            "AnimBlueprintClass": "/Game/ASS/CHA/ARM/SK_CHA_MAL_ARM_Feet_Base_CopyPose_AnimBP.SK_CHA_MAL_ARM_Feet_Base_CopyPose_AnimBP_C",
            "FemaleAnimBlueprintClass": "/Game/ASS/CHA/ARM/SK_CHA_MAL_ARM_Feet_Base_CopyPose_AnimBP.SK_CHA_MAL_ARM_Feet_Base_CopyPose_AnimBP_C",
            "ArmourStats": {
                "(Value=\"BasePhysicalDamageResistance_%\")": 2,
                "(Value=\"BaseColdResistance_%\")": 2,
                "(Value=\"BaseExposureResistance_+%\")": 2
            },
            "ArmourType": "Feet",
            "ArmourSet": {
                "RowName": "Leather"
            }
        },
        {
            "Name": "Fur_Head",
            "ArmourMesh": "/Game/ASS/CHA/ARM/SK_CHA_MAL_ARM_Head_Fur.SK_CHA_MAL_ARM_Head_Fur",
            "FemaleMeshVariant": "/Game/ASS/CHA/ARM/SK_CHA_MAL_ARM_Head_Fur.SK_CHA_MAL_ARM_Head_Fur",
            "AnimBlueprintClass": "/Game/ASS/CHA/ARM/SK_CHA_MAL_ARM_Head_Base_CopyPose_AnimBP.SK_CHA_MAL_ARM_Head_Base_CopyPose_AnimBP_C",
            "FemaleAnimBlueprintClass": "/Game/ASS/CHA/ARM/SK_CHA_MAL_ARM_Head_Base_CopyPose_AnimBP.SK_CHA_MAL_ARM_Head_Base_CopyPose_AnimBP_C",
            "ArmourStats": {
                "(Value=\"BasePhysicalDamageResistance_%\")": 4,
                "(Value=\"BaseColdResistance_%\")": 7,
                "(Value=\"BaseExposureResistance_+%\")": 3
            },
            "ArmourType": "Head",
            "ArmourSet": {
                "RowName": "Fur"
            }
        },
        {
            "Name": "Fur_Chest",
            "ArmourMesh": "/Game/ASS/CHA/ARM/SK_CHA_MAL_ARM_Chest_Fur.SK_CHA_MAL_ARM_Chest_Fur",
            "FemaleMeshVariant": "/Game/ASS/CHA/ARM/SK_CHA_MAL_ARM_Chest_Fur.SK_CHA_MAL_ARM_Chest_Fur",
            "AnimBlueprintClass": "/Game/ASS/CHA/ARM/SK_CHA_MAL_ARM_Chest_Fur_CopyPose_AnimBP.SK_CHA_MAL_ARM_Chest_Fur_CopyPose_AnimBP_C",
            "FemaleAnimBlueprintClass": "/Game/ASS/CHA/ARM/SK_CHA_MAL_ARM_Chest_Fur_CopyPose_AnimBP.SK_CHA_MAL_ARM_Chest_Fur_CopyPose_AnimBP_C",
            "ArmourStats": {
                "(Value=\"BasePhysicalDamageResistance_%\")": 14,
                "(Value=\"BaseColdResistance_%\")": 30,
                "(Value=\"BaseExposureResistance_+%\")": 4,
                "(Value=\"BaseHeatResistance_%\")": -30
            },
            "ArmourType": "Chest",
            "ArmourSet": {
                "RowName": "Fur"
            }
        },
        {
            "Name": "Fur_Arms",
            "ArmourMesh": "/Game/ASS/CHA/ARM/SK_CHA_MAL_ARM_Arm_Fur.SK_CHA_MAL_ARM_Arm_Fur",
            "FemaleMeshVariant": "/Game/ASS/CHA/ARM/SK_CHA_MAL_ARM_Arm_Fur.SK_CHA_MAL_ARM_Arm_Fur",
            "FirstPersonMeshVariant": "/Game/ASS/CHA/ARM/SK_1ST_CHA_MAL_ARM_Arm_Fur.SK_1ST_CHA_MAL_ARM_Arm_Fur",
            "AnimBlueprintClass": "/Game/ASS/CHA/ARM/SK_CHA_MAL_ARM_Arm_base_CopyPose_AnimBP.SK_CHA_MAL_ARM_Arm_base_CopyPose_AnimBP_C",
            "FemaleAnimBlueprintClass": "/Game/ASS/CHA/ARM/SK_CHA_MAL_ARM_Arm_base_CopyPose_AnimBP.SK_CHA_MAL_ARM_Arm_base_CopyPose_AnimBP_C",
            "FirstPersonAnimBlueprintClass": "/Game/ASS/CHA/ARM/SK_1ST_CHA_MAL_ARM_Arm_AnimBP.SK_1ST_CHA_MAL_ARM_Arm_AnimBP_C",
            "ArmourStats": {
                "(Value=\"BasePhysicalDamageResistance_%\")": 1,
                "(Value=\"BaseColdResistance_%\")": 7,
                "(Value=\"BaseExposureResistance_+%\")": 3
            },
            "ArmourType": "Hands",
            "ArmourSet": {
                "RowName": "Fur"
            }
        },
        {
            "Name": "Fur_Legs",
            "ArmourMesh": "/Game/ASS/CHA/ARM/SK_CHA_MAL_ARM_Legs_Fur.SK_CHA_MAL_ARM_Legs_Fur",
            "FemaleMeshVariant": "/Game/ASS/CHA/ARM/SK_CHA_MAL_ARM_Legs_Fur.SK_CHA_MAL_ARM_Legs_Fur",
            "AnimBlueprintClass": "/Game/ASS/CHA/ARM/SK_CHA_MAL_ARM_Legs_Base_CopyPose_AnimBP.SK_CHA_MAL_ARM_Legs_Base_CopyPose_AnimBP_C",
            "FemaleAnimBlueprintClass": "/Game/ASS/CHA/ARM/SK_CHA_MAL_ARM_Legs_Base_CopyPose_AnimBP.SK_CHA_MAL_ARM_Legs_Base_CopyPose_AnimBP_C",
            "ArmourStats": {
                "(Value=\"BasePhysicalDamageResistance_%\")": 10,
                "(Value=\"BaseColdResistance_%\")": 10,
                "(Value=\"BaseExposureResistance_+%\")": 4
            },
            "ArmourType": "Legs",
            "ArmourSet": {
                "RowName": "Fur"
            }
        },
        {
            "Name": "Fur_Feet",
            "ArmourMesh": "/Game/ASS/CHA/ARM/SK_CHA_MAL_ARM_Feet_Fur.SK_CHA_MAL_ARM_Feet_Fur",
            "FemaleMeshVariant": "/Game/ASS/CHA/ARM/SK_CHA_MAL_ARM_Feet_Fur.SK_CHA_MAL_ARM_Feet_Fur",
            "AnimBlueprintClass": "/Game/ASS/CHA/ARM/SK_CHA_MAL_ARM_Feet_Base_CopyPose_AnimBP.SK_CHA_MAL_ARM_Feet_Base_CopyPose_AnimBP_C",
            "FemaleAnimBlueprintClass": "/Game/ASS/CHA/ARM/SK_CHA_MAL_ARM_Feet_Base_CopyPose_AnimBP.SK_CHA_MAL_ARM_Feet_Base_CopyPose_AnimBP_C",
            "ArmourStats": {
                "(Value=\"BasePhysicalDamageResistance_%\")": 1,
                "(Value=\"BaseColdResistance_%\")": 6,
                "(Value=\"BaseExposureResistance_+%\")": 3
            },
            "ArmourType": "Feet",
            "ArmourSet": {
                "RowName": "Fur"
            }
        },
        {
            "Name": "Ghillie_Head",
            "ArmourMesh": "/Game/ASS/CHA/ARM/SK_CHA_MAL_ARM_Head_Ghillie.SK_CHA_MAL_ARM_Head_Ghillie",
            "FemaleMeshVariant": "/Game/ASS/CHA/ARM/SK_CHA_MAL_ARM_Head_Ghillie.SK_CHA_MAL_ARM_Head_Ghillie",
            "AnimBlueprintClass": "/Game/ASS/CHA/ARM/SK_CHA_MAL_ARM_Head_Base_CopyPose_AnimBP.SK_CHA_MAL_ARM_Head_Base_CopyPose_AnimBP_C",
            "FemaleAnimBlueprintClass": "/Game/ASS/CHA/ARM/SK_CHA_MAL_ARM_Head_Base_CopyPose_AnimBP.SK_CHA_MAL_ARM_Head_Base_CopyPose_AnimBP_C",
            "ArmourStats": {
                "(Value=\"BasePhysicalDamageResistance_%\")": 2,
                "(Value=\"BaseHeatResistance_%\")": 4,
                "(Value=\"BaseAnimalThreatModifier_+%\")": -10,
                "(Value=\"BaseExposureResistance_+%\")": -1
            },
            "ArmourType": "Head",
            "ArmourSet": {
                "RowName": "Ghillie"
            }
        },
        {
            "Name": "Ghillie_Chest",
            "ArmourMesh": "/Game/ASS/CHA/ARM/SK_CHA_MAL_ARM_Chest_Ghillie.SK_CHA_MAL_ARM_Chest_Ghillie",
            "FemaleMeshVariant": "/Game/ASS/CHA/ARM/SK_CHA_MAL_ARM_Chest_Ghillie.SK_CHA_MAL_ARM_Chest_Ghillie",
            "AnimBlueprintClass": "/Game/ASS/CHA/ARM/SK_CHA_MAL_ARM_Chest_Base_CopyPose_AnimBP.SK_CHA_MAL_ARM_Chest_Base_CopyPose_AnimBP_C",
            "FemaleAnimBlueprintClass": "/Game/ASS/CHA/ARM/SK_CHA_MAL_ARM_Chest_Base_CopyPose_AnimBP.SK_CHA_MAL_ARM_Chest_Base_CopyPose_AnimBP_C",
            "ArmourStats": {
                "(Value=\"BasePhysicalDamageResistance_%\")": 4,
                "(Value=\"BaseHeatResistance_%\")": 10,
                "(Value=\"BaseAnimalThreatModifier_+%\")": -15,
                "(Value=\"BaseExposureResistance_+%\")": -2
            },
            "ArmourType": "Chest",
            "ArmourSet": {
                "RowName": "Ghillie"
            }
        },
        {
            "Name": "Ghillie_Arms",
            "ArmourMesh": "/Game/ASS/CHA/ARM/SK_CHA_MAL_ARM_Arm_Ghillie.SK_CHA_MAL_ARM_Arm_Ghillie",
            "FemaleMeshVariant": "/Game/ASS/CHA/ARM/SK_CHA_MAL_ARM_Arm_Ghillie.SK_CHA_MAL_ARM_Arm_Ghillie",
            "FirstPersonMeshVariant": "/Game/ASS/CHA/ARM/SK_1ST_CHA_MAL_ARM_Arm_Ghillie.SK_1ST_CHA_MAL_ARM_Arm_Ghillie",
            "AnimBlueprintClass": "/Game/ASS/CHA/ARM/SK_CHA_MAL_ARM_Arm_base_CopyPose_AnimBP.SK_CHA_MAL_ARM_Arm_base_CopyPose_AnimBP_C",
            "FemaleAnimBlueprintClass": "/Game/ASS/CHA/ARM/SK_CHA_MAL_ARM_Arm_base_CopyPose_AnimBP.SK_CHA_MAL_ARM_Arm_base_CopyPose_AnimBP_C",
            "FirstPersonAnimBlueprintClass": "/Game/ASS/CHA/ARM/SK_1ST_CHA_MAL_ARM_Arm_AnimBP.SK_1ST_CHA_MAL_ARM_Arm_AnimBP_C",
            "ArmourStats": {
                "(Value=\"BasePhysicalDamageResistance_%\")": 1,
                "(Value=\"BaseHeatResistance_%\")": 4,
                "(Value=\"BaseAnimalThreatModifier_+%\")": -5,
                "(Value=\"BaseExposureResistance_+%\")": -1
            },
            "ArmourType": "Hands",
            "ArmourSet": {
                "RowName": "Ghillie"
            }
        },
        {
            "Name": "Ghillie_Legs",
            "ArmourMesh": "/Game/ASS/CHA/ARM/SK_CHA_MAL_ARM_Legs_Ghillie.SK_CHA_MAL_ARM_Legs_Ghillie",
            "FemaleMeshVariant": "/Game/ASS/CHA/ARM/SK_CHA_MAL_ARM_Legs_Ghillie.SK_CHA_MAL_ARM_Legs_Ghillie",
            "AnimBlueprintClass": "/Game/ASS/CHA/ARM/SK_CHA_MAL_ARM_Legs_Base_CopyPose_AnimBP.SK_CHA_MAL_ARM_Legs_Base_CopyPose_AnimBP_C",
            "FemaleAnimBlueprintClass": "/Game/ASS/CHA/ARM/SK_CHA_MAL_ARM_Legs_Base_CopyPose_AnimBP.SK_CHA_MAL_ARM_Legs_Base_CopyPose_AnimBP_C",
            "ArmourStats": {
                "(Value=\"BasePhysicalDamageResistance_%\")": 3,
                "(Value=\"BaseHeatResistance_%\")": 5,
                "(Value=\"BaseAnimalThreatModifier_+%\")": -15,
                "(Value=\"BaseExposureResistance_+%\")": -2
            },
            "ArmourType": "Legs",
            "ArmourSet": {
                "RowName": "Ghillie"
            }
        },
        {
            "Name": "Ghillie_Feet",
            "ArmourMesh": "/Game/ASS/CHA/ARM/SK_CHA_MAL_ARM_Feet_Ghillie.SK_CHA_MAL_ARM_Feet_Ghillie",
            "FemaleMeshVariant": "/Game/ASS/CHA/ARM/SK_CHA_MAL_ARM_Feet_Ghillie.SK_CHA_MAL_ARM_Feet_Ghillie",
            "AnimBlueprintClass": "/Game/ASS/CHA/ARM/SK_CHA_MAL_ARM_Feet_Base_CopyPose_AnimBP.SK_CHA_MAL_ARM_Feet_Base_CopyPose_AnimBP_C",
            "FemaleAnimBlueprintClass": "/Game/ASS/CHA/ARM/SK_CHA_MAL_ARM_Feet_Base_CopyPose_AnimBP.SK_CHA_MAL_ARM_Feet_Base_CopyPose_AnimBP_C",
            "ArmourStats": {
                "(Value=\"BasePhysicalDamageResistance_%\")": 1,
                "(Value=\"BaseAnimalThreatModifier_+%\")": -5,
                "(Value=\"BaseExposureResistance_+%\")": -1,
                "(Value=\"BaseHeatResistance_%\")": 4
            },
            "ArmourType": "Feet",
            "ArmourSet": {
                "RowName": "Ghillie"
            }
        },
        {
            "Name": "Carbon_Head",
            "ArmourMesh": "/Game/ASS/CHA/ARM/SK_CHA_MAL_ARM_Head_Carbon.SK_CHA_MAL_ARM_Head_Carbon",
            "FemaleMeshVariant": "/Game/ASS/CHA/ARM/SK_CHA_MAL_ARM_Head_Carbon.SK_CHA_MAL_ARM_Head_Carbon",
            "AnimBlueprintClass": "/Game/ASS/CHA/ARM/SK_CHA_MAL_ARM_Head_Base_CopyPose_AnimBP.SK_CHA_MAL_ARM_Head_Base_CopyPose_AnimBP_C",
            "FemaleAnimBlueprintClass": "/Game/ASS/CHA/ARM/SK_CHA_MAL_ARM_Head_Base_CopyPose_AnimBP.SK_CHA_MAL_ARM_Head_Base_CopyPose_AnimBP_C",
            "ArmourStats": {
                "(Value=\"BasePhysicalDamageResistance_%\")": 6,
                "(Value=\"BaseExposureResistance_+%\")": 4,
                "(Value=\"BaseHeatResistance_%\")": 10,
                "(Value=\"BaseColdResistance_%\")": 10
            },
            "ArmourType": "Undersuit_Helmet",
            "ArmourSet": {
                "RowName": "Carbon"
            }
        },
        {
            "Name": "Carbon_Chest",
            "ArmourMesh": "/Game/ASS/CHA/ARM/SK_CHA_MAL_ARM_Chest_Carbon.SK_CHA_MAL_ARM_Chest_Carbon",
            "FemaleMeshVariant": "/Game/ASS/CHA/ARM/SK_CHA_MAL_ARM_Chest_Carbon.SK_CHA_MAL_ARM_Chest_Carbon",
            "AnimBlueprintClass": "/Game/ASS/CHA/ARM/SK_CHA_MAL_ARM_Chest_Base_CopyPose_AnimBP.SK_CHA_MAL_ARM_Chest_Base_CopyPose_AnimBP_C",
            "FemaleAnimBlueprintClass": "/Game/ASS/CHA/ARM/SK_CHA_MAL_ARM_Chest_Base_CopyPose_AnimBP.SK_CHA_MAL_ARM_Chest_Base_CopyPose_AnimBP_C",
            "ArmourStats": {
                "(Value=\"BasePhysicalDamageResistance_%\")": 12,
                "(Value=\"BaseExposureResistance_+%\")": 5,
                "(Value=\"BaseHeatResistance_%\")": 30,
                "(Value=\"BaseColdResistance_%\")": 30
            },
            "ArmourType": "Chest",
            "ArmourSet": {
                "RowName": "Carbon"
            }
        },
        {
            "Name": "Carbon_Arms",
            "ArmourMesh": "/Game/ASS/CHA/ARM/SK_CHA_MAL_ARM_Arm_Carbon.SK_CHA_MAL_ARM_Arm_Carbon",
            "FemaleMeshVariant": "/Game/ASS/CHA/ARM/SK_CHA_MAL_ARM_Arm_Carbon.SK_CHA_MAL_ARM_Arm_Carbon",
            "FirstPersonMeshVariant": "/Game/ASS/CHA/ARM/SK_1ST_CHA_MAL_ARM_Arm_CarbonFiber.SK_1ST_CHA_MAL_ARM_Arm_CarbonFiber",
            "AnimBlueprintClass": "/Game/ASS/CHA/ARM/SK_CHA_MAL_ARM_Arm_base_CopyPose_AnimBP.SK_CHA_MAL_ARM_Arm_base_CopyPose_AnimBP_C",
            "FemaleAnimBlueprintClass": "/Game/ASS/CHA/ARM/SK_CHA_MAL_ARM_Arm_base_CopyPose_AnimBP.SK_CHA_MAL_ARM_Arm_base_CopyPose_AnimBP_C",
            "FirstPersonAnimBlueprintClass": "/Game/ASS/CHA/ARM/SK_1ST_CHA_MAL_ARM_Arm_AnimBP.SK_1ST_CHA_MAL_ARM_Arm_AnimBP_C",
            "ArmourStats": {
                "(Value=\"BasePhysicalDamageResistance_%\")": 3,
                "(Value=\"BaseExposureResistance_+%\")": 4,
                "(Value=\"BaseHeatResistance_%\")": 5,
                "(Value=\"BaseColdResistance_%\")": 5
            },
            "ArmourType": "Hands",
            "ArmourSet": {
                "RowName": "Carbon"
            }
        },
        {
            "Name": "Carbon_Legs",
            "ArmourMesh": "/Game/ASS/CHA/ARM/SK_CHA_MAL_ARM_Legs_Carbon.SK_CHA_MAL_ARM_Legs_Carbon",
            "FemaleMeshVariant": "/Game/ASS/CHA/ARM/SK_CHA_MAL_ARM_Legs_Carbon.SK_CHA_MAL_ARM_Legs_Carbon",
            "AnimBlueprintClass": "/Game/ASS/CHA/ARM/SK_CHA_MAL_ARM_Legs_Base_CopyPose_AnimBP.SK_CHA_MAL_ARM_Legs_Base_CopyPose_AnimBP_C",
            "FemaleAnimBlueprintClass": "/Game/ASS/CHA/ARM/SK_CHA_MAL_ARM_Legs_Base_CopyPose_AnimBP.SK_CHA_MAL_ARM_Legs_Base_CopyPose_AnimBP_C",
            "ArmourStats": {
                "(Value=\"BasePhysicalDamageResistance_%\")": 9,
                "(Value=\"BaseExposureResistance_+%\")": 5,
                "(Value=\"BaseHeatResistance_%\")": 20,
                "(Value=\"BaseColdResistance_%\")": 20
            },
            "ArmourType": "Legs",
            "ArmourSet": {
                "RowName": "Carbon"
            }
        },
        {
            "Name": "Carbon_Feet",
            "ArmourMesh": "/Game/ASS/CHA/ARM/SK_CHA_MAL_ARM_Feet_Carbon.SK_CHA_MAL_ARM_Feet_Carbon",
            "FemaleMeshVariant": "/Game/ASS/CHA/ARM/SK_CHA_MAL_ARM_Feet_Carbon.SK_CHA_MAL_ARM_Feet_Carbon",
            "AnimBlueprintClass": "/Game/ASS/CHA/ARM/SK_CHA_MAL_ARM_Feet_Base_CopyPose_AnimBP.SK_CHA_MAL_ARM_Feet_Base_CopyPose_AnimBP_C",
            "FemaleAnimBlueprintClass": "/Game/ASS/CHA/ARM/SK_CHA_MAL_ARM_Feet_Base_CopyPose_AnimBP.SK_CHA_MAL_ARM_Feet_Base_CopyPose_AnimBP_C",
            "ArmourStats": {
                "(Value=\"BasePhysicalDamageResistance_%\")": 3,
                "(Value=\"BaseExposureResistance_+%\")": 4,
                "(Value=\"BaseHeatResistance_%\")": 5,
                "(Value=\"BaseColdResistance_%\")": 5
            },
            "ArmourType": "Feet",
            "ArmourSet": {
                "RowName": "Carbon"
            }
        },
        {
            "Name": "Composite_Head",
            "ArmourMesh": "/Game/ASS/CHA/ARM/SK_CHA_MAL_ARM_Head_Composite.SK_CHA_MAL_ARM_Head_Composite",
            "FemaleMeshVariant": "/Game/ASS/CHA/ARM/SK_CHA_MAL_ARM_Head_Composite.SK_CHA_MAL_ARM_Head_Composite",
            "AnimBlueprintClass": "/Game/ASS/CHA/ARM/SK_CHA_MAL_ARM_Head_Base_CopyPose_AnimBP.SK_CHA_MAL_ARM_Head_Base_CopyPose_AnimBP_C",
            "FemaleAnimBlueprintClass": "/Game/ASS/CHA/ARM/SK_CHA_MAL_ARM_Head_Base_CopyPose_AnimBP.SK_CHA_MAL_ARM_Head_Base_CopyPose_AnimBP_C",
            "ArmourStats": {
                "(Value=\"BasePhysicalDamageResistance_%\")": 8,
                "(Value=\"BaseExposureResistance_+%\")": 5,
                "(Value=\"BaseHeatResistance_%\")": 10,
                "(Value=\"BaseColdResistance_%\")": 10
            },
            "ArmourType": "Undersuit_Helmet",
            "ArmourSet": {
                "RowName": "Composite"
            }
        },
        {
            "Name": "Composite_Chest",
            "ArmourMesh": "/Game/ASS/CHA/ARM/SK_CHA_MAL_ARM_Chest_Composite.SK_CHA_MAL_ARM_Chest_Composite",
            "FemaleMeshVariant": "/Game/ASS/CHA/ARM/SK_CHA_MAL_ARM_Chest_Composite.SK_CHA_MAL_ARM_Chest_Composite",
            "AnimBlueprintClass": "/Game/ASS/CHA/ARM/SK_CHA_MAL_ARM_Chest_Base_CopyPose_AnimBP.SK_CHA_MAL_ARM_Chest_Base_CopyPose_AnimBP_C",
            "FemaleAnimBlueprintClass": "/Game/ASS/CHA/ARM/SK_CHA_MAL_ARM_Chest_Base_CopyPose_AnimBP.SK_CHA_MAL_ARM_Chest_Base_CopyPose_AnimBP_C",
            "ArmourStats": {
                "(Value=\"BasePhysicalDamageResistance_%\")": 16,
                "(Value=\"BaseExposureResistance_+%\")": 6,
                "(Value=\"BaseHeatResistance_%\")": 20,
                "(Value=\"BaseColdResistance_%\")": 20
            },
            "ArmourType": "Chest",
            "ArmourSet": {
                "RowName": "Composite"
            }
        },
        {
            "Name": "Composite_Arms",
            "ArmourMesh": "/Game/ASS/CHA/ARM/SK_CHA_MAL_ARM_Arm_Composite.SK_CHA_MAL_ARM_Arm_Composite",
            "FemaleMeshVariant": "/Game/ASS/CHA/ARM/SK_CHA_MAL_ARM_Arm_Composite.SK_CHA_MAL_ARM_Arm_Composite",
            "FirstPersonMeshVariant": "/Game/ASS/CHA/ARM/SK_1ST_CHA_MAL_ARM_Arm_Composite.SK_1ST_CHA_MAL_ARM_Arm_Composite",
            "AnimBlueprintClass": "/Game/ASS/CHA/ARM/SK_CHA_MAL_ARM_Arm_base_CopyPose_AnimBP.SK_CHA_MAL_ARM_Arm_base_CopyPose_AnimBP_C",
            "FemaleAnimBlueprintClass": "/Game/ASS/CHA/ARM/SK_CHA_MAL_ARM_Arm_base_CopyPose_AnimBP.SK_CHA_MAL_ARM_Arm_base_CopyPose_AnimBP_C",
            "FirstPersonAnimBlueprintClass": "/Game/ASS/CHA/ARM/SK_1ST_CHA_MAL_ARM_Arm_AnimBP.SK_1ST_CHA_MAL_ARM_Arm_AnimBP_C",
            "ArmourStats": {
                "(Value=\"BasePhysicalDamageResistance_%\")": 4,
                "(Value=\"BaseExposureResistance_+%\")": 5,
                "(Value=\"BaseHeatResistance_%\")": 5,
                "(Value=\"BaseColdResistance_%\")": 5
            },
            "ArmourType": "Hands",
            "ArmourSet": {
                "RowName": "Composite"
            }
        },
        {
            "Name": "Composite_Legs",
            "ArmourMesh": "/Game/ASS/CHA/ARM/SK_CHA_MAL_ARM_Legs_Composite.SK_CHA_MAL_ARM_Legs_Composite",
            "FemaleMeshVariant": "/Game/ASS/CHA/ARM/SK_CHA_MAL_ARM_Legs_Composite.SK_CHA_MAL_ARM_Legs_Composite",
            "AnimBlueprintClass": "/Game/ASS/CHA/ARM/SK_CHA_MAL_ARM_Legs_Base_CopyPose_AnimBP.SK_CHA_MAL_ARM_Legs_Base_CopyPose_AnimBP_C",
            "FemaleAnimBlueprintClass": "/Game/ASS/CHA/ARM/SK_CHA_MAL_ARM_Legs_Base_CopyPose_AnimBP.SK_CHA_MAL_ARM_Legs_Base_CopyPose_AnimBP_C",
            "ArmourStats": {
                "(Value=\"BasePhysicalDamageResistance_%\")": 12,
                "(Value=\"BaseExposureResistance_+%\")": 6,
                "(Value=\"BaseHeatResistance_%\")": 10,
                "(Value=\"BaseColdResistance_%\")": 10
            },
            "ArmourType": "Legs",
            "ArmourSet": {
                "RowName": "Composite"
            }
        },
        {
            "Name": "Composite_Feet",
            "ArmourMesh": "/Game/ASS/CHA/ARM/SK_CHA_MAL_ARM_Feet_Composite.SK_CHA_MAL_ARM_Feet_Composite",
            "FemaleMeshVariant": "/Game/ASS/CHA/ARM/SK_CHA_MAL_ARM_Feet_Composite.SK_CHA_MAL_ARM_Feet_Composite",
            "AnimBlueprintClass": "/Game/ASS/CHA/ARM/SK_CHA_MAL_ARM_Feet_Base_CopyPose_AnimBP.SK_CHA_MAL_ARM_Feet_Base_CopyPose_AnimBP_C",
            "FemaleAnimBlueprintClass": "/Game/ASS/CHA/ARM/SK_CHA_MAL_ARM_Feet_Base_CopyPose_AnimBP.SK_CHA_MAL_ARM_Feet_Base_CopyPose_AnimBP_C",
            "ArmourStats": {
                "(Value=\"BasePhysicalDamageResistance_%\")": 4,
                "(Value=\"BaseExposureResistance_+%\")": 5,
                "(Value=\"BaseHeatResistance_%\")": 5,
                "(Value=\"BaseColdResistance_%\")": 5
            },
            "ArmourType": "Feet",
            "ArmourSet": {
                "RowName": "Composite"
            }
        },
        {
            "Name": "PRV_Head",
            "ArmourStats": {
                "(Value=\"BasePhysicalDamageResistance_%\")": 8,
                "(Value=\"BaseColdResistance_%\")": 3,
                "(Value=\"BaseHeatResistance_%\")": -1
            },
            "ArmourType": "Head"
        },
        {
            "Name": "PRV_Chest",
            "ArmourStats": {
                "(Value=\"BasePhysicalDamageResistance_%\")": 8,
                "(Value=\"BaseColdResistance_%\")": 3,
                "(Value=\"BaseHeatResistance_%\")": -1
            },
            "ArmourType": "Chest"
        },
        {
            "Name": "PRV_Arms",
            "ArmourStats": {
                "(Value=\"BasePhysicalDamageResistance_%\")": 8,
                "(Value=\"BaseColdResistance_%\")": 3,
                "(Value=\"BaseHeatResistance_%\")": -1
            },
            "ArmourType": "Hands"
        },
        {
            "Name": "PRV_Legs",
            "ArmourStats": {
                "(Value=\"BasePhysicalDamageResistance_%\")": 8,
                "(Value=\"BaseColdResistance_%\")": 3,
                "(Value=\"BaseHeatResistance_%\")": -1
            },
            "ArmourType": "Legs"
        },
        {
            "Name": "PRV_Feet",
            "ArmourStats": {
                "(Value=\"BasePhysicalDamageResistance_%\")": 8,
                "(Value=\"BaseColdResistance_%\")": 3,
                "(Value=\"BaseHeatResistance_%\")": -1
            },
            "ArmourType": "Feet"
        },
        {
            "Name": "Spacesuit_Cap_Female",
            "ArmourMesh": "/Game/ASS/CHA/Head/Cap/Cap_00/SK_FEM_CHA_Cap_00.SK_FEM_CHA_Cap_00",
            "HabArmourMesh": "/Game/ASS/CHA/Head/Cap/Cap_00/SK_FEM_CHA_Cap_00.SK_FEM_CHA_Cap_00",
            "FemaleMeshVariant": "/Game/ASS/CHA/Head/Cap/Cap_00/SK_FEM_CHA_Cap_00.SK_FEM_CHA_Cap_00",
            "AnimBlueprintClass": "/Game/ASS/CHA/Head/Cap/Cap_00/SK_FEM_CHA_Cap_01_CopyPose_AnimBP.SK_FEM_CHA_Cap_01_CopyPose_AnimBP_C",
            "FemaleAnimBlueprintClass": "/Game/ASS/CHA/Head/Cap/Cap_00/SK_FEM_CHA_Cap_01_CopyPose_AnimBP.SK_FEM_CHA_Cap_01_CopyPose_AnimBP_C",
            "ArmourType": "Skin_Head_Hair"
        },
        {
            "Name": "Spacesuit_Cap_Male",
            "ArmourMesh": "/Game/ASS/CHA/Head/Cap/Cap_00/SK_MAL_CHA_Cap_00.SK_MAL_CHA_Cap_00",
            "HabArmourMesh": "/Game/ASS/CHA/Head/Cap/Cap_00/SK_MAL_CHA_Cap_00.SK_MAL_CHA_Cap_00",
            "FemaleMeshVariant": "/Game/ASS/CHA/Head/Cap/Cap_00/SK_MAL_CHA_Cap_00.SK_MAL_CHA_Cap_00",
            "AnimBlueprintClass": "/Game/ASS/CHA/Head/Cap/Cap_00/SK_MAL_CHA_Cap_01_CopyPose_AnimBP.SK_MAL_CHA_Cap_01_CopyPose_AnimBP_C",
            "FemaleAnimBlueprintClass": "/Game/ASS/CHA/Head/Cap/Cap_00/SK_MAL_CHA_Cap_01_CopyPose_AnimBP.SK_MAL_CHA_Cap_01_CopyPose_AnimBP_C",
            "ArmourType": "Skin_Head_Hair"
        },
        {
            "Name": "Spacesuit_Cap_Female_01",
            "ArmourMesh": "/Game/ASS/CHA/Head/Cap/Cap_01/SK_FEM_CHA_Cap_01.SK_FEM_CHA_Cap_01",
            "HabArmourMesh": "/Game/ASS/CHA/Head/Cap/Cap_01/SK_FEM_CHA_Cap_01.SK_FEM_CHA_Cap_01",
            "FemaleMeshVariant": "/Game/ASS/CHA/Head/Cap/Cap_01/SK_FEM_CHA_Cap_01.SK_FEM_CHA_Cap_01",
            "AnimBlueprintClass": "/Game/ASS/CHA/Head/Cap/Cap_00/SK_FEM_CHA_Cap_01_CopyPose_AnimBP.SK_FEM_CHA_Cap_01_CopyPose_AnimBP_C",
            "FemaleAnimBlueprintClass": "/Game/ASS/CHA/Head/Cap/Cap_00/SK_FEM_CHA_Cap_01_CopyPose_AnimBP.SK_FEM_CHA_Cap_01_CopyPose_AnimBP_C",
            "ArmourType": "Skin_Head_Hair"
        },
        {
            "Name": "Spacesuit_Cap_Male_01",
            "ArmourMesh": "/Game/ASS/CHA/Head/Cap/Cap_01/SK_MAL_CHA_Cap_01.SK_MAL_CHA_Cap_01",
            "HabArmourMesh": "/Game/ASS/CHA/Head/Cap/Cap_01/SK_MAL_CHA_Cap_01.SK_MAL_CHA_Cap_01",
            "FemaleMeshVariant": "/Game/ASS/CHA/Head/Cap/Cap_01/SK_MAL_CHA_Cap_01.SK_MAL_CHA_Cap_01",
            "AnimBlueprintClass": "/Game/ASS/CHA/Head/Cap/Cap_00/SK_MAL_CHA_Cap_01_CopyPose_AnimBP.SK_MAL_CHA_Cap_01_CopyPose_AnimBP_C",
            "FemaleAnimBlueprintClass": "/Game/ASS/CHA/Head/Cap/Cap_00/SK_MAL_CHA_Cap_01_CopyPose_AnimBP.SK_MAL_CHA_Cap_01_CopyPose_AnimBP_C",
            "ArmourType": "Skin_Head_Hair"
        },
        {
            "Name": "Spacesuit_Cap_Female_02",
            "ArmourMesh": "/Game/ASS/CHA/Head/Cap/Cap_02/SK_FEM_CHA_Cap_02.SK_FEM_CHA_Cap_02",
            "HabArmourMesh": "/Game/ASS/CHA/Head/Cap/Cap_02/SK_FEM_CHA_Cap_02.SK_FEM_CHA_Cap_02",
            "FemaleMeshVariant": "/Game/ASS/CHA/Head/Cap/Cap_02/SK_FEM_CHA_Cap_02.SK_FEM_CHA_Cap_02",
            "AnimBlueprintClass": "/Game/ASS/CHA/Head/Cap/Cap_00/SK_FEM_CHA_Cap_01_CopyPose_AnimBP.SK_FEM_CHA_Cap_01_CopyPose_AnimBP_C",
            "FemaleAnimBlueprintClass": "/Game/ASS/CHA/Head/Cap/Cap_00/SK_FEM_CHA_Cap_01_CopyPose_AnimBP.SK_FEM_CHA_Cap_01_CopyPose_AnimBP_C",
            "ArmourType": "Skin_Head_Hair"
        },
        {
            "Name": "Spacesuit_Cap_Male_02",
            "ArmourMesh": "/Game/ASS/CHA/Head/Cap/Cap_02/SK_MAL_CHA_Cap_02.SK_MAL_CHA_Cap_02",
            "HabArmourMesh": "/Game/ASS/CHA/Head/Cap/Cap_02/SK_MAL_CHA_Cap_02.SK_MAL_CHA_Cap_02",
            "FemaleMeshVariant": "/Game/ASS/CHA/Head/Cap/Cap_02/SK_MAL_CHA_Cap_02.SK_MAL_CHA_Cap_02",
            "AnimBlueprintClass": "/Game/ASS/CHA/Head/Cap/Cap_00/SK_MAL_CHA_Cap_01_CopyPose_AnimBP.SK_MAL_CHA_Cap_01_CopyPose_AnimBP_C",
            "FemaleAnimBlueprintClass": "/Game/ASS/CHA/Head/Cap/Cap_00/SK_MAL_CHA_Cap_01_CopyPose_AnimBP.SK_MAL_CHA_Cap_01_CopyPose_AnimBP_C",
            "ArmourType": "Skin_Head_Hair"
        },
        {
            "Name": "Spacesuit_Cap_Female_03",
            "ArmourMesh": "/Game/ASS/CHA/Head/Cap/Cap_03/SK_FEM_CHA_Cap_03.SK_FEM_CHA_Cap_03",
            "HabArmourMesh": "/Game/ASS/CHA/Head/Cap/Cap_03/SK_FEM_CHA_Cap_03.SK_FEM_CHA_Cap_03",
            "FemaleMeshVariant": "/Game/ASS/CHA/Head/Cap/Cap_03/SK_FEM_CHA_Cap_03.SK_FEM_CHA_Cap_03",
            "AnimBlueprintClass": "/Game/ASS/CHA/Head/Cap/Cap_00/SK_FEM_CHA_Cap_01_CopyPose_AnimBP.SK_FEM_CHA_Cap_01_CopyPose_AnimBP_C",
            "FemaleAnimBlueprintClass": "/Game/ASS/CHA/Head/Cap/Cap_00/SK_FEM_CHA_Cap_01_CopyPose_AnimBP.SK_FEM_CHA_Cap_01_CopyPose_AnimBP_C",
            "ArmourType": "Skin_Head_Hair"
        },
        {
            "Name": "Spacesuit_Cap_Male_03",
            "ArmourMesh": "/Game/ASS/CHA/Head/Cap/Cap_03/SK_MAL_CHA_Cap_03.SK_MAL_CHA_Cap_03",
            "HabArmourMesh": "/Game/ASS/CHA/Head/Cap/Cap_03/SK_MAL_CHA_Cap_03.SK_MAL_CHA_Cap_03",
            "FemaleMeshVariant": "/Game/ASS/CHA/Head/Cap/Cap_03/SK_MAL_CHA_Cap_03.SK_MAL_CHA_Cap_03",
            "AnimBlueprintClass": "/Game/ASS/CHA/Head/Cap/Cap_00/SK_MAL_CHA_Cap_01_CopyPose_AnimBP.SK_MAL_CHA_Cap_01_CopyPose_AnimBP_C",
            "FemaleAnimBlueprintClass": "/Game/ASS/CHA/Head/Cap/Cap_00/SK_MAL_CHA_Cap_01_CopyPose_AnimBP.SK_MAL_CHA_Cap_01_CopyPose_AnimBP_C",
            "ArmourType": "Skin_Head_Hair"
        },
        {
            "Name": "Spacesuit",
            "ArmourMesh": "/Game/ASS/CHA/Human/3RD/SK_CHA_3RD_MAL_ORB_01.SK_CHA_3RD_MAL_ORB_01",
            "FemaleMeshVariant": "/Game/ASS/CHA/Human/3RD/SK_CHA_3RD_FEM_ORB_01.SK_CHA_3RD_FEM_ORB_01",
            "ArmourType": "Undersuit"
        },
        {
            "Name": "Skin_Head_Female_01",
            "ArmourMesh": "/Game/ASS/CHA/Head/Fem/SK_FEM_CHA_head_01_Beta.SK_FEM_CHA_head_01_Beta",
            "HabArmourMesh": "/Game/ASS/CHA/Head/Fem/SK_FEM_CHA_head_01_Beta.SK_FEM_CHA_head_01_Beta",
            "FemaleMeshVariant": "/Game/ASS/CHA/Head/Fem/SK_FEM_CHA_head_01_Beta.SK_FEM_CHA_head_01_Beta",
            "AnimBlueprintClass": "/Game/ASS/CHA/Head/SK_CHA_head_CopyPose_AnimBP.SK_CHA_head_CopyPose_AnimBP_C",
            "FemaleAnimBlueprintClass": "/Game/ASS/CHA/Head/SK_CHA_head_CopyPose_AnimBP.SK_CHA_head_CopyPose_AnimBP_C",
            "ArmourType": "Skin_Head"
        },
        {
            "Name": "Skin_Head_Female_02",
            "ArmourMesh": "/Game/ASS/CHA/Head/Fem/SK_FEM_CHA_head_02.SK_FEM_CHA_head_02",
            "HabArmourMesh": "/Game/ASS/CHA/Head/Fem/SK_FEM_CHA_head_02.SK_FEM_CHA_head_02",
            "FemaleMeshVariant": "/Game/ASS/CHA/Head/Fem/SK_FEM_CHA_head_02.SK_FEM_CHA_head_02",
            "AnimBlueprintClass": "/Game/ASS/CHA/Head/SK_CHA_head_CopyPose_AnimBP.SK_CHA_head_CopyPose_AnimBP_C",
            "FemaleAnimBlueprintClass": "/Game/ASS/CHA/Head/SK_CHA_head_CopyPose_AnimBP.SK_CHA_head_CopyPose_AnimBP_C",
            "ArmourType": "Skin_Head"
        },
        {
            "Name": "Skin_Head_Female_03",
            "ArmourMesh": "/Game/ASS/CHA/Head/Fem/SK_FEM_CHA_head_03.SK_FEM_CHA_head_03",
            "HabArmourMesh": "/Game/ASS/CHA/Head/Fem/SK_FEM_CHA_head_03.SK_FEM_CHA_head_03",
            "FemaleMeshVariant": "/Game/ASS/CHA/Head/Fem/SK_FEM_CHA_head_03.SK_FEM_CHA_head_03",
            "AnimBlueprintClass": "/Game/ASS/CHA/Head/SK_CHA_head_CopyPose_AnimBP.SK_CHA_head_CopyPose_AnimBP_C",
            "FemaleAnimBlueprintClass": "/Game/ASS/CHA/Head/SK_CHA_head_CopyPose_AnimBP.SK_CHA_head_CopyPose_AnimBP_C",
            "ArmourType": "Skin_Head"
        },
        {
            "Name": "Skin_Head_Female_04",
            "ArmourMesh": "/Game/ASS/CHA/Head/Fem/SK_FEM_CHA_head_04.SK_FEM_CHA_head_04",
            "HabArmourMesh": "/Game/ASS/CHA/Head/Fem/SK_FEM_CHA_head_04.SK_FEM_CHA_head_04",
            "FemaleMeshVariant": "/Game/ASS/CHA/Head/Fem/SK_FEM_CHA_head_04.SK_FEM_CHA_head_04",
            "AnimBlueprintClass": "/Game/ASS/CHA/Head/SK_CHA_head_CopyPose_AnimBP.SK_CHA_head_CopyPose_AnimBP_C",
            "FemaleAnimBlueprintClass": "/Game/ASS/CHA/Head/SK_CHA_head_CopyPose_AnimBP.SK_CHA_head_CopyPose_AnimBP_C",
            "ArmourType": "Skin_Head"
        },
        {
            "Name": "Skin_Head_Female_05",
            "ArmourMesh": "/Game/ASS/CHA/Head/Fem/SK_FEM_CHA_head_05.SK_FEM_CHA_head_05",
            "HabArmourMesh": "/Game/ASS/CHA/Head/Fem/SK_FEM_CHA_head_05.SK_FEM_CHA_head_05",
            "FemaleMeshVariant": "/Game/ASS/CHA/Head/Fem/SK_FEM_CHA_head_05.SK_FEM_CHA_head_05",
            "AnimBlueprintClass": "/Game/ASS/CHA/Head/SK_CHA_head_CopyPose_AnimBP.SK_CHA_head_CopyPose_AnimBP_C",
            "FemaleAnimBlueprintClass": "/Game/ASS/CHA/Head/SK_CHA_head_CopyPose_AnimBP.SK_CHA_head_CopyPose_AnimBP_C",
            "ArmourType": "Skin_Head"
        },
        {
            "Name": "Skin_Head_Female_06",
            "ArmourMesh": "/Game/ASS/CHA/Head/Fem/SK_FEM_CHA_head_06.SK_FEM_CHA_head_06",
            "HabArmourMesh": "/Game/ASS/CHA/Head/Fem/SK_FEM_CHA_head_06.SK_FEM_CHA_head_06",
            "FemaleMeshVariant": "/Game/ASS/CHA/Head/Fem/SK_FEM_CHA_head_06.SK_FEM_CHA_head_06",
            "AnimBlueprintClass": "/Game/ASS/CHA/Head/SK_CHA_head_CopyPose_AnimBP.SK_CHA_head_CopyPose_AnimBP_C",
            "FemaleAnimBlueprintClass": "/Game/ASS/CHA/Head/SK_CHA_head_CopyPose_AnimBP.SK_CHA_head_CopyPose_AnimBP_C",
            "ArmourType": "Skin_Head"
        },
        {
            "Name": "Skin_Head_Male_01",
            "ArmourMesh": "/Game/ASS/CHA/Head/Male/SK_MAL_CHA_head_01.SK_MAL_CHA_head_01",
            "HabArmourMesh": "/Game/ASS/CHA/Head/Male/SK_MAL_CHA_head_01.SK_MAL_CHA_head_01",
            "FemaleMeshVariant": "/Game/ASS/CHA/Head/Male/SK_MAL_CHA_head_01.SK_MAL_CHA_head_01",
            "AnimBlueprintClass": "/Game/ASS/CHA/Head/SK_CHA_head_CopyPose_AnimBP.SK_CHA_head_CopyPose_AnimBP_C",
            "FemaleAnimBlueprintClass": "/Game/ASS/CHA/Head/SK_CHA_head_CopyPose_AnimBP.SK_CHA_head_CopyPose_AnimBP_C",
            "ArmourType": "Skin_Head"
        },
        {
            "Name": "Skin_Head_Male_02",
            "ArmourMesh": "/Game/ASS/CHA/Head/Male/SK_MAL_CHA_head_02.SK_MAL_CHA_head_02",
            "HabArmourMesh": "/Game/ASS/CHA/Head/Male/SK_MAL_CHA_head_02.SK_MAL_CHA_head_02",
            "FemaleMeshVariant": "/Game/ASS/CHA/Head/Male/SK_MAL_CHA_head_02.SK_MAL_CHA_head_02",
            "AnimBlueprintClass": "/Game/ASS/CHA/Head/SK_CHA_head_CopyPose_AnimBP.SK_CHA_head_CopyPose_AnimBP_C",
            "FemaleAnimBlueprintClass": "/Game/ASS/CHA/Head/SK_CHA_head_CopyPose_AnimBP.SK_CHA_head_CopyPose_AnimBP_C",
            "ArmourType": "Skin_Head"
        },
        {
            "Name": "Skin_Head_Male_03",
            "ArmourMesh": "/Game/ASS/CHA/Head/Male/SK_MAL_CHA_head_03.SK_MAL_CHA_head_03",
            "HabArmourMesh": "/Game/ASS/CHA/Head/Male/SK_MAL_CHA_head_03.SK_MAL_CHA_head_03",
            "FemaleMeshVariant": "/Game/ASS/CHA/Head/Male/SK_MAL_CHA_head_03.SK_MAL_CHA_head_03",
            "AnimBlueprintClass": "/Game/ASS/CHA/Head/SK_CHA_head_CopyPose_AnimBP.SK_CHA_head_CopyPose_AnimBP_C",
            "FemaleAnimBlueprintClass": "/Game/ASS/CHA/Head/SK_CHA_head_CopyPose_AnimBP.SK_CHA_head_CopyPose_AnimBP_C",
            "ArmourType": "Skin_Head"
        },
        {
            "Name": "Skin_Head_Male_04",
            "ArmourMesh": "/Game/ASS/CHA/Head/Male/SK_MAL_CHA_head_04.SK_MAL_CHA_head_04",
            "HabArmourMesh": "/Game/ASS/CHA/Head/Male/SK_MAL_CHA_head_04.SK_MAL_CHA_head_04",
            "FemaleMeshVariant": "/Game/ASS/CHA/Head/Male/SK_MAL_CHA_head_04.SK_MAL_CHA_head_04",
            "AnimBlueprintClass": "/Game/ASS/CHA/Head/SK_CHA_head_CopyPose_AnimBP.SK_CHA_head_CopyPose_AnimBP_C",
            "FemaleAnimBlueprintClass": "/Game/ASS/CHA/Head/SK_CHA_head_CopyPose_AnimBP.SK_CHA_head_CopyPose_AnimBP_C",
            "ArmourType": "Skin_Head"
        },
        {
            "Name": "Skin_Head_Male_05",
            "ArmourMesh": "/Game/ASS/CHA/Head/Male/SK_MAL_CHA_head_05.SK_MAL_CHA_head_05",
            "HabArmourMesh": "/Game/ASS/CHA/Head/Male/SK_MAL_CHA_head_05.SK_MAL_CHA_head_05",
            "FemaleMeshVariant": "/Game/ASS/CHA/Head/Male/SK_MAL_CHA_head_05.SK_MAL_CHA_head_05",
            "AnimBlueprintClass": "/Game/ASS/CHA/Head/SK_CHA_head_CopyPose_AnimBP.SK_CHA_head_CopyPose_AnimBP_C",
            "FemaleAnimBlueprintClass": "/Game/ASS/CHA/Head/SK_CHA_head_CopyPose_AnimBP.SK_CHA_head_CopyPose_AnimBP_C",
            "ArmourType": "Skin_Head"
        },
        {
            "Name": "Skin_Head_Male_06",
            "ArmourMesh": "/Game/ASS/CHA/Head/Male/SK_MAL_CHA_head_06.SK_MAL_CHA_head_06",
            "HabArmourMesh": "/Game/ASS/CHA/Head/Male/SK_MAL_CHA_head_06.SK_MAL_CHA_head_06",
            "FemaleMeshVariant": "/Game/ASS/CHA/Head/Male/SK_MAL_CHA_head_06.SK_MAL_CHA_head_06",
            "AnimBlueprintClass": "/Game/ASS/CHA/Head/SK_CHA_head_CopyPose_AnimBP.SK_CHA_head_CopyPose_AnimBP_C",
            "FemaleAnimBlueprintClass": "/Game/ASS/CHA/Head/SK_CHA_head_CopyPose_AnimBP.SK_CHA_head_CopyPose_AnimBP_C",
            "ArmourType": "Skin_Head"
        },
        {
            "Name": "Polarbear_Head",
            "ArmourMesh": "/Game/ASS/CHA/ARM/SK_CHA_ARM_Head_PolarBear.SK_CHA_ARM_Head_PolarBear",
            "FemaleMeshVariant": "/Game/ASS/CHA/ARM/SK_CHA_ARM_Head_PolarBear.SK_CHA_ARM_Head_PolarBear",
            "AnimBlueprintClass": "/Game/ASS/CHA/ARM/SK_CHA_ARM_Head_PolarBear_Skeleton_AnimBlueprint.SK_CHA_ARM_Head_PolarBear_Skeleton_AnimBlueprint_C",
            "FemaleAnimBlueprintClass": "/Game/ASS/CHA/ARM/SK_CHA_ARM_Head_PolarBear_Skeleton_AnimBlueprint.SK_CHA_ARM_Head_PolarBear_Skeleton_AnimBlueprint_C",
            "ArmourStats": {
                "(Value=\"BasePhysicalDamageResistance_%\")": 6,
                "(Value=\"BaseColdResistance_%\")": 7,
                "(Value=\"BaseExposureResistance_+%\")": 4
            },
            "ArmourType": "Head",
            "ArmourSet": {
                "RowName": "Polarbear"
            }
        },
        {
            "Name": "Polarbear_Chest",
            "ArmourMesh": "/Game/ASS/CHA/ARM/SK_CHA_ARM_Chest_PolarBear.SK_CHA_ARM_Chest_PolarBear",
            "FemaleMeshVariant": "/Game/ASS/CHA/ARM/SK_CHA_ARM_Chest_PolarBear.SK_CHA_ARM_Chest_PolarBear",
            "AnimBlueprintClass": "/Game/ASS/CHA/ARM/SK_CHA_ARM_Chest_PolarBear_Skeleton_AnimBlueprint.SK_CHA_ARM_Chest_PolarBear_Skeleton_AnimBlueprint_C",
            "FemaleAnimBlueprintClass": "/Game/ASS/CHA/ARM/SK_CHA_ARM_Chest_PolarBear_Skeleton_AnimBlueprint.SK_CHA_ARM_Chest_PolarBear_Skeleton_AnimBlueprint_C",
            "ArmourStats": {
                "(Value=\"BasePhysicalDamageResistance_%\")": 16,
                "(Value=\"BaseColdResistance_%\")": 30,
                "(Value=\"BaseExposureResistance_+%\")": 5,
                "(Value=\"BaseHeatResistance_%\")": -30
            },
            "ArmourType": "Chest",
            "ArmourSet": {
                "RowName": "Polarbear"
            }
        },
        {
            "Name": "Polarbear_Arms",
            "ArmourMesh": "/Game/ASS/CHA/ARM/SK_CHA_ARM_Arms_PolarBear.SK_CHA_ARM_Arms_PolarBear",
            "FemaleMeshVariant": "/Game/ASS/CHA/ARM/SK_CHA_ARM_Arms_PolarBear.SK_CHA_ARM_Arms_PolarBear",
            "FirstPersonMeshVariant": "/Game/ASS/CHA/ARM/SK_1ST_CHA_MAL_ARM_Arm_PolarBear.SK_1ST_CHA_MAL_ARM_Arm_PolarBear",
            "AnimBlueprintClass": "/Game/ASS/CHA/ARM/SK_CHA_ARM_Arms_PolarBear_Skeleton_AnimBlueprint.SK_CHA_ARM_Arms_PolarBear_Skeleton_AnimBlueprint_C",
            "FemaleAnimBlueprintClass": "/Game/ASS/CHA/ARM/SK_CHA_ARM_Arms_PolarBear_Skeleton_AnimBlueprint.SK_CHA_ARM_Arms_PolarBear_Skeleton_AnimBlueprint_C",
            "FirstPersonAnimBlueprintClass": "/Game/ASS/CHA/ARM/SK_1ST_CHA_MAL_ARM_Arm_AnimBP.SK_1ST_CHA_MAL_ARM_Arm_AnimBP_C",
            "ArmourStats": {
                "(Value=\"BasePhysicalDamageResistance_%\")": 3,
                "(Value=\"BaseColdResistance_%\")": 7,
                "(Value=\"BaseExposureResistance_+%\")": 4
            },
            "ArmourType": "Hands",
            "ArmourSet": {
                "RowName": "Polarbear"
            }
        },
        {
            "Name": "Polarbear_Legs",
            "ArmourMesh": "/Game/ASS/CHA/ARM/SK_CHA_ARM_Legs_PolarBear.SK_CHA_ARM_Legs_PolarBear",
            "FemaleMeshVariant": "/Game/ASS/CHA/ARM/SK_CHA_ARM_Legs_PolarBear.SK_CHA_ARM_Legs_PolarBear",
            "AnimBlueprintClass": "/Game/ASS/CHA/ARM/SK_CHA_ARM_Legs_PolarBear_Skeleton_AnimBlueprint.SK_CHA_ARM_Legs_PolarBear_Skeleton_AnimBlueprint_C",
            "FemaleAnimBlueprintClass": "/Game/ASS/CHA/ARM/SK_CHA_ARM_Legs_PolarBear_Skeleton_AnimBlueprint.SK_CHA_ARM_Legs_PolarBear_Skeleton_AnimBlueprint_C",
            "ArmourStats": {
                "(Value=\"BasePhysicalDamageResistance_%\")": 14,
                "(Value=\"BaseColdResistance_%\")": 20,
                "(Value=\"BaseExposureResistance_+%\")": 6
            },
            "ArmourType": "Legs",
            "ArmourSet": {
                "RowName": "Polarbear"
            }
        },
        {
            "Name": "Polarbear_Feet",
            "ArmourMesh": "/Game/ASS/CHA/ARM/SK_CHA_ARM_Boots_PolarBear.SK_CHA_ARM_Boots_PolarBear",
            "FemaleMeshVariant": "/Game/ASS/CHA/ARM/SK_CHA_ARM_Boots_PolarBear.SK_CHA_ARM_Boots_PolarBear",
            "AnimBlueprintClass": "/Game/ASS/CHA/ARM/SK_CHA_ARM_Boots_PolarBear_Skeleton_AnimBlueprint.SK_CHA_ARM_Boots_PolarBear_Skeleton_AnimBlueprint_C",
            "FemaleAnimBlueprintClass": "/Game/ASS/CHA/ARM/SK_CHA_ARM_Boots_PolarBear_Skeleton_AnimBlueprint.SK_CHA_ARM_Boots_PolarBear_Skeleton_AnimBlueprint_C",
            "ArmourStats": {
                "(Value=\"BasePhysicalDamageResistance_%\")": 3,
                "(Value=\"BaseColdResistance_%\")": 6,
                "(Value=\"BaseExposureResistance_+%\")": 4
            },
            "ArmourType": "Feet",
            "ArmourSet": {
                "RowName": "Polarbear"
            }
        },
        {
            "Name": "Hunter_Head",
            "ArmourMesh": "/Game/ASS/CHA/ARM/SK_CHA_MAL_ARM_Head_Hunter.SK_CHA_MAL_ARM_Head_Hunter",
            "FemaleMeshVariant": "/Game/ASS/CHA/ARM/SK_CHA_MAL_ARM_Head_Hunter.SK_CHA_MAL_ARM_Head_Hunter",
            "AnimBlueprintClass": "/Game/ASS/CHA/ARM/SK_CHA_MAL_ARM_Head_Base_CopyPose_AnimBP.SK_CHA_MAL_ARM_Head_Base_CopyPose_AnimBP_C",
            "FemaleAnimBlueprintClass": "/Game/ASS/CHA/ARM/SK_CHA_MAL_ARM_Head_Base_CopyPose_AnimBP.SK_CHA_MAL_ARM_Head_Base_CopyPose_AnimBP_C",
            "ArmourStats": {
                "(Value=\"BasePhysicalDamageResistance_%\")": 2,
                "(Value=\"BaseColdResistance_%\")": 4,
                "(Value=\"BaseAnimalThreatModifier_+%\")": -10,
                "(Value=\"BaseExposureResistance_+%\")": 1
            },
            "ArmourType": "Undersuit_Helmet",
            "ArmourSet": {
                "RowName": "Hunter"
            }
        },
        {
            "Name": "Hunter_Chest",
            "ArmourMesh": "/Game/ASS/CHA/ARM/SK_CHA_MAL_ARM_Chest_Hunter.SK_CHA_MAL_ARM_Chest_Hunter",
            "FemaleMeshVariant": "/Game/ASS/CHA/ARM/SK_CHA_MAL_ARM_Chest_Hunter.SK_CHA_MAL_ARM_Chest_Hunter",
            "AnimBlueprintClass": "/Game/ASS/CHA/ARM/SK_CHA_MAL_ARM_Chest_Base_CopyPose_AnimBP.SK_CHA_MAL_ARM_Chest_Base_CopyPose_AnimBP_C",
            "FemaleAnimBlueprintClass": "/Game/ASS/CHA/ARM/SK_CHA_MAL_ARM_Chest_Base_CopyPose_AnimBP.SK_CHA_MAL_ARM_Chest_Base_CopyPose_AnimBP_C",
            "ArmourStats": {
                "(Value=\"BasePhysicalDamageResistance_%\")": 4,
                "(Value=\"BaseColdResistance_%\")": 10,
                "(Value=\"BaseAnimalThreatModifier_+%\")": -15,
                "(Value=\"BaseExposureResistance_+%\")": 2
            },
            "ArmourType": "Chest",
            "ArmourSet": {
                "RowName": "Hunter"
            }
        },
        {
            "Name": "Hunter_Arms",
            "ArmourMesh": "/Game/ASS/CHA/ARM/SK_CHA_MAL_ARM_Arm_Hunter.SK_CHA_MAL_ARM_Arm_Hunter",
            "FemaleMeshVariant": "/Game/ASS/CHA/ARM/SK_CHA_MAL_ARM_Arm_Hunter.SK_CHA_MAL_ARM_Arm_Hunter",
            "FirstPersonMeshVariant": "/Game/ASS/CHA/ARM/SK_1ST_CHA_MAL_ARM_Arm_Hunter.SK_1ST_CHA_MAL_ARM_Arm_Hunter",
            "AnimBlueprintClass": "/Game/ASS/CHA/ARM/SK_CHA_MAL_ARM_Arm_base_CopyPose_AnimBP.SK_CHA_MAL_ARM_Arm_base_CopyPose_AnimBP_C",
            "FemaleAnimBlueprintClass": "/Game/ASS/CHA/ARM/SK_CHA_MAL_ARM_Arm_base_CopyPose_AnimBP.SK_CHA_MAL_ARM_Arm_base_CopyPose_AnimBP_C",
            "FirstPersonAnimBlueprintClass": "/Game/ASS/CHA/ARM/SK_1ST_CHA_MAL_ARM_Arm_AnimBP.SK_1ST_CHA_MAL_ARM_Arm_AnimBP_C",
            "ArmourStats": {
                "(Value=\"BasePhysicalDamageResistance_%\")": 1,
                "(Value=\"BaseColdResistance_%\")": 4,
                "(Value=\"BaseAnimalThreatModifier_+%\")": -5,
                "(Value=\"BaseExposureResistance_+%\")": 2
            },
            "ArmourType": "Hands",
            "ArmourSet": {
                "RowName": "Hunter"
            }
        },
        {
            "Name": "Hunter_Legs",
            "ArmourMesh": "/Game/ASS/CHA/ARM/SK_CHA_MAL_ARM_Legs_Hunter.SK_CHA_MAL_ARM_Legs_Hunter",
            "FemaleMeshVariant": "/Game/ASS/CHA/ARM/SK_CHA_MAL_ARM_Legs_Hunter.SK_CHA_MAL_ARM_Legs_Hunter",
            "AnimBlueprintClass": "/Game/ASS/CHA/ARM/SK_CHA_MAL_ARM_Legs_Base_CopyPose_AnimBP.SK_CHA_MAL_ARM_Legs_Base_CopyPose_AnimBP_C",
            "FemaleAnimBlueprintClass": "/Game/ASS/CHA/ARM/SK_CHA_MAL_ARM_Legs_Base_CopyPose_AnimBP.SK_CHA_MAL_ARM_Legs_Base_CopyPose_AnimBP_C",
            "ArmourStats": {
                "(Value=\"BasePhysicalDamageResistance_%\")": 3,
                "(Value=\"BaseColdResistance_%\")": 4,
                "(Value=\"BaseAnimalThreatModifier_+%\")": -15,
                "(Value=\"BaseExposureResistance_+%\")": 2
            },
            "ArmourType": "Legs",
            "ArmourSet": {
                "RowName": "Hunter"
            }
        },
        {
            "Name": "Hunter_Feet",
            "ArmourMesh": "/Game/ASS/CHA/ARM/SK_CHA_MAL_ARM_Feet_Hunter.SK_CHA_MAL_ARM_Feet_Hunter",
            "FemaleMeshVariant": "/Game/ASS/CHA/ARM/SK_CHA_MAL_ARM_Feet_Hunter.SK_CHA_MAL_ARM_Feet_Hunter",
            "AnimBlueprintClass": "/Game/ASS/CHA/ARM/SK_CHA_MAL_ARM_Feet_Base_CopyPose_AnimBP.SK_CHA_MAL_ARM_Feet_Base_CopyPose_AnimBP_C",
            "FemaleAnimBlueprintClass": "/Game/ASS/CHA/ARM/SK_CHA_MAL_ARM_Feet_Base_CopyPose_AnimBP.SK_CHA_MAL_ARM_Feet_Base_CopyPose_AnimBP_C",
            "ArmourStats": {
                "(Value=\"BasePhysicalDamageResistance_%\")": 1,
                "(Value=\"BaseColdResistance_%\")": 2,
                "(Value=\"BaseAnimalThreatModifier_+%\")": -5,
                "(Value=\"BaseExposureResistance_+%\")": 2
            },
            "ArmourType": "Feet",
            "ArmourSet": {
                "RowName": "Hunter"
            }
        },
        {
            "Name": "Scale_Head",
            "ArmourMesh": "/Game/ASS/CHA/ARM/SK_CHA_MAL_ARM_Head_Scale.SK_CHA_MAL_ARM_Head_Scale",
            "FemaleMeshVariant": "/Game/ASS/CHA/ARM/SK_CHA_FEM_ARM_Head_Scale.SK_CHA_FEM_ARM_Head_Scale",
            "AnimBlueprintClass": "/Game/ASS/CHA/ARM/SK_CHA_MAL_ARM_Chest_Scale_CopyPose_AnimBP.SK_CHA_MAL_ARM_Chest_Scale_CopyPose_AnimBP_C",
            "FemaleAnimBlueprintClass": "/Game/ASS/CHA/ARM/SK_CHA_MAL_ARM_Chest_Scale_CopyPose_AnimBP.SK_CHA_MAL_ARM_Chest_Scale_CopyPose_AnimBP_C",
            "ArmourStats": {
                "(Value=\"BasePhysicalDamageResistance_%\")": 4,
                "(Value=\"BaseColdResistance_%\")": 2,
                "(Value=\"BaseHeatResistance_%\")": 10,
                "(Value=\"BaseAnimalThreatModifier_+%\")": 2,
                "(Value=\"BaseExposureResistance_+%\")": 1
            },
            "ArmourType": "Head",
            "ArmourSet": {
                "RowName": "Scale"
            }
        },
        {
            "Name": "Scale_Chest",
            "ArmourMesh": "/Game/ASS/CHA/ARM/SK_CHA_MAL_ARM_Chest_Scale.SK_CHA_MAL_ARM_Chest_Scale",
            "FemaleMeshVariant": "/Game/ASS/CHA/ARM/SK_CHA_FEM_ARM_Chest_Scale.SK_CHA_FEM_ARM_Chest_Scale",
            "AnimBlueprintClass": "/Game/ASS/CHA/ARM/SK_CHA_MAL_ARM_Chest_Scale_CopyPose_AnimBP.SK_CHA_MAL_ARM_Chest_Scale_CopyPose_AnimBP_C",
            "FemaleAnimBlueprintClass": "/Game/ASS/CHA/ARM/SK_CHA_MAL_ARM_Chest_Scale_CopyPose_AnimBP.SK_CHA_MAL_ARM_Chest_Scale_CopyPose_AnimBP_C",
            "ArmourStats": {
                "(Value=\"BasePhysicalDamageResistance_%\")": 20,
                "(Value=\"BaseColdResistance_%\")": 2,
                "(Value=\"BaseHeatResistance_%\")": 20,
                "(Value=\"BaseAnimalThreatModifier_+%\")": 2,
                "(Value=\"BaseExposureResistance_+%\")": 2
            },
            "ArmourType": "Chest",
            "ArmourSet": {
                "RowName": "Scale"
            }
        },
        {
            "Name": "Scale_Arms",
            "ArmourMesh": "/Game/ASS/CHA/ARM/SK_CHA_MAL_ARM_Arms_Scale.SK_CHA_MAL_ARM_Arms_Scale",
            "FemaleMeshVariant": "/Game/ASS/CHA/ARM/SK_CHA_FEM_ARM_Arms_Scale.SK_CHA_FEM_ARM_Arms_Scale",
            "FirstPersonMeshVariant": "/Game/ASS/CHA/ARM/1ST_CHA_MAL_ARM_Scale.1ST_CHA_MAL_ARM_Scale",
            "AnimBlueprintClass": "/Game/ASS/CHA/ARM/SK_CHA_MAL_ARM_Chest_Scale_CopyPose_AnimBP.SK_CHA_MAL_ARM_Chest_Scale_CopyPose_AnimBP_C",
            "FemaleAnimBlueprintClass": "/Game/ASS/CHA/ARM/SK_CHA_MAL_ARM_Chest_Scale_CopyPose_AnimBP.SK_CHA_MAL_ARM_Chest_Scale_CopyPose_AnimBP_C",
            "FirstPersonAnimBlueprintClass": "/Game/ASS/CHA/ARM/SK_1ST_CHA_MAL_ARM_Arm_AnimBP.SK_1ST_CHA_MAL_ARM_Arm_AnimBP_C",
            "ArmourStats": {
                "(Value=\"BasePhysicalDamageResistance_%\")": 3,
                "(Value=\"BaseColdResistance_%\")": 2,
                "(Value=\"BaseAnimalThreatModifier_+%\")": 2,
                "(Value=\"BaseExposureResistance_+%\")": 2,
                "(Value=\"BaseHeatResistance_%\")": 5
            },
            "ArmourType": "Hands",
            "ArmourSet": {
                "RowName": "Scale"
            }
        },
        {
            "Name": "Scale_Legs",
            "ArmourMesh": "/Game/ASS/CHA/ARM/SK_CHA_MAL_ARM_Legs_Scale.SK_CHA_MAL_ARM_Legs_Scale",
            "FemaleMeshVariant": "/Game/ASS/CHA/ARM/SK_CHA_FEM_ARM_Legs_Scale.SK_CHA_FEM_ARM_Legs_Scale",
            "AnimBlueprintClass": "/Game/ASS/CHA/ARM/SK_CHA_MAL_ARM_Chest_Scale_CopyPose_AnimBP.SK_CHA_MAL_ARM_Chest_Scale_CopyPose_AnimBP_C",
            "FemaleAnimBlueprintClass": "/Game/ASS/CHA/ARM/SK_CHA_MAL_ARM_Chest_Scale_CopyPose_AnimBP.SK_CHA_MAL_ARM_Chest_Scale_CopyPose_AnimBP_C",
            "ArmourStats": {
                "(Value=\"BasePhysicalDamageResistance_%\")": 20,
                "(Value=\"BaseColdResistance_%\")": 2,
                "(Value=\"BaseHeatResistance_%\")": 20,
                "(Value=\"BaseAnimalThreatModifier_+%\")": 2,
                "(Value=\"BaseExposureResistance_+%\")": 2
            },
            "ArmourType": "Legs",
            "ArmourSet": {
                "RowName": "Scale"
            }
        },
        {
            "Name": "Scale_Feet",
            "ArmourMesh": "/Game/ASS/CHA/ARM/SK_CHA_MAL_ARM_Boots_Scale.SK_CHA_MAL_ARM_Boots_Scale",
            "FemaleMeshVariant": "/Game/ASS/CHA/ARM/SK_CHA_FEM_ARM_Boots_Scale.SK_CHA_FEM_ARM_Boots_Scale",
            "AnimBlueprintClass": "/Game/ASS/CHA/ARM/SK_CHA_MAL_ARM_Chest_Scale_CopyPose_AnimBP.SK_CHA_MAL_ARM_Chest_Scale_CopyPose_AnimBP_C",
            "FemaleAnimBlueprintClass": "/Game/ASS/CHA/ARM/SK_CHA_MAL_ARM_Chest_Scale_CopyPose_AnimBP.SK_CHA_MAL_ARM_Chest_Scale_CopyPose_AnimBP_C",
            "ArmourStats": {
                "(Value=\"BasePhysicalDamageResistance_%\")": 3,
                "(Value=\"BaseColdResistance_%\")": 2,
                "(Value=\"BaseAnimalThreatModifier_+%\")": 2,
                "(Value=\"BaseExposureResistance_+%\")": 2,
                "(Value=\"BaseHeatResistance_%\")": 5
            },
            "ArmourType": "Feet",
            "ArmourSet": {
                "RowName": "Scale"
            }
        },
        {
            "Name": "Backpack_Basic",
            "ArmourMesh": "/Game/ASS/ITM/SK_ITM_Backpack.SK_ITM_Backpack",
            "AnimBlueprintClass": "/Game/ASS/ITM/SK_ITM_Backpack_CopyPose_AnimBP.SK_ITM_Backpack_CopyPose_AnimBP_C",
            "ArmourType": "Backpack"
        },
        {
            "Name": "Backpack_Mining",
            "ArmourMesh": "/Game/ASS/ITM/SK_ITM_Backpack_Gatherer_v02.SK_ITM_Backpack_Gatherer_v02",
            "AnimBlueprintClass": "/Game/ASS/ITM/SK_ITM_Backpack_CopyPose_AnimBP.SK_ITM_Backpack_CopyPose_AnimBP_C",
            "ArmourType": "Backpack"
        },
        {
            "Name": "Backpack_Quiver",
            "ArmourMesh": "/Game/ASS/ITM/SK_ITM_Backpack_Archer.SK_ITM_Backpack_Archer",
            "AnimBlueprintClass": "/Game/ASS/ITM/SK_ITM_Backpack_CopyPose_AnimBP.SK_ITM_Backpack_CopyPose_AnimBP_C",
            "ArmourType": "Backpack"
        },
        {
            "Name": "Backpack_Survival",
            "ArmourMesh": "/Game/ASS/ITM/SK_ITM_Backpack_Survivor.SK_ITM_Backpack_Survivor",
            "AnimBlueprintClass": "/Game/ASS/ITM/SK_ITM_Backpack_CopyPose_AnimBP.SK_ITM_Backpack_CopyPose_AnimBP_C",
            "ArmourType": "Backpack"
        },
        {
            "Name": "Carbon_Head_Alpha",
            "ArmourMesh": "/Game/ASS/CHA/ARM/SK_CHA_MAL_ARM_Head_Carbon_V1.SK_CHA_MAL_ARM_Head_Carbon_V1",
            "FemaleMeshVariant": "/Game/ASS/CHA/ARM/SK_CHA_MAL_ARM_Head_Carbon_V1.SK_CHA_MAL_ARM_Head_Carbon_V1",
            "AnimBlueprintClass": "/Game/ASS/CHA/ARM/SK_CHA_MAL_ARM_Head_Base_CopyPose_AnimBP.SK_CHA_MAL_ARM_Head_Base_CopyPose_AnimBP_C",
            "FemaleAnimBlueprintClass": "/Game/ASS/CHA/ARM/SK_CHA_MAL_ARM_Head_Base_CopyPose_AnimBP.SK_CHA_MAL_ARM_Head_Base_CopyPose_AnimBP_C",
            "ArmourStats": {
                "(Value=\"BasePhysicalDamageResistance_%\")": 5,
                "(Value=\"BaseStaminaRegen_+%\")": 4,
                "(Value=\"BaseHeatResistance_%\")": 10,
                "(Value=\"BaseColdResistance_%\")": 10,
                "(Value=\"BaseMeleeDamage_+%\")": 2,
                "(Value=\"BaseProjectileDamage_+%\")": 2
            },
            "ArmourType": "Undersuit_Helmet",
            "ArmourSet": {
                "RowName": "CX-400"
            }
        },
        {
            "Name": "Carbon_Chest_Alpha",
            "ArmourMesh": "/Game/ASS/CHA/ARM/SK_CHA_MAL_ARM_Chest_Carbon_V1.SK_CHA_MAL_ARM_Chest_Carbon_V1",
            "FemaleMeshVariant": "/Game/ASS/CHA/ARM/SK_CHA_MAL_ARM_Chest_Carbon_V1.SK_CHA_MAL_ARM_Chest_Carbon_V1",
            "AnimBlueprintClass": "/Game/ASS/CHA/ARM/SK_CHA_MAL_ARM_Chest_Base_CopyPose_AnimBP.SK_CHA_MAL_ARM_Chest_Base_CopyPose_AnimBP_C",
            "FemaleAnimBlueprintClass": "/Game/ASS/CHA/ARM/SK_CHA_MAL_ARM_Chest_Base_CopyPose_AnimBP.SK_CHA_MAL_ARM_Chest_Base_CopyPose_AnimBP_C",
            "ArmourStats": {
                "(Value=\"BasePhysicalDamageResistance_%\")": 8,
                "(Value=\"BaseHeatResistance_%\")": 30,
                "(Value=\"BaseColdResistance_%\")": 30,
                "(Value=\"BaseStaminaRegen_+%\")": 4,
                "(Value=\"BaseMeleeDamage_+%\")": 2,
                "(Value=\"BaseProjectileDamage_+%\")": 2
            },
            "ArmourType": "Chest",
            "ArmourSet": {
                "RowName": "CX-400"
            }
        },
        {
            "Name": "Carbon_Arms_Alpha",
            "ArmourMesh": "/Game/ASS/CHA/ARM/SK_CHA_MAL_ARM_Arm_Carbon_V1.SK_CHA_MAL_ARM_Arm_Carbon_V1",
            "FemaleMeshVariant": "/Game/ASS/CHA/ARM/SK_CHA_MAL_ARM_Arm_Carbon_V1.SK_CHA_MAL_ARM_Arm_Carbon_V1",
            "FirstPersonMeshVariant": "/Game/ASS/CHA/ARM/SK_1ST_CHA_MAL_ARM_Arm_CarbonFiber_V1.SK_1ST_CHA_MAL_ARM_Arm_CarbonFiber_V1",
            "AnimBlueprintClass": "/Game/ASS/CHA/ARM/SK_CHA_MAL_ARM_Arm_base_CopyPose_AnimBP.SK_CHA_MAL_ARM_Arm_base_CopyPose_AnimBP_C",
            "FemaleAnimBlueprintClass": "/Game/ASS/CHA/ARM/SK_CHA_MAL_ARM_Arm_base_CopyPose_AnimBP.SK_CHA_MAL_ARM_Arm_base_CopyPose_AnimBP_C",
            "FirstPersonAnimBlueprintClass": "/Game/ASS/CHA/ARM/SK_1ST_CHA_MAL_ARM_Arm_AnimBP.SK_1ST_CHA_MAL_ARM_Arm_AnimBP_C",
            "ArmourStats": {
                "(Value=\"BasePhysicalDamageResistance_%\")": 2,
                "(Value=\"BaseStaminaRegen_+%\")": 4,
                "(Value=\"BaseHeatResistance_%\")": 5,
                "(Value=\"BaseColdResistance_%\")": 5,
                "(Value=\"BaseMeleeDamage_+%\")": 2,
                "(Value=\"BaseProjectileDamage_+%\")": 2
            },
            "ArmourType": "Hands",
            "ArmourSet": {
                "RowName": "CX-400"
            }
        },
        {
            "Name": "Carbon_Legs_Alpha",
            "ArmourMesh": "/Game/ASS/CHA/ARM/SK_CHA_MAL_ARM_Legs_Carbon_V1.SK_CHA_MAL_ARM_Legs_Carbon_V1",
            "FemaleMeshVariant": "/Game/ASS/CHA/ARM/SK_CHA_MAL_ARM_Legs_Carbon_V1.SK_CHA_MAL_ARM_Legs_Carbon_V1",
            "AnimBlueprintClass": "/Game/ASS/CHA/ARM/SK_CHA_MAL_ARM_Legs_Base_CopyPose_AnimBP.SK_CHA_MAL_ARM_Legs_Base_CopyPose_AnimBP_C",
            "FemaleAnimBlueprintClass": "/Game/ASS/CHA/ARM/SK_CHA_MAL_ARM_Legs_Base_CopyPose_AnimBP.SK_CHA_MAL_ARM_Legs_Base_CopyPose_AnimBP_C",
            "ArmourStats": {
                "(Value=\"BasePhysicalDamageResistance_%\")": 8,
                "(Value=\"BaseStaminaRegen_+%\")": 4,
                "(Value=\"BaseHeatResistance_%\")": 20,
                "(Value=\"BaseColdResistance_%\")": 20,
                "(Value=\"BaseMeleeDamage_+%\")": 2,
                "(Value=\"BaseProjectileDamage_+%\")": 2
            },
            "ArmourType": "Legs",
            "ArmourSet": {
                "RowName": "CX-400"
            }
        },
        {
            "Name": "Carbon_Feet_Alpha",
            "ArmourMesh": "/Game/ASS/CHA/ARM/SK_CHA_MAL_ARM_Feet_Carbon_V1.SK_CHA_MAL_ARM_Feet_Carbon_V1",
            "FemaleMeshVariant": "/Game/ASS/CHA/ARM/SK_CHA_MAL_ARM_Feet_Carbon_V1.SK_CHA_MAL_ARM_Feet_Carbon_V1",
            "AnimBlueprintClass": "/Game/ASS/CHA/ARM/SK_CHA_MAL_ARM_Feet_Base_CopyPose_AnimBP.SK_CHA_MAL_ARM_Feet_Base_CopyPose_AnimBP_C",
            "FemaleAnimBlueprintClass": "/Game/ASS/CHA/ARM/SK_CHA_MAL_ARM_Feet_Base_CopyPose_AnimBP.SK_CHA_MAL_ARM_Feet_Base_CopyPose_AnimBP_C",
            "ArmourStats": {
                "(Value=\"BasePhysicalDamageResistance_%\")": 2,
                "(Value=\"BaseStaminaRegen_+%\")": 4,
                "(Value=\"BaseHeatResistance_%\")": 5,
                "(Value=\"BaseColdResistance_%\")": 5,
                "(Value=\"BaseMeleeDamage_+%\")": 2,
                "(Value=\"BaseProjectileDamage_+%\")": 2
            },
            "ArmourType": "Feet",
            "ArmourSet": {
                "RowName": "CX-400"
            }
        },
        {
            "Name": "Carbon_Head_Beta",
            "ArmourMesh": "/Game/ASS/CHA/ARM/SK_CHA_MAL_ARM_Head_Carbon_V2.SK_CHA_MAL_ARM_Head_Carbon_V2",
            "FemaleMeshVariant": "/Game/ASS/CHA/ARM/SK_CHA_MAL_ARM_Head_Carbon_V2.SK_CHA_MAL_ARM_Head_Carbon_V2",
            "AnimBlueprintClass": "/Game/ASS/CHA/ARM/SK_CHA_MAL_ARM_Head_Base_CopyPose_AnimBP.SK_CHA_MAL_ARM_Head_Base_CopyPose_AnimBP_C",
            "FemaleAnimBlueprintClass": "/Game/ASS/CHA/ARM/SK_CHA_MAL_ARM_Head_Base_CopyPose_AnimBP.SK_CHA_MAL_ARM_Head_Base_CopyPose_AnimBP_C",
            "ArmourStats": {
                "(Value=\"BasePhysicalDamageResistance_%\")": 5,
                "(Value=\"BaseHeatResistance_%\")": 10,
                "(Value=\"BaseColdResistance_%\")": 10,
                "(Value=\"BaseAxeItemWear_+%\")": -4,
                "(Value=\"BasePickaxeItemWear_+%\")": -4
            },
            "ArmourType": "Undersuit_Helmet",
            "ArmourSet": {
                "RowName": "ST-700"
            }
        },
        {
            "Name": "Carbon_Chest_Beta",
            "ArmourMesh": "/Game/ASS/CHA/ARM/SK_CHA_MAL_ARM_Chest_Carbon_V2.SK_CHA_MAL_ARM_Chest_Carbon_V2",
            "FemaleMeshVariant": "/Game/ASS/CHA/ARM/SK_CHA_MAL_ARM_Chest_Carbon_V2.SK_CHA_MAL_ARM_Chest_Carbon_V2",
            "AnimBlueprintClass": "/Game/ASS/CHA/ARM/SK_CHA_MAL_ARM_Chest_Base_CopyPose_AnimBP.SK_CHA_MAL_ARM_Chest_Base_CopyPose_AnimBP_C",
            "FemaleAnimBlueprintClass": "/Game/ASS/CHA/ARM/SK_CHA_MAL_ARM_Chest_Base_CopyPose_AnimBP.SK_CHA_MAL_ARM_Chest_Base_CopyPose_AnimBP_C",
            "ArmourStats": {
                "(Value=\"BasePhysicalDamageResistance_%\")": 8,
                "(Value=\"BaseHeatResistance_%\")": 30,
                "(Value=\"BaseColdResistance_%\")": 30,
                "(Value=\"BaseAxeItemWear_+%\")": -4,
                "(Value=\"BasePickaxeItemWear_+%\")": -4
            },
            "ArmourType": "Chest",
            "ArmourSet": {
                "RowName": "ST-700"
            }
        },
        {
            "Name": "Carbon_Arms_Beta",
            "ArmourMesh": "/Game/ASS/CHA/ARM/SK_CHA_MAL_ARM_Arm_Carbon_V2.SK_CHA_MAL_ARM_Arm_Carbon_V2",
            "FemaleMeshVariant": "/Game/ASS/CHA/ARM/SK_CHA_MAL_ARM_Arm_Carbon_V2.SK_CHA_MAL_ARM_Arm_Carbon_V2",
            "FirstPersonMeshVariant": "/Game/ASS/CHA/ARM/SK_1ST_CHA_MAL_ARM_Arm_CarbonFiber_V2.SK_1ST_CHA_MAL_ARM_Arm_CarbonFiber_V2",
            "AnimBlueprintClass": "/Game/ASS/CHA/ARM/SK_CHA_MAL_ARM_Arm_base_CopyPose_AnimBP.SK_CHA_MAL_ARM_Arm_base_CopyPose_AnimBP_C",
            "FemaleAnimBlueprintClass": "/Game/ASS/CHA/ARM/SK_CHA_MAL_ARM_Arm_base_CopyPose_AnimBP.SK_CHA_MAL_ARM_Arm_base_CopyPose_AnimBP_C",
            "FirstPersonAnimBlueprintClass": "/Game/ASS/CHA/ARM/SK_1ST_CHA_MAL_ARM_Arm_AnimBP.SK_1ST_CHA_MAL_ARM_Arm_AnimBP_C",
            "ArmourStats": {
                "(Value=\"BasePhysicalDamageResistance_%\")": 2,
                "(Value=\"BaseHeatResistance_%\")": 5,
                "(Value=\"BaseColdResistance_%\")": 5,
                "(Value=\"BaseAxeItemWear_+%\")": -4,
                "(Value=\"BasePickaxeItemWear_+%\")": -4
            },
            "ArmourType": "Hands",
            "ArmourSet": {
                "RowName": "ST-700"
            }
        },
        {
            "Name": "Carbon_Legs_Beta",
            "ArmourMesh": "/Game/ASS/CHA/ARM/SK_CHA_MAL_ARM_Legs_Carbon_V2.SK_CHA_MAL_ARM_Legs_Carbon_V2",
            "FemaleMeshVariant": "/Game/ASS/CHA/ARM/SK_CHA_MAL_ARM_Legs_Carbon_V2.SK_CHA_MAL_ARM_Legs_Carbon_V2",
            "AnimBlueprintClass": "/Game/ASS/CHA/ARM/SK_CHA_MAL_ARM_Legs_Base_CopyPose_AnimBP.SK_CHA_MAL_ARM_Legs_Base_CopyPose_AnimBP_C",
            "FemaleAnimBlueprintClass": "/Game/ASS/CHA/ARM/SK_CHA_MAL_ARM_Legs_Base_CopyPose_AnimBP.SK_CHA_MAL_ARM_Legs_Base_CopyPose_AnimBP_C",
            "ArmourStats": {
                "(Value=\"BasePhysicalDamageResistance_%\")": 8,
                "(Value=\"BaseHeatResistance_%\")": 20,
                "(Value=\"BaseColdResistance_%\")": 20,
                "(Value=\"BaseAxeItemWear_+%\")": -4,
                "(Value=\"BasePickaxeItemWear_+%\")": -4
            },
            "ArmourType": "Legs",
            "ArmourSet": {
                "RowName": "ST-700"
            }
        },
        {
            "Name": "Carbon_Feet_Beta",
            "ArmourMesh": "/Game/ASS/CHA/ARM/SK_CHA_MAL_ARM_Feet_Carbon_V2.SK_CHA_MAL_ARM_Feet_Carbon_V2",
            "FemaleMeshVariant": "/Game/ASS/CHA/ARM/SK_CHA_MAL_ARM_Feet_Carbon_V2.SK_CHA_MAL_ARM_Feet_Carbon_V2",
            "AnimBlueprintClass": "/Game/ASS/CHA/ARM/SK_CHA_MAL_ARM_Feet_Base_CopyPose_AnimBP.SK_CHA_MAL_ARM_Feet_Base_CopyPose_AnimBP_C",
            "FemaleAnimBlueprintClass": "/Game/ASS/CHA/ARM/SK_CHA_MAL_ARM_Feet_Base_CopyPose_AnimBP.SK_CHA_MAL_ARM_Feet_Base_CopyPose_AnimBP_C",
            "ArmourStats": {
                "(Value=\"BasePhysicalDamageResistance_%\")": 2,
                "(Value=\"BaseHeatResistance_%\")": 5,
                "(Value=\"BaseColdResistance_%\")": 5,
                "(Value=\"BaseAxeItemWear_+%\")": -4,
                "(Value=\"BasePickaxeItemWear_+%\")": -4
            },
            "ArmourType": "Feet",
            "ArmourSet": {
                "RowName": "ST-700"
            }
        },
        {
            "Name": "Inaris_Envirosuit_Alpha",
            "ArmourMesh": "/Game/ASS/CHA/SK_CHA_MAL_Envirosuit_Inaris.SK_CHA_MAL_Envirosuit_Inaris",
            "FemaleMeshVariant": "/Game/ASS/CHA/SK_CHA_FEM_Envirosuit_Inaris.SK_CHA_FEM_Envirosuit_Inaris",
            "AnimBlueprintClass": "/Game/ASS/CHA/Human/3RD/SK_CHA_3RD_MAL_01_CopyPose_AnimBP.SK_CHA_3RD_MAL_01_CopyPose_AnimBP_C",
            "FemaleAnimBlueprintClass": "/Game/ASS/CHA/Human/3RD/SK_CHA_3RD_MAL_01_CopyPose_AnimBP.SK_CHA_3RD_MAL_01_CopyPose_AnimBP_C",
            "ArmourStats": {
                "(Value=\"BaseOxygenSlots_+\")": 1,
                "(Value=\"BaseBackpackSlots_+\")": -5,
                "(Value=\"BaseUpgradeSlots_+\")": 3,
                "(Value=\"BaseWaterSlots_+\")": 1
            },
            "ArmourType": "Undersuit",
            "ImplicitDefaultArmour": [
                {
                    "RowName": "Undersuit_Shengong_Helmet",
                    "DataTableName": "D_Armour"
                }
            ]
        },
        {
            "Name": "Larkwell_Envirosuit_Helmet",
            "ArmourMesh": "/Game/ASS/CHA/SK_CHA_MAL_Envirosuit_Inaris_Helmet.SK_CHA_MAL_Envirosuit_Inaris_Helmet",
            "FemaleMeshVariant": "/Game/ASS/CHA/SK_CHA_FEM_Envirosuit_Inaris_Helmet.SK_CHA_FEM_Envirosuit_Inaris_Helmet",
            "AnimBlueprintClass": "/Game/ASS/CHA/Human/3RD/SK_CHA_3RD_MAL_01_CopyPose_AnimBP.SK_CHA_3RD_MAL_01_CopyPose_AnimBP_C",
            "FemaleAnimBlueprintClass": "/Game/ASS/CHA/Human/3RD/SK_CHA_3RD_MAL_01_CopyPose_AnimBP.SK_CHA_3RD_MAL_01_CopyPose_AnimBP_C",
            "ArmourType": "Undersuit_Helmet"
        },
        {
            "Name": "Larkwell_Backpack_Alpha",
            "ArmourMesh": "/Game/ASS/ITM/SK_ITM_Backpack_LARK_Var2.SK_ITM_Backpack_LARK_Var2",
            "AnimBlueprintClass": "/Game/ASS/ITM/SK_ITM_Backpack_CopyPose_AnimBP.SK_ITM_Backpack_CopyPose_AnimBP_C",
            "ArmourType": "Backpack"
        },
        {
            "Name": "Larkwell_Backpack_Beta",
            "ArmourMesh": "/Game/ASS/ITM/SK_ITM_Backpack_LARK.SK_ITM_Backpack_LARK",
            "AnimBlueprintClass": "/Game/ASS/ITM/SK_ITM_Backpack_CopyPose_AnimBP.SK_ITM_Backpack_CopyPose_AnimBP_C",
            "ArmourType": "Backpack"
        }
    ]
}