{
    "RowStruct": "/Script/Icarus.ExperienceData",
    "Defaults": {
        "ExperienceEvents": {}
    },
    "Rows": [
        {
            "Name": "ResourceNode",
            "ExperienceEvents": {
                "XP_OnInteract": {
                    "ExperienceEvent": {
                        "RowName": "GatherResource",
                        "DataTableName": "D_ExperienceEvents"
                    },
                    "GainedExperience": 0
                },
                "XP_OnHit": {
                    "ExperienceEvent": {
                        "RowName": "GatherResource",
                        "DataTableName": "D_ExperienceEvents"
                    },
                    "GainedExperience": 0
                }
            }
        },
        {
            "Name": "VoxelNode",
            "ExperienceEvents": {
                "XP_OnDamaged": {
                    "ExperienceEvent": {
                        "RowName": "MineVoxel",
                        "DataTableName": "D_ExperienceEvents"
                    },
                    "GainedExperience": 60
                }
            }
        },
        {
            "Name": "AI",
            "ExperienceEvents": {
                "XP_OnDeath": {
                    "ExperienceEvent": {
                        "RowName": "KillAI",
                        "DataTableName": "D_ExperienceEvents"
                    },
                    "GainedExperience": 1000
                }
            }
        },
        {
            "Name": "Player",
            "ExperienceEvents": {
                "XP_OnDeath": {
                    "ExperienceEvent": {
                        "RowName": "KillPlayer",
                        "DataTableName": "D_ExperienceEvents"
                    },
                    "GainedExperience": 0
                },
                "XP_OnCraft": {
                    "ExperienceEvent": {
                        "RowName": "CraftItem",
                        "DataTableName": "D_ExperienceEvents"
                    },
                    "GainedExperience": 0
                }
            }
        },
        {
            "Name": "Tree",
            "ExperienceEvents": {
                "XP_OnDeath": {
                    "ExperienceEvent": {
                        "RowName": "ChopTree",
                        "DataTableName": "D_ExperienceEvents"
                    },
                    "GainedExperience": 300
                }
            }
        },
        {
            "Name": "CraftedItem",
            "ExperienceEvents": {
                "XP_OnCraft": {
                    "ExperienceEvent": {
                        "RowName": "CraftItem",
                        "DataTableName": "D_ExperienceEvents"
                    },
                    "GainedExperience": 100
                }
            }
        },
        {
            "Name": "CatchFish",
            "ExperienceEvents": {
                "XP_OnAchievement": {
                    "ExperienceEvent": {
                        "RowName": "CatchFish",
                        "DataTableName": "D_ExperienceEvents"
                    },
                    "GainedExperience": 500
                }
            }
        },
        {
            "Name": "SurvivedStorm",
            "ExperienceEvents": {
                "XP_OnAchievement": {
                    "ExperienceEvent": {
                        "RowName": "SurviveStorm",
                        "DataTableName": "D_ExperienceEvents"
                    },
                    "GainedExperience": 1000
                }
            }
        },
        {
            "Name": "DiscoveredExotics",
            "ExperienceEvents": {
                "XP_OnAchievement": {
                    "ExperienceEvent": {
                        "RowName": "DiscoveredExotics",
                        "DataTableName": "D_ExperienceEvents"
                    },
                    "GainedExperience": 5000
                }
            }
        },
        {
            "Name": "HarvestedAnimal",
            "ExperienceEvents": {
                "XP_OnAchievement": {
                    "ExperienceEvent": {
                        "RowName": "HarvestingAnimal",
                        "DataTableName": "D_ExperienceEvents"
                    },
                    "GainedExperience": 500
                }
            }
        },
        {
            "Name": "Medium_Animal",
            "ExperienceEvents": {
                "XP_OnDeath": {
                    "ExperienceEvent": {
                        "RowName": "KillMediumAnimal",
                        "DataTableName": "D_ExperienceEvents"
                    },
                    "GainedExperience": 3000
                }
            }
        },
        {
            "Name": "Small_Animal",
            "ExperienceEvents": {
                "XP_OnDeath": {
                    "ExperienceEvent": {
                        "RowName": "KillSmallAnimal",
                        "DataTableName": "D_ExperienceEvents"
                    },
                    "GainedExperience": 1500
                }
            }
        },
        {
            "Name": "VoxelStone",
            "ExperienceEvents": {
                "XP_OnDamaged": {
                    "ExperienceEvent": {
                        "RowName": "MineVoxel",
                        "DataTableName": "D_ExperienceEvents"
                    },
                    "GainedExperience": 60
                }
            }
        },
        {
            "Name": "Kill_Fish",
            "ExperienceEvents": {
                "XP_OnAchievement": {
                    "ExperienceEvent": {
                        "RowName": "KillFish",
                        "DataTableName": "D_ExperienceEvents"
                    },
                    "GainedExperience": 100
                }
            }
        },
        {
            "Name": "Creature_BabyDeer",
            "ExperienceEvents": {
                "XP_OnDeath": {
                    "ExperienceEvent": {
                        "RowName": "Kill_BabyDeer",
                        "DataTableName": "D_ExperienceEvents"
                    },
                    "GainedExperience": 0
                }
            }
        },
        {
            "Name": "Creature_Roat",
            "ExperienceEvents": {
                "XP_OnDeath": {
                    "ExperienceEvent": {
                        "RowName": "Kill_Roat",
                        "DataTableName": "D_ExperienceEvents"
                    },
                    "GainedExperience": 0
                }
            }
        },
        {
            "Name": "Creature_Raccoon",
            "ExperienceEvents": {
                "XP_OnDeath": {
                    "ExperienceEvent": {
                        "RowName": "Kill_Raccoon",
                        "DataTableName": "D_ExperienceEvents"
                    },
                    "GainedExperience": 0
                }
            }
        },
        {
            "Name": "Creature_Chamois",
            "ExperienceEvents": {
                "XP_OnDeath": {
                    "ExperienceEvent": {
                        "RowName": "Kill_Chamois",
                        "DataTableName": "D_ExperienceEvents"
                    },
                    "GainedExperience": 0
                }
            }
        },
        {
            "Name": "Creature_RedGoat",
            "ExperienceEvents": {
                "XP_OnDeath": {
                    "ExperienceEvent": {
                        "RowName": "Kill_RedGoat",
                        "DataTableName": "D_ExperienceEvents"
                    },
                    "GainedExperience": 0
                }
            }
        },
        {
            "Name": "Creature_MediumDeer",
            "ExperienceEvents": {
                "XP_OnDeath": {
                    "ExperienceEvent": {
                        "RowName": "Kill_MediumDeer",
                        "DataTableName": "D_ExperienceEvents"
                    },
                    "GainedExperience": 0
                }
            }
        },
        {
            "Name": "Creature_LargeDeer",
            "ExperienceEvents": {
                "XP_OnDeath": {
                    "ExperienceEvent": {
                        "RowName": "Kill_LargeDeer",
                        "DataTableName": "D_ExperienceEvents"
                    },
                    "GainedExperience": 0
                }
            }
        },
        {
            "Name": "Creature_Wolf",
            "ExperienceEvents": {
                "XP_OnDeath": {
                    "ExperienceEvent": {
                        "RowName": "Kill_Wolf",
                        "DataTableName": "D_ExperienceEvents"
                    },
                    "GainedExperience": 0
                }
            }
        },
        {
            "Name": "Creature_Hyena",
            "ExperienceEvents": {
                "XP_OnDeath": {
                    "ExperienceEvent": {
                        "RowName": "Kill_Hyena",
                        "DataTableName": "D_ExperienceEvents"
                    },
                    "GainedExperience": 0
                }
            }
        },
        {
            "Name": "Creature_Cougar",
            "ExperienceEvents": {
                "XP_OnDeath": {
                    "ExperienceEvent": {
                        "RowName": "Kill_Cougar",
                        "DataTableName": "D_ExperienceEvents"
                    },
                    "GainedExperience": 0
                }
            }
        },
        {
            "Name": "Creature_Elephant",
            "ExperienceEvents": {
                "XP_OnDeath": {
                    "ExperienceEvent": {
                        "RowName": "Kill_Elephant",
                        "DataTableName": "D_ExperienceEvents"
                    },
                    "GainedExperience": 0
                }
            }
        },
        {
            "Name": "Creature_Bear",
            "ExperienceEvents": {
                "XP_OnDeath": {
                    "ExperienceEvent": {
                        "RowName": "Kill_Bear",
                        "DataTableName": "D_ExperienceEvents"
                    },
                    "GainedExperience": 0
                }
            }
        },
        {
            "Name": "Creature_Mammoth",
            "ExperienceEvents": {
                "XP_OnDeath": {
                    "ExperienceEvent": {
                        "RowName": "Kill_Mammoth",
                        "DataTableName": "D_ExperienceEvents"
                    },
                    "GainedExperience": 0
                }
            }
        },
        {
            "Name": "Creature_PolarBear",
            "ExperienceEvents": {
                "XP_OnDeath": {
                    "ExperienceEvent": {
                        "RowName": "Kill_PolarBear",
                        "DataTableName": "D_ExperienceEvents"
                    },
                    "GainedExperience": 0
                }
            }
        },
        {
            "Name": "ResourceNode_Fiber",
            "ExperienceEvents": {
                "XP_OnInteract": {
                    "ExperienceEvent": {
                        "RowName": "GatherResource_Fiber",
                        "DataTableName": "D_ExperienceEvents"
                    },
                    "GainedExperience": 0
                },
                "XP_OnHit": {
                    "ExperienceEvent": {
                        "RowName": "GatherResource_Fiber",
                        "DataTableName": "D_ExperienceEvents"
                    },
                    "GainedExperience": 0
                }
            }
        },
        {
            "Name": "Creature_Pack_Wolf",
            "ExperienceEvents": {
                "XP_OnDeath": {
                    "ExperienceEvent": {
                        "RowName": "Kill_Pack_Wolf",
                        "DataTableName": "D_ExperienceEvents"
                    },
                    "GainedExperience": 0
                }
            }
        },
        {
            "Name": "Creature_Rabbit",
            "ExperienceEvents": {
                "XP_OnDeath": {
                    "ExperienceEvent": {
                        "RowName": "Kill_Rabbit",
                        "DataTableName": "D_ExperienceEvents"
                    },
                    "GainedExperience": 0
                }
            }
        },
        {
            "Name": "Creature_MediumAntelope",
            "ExperienceEvents": {
                "XP_OnDeath": {
                    "ExperienceEvent": {
                        "RowName": "Kill_Small_Antelope",
                        "DataTableName": "D_ExperienceEvents"
                    },
                    "GainedExperience": 0
                }
            }
        },
        {
            "Name": "Creature_LargeAntelope",
            "ExperienceEvents": {
                "XP_OnDeath": {
                    "ExperienceEvent": {
                        "RowName": "Kill_Large_Antelope",
                        "DataTableName": "D_ExperienceEvents"
                    },
                    "GainedExperience": 0
                }
            }
        },
        {
            "Name": "Creature_WildBoar",
            "ExperienceEvents": {
                "XP_OnDeath": {
                    "ExperienceEvent": {
                        "RowName": "Kill_Boar",
                        "DataTableName": "D_ExperienceEvents"
                    },
                    "GainedExperience": 0
                }
            }
        },
        {
            "Name": "Creature_Cave_Worm",
            "ExperienceEvents": {
                "XP_OnDeath": {
                    "ExperienceEvent": {
                        "RowName": "Kill_Cave_Worm",
                        "DataTableName": "D_ExperienceEvents"
                    },
                    "GainedExperience": 0
                }
            }
        },
        {
            "Name": "Creature_Zebra",
            "ExperienceEvents": {
                "XP_OnDeath": {
                    "ExperienceEvent": {
                        "RowName": "Kill_Zebra",
                        "DataTableName": "D_ExperienceEvents"
                    },
                    "GainedExperience": 0
                }
            }
        },
        {
            "Name": "Creature_Buffalo",
            "ExperienceEvents": {
                "XP_OnDeath": {
                    "ExperienceEvent": {
                        "RowName": "Kill_Buffalo",
                        "DataTableName": "D_ExperienceEvents"
                    },
                    "GainedExperience": 0
                }
            }
        },
        {
            "Name": "Creature_Scorpion",
            "ExperienceEvents": {
                "XP_OnDeath": {
                    "ExperienceEvent": {
                        "RowName": "Kill_Scorpion",
                        "DataTableName": "D_ExperienceEvents"
                    },
                    "GainedExperience": 0
                }
            }
        },
        {
            "Name": "Creature_Scorpion_Summon",
            "ExperienceEvents": {
                "XP_OnDeath": {
                    "ExperienceEvent": {
                        "RowName": "Kill_Scorpion_Summon",
                        "DataTableName": "D_ExperienceEvents"
                    },
                    "GainedExperience": 0
                }
            }
        },
        {
            "Name": "Creature_Crocodile",
            "ExperienceEvents": {
                "XP_OnDeath": {
                    "ExperienceEvent": {
                        "RowName": "Kill_Crocodile",
                        "DataTableName": "D_ExperienceEvents"
                    },
                    "GainedExperience": 0
                }
            }
        },
        {
            "Name": "Creature_Komodo",
            "ExperienceEvents": {
                "XP_OnDeath": {
                    "ExperienceEvent": {
                        "RowName": "Kill_Komodo",
                        "DataTableName": "D_ExperienceEvents"
                    },
                    "GainedExperience": 0
                }
            }
        },
        {
            "Name": "Creature_Kea",
            "ExperienceEvents": {
                "XP_OnDeath": {
                    "ExperienceEvent": {
                        "RowName": "Kill_Kea",
                        "DataTableName": "D_ExperienceEvents"
                    },
                    "GainedExperience": 0
                }
            }
        },
        {
            "Name": "Creature_PolarBearCub",
            "ExperienceEvents": {
                "XP_OnDeath": {
                    "ExperienceEvent": {
                        "RowName": "Kill_PolarBearCub",
                        "DataTableName": "D_ExperienceEvents"
                    },
                    "GainedExperience": 0
                }
            }
        }
    ]
}