{
    "RowStruct": "/Script/Icarus.FocusableData",
    "Defaults": {
        "Behaviour": "None",
        "AttachmentData": {
            "RowName": "None",
            "DataTableName": "D_ItemAttachment"
        },
        "AttachmentOffset": {
            "Rotation": {
                "X": 0,
                "Y": 0,
                "Z": 0,
                "W": 1
            },
            "Translation": {
                "X": 0,
                "Y": 0,
                "Z": 0
            },
            "Scale3D": {
                "X": 1,
                "Y": 1,
                "Z": 1
            }
        },
        "AnimOverlayType": "Default",
        "AnimationData": {
            "RowName": "None",
            "DataTableName": "D_ItemAnimations"
        },
        "bApplyAutomaticSpineBend": true,
        "FPFocusedMontage": "None",
        "FPLocoBlendSpaceOverride": "None",
        "FPIdleAnim": "None",
        "TPFocusedMontage": "None",
        "TPUprightIdle": "None",
        "TPCrouchedIdle": "None",
        "TPPoses": "None",
        "ItemFocusedMontage": "None"
    },
    "Rows": [
        {
            "Name": "Focusable_1H",
            "Behaviour": "/Game/BP/Behaviours/Focusable/BP_FocusableBehaviour.BP_FocusableBehaviour_C",
            "AttachmentData": {
                "RowName": "GeneralRight"
            },
            "AnimOverlayType": "OneHanded",
            "AnimationData": {
                "RowName": "1HWEP"
            },
            "FPFocusedMontage": "/Game/ASS/CHA/1ST/1ST_NewRig/1ST_CHA_1HWEP_Equip_Montage.1ST_CHA_1HWEP_Equip_Montage",
            "FPIdleAnim": "/Game/ASS/CHA/1ST/1ST_NewRig/1ST_CHA_1HWEPIdle.1ST_CHA_1HWEPIdle",
            "TPFocusedMontage": "/Game/ASS/CHA/Human/3RD/Animations/3RD_CHA_1HAxeEquip_Montage.3RD_CHA_1HAxeEquip_Montage",
            "TPUprightIdle": "/Game/ASS/CHA/Human/3RD/Animations/3RD_CHA_MAL_1HWeaponIdle.3RD_CHA_MAL_1HWeaponIdle",
            "TPCrouchedIdle": "/Game/ASS/CHA/Human/3RD/Animations/3RD_CHA_MAL_1HWEPCrouchIdle.3RD_CHA_MAL_1HWEPCrouchIdle"
        },
        {
            "Name": "Focusable_Gun_2H",
            "Behaviour": "/Game/BP/Behaviours/Focusable/BP_FocusableBehaviour.BP_FocusableBehaviour_C",
            "AttachmentData": {
                "RowName": "GeneralBoth"
            },
            "AnimOverlayType": "Firearm",
            "AnimationData": {
                "RowName": "2HGun"
            },
            "FPFocusedMontage": "/Game/ASS/CHA/1ST/1ST_NewRig/1ST_CHA_2HRifle_Equip_Montage.1ST_CHA_2HRifle_Equip_Montage",
            "FPIdleAnim": "/Game/ASS/CHA/1ST/1ST_NewRig/1ST_CHA_2HGunIdle.1ST_CHA_2HGunIdle",
            "TPFocusedMontage": "/Game/ASS/CHA/Human/Prospector/Animations/Montages/Props_RifleBoltAction_Equip_Montage.Props_RifleBoltAction_Equip_Montage",
            "TPUprightIdle": "/Game/ASS/CHA/Human/3RD/Animations/3RD_CHA_MAL_RifleIdle.3RD_CHA_MAL_RifleIdle",
            "TPCrouchedIdle": "/Game/ASS/CHA/Human/3RD/Animations/3RD_CHA_MAL_2HGunCrouchIdle.3RD_CHA_MAL_2HGunCrouchIdle"
        },
        {
            "Name": "Focusable_Gun_Pistol",
            "Behaviour": "/Game/BP/Behaviours/Focusable/BP_FocusableBehaviour.BP_FocusableBehaviour_C",
            "AttachmentData": {
                "RowName": "GeneralBoth"
            },
            "AnimOverlayType": "Firearm",
            "AnimationData": {
                "RowName": "Pistol"
            },
            "FPFocusedMontage": "/Game/ASS/CHA/1ST/1ST_NewRig/1ST_CHA_Pistol_Equip_Montage.1ST_CHA_Pistol_Equip_Montage",
            "FPIdleAnim": "/Game/ASS/CHA/1ST/1ST_NewRig/1ST_CHA_SGL_Shot_PistolIdle.1ST_CHA_SGL_Shot_PistolIdle",
            "TPFocusedMontage": "/Game/ASS/CHA/Human/3RD/Animations/3RD_CHA_PistolEquip_Montage.3RD_CHA_PistolEquip_Montage",
            "TPUprightIdle": "/Game/ASS/CHA/Human/3RD/Animations/3RD_CHA_MAL_SGL_Shot_PistolIdle.3RD_CHA_MAL_SGL_Shot_PistolIdle",
            "TPCrouchedIdle": "/Game/ASS/CHA/Human/3RD/Animations/3RD_CHA_MAL_SGL_Shot_Pistol_CrouchIdle.3RD_CHA_MAL_SGL_Shot_Pistol_CrouchIdle"
        },
        {
            "Name": "Focusable_Spear",
            "Behaviour": "/Game/BP/Behaviours/Focusable/BP_FocusableBehaviour.BP_FocusableBehaviour_C",
            "AttachmentData": {
                "RowName": "GeneralBoth"
            },
            "AnimOverlayType": "Spear",
            "AnimationData": {
                "RowName": "Spear"
            },
            "FPFocusedMontage": "/Game/ASS/CHA/1ST/1ST_NewRig/1ST_CHA_SPR_Equip_Montage.1ST_CHA_SPR_Equip_Montage",
            "FPIdleAnim": "/Game/ASS/CHA/1ST/1ST_NewRig/1ST_CHA_SPRIdle.1ST_CHA_SPRIdle",
            "TPFocusedMontage": "/Game/ASS/CHA/Human/3RD/Animations/3RD_CHA_SPREquip_Montage.3RD_CHA_SPREquip_Montage",
            "TPUprightIdle": "/Game/ASS/CHA/Human/3RD/Animations/3RD_CHA_MAL_SPRIdle.3RD_CHA_MAL_SPRIdle",
            "TPCrouchedIdle": "/Game/ASS/CHA/Human/3RD/Animations/3RD_CHA_MAL_SprCrouchIdle.3RD_CHA_MAL_SprCrouchIdle"
        },
        {
            "Name": "Focusable_Fishing_Rod",
            "Behaviour": "/Game/BP/Behaviours/Focusable/BP_FocusableBehaviour.BP_FocusableBehaviour_C",
            "AttachmentData": {
                "RowName": "GeneralRight"
            },
            "AnimOverlayType": "Fishing",
            "AnimationData": {
                "RowName": "1HWEP"
            },
            "FPFocusedMontage": "/Game/ASS/CHA/1ST/1ST_NewRig/1ST_CHA_1HWEP_Equip_Montage.1ST_CHA_1HWEP_Equip_Montage",
            "FPIdleAnim": "/Game/ASS/CHA/1ST/1ST_NewRig/1ST_CHA_1HWEPIdle.1ST_CHA_1HWEPIdle",
            "TPUprightIdle": "/Game/ASS/CHA/Human/3RD/Animations/3RD_CHA_MAL_SPRIdle.3RD_CHA_MAL_SPRIdle",
            "TPCrouchedIdle": "/Game/ASS/CHA/Human/3RD/Animations/3RD_CHA_MAL_SprCrouchIdle.3RD_CHA_MAL_SprCrouchIdle"
        },
        {
            "Name": "Focusable_Carcass_Shoulders",
            "Behaviour": "/Game/BP/Behaviours/Focusable/BP_FocusableBehaviour_Corpse.BP_FocusableBehaviour_Corpse_C",
            "AttachmentData": {
                "RowName": "Carcass"
            },
            "AnimOverlayType": "Carrying",
            "AnimationData": {
                "RowName": "Carry_Carcass"
            },
            "bApplyAutomaticSpineBend": false,
            "FPLocoBlendSpaceOverride": "/Game/ASS/CHA/1ST/1ST_NewRig/1ST_CHA_Carry_Loco_BS.1ST_CHA_Carry_Loco_BS",
            "FPIdleAnim": "/Game/ASS/CHA/1ST/1ST_NewRig/1ST_CHA_CRE_CarryIdle.1ST_CHA_CRE_CarryIdle",
            "TPUprightIdle": "/Game/ASS/CHA/Human/3RD/Animations/3RD_CHA_MAL_DeerCarry.3RD_CHA_MAL_DeerCarry"
        },
        {
            "Name": "Focusable_Dev_Firearms",
            "Behaviour": "/Game/BP/Behaviours/Focusable/BP_FocusableBehaviour.BP_FocusableBehaviour_C",
            "AttachmentData": {
                "RowName": "Dev_Firearm"
            },
            "AnimOverlayType": "TwoHandedRifle",
            "AnimationData": {
                "RowName": "2HGun"
            },
            "FPFocusedMontage": "/Game/ASS/CHA/1ST/1ST_NewRig/1ST_CHA_2HRifle_Equip_Montage.1ST_CHA_2HRifle_Equip_Montage",
            "FPIdleAnim": "/Game/ASS/CHA/1ST/1ST_NewRig/1ST_CHA_2HGunIdle.1ST_CHA_2HGunIdle",
            "TPFocusedMontage": "/Game/ASS/CHA/Human/3RD/Animations/3RD_CHA_RifleEquip_Montage.3RD_CHA_RifleEquip_Montage",
            "TPUprightIdle": "/Game/ASS/CHA/Human/3RD/Animations/3RD_CHA_MAL_RifleIdle.3RD_CHA_MAL_RifleIdle",
            "TPCrouchedIdle": "/Game/ASS/CHA/Human/3RD/Animations/3RD_CHA_MAL_2HGunCrouchIdle.3RD_CHA_MAL_2HGunCrouchIdle"
        },
        {
            "Name": "Focusable_1HKnife",
            "Behaviour": "/Game/BP/Behaviours/Focusable/BP_FocusableBehaviour.BP_FocusableBehaviour_C",
            "AttachmentData": {
                "RowName": "GeneralRight"
            },
            "AnimOverlayType": "OneHanded",
            "AnimationData": {
                "RowName": "1HWEP"
            },
            "FPFocusedMontage": "/Game/ASS/CHA/1ST/1ST_NewRig/1ST_CHA_1HKNI_Equip_Montage.1ST_CHA_1HKNI_Equip_Montage",
            "FPIdleAnim": "/Game/ASS/CHA/1ST/1ST_NewRig/1ST_CHA_1HKNIIdle.1ST_CHA_1HKNIIdle",
            "TPFocusedMontage": "/Game/ASS/CHA/Human/3RD/Animations/3RD_CHA_1HKNIEquip_Montage.3RD_CHA_1HKNIEquip_Montage",
            "TPUprightIdle": "/Game/ASS/CHA/Human/3RD/Animations/3RD_CHA_MAL_1HKnifeIdle.3RD_CHA_MAL_1HKnifeIdle",
            "TPCrouchedIdle": "/Game/ASS/CHA/Human/3RD/Animations/3RD_CHA_MAL_CrouchIdle.3RD_CHA_MAL_CrouchIdle"
        },
        {
            "Name": "Focusable_WoodBow_Firearm",
            "Behaviour": "/Game/BP/Behaviours/Focusable/BP_FocusableBehaviour.BP_FocusableBehaviour_C",
            "AttachmentData": {
                "RowName": "Bow"
            },
            "AnimOverlayType": "Firearm",
            "AnimationData": {
                "RowName": "Bow"
            },
            "FPFocusedMontage": "/Game/ASS/CHA/1ST/1ST_NewRig/1ST_CHA_Bow_Equip_Montage.1ST_CHA_Bow_Equip_Montage",
            "FPIdleAnim": "/Game/ASS/CHA/1ST/1ST_NewRig/1ST_CHA_BowIdle.1ST_CHA_BowIdle",
            "TPFocusedMontage": "/Game/ASS/CHA/Human/3RD/Animations/3RD_CHA_BowEquip_Montage.3RD_CHA_BowEquip_Montage",
            "TPUprightIdle": "/Game/ASS/CHA/Human/3RD/Animations/3RD_CHA_MAL_BowIdle.3RD_CHA_MAL_BowIdle",
            "TPCrouchedIdle": "/Game/ASS/CHA/Human/3RD/Animations/3RD_CHA_MAL_BowCrouchIdle.3RD_CHA_MAL_BowCrouchIdle",
            "ItemFocusedMontage": "/Game/ASS/WEP/SK_BOW_Wood/ANI_BOW_WOOD_Equip_Montage.ANI_BOW_WOOD_Equip_Montage"
        },
        {
            "Name": "Focusable_Longbow_Firearm",
            "Behaviour": "/Game/BP/Behaviours/Focusable/BP_FocusableBehaviour.BP_FocusableBehaviour_C",
            "AttachmentData": {
                "RowName": "Bow"
            },
            "AnimOverlayType": "Firearm",
            "AnimationData": {
                "RowName": "Bow"
            },
            "FPFocusedMontage": "/Game/ASS/CHA/1ST/1ST_NewRig/1ST_CHA_Bow_Equip_Montage.1ST_CHA_Bow_Equip_Montage",
            "FPIdleAnim": "/Game/ASS/CHA/1ST/1ST_NewRig/1ST_CHA_BowIdle.1ST_CHA_BowIdle",
            "TPFocusedMontage": "/Game/ASS/CHA/Human/3RD/Animations/3RD_CHA_BowEquip_Montage.3RD_CHA_BowEquip_Montage",
            "TPUprightIdle": "/Game/ASS/CHA/Human/3RD/Animations/3RD_CHA_MAL_BowIdle.3RD_CHA_MAL_BowIdle",
            "TPCrouchedIdle": "/Game/ASS/CHA/Human/3RD/Animations/3RD_CHA_MAL_BowCrouchIdle.3RD_CHA_MAL_BowCrouchIdle",
            "ItemFocusedMontage": "/Game/ASS/WEP/SK_BOW_Longbow/1ST_BOW_Longbow_Equip_Montage.1ST_BOW_Longbow_Equip_Montage"
        },
        {
            "Name": "Focusable_RecurveBow_Firearm",
            "Behaviour": "/Game/BP/Behaviours/Focusable/BP_FocusableBehaviour.BP_FocusableBehaviour_C",
            "AttachmentData": {
                "RowName": "Bow"
            },
            "AnimOverlayType": "Firearm",
            "AnimationData": {
                "RowName": "Bow"
            },
            "FPFocusedMontage": "/Game/ASS/CHA/1ST/1ST_NewRig/1ST_CHA_Bow_Equip_Montage.1ST_CHA_Bow_Equip_Montage",
            "FPIdleAnim": "/Game/ASS/CHA/1ST/1ST_NewRig/1ST_CHA_BowIdle.1ST_CHA_BowIdle",
            "TPFocusedMontage": "/Game/ASS/CHA/Human/3RD/Animations/3RD_CHA_BowEquip_Montage.3RD_CHA_BowEquip_Montage",
            "TPUprightIdle": "/Game/ASS/CHA/Human/3RD/Animations/3RD_CHA_MAL_BowIdle.3RD_CHA_MAL_BowIdle",
            "TPCrouchedIdle": "/Game/ASS/CHA/Human/3RD/Animations/3RD_CHA_MAL_BowCrouchIdle.3RD_CHA_MAL_BowCrouchIdle",
            "ItemFocusedMontage": "/Game/ASS/WEP/SK_BOW_Recurve/ANI_BOW_Recurve_Equip_Montage.ANI_BOW_Recurve_Equip_Montage"
        },
        {
            "Name": "Focusable_WormBow_Firearm",
            "Behaviour": "/Game/BP/Behaviours/Focusable/BP_FocusableBehaviour.BP_FocusableBehaviour_C",
            "AttachmentData": {
                "RowName": "Bow"
            },
            "AnimOverlayType": "Firearm",
            "AnimationData": {
                "RowName": "Bow"
            },
            "FPFocusedMontage": "/Game/ASS/CHA/1ST/1ST_NewRig/1ST_CHA_Bow_Equip_Montage.1ST_CHA_Bow_Equip_Montage",
            "FPIdleAnim": "/Game/ASS/CHA/1ST/1ST_NewRig/1ST_CHA_BowIdle.1ST_CHA_BowIdle",
            "TPFocusedMontage": "/Game/ASS/CHA/Human/3RD/Animations/3RD_CHA_BowEquip_Montage.3RD_CHA_BowEquip_Montage",
            "TPUprightIdle": "/Game/ASS/CHA/Human/3RD/Animations/3RD_CHA_MAL_BowIdle.3RD_CHA_MAL_BowIdle",
            "TPCrouchedIdle": "/Game/ASS/CHA/Human/3RD/Animations/3RD_CHA_MAL_BowCrouchIdle.3RD_CHA_MAL_BowCrouchIdle",
            "ItemFocusedMontage": "/Game/ASS/WEP/SK_BOW_Sandworm/ANI_BOW_Recurve_Sandworm_Equip_Montage.ANI_BOW_Recurve_Sandworm_Equip_Montage"
        },
        {
            "Name": "Focusable_CompoundBow_Firearm",
            "Behaviour": "/Game/BP/Behaviours/Focusable/BP_FocusableBehaviour.BP_FocusableBehaviour_C",
            "AttachmentData": {
                "RowName": "Bow"
            },
            "AnimOverlayType": "Firearm",
            "AnimationData": {
                "RowName": "Bow"
            },
            "FPFocusedMontage": "/Game/ASS/CHA/1ST/1ST_NewRig/1ST_CHA_Bow_Equip_Montage.1ST_CHA_Bow_Equip_Montage",
            "FPIdleAnim": "/Game/ASS/CHA/1ST/1ST_NewRig/1ST_CHA_BowIdle.1ST_CHA_BowIdle",
            "TPFocusedMontage": "/Game/ASS/CHA/Human/3RD/Animations/3RD_CHA_BowEquip_Montage.3RD_CHA_BowEquip_Montage",
            "TPUprightIdle": "/Game/ASS/CHA/Human/3RD/Animations/3RD_CHA_MAL_BowIdle.3RD_CHA_MAL_BowIdle",
            "TPCrouchedIdle": "/Game/ASS/CHA/Human/3RD/Animations/3RD_CHA_MAL_BowCrouchIdle.3RD_CHA_MAL_BowCrouchIdle",
            "ItemFocusedMontage": "/Game/ASS/WEP/SK_BOW_Compound/ANI_BOW_Compound_Equip_Montage.ANI_BOW_Compound_Equip_Montage"
        },
        {
            "Name": "Focusable_LarkBow_Firearm",
            "Behaviour": "/Game/BP/Behaviours/Focusable/BP_FocusableBehaviour.BP_FocusableBehaviour_C",
            "AttachmentData": {
                "RowName": "Bow"
            },
            "AnimOverlayType": "Firearm",
            "AnimationData": {
                "RowName": "Bow"
            },
            "FPFocusedMontage": "/Game/ASS/CHA/1ST/1ST_NewRig/1ST_CHA_Bow_Equip_Montage.1ST_CHA_Bow_Equip_Montage",
            "FPIdleAnim": "/Game/ASS/CHA/1ST/1ST_NewRig/1ST_CHA_BowIdle.1ST_CHA_BowIdle",
            "TPFocusedMontage": "/Game/ASS/CHA/Human/3RD/Animations/3RD_CHA_BowEquip_Montage.3RD_CHA_BowEquip_Montage",
            "TPUprightIdle": "/Game/ASS/CHA/Human/3RD/Animations/3RD_CHA_MAL_BowIdle.3RD_CHA_MAL_BowIdle",
            "TPCrouchedIdle": "/Game/ASS/CHA/Human/3RD/Animations/3RD_CHA_MAL_BowCrouchIdle.3RD_CHA_MAL_BowCrouchIdle",
            "ItemFocusedMontage": "/Game/ASS/WEP/SK_BOW_Lark/ANI_BOW_Lark_Equip_Montage.ANI_BOW_Lark_Equip_Montage"
        },
        {
            "Name": "Focusable_Meta_Bow_Shengong",
            "Behaviour": "/Game/BP/Behaviours/Focusable/BP_FocusableBehaviour.BP_FocusableBehaviour_C",
            "AttachmentData": {
                "RowName": "Bow"
            },
            "AnimOverlayType": "Firearm",
            "AnimationData": {
                "RowName": "Bow"
            },
            "FPFocusedMontage": "/Game/ASS/CHA/1ST/1ST_NewRig/1ST_CHA_Bow_Equip_Montage.1ST_CHA_Bow_Equip_Montage",
            "FPIdleAnim": "/Game/ASS/CHA/1ST/1ST_NewRig/1ST_CHA_BowIdle.1ST_CHA_BowIdle",
            "TPFocusedMontage": "/Game/ASS/CHA/Human/3RD/Animations/3RD_CHA_BowEquip_Montage.3RD_CHA_BowEquip_Montage",
            "TPUprightIdle": "/Game/ASS/CHA/Human/3RD/Animations/3RD_CHA_MAL_BowIdle.3RD_CHA_MAL_BowIdle",
            "TPCrouchedIdle": "/Game/ASS/CHA/Human/3RD/Animations/3RD_CHA_MAL_BowCrouchIdle.3RD_CHA_MAL_BowCrouchIdle",
            "ItemFocusedMontage": "/Game/ASS/WEP/SK_BOW_Compound/ANI_BOW_Compound_Equip_Montage.ANI_BOW_Compound_Equip_Montage"
        },
        {
            "Name": "Focusable_Grenade",
            "Behaviour": "/Game/BP/Behaviours/Focusable/BP_FocusableBehaviour.BP_FocusableBehaviour_C",
            "AttachmentData": {
                "RowName": "GeneralRight"
            },
            "AnimOverlayType": "OneHanded",
            "AnimationData": {
                "RowName": "1HWEP"
            },
            "FPFocusedMontage": "/Game/ASS/CHA/1ST/1ST_NewRig/1ST_CHA_GRE_Equip_Montage.1ST_CHA_GRE_Equip_Montage",
            "FPLocoBlendSpaceOverride": "/Game/ASS/CHA/1ST/1ST_NewRig/1ST_CHA_Hands_Loco_BS.1ST_CHA_Hands_Loco_BS",
            "FPIdleAnim": "/Game/ASS/CHA/1ST/1ST_NewRig/1ST_CHA_GRE_Idle.1ST_CHA_GRE_Idle",
            "TPFocusedMontage": "/Game/ASS/CHA/Human/3RD/Animations/3RD_CHA_GREEquip_Montage.3RD_CHA_GREEquip_Montage",
            "TPUprightIdle": "/Game/ASS/CHA/Human/3RD/Animations/3RD_CHA_MAL_GreIdle.3RD_CHA_MAL_GreIdle",
            "TPCrouchedIdle": "/Game/ASS/CHA/Human/3RD/Animations/3RD_CHA_MAL_CrouchIdle.3RD_CHA_MAL_CrouchIdle"
        },
        {
            "Name": "Focusable_Backpack",
            "Behaviour": "/Game/BP/Behaviours/Focusable/BP_FocusableBehaviour_Backpack.BP_FocusableBehaviour_Backpack_C",
            "AttachmentData": {
                "RowName": "GeneralRight"
            },
            "AnimOverlayType": "OneHanded",
            "AnimationData": {
                "RowName": "1HWEP"
            },
            "FPFocusedMontage": "/Game/ASS/CHA/1ST/1ST_NewRig/1ST_CHA_1HWEP_Equip_Montage.1ST_CHA_1HWEP_Equip_Montage",
            "FPIdleAnim": "/Game/ASS/CHA/1ST/1ST_NewRig/1ST_CHA_1HWEPIdle.1ST_CHA_1HWEPIdle",
            "TPFocusedMontage": "/Game/ASS/CHA/Human/3RD/Animations/3RD_CHA_1HAxeEquip_Montage.3RD_CHA_1HAxeEquip_Montage",
            "TPUprightIdle": "/Game/ASS/CHA/Human/3RD/Animations/3RD_CHA_MAL_1HAxeIdle.3RD_CHA_MAL_1HAxeIdle",
            "TPCrouchedIdle": "/Game/ASS/CHA/Human/3RD/Animations/3RD_CHA_MAL_CrouchIdle.3RD_CHA_MAL_CrouchIdle"
        },
        {
            "Name": "Focusable_Carcass_Hip",
            "Behaviour": "/Game/BP/Behaviours/Focusable/BP_FocusableBehaviour_Corpse.BP_FocusableBehaviour_Corpse_C",
            "AttachmentData": {
                "RowName": "Carcass_Hip"
            },
            "bApplyAutomaticSpineBend": false,
            "FPLocoBlendSpaceOverride": "/Game/ASS/CHA/1ST/1ST_NewRig/1ST_CHA_Hands_Loco_BS.1ST_CHA_Hands_Loco_BS",
            "FPIdleAnim": "/Game/ASS/CHA/1ST/1ST_NewRig/1ST_CHA_HandsIdle.1ST_CHA_HandsIdle"
        },
        {
            "Name": "Focusable_Extractor",
            "Behaviour": "/Game/BP/Behaviours/Focusable/BP_FocusableBehaviour_Backpack.BP_FocusableBehaviour_Backpack_C",
            "AttachmentData": {
                "RowName": "GeneralBoth"
            },
            "AnimOverlayType": "OneHanded",
            "FPFocusedMontage": "/Game/ASS/CHA/1ST/1ST_NewRig/1ST_CHA_Extractor_Equip_Montage.1ST_CHA_Extractor_Equip_Montage",
            "FPLocoBlendSpaceOverride": "/Game/ASS/CHA/1ST/1ST_NewRig/1ST_CHA_Extractor_Loco_BS.1ST_CHA_Extractor_Loco_BS",
            "FPIdleAnim": "/Game/ASS/CHA/1ST/1ST_NewRig/1ST_CHA_DEP_STD_Extractor_CarryIdle.1ST_CHA_DEP_STD_Extractor_CarryIdle"
        },
        {
            "Name": "Focusable_Gun_Rifle",
            "Behaviour": "/Game/BP/Behaviours/Focusable/BP_FocusableBehaviour.BP_FocusableBehaviour_C",
            "AttachmentData": {
                "RowName": "GeneralBoth"
            },
            "AnimOverlayType": "Firearm",
            "AnimationData": {
                "RowName": "2HGun"
            },
            "FPFocusedMontage": "/Game/ASS/CHA/1ST/1ST_NewRig/1ST_CHA_Rifle_Equip_Montage.1ST_CHA_Rifle_Equip_Montage",
            "FPIdleAnim": "/Game/ASS/CHA/1ST/1ST_NewRig/1ST_CHA_RifleIdle.1ST_CHA_RifleIdle",
            "TPFocusedMontage": "/Game/ASS/CHA/Human/3RD/Animations/3RD_CHA_RifleEquip_Montage.3RD_CHA_RifleEquip_Montage",
            "TPUprightIdle": "/Game/ASS/CHA/Human/3RD/Animations/3RD_CHA_MAL_RifleIdle.3RD_CHA_MAL_RifleIdle",
            "TPCrouchedIdle": "/Game/ASS/CHA/Human/3RD/Animations/3RD_CHA_MAL_2HGunCrouchIdle.3RD_CHA_MAL_2HGunCrouchIdle"
        },
        {
            "Name": "Focusable_Carcass_Wolf",
            "Behaviour": "/Game/BP/Behaviours/Focusable/BP_FocusableBehaviour_Corpse.BP_FocusableBehaviour_Corpse_C",
            "AttachmentData": {
                "RowName": "Carcass_wolf"
            },
            "AnimOverlayType": "Carrying",
            "AnimationData": {
                "RowName": "Carry_Carcass"
            },
            "bApplyAutomaticSpineBend": false,
            "FPLocoBlendSpaceOverride": "/Game/ASS/CHA/1ST/1ST_NewRig/1ST_CHA_Carry_Loco_BS.1ST_CHA_Carry_Loco_BS",
            "FPIdleAnim": "/Game/ASS/CHA/1ST/1ST_NewRig/1ST_CHA_CRE_CarryIdle.1ST_CHA_CRE_CarryIdle",
            "TPUprightIdle": "/Game/ASS/CHA/Human/3RD/Animations/3RD_CHA_CRE_Wolf_Carry_P.3RD_CHA_CRE_Wolf_Carry_P"
        },
        {
            "Name": "Focusable_Carcass_Cougar",
            "Behaviour": "/Game/BP/Behaviours/Focusable/BP_FocusableBehaviour_Corpse.BP_FocusableBehaviour_Corpse_C",
            "AttachmentData": {
                "RowName": "Carcass"
            },
            "AnimOverlayType": "Carrying",
            "AnimationData": {
                "RowName": "Carry_Carcass"
            },
            "bApplyAutomaticSpineBend": false,
            "FPLocoBlendSpaceOverride": "/Game/ASS/CHA/1ST/1ST_NewRig/1ST_CHA_Carry_Loco_BS.1ST_CHA_Carry_Loco_BS",
            "FPIdleAnim": "/Game/ASS/CHA/1ST/1ST_NewRig/1ST_CHA_CRE_CarryIdle.1ST_CHA_CRE_CarryIdle",
            "TPUprightIdle": "/Game/ASS/CHA/Human/3RD/Animations/3RD_CHA_CRE_Wolf_Carry_P.3RD_CHA_CRE_Wolf_Carry_P"
        },
        {
            "Name": "Focusable_Faction_Body",
            "Behaviour": "/Game/BP/Behaviours/Focusable/BP_FocusableBehaviour.BP_FocusableBehaviour_C",
            "AttachmentData": {
                "RowName": "Carcass"
            },
            "AttachmentOffset": {
                "Rotation": {
                    "X": 0.4999997019767761,
                    "Y": -0.5000002384185791,
                    "Z": 0.4999997317790985,
                    "W": 0.5000001788139343
                },
                "Translation": {
                    "Z": -20
                }
            },
            "AnimOverlayType": "Carrying",
            "bApplyAutomaticSpineBend": false,
            "FPLocoBlendSpaceOverride": "/Game/ASS/CHA/1ST/1ST_NewRig/1ST_CHA_Carry_Loco_BS.1ST_CHA_Carry_Loco_BS",
            "FPIdleAnim": "/Game/ASS/CHA/1ST/1ST_NewRig/1ST_CHA_CRE_CarryIdle.1ST_CHA_CRE_CarryIdle",
            "TPUprightIdle": "/Game/ASS/CHA/Human/3RD/Animations/3RD_CHA_MAL_DeerCarry.3RD_CHA_MAL_DeerCarry"
        },
        {
            "Name": "Focusable_Gun_Crossbow",
            "Behaviour": "/Game/BP/Behaviours/Focusable/BP_FocusableBehaviour.BP_FocusableBehaviour_C",
            "AttachmentData": {
                "RowName": "GeneralBoth"
            },
            "AnimOverlayType": "Firearm",
            "AnimationData": {
                "RowName": "2HGun"
            },
            "FPFocusedMontage": "/Game/ASS/CHA/1ST/1ST_NewRig/1ST_CHA_Crossbow_Equip_Montage.1ST_CHA_Crossbow_Equip_Montage",
            "FPIdleAnim": "/Game/ASS/CHA/1ST/1ST_NewRig/1ST_CHA_CrossbowIdle.1ST_CHA_CrossbowIdle",
            "TPFocusedMontage": "/Game/ASS/CHA/Human/3RD/Animations/3RD_CHA_CrossbowEquip_Montage.3RD_CHA_CrossbowEquip_Montage",
            "TPUprightIdle": "/Game/ASS/CHA/Human/3RD/Animations/3RD_CHA_MAL_CrossbowIdle.3RD_CHA_MAL_CrossbowIdle",
            "TPCrouchedIdle": "/Game/ASS/CHA/Human/3RD/Animations/3RD_CHA_MAL_2HGunCrouchIdle.3RD_CHA_MAL_2HGunCrouchIdle"
        },
        {
            "Name": "Focusable_Gun_Shotgun",
            "Behaviour": "/Game/BP/Behaviours/Focusable/BP_FocusableBehaviour.BP_FocusableBehaviour_C",
            "AttachmentData": {
                "RowName": "GeneralBoth"
            },
            "AnimOverlayType": "Firearm",
            "AnimationData": {
                "RowName": "2HGun"
            },
            "FPFocusedMontage": "/Game/ASS/CHA/1ST/1ST_NewRig/1ST_CHA_Shotgun_Equip_Montage.1ST_CHA_Shotgun_Equip_Montage",
            "FPIdleAnim": "/Game/ASS/CHA/1ST/1ST_NewRig/1ST_CHA_RifleIdle.1ST_CHA_RifleIdle",
            "TPFocusedMontage": "/Game/ASS/CHA/Human/3RD/Animations/3RD_CHA_ShotgunEquip_Montage.3RD_CHA_ShotgunEquip_Montage",
            "TPUprightIdle": "/Game/ASS/CHA/Human/3RD/Animations/3RD_CHA_MAL_ShotgunIdle.3RD_CHA_MAL_ShotgunIdle",
            "TPCrouchedIdle": "/Game/ASS/CHA/Human/3RD/Animations/3RD_CHA_MAL_2HGunCrouchIdle.3RD_CHA_MAL_2HGunCrouchIdle"
        },
        {
            "Name": "Focusable_OreScanner",
            "Behaviour": "/Game/BP/Behaviours/Focusable/BP_FocusableBehaviour.BP_FocusableBehaviour_C",
            "AttachmentData": {
                "RowName": "GeneralRight"
            },
            "AttachmentOffset": {
                "Rotation": {
                    "X": 0.5000045299530029,
                    "Y": -0.4999953508377075,
                    "Z": 0.5000045895576477,
                    "W": 0.4999953508377075
                },
                "Translation": {
                    "Y": 10
                }
            },
            "AnimOverlayType": "OneHanded",
            "AnimationData": {
                "RowName": "1HWEP"
            },
            "FPFocusedMontage": "/Game/ASS/CHA/1ST/1ST_NewRig/1ST_CHA_1HOreScanner_Equip_Montage.1ST_CHA_1HOreScanner_Equip_Montage",
            "FPIdleAnim": "/Game/ASS/CHA/1ST/1ST_NewRig/1ST_CHA_1HOreScanner_Idle.1ST_CHA_1HOreScanner_Idle",
            "TPFocusedMontage": "/Game/ASS/CHA/Human/3RD/Animations/3RD_CHA_1HOreScannerEquip_Montage.3RD_CHA_1HOreScannerEquip_Montage",
            "TPUprightIdle": "/Game/ASS/CHA/Human/3RD/Animations/3ST_CHA_1HOreScanner_Idle.3ST_CHA_1HOreScanner_Idle",
            "TPCrouchedIdle": "/Game/ASS/CHA/Human/3RD/Animations/3RD_CHA_MAL_CrouchIdle.3RD_CHA_MAL_CrouchIdle"
        },
        {
            "Name": "Focusable_OreScanner_Cave",
            "Behaviour": "/Game/BP/Behaviours/Focusable/BP_FocusableBehaviour.BP_FocusableBehaviour_C",
            "AttachmentData": {
                "RowName": "GeneralRight"
            },
            "AttachmentOffset": {
                "Rotation": {
                    "X": 0.6294096112251282,
                    "Y": -0.37059032917022705,
                    "Z": 0.4829629063606262,
                    "W": 0.4829627275466919
                },
                "Translation": {
                    "X": -2
                }
            },
            "AnimOverlayType": "OneHanded",
            "AnimationData": {
                "RowName": "1HWEP"
            },
            "FPFocusedMontage": "/Game/ASS/CHA/1ST/1ST_NewRig/1ST_CHA_1HOreScanner_Equip_Montage.1ST_CHA_1HOreScanner_Equip_Montage",
            "FPIdleAnim": "/Game/ASS/CHA/1ST/1ST_NewRig/1ST_CHA_1HOreScanner_Idle.1ST_CHA_1HOreScanner_Idle",
            "TPFocusedMontage": "/Game/ASS/CHA/Human/3RD/Animations/3RD_CHA_1HOreScannerEquip_Montage.3RD_CHA_1HOreScannerEquip_Montage",
            "TPUprightIdle": "/Game/ASS/CHA/Human/3RD/Animations/3ST_CHA_1HOreScanner_Idle.3ST_CHA_1HOreScanner_Idle",
            "TPCrouchedIdle": "/Game/ASS/CHA/Human/3RD/Animations/3RD_CHA_MAL_CrouchIdle.3RD_CHA_MAL_CrouchIdle"
        },
        {
            "Name": "Focusable_OreScanner_DeepOre",
            "Behaviour": "/Game/BP/Behaviours/Focusable/BP_FocusableBehaviour.BP_FocusableBehaviour_C",
            "AttachmentData": {
                "RowName": "GeneralRight"
            },
            "AttachmentOffset": {
                "Rotation": {
                    "X": 0.6077443957328796,
                    "Y": -0.39130380749702454,
                    "Z": 0.5099575519561768,
                    "W": 0.4663381576538086
                },
                "Translation": {
                    "X": 2,
                    "Y": -1
                }
            },
            "AnimOverlayType": "OneHanded",
            "AnimationData": {
                "RowName": "1HWEP"
            },
            "FPFocusedMontage": "/Game/ASS/CHA/1ST/1ST_NewRig/1ST_CHA_1HOreScanner_Equip_Montage.1ST_CHA_1HOreScanner_Equip_Montage",
            "FPIdleAnim": "/Game/ASS/CHA/1ST/1ST_NewRig/1ST_CHA_1HOreScanner_Idle.1ST_CHA_1HOreScanner_Idle",
            "TPFocusedMontage": "/Game/ASS/CHA/Human/3RD/Animations/3RD_CHA_1HOreScannerEquip_Montage.3RD_CHA_1HOreScannerEquip_Montage",
            "TPUprightIdle": "/Game/ASS/CHA/Human/3RD/Animations/3ST_CHA_1HOreScanner_Idle.3ST_CHA_1HOreScanner_Idle",
            "TPCrouchedIdle": "/Game/ASS/CHA/Human/3RD/Animations/3RD_CHA_MAL_CrouchIdle.3RD_CHA_MAL_CrouchIdle"
        },
        {
            "Name": "Focusable_Flashlight",
            "Behaviour": "/Game/BP/Behaviours/Focusable/BP_FocusableBehaviour.BP_FocusableBehaviour_C",
            "AttachmentData": {
                "RowName": "GeneralRight"
            },
            "AnimOverlayType": "OneHanded",
            "AnimationData": {
                "RowName": "FlashLight"
            },
            "FPFocusedMontage": "/Game/ASS/CHA/1ST/1ST_NewRig/1ST_CHA_Flashlight_Equip_Montage.1ST_CHA_Flashlight_Equip_Montage",
            "FPIdleAnim": "/Game/ASS/CHA/1ST/1ST_NewRig/1ST_CHA_Flashlight_Idle.1ST_CHA_Flashlight_Idle",
            "TPFocusedMontage": "/Game/ASS/CHA/Human/3RD/Animations/3RD_CHA_FlashlightEquip_Montage.3RD_CHA_FlashlightEquip_Montage",
            "TPUprightIdle": "/Game/ASS/CHA/Human/3RD/Animations/3RD_CHA_MAL_Flashlight_Idle.3RD_CHA_MAL_Flashlight_Idle",
            "TPCrouchedIdle": "/Game/ASS/CHA/Human/3RD/Animations/3RD_CHA_MAL_CrouchIdle.3RD_CHA_MAL_CrouchIdle"
        },
        {
            "Name": "Focusable_Unarmed",
            "Behaviour": "/Game/BP/Behaviours/Focusable/BP_FocusableBehaviour.BP_FocusableBehaviour_C",
            "AttachmentData": {
                "RowName": "GeneralRight"
            },
            "AnimationData": {
                "RowName": "1HWEP"
            }
        },
        {
            "Name": "Focusable_1H_Axe",
            "Behaviour": "/Game/BP/Behaviours/Focusable/BP_FocusableBehaviour.BP_FocusableBehaviour_C",
            "AttachmentData": {
                "RowName": "GeneralRight"
            },
            "AnimOverlayType": "OneHanded",
            "AnimationData": {
                "RowName": "1HWEP"
            },
            "FPFocusedMontage": "/Game/ASS/CHA/1ST/1ST_NewRig/1ST_CHA_Axe_Equip_Montage.1ST_CHA_Axe_Equip_Montage",
            "FPIdleAnim": "/Game/ASS/CHA/1ST/1ST_NewRig/1ST_CHA_1HAxe_Idle.1ST_CHA_1HAxe_Idle",
            "TPFocusedMontage": "/Game/ASS/CHA/Human/3RD/Animations/3RD_CHA_1HAxeEquip_Montage.3RD_CHA_1HAxeEquip_Montage",
            "TPUprightIdle": "/Game/ASS/CHA/Human/3RD/Animations/3RD_CHA_MAL_1HWeaponIdle.3RD_CHA_MAL_1HWeaponIdle",
            "TPCrouchedIdle": "/Game/ASS/CHA/Human/3RD/Animations/3RD_CHA_MAL_1HWEPCrouchIdle.3RD_CHA_MAL_1HWEPCrouchIdle"
        },
        {
            "Name": "Focusable_Shovel",
            "Behaviour": "/Game/BP/Behaviours/Focusable/BP_FocusableBehaviour.BP_FocusableBehaviour_C",
            "AttachmentData": {
                "RowName": "GeneralRight"
            },
            "AnimOverlayType": "Spear",
            "AnimationData": {
                "RowName": "Shovel"
            },
            "bApplyAutomaticSpineBend": false,
            "FPFocusedMontage": "/Game/ASS/CHA/1ST/1ST_NewRig/1ST_CHA_Shovel_Equip_Montage.1ST_CHA_Shovel_Equip_Montage",
            "FPIdleAnim": "/Game/ASS/CHA/1ST/1ST_NewRig/1ST_CHA_Shovel_Idle.1ST_CHA_Shovel_Idle",
            "TPFocusedMontage": "/Game/ASS/CHA/Human/3RD/Animations/3RD_CHA_ShovelEquip_Montage.3RD_CHA_ShovelEquip_Montage",
            "TPUprightIdle": "/Game/ASS/CHA/Human/3RD/Animations/3RD_CHA_Shovel_Idle.3RD_CHA_Shovel_Idle",
            "TPCrouchedIdle": "/Game/ASS/CHA/Human/3RD/Animations/3RD_CHA_MAL_Shovel_CrouchIdle.3RD_CHA_MAL_Shovel_CrouchIdle"
        },
        {
            "Name": "Focusable_FireExtinguisher",
            "Behaviour": "/Game/BP/Behaviours/Focusable/BP_FocusableBehaviour.BP_FocusableBehaviour_C",
            "AttachmentData": {
                "RowName": "GeneralRight"
            },
            "AnimOverlayType": "Spear",
            "AnimationData": {
                "RowName": "FireExtinguisher"
            },
            "bApplyAutomaticSpineBend": false,
            "FPFocusedMontage": "/Game/ASS/CHA/1ST/1ST_NewRig/1ST_CHA_FireExtinguisherEquip_Montage.1ST_CHA_FireExtinguisherEquip_Montage",
            "FPIdleAnim": "/Game/ASS/CHA/1ST/1ST_NewRig/1ST_CHA_FireExtinguisherIdle.1ST_CHA_FireExtinguisherIdle",
            "TPFocusedMontage": "/Game/ASS/CHA/Human/3RD/Animations/3RD_CHA_MAL_FireExtinguisherEquip_Montage.3RD_CHA_MAL_FireExtinguisherEquip_Montage",
            "TPUprightIdle": "/Game/ASS/CHA/Human/3RD/Animations/3RD_CHA_MAL_FireExtinguisherIdle.3RD_CHA_MAL_FireExtinguisherIdle",
            "TPCrouchedIdle": "/Game/ASS/CHA/Human/3RD/Animations/3RD_CHA_MAL_FireExtinguisher_CrouchIdle.3RD_CHA_MAL_FireExtinguisher_CrouchIdle"
        },
        {
            "Name": "Focusable_Gun_Rifle_BoltAction",
            "Behaviour": "/Game/BP/Behaviours/Focusable/BP_FocusableBehaviour.BP_FocusableBehaviour_C",
            "AttachmentData": {
                "RowName": "GeneralBoth"
            },
            "AnimOverlayType": "Firearm",
            "AnimationData": {
                "RowName": "2HGun"
            },
            "FPFocusedMontage": "/Game/ASS/CHA/1ST/1ST_NewRig/1ST_CHA_Rifle_Equip_Montage.1ST_CHA_Rifle_Equip_Montage",
            "FPIdleAnim": "/Game/ASS/CHA/1ST/1ST_NewRig/1ST_CHA_RifleIdle.1ST_CHA_RifleIdle",
            "TPFocusedMontage": "/Game/ASS/CHA/Human/3RD/Animations/3RD_CHA_RifleEquip_Montage.3RD_CHA_RifleEquip_Montage",
            "TPUprightIdle": "/Game/ASS/CHA/Human/3RD/Animations/3RD_CHA_MAL_RifleIdle.3RD_CHA_MAL_RifleIdle",
            "TPCrouchedIdle": "/Game/ASS/CHA/Human/3RD/Animations/3RD_CHA_MAL_2HGunCrouchIdle.3RD_CHA_MAL_2HGunCrouchIdle"
        },
        {
            "Name": "Focusable_Lantern",
            "Behaviour": "/Game/BP/Behaviours/Focusable/BP_FocusableBehaviour.BP_FocusableBehaviour_C",
            "AttachmentData": {
                "RowName": "Lantern"
            },
            "AnimOverlayType": "OneHanded",
            "AnimationData": {
                "RowName": "Lantern"
            },
            "FPFocusedMontage": "/Game/ASS/CHA/1ST/1ST_NewRig/1ST_CHA_Lantern_Equip_Montage.1ST_CHA_Lantern_Equip_Montage",
            "FPIdleAnim": "/Game/ASS/CHA/1ST/1ST_NewRig/1ST_CHA_1HLamp_Idle.1ST_CHA_1HLamp_Idle",
            "TPFocusedMontage": "/Game/ASS/CHA/Human/3RD/Animations/3RD_CHA_LanternEquip_Montage.3RD_CHA_LanternEquip_Montage",
            "TPUprightIdle": "/Game/ASS/CHA/Human/3RD/Animations/3RD_CHA_MAL_1HLampIdle.3RD_CHA_MAL_1HLampIdle",
            "TPCrouchedIdle": "/Game/ASS/CHA/Human/3RD/Animations/3RD_CHA_MAL_1HLamp_CrouchIdle.3RD_CHA_MAL_1HLamp_CrouchIdle"
        },
        {
            "Name": "Focusable_Jackhammer",
            "Behaviour": "/Game/BP/Behaviours/Focusable/BP_FocusableBehaviour.BP_FocusableBehaviour_C",
            "AttachmentData": {
                "RowName": "Lantern"
            },
            "AnimOverlayType": "OneHanded",
            "AnimationData": {
                "RowName": "Jackhammer"
            },
            "FPFocusedMontage": "/Game/ASS/CHA/1ST/1ST_NewRig/1ST_CHA_Jackhammer_Equip_Montage.1ST_CHA_Jackhammer_Equip_Montage",
            "FPIdleAnim": "/Game/ASS/CHA/1ST/1ST_NewRig/1ST_CHA_Jackhammer_IdleOn.1ST_CHA_Jackhammer_IdleOn",
            "TPFocusedMontage": "/Game/ASS/CHA/Human/3RD/Animations/3RD_CHA_MAL_Jackhammer_Equip_Montage.3RD_CHA_MAL_Jackhammer_Equip_Montage",
            "TPUprightIdle": "/Game/ASS/CHA/Human/3RD/Animations/3RD_CHA_MAL_Jackhammer_IdleOn.3RD_CHA_MAL_Jackhammer_IdleOn",
            "TPCrouchedIdle": "/Game/ASS/CHA/Human/3RD/Animations/3RD_CHA_MAL_Jackhammer_CrouchIdle.3RD_CHA_MAL_Jackhammer_CrouchIdle"
        },
        {
            "Name": "Focusable_Carcass_WildBoar",
            "Behaviour": "/Game/BP/Behaviours/Focusable/BP_FocusableBehaviour_Corpse.BP_FocusableBehaviour_Corpse_C",
            "AttachmentData": {
                "RowName": "Carcass_wolf"
            },
            "AnimOverlayType": "Carrying",
            "AnimationData": {
                "RowName": "Carry_Carcass"
            },
            "bApplyAutomaticSpineBend": false,
            "FPLocoBlendSpaceOverride": "/Game/ASS/CHA/1ST/1ST_NewRig/1ST_CHA_Carry_Loco_BS.1ST_CHA_Carry_Loco_BS",
            "FPIdleAnim": "/Game/ASS/CHA/1ST/1ST_NewRig/1ST_CHA_CRE_CarryIdle.1ST_CHA_CRE_CarryIdle",
            "TPUprightIdle": "/Game/ASS/CHA/Human/3RD/Animations/3RD_CHA_CRE_Wolf_Carry_P.3RD_CHA_CRE_Wolf_Carry_P"
        },
        {
            "Name": "Focusable_Carcass_Scorpion",
            "Behaviour": "/Game/BP/Behaviours/Focusable/BP_FocusableBehaviour_Corpse.BP_FocusableBehaviour_Corpse_C",
            "AttachmentData": {
                "RowName": "Carcass_Scorpion"
            },
            "AnimOverlayType": "Carrying",
            "AnimationData": {
                "RowName": "Carry_Carcass"
            },
            "bApplyAutomaticSpineBend": false,
            "FPLocoBlendSpaceOverride": "/Game/ASS/CHA/1ST/1ST_NewRig/1ST_CHA_Carry_Loco_BS.1ST_CHA_Carry_Loco_BS",
            "FPIdleAnim": "/Game/ASS/CHA/1ST/1ST_NewRig/1ST_CHA_CRE_CarryIdle.1ST_CHA_CRE_CarryIdle",
            "TPUprightIdle": "/Game/ASS/CHA/Human/3RD/Animations/3RD_CHA_CRE_Wolf_Carry_P.3RD_CHA_CRE_Wolf_Carry_P"
        }
    ]
}