{
    "RowStruct": "/Script/Icarus.InventoryData",
    "Defaults": {
        "Inventories": []
    },
    "Rows": [
        {
            "Name": "Player",
            "Inventories": [
                {
                    "RowName": "Quickbar",
                    "DataTableName": "D_InventoryInfo"
                },
                {
                    "RowName": "Backpack",
                    "DataTableName": "D_InventoryInfo"
                },
                {
                    "RowName": "Equipment",
                    "DataTableName": "D_InventoryInfo"
                },
                {
                    "RowName": "Suit",
                    "DataTableName": "D_InventoryInfo"
                },
                {
                    "RowName": "UpgradeSlots",
                    "DataTableName": "D_InventoryInfo"
                },
                {
                    "RowName": "VisionSlot",
                    "DataTableName": "D_InventoryInfo"
                }
            ]
        },
        {
            "Name": "Quickbar",
            "Inventories": [
                {
                    "RowName": "Quickbar",
                    "DataTableName": "D_InventoryInfo"
                }
            ]
        },
        {
            "Name": "Backpack",
            "Inventories": [
                {
                    "RowName": "Backpack",
                    "DataTableName": "D_InventoryInfo"
                }
            ]
        },
        {
            "Name": "Suit",
            "Inventories": [
                {
                    "RowName": "Suit",
                    "DataTableName": "D_InventoryInfo"
                }
            ]
        },
        {
            "Name": "Equipment",
            "Inventories": [
                {
                    "RowName": "Equipment",
                    "DataTableName": "D_InventoryInfo"
                }
            ]
        },
        {
            "Name": "Processor",
            "Inventories": [
                {
                    "RowName": "Processor",
                    "DataTableName": "D_InventoryInfo"
                },
                {
                    "RowName": "Fuel_Any",
                    "DataTableName": "D_InventoryInfo"
                }
            ]
        },
        {
            "Name": "Processor_NoFuel",
            "Inventories": [
                {
                    "RowName": "Processor",
                    "DataTableName": "D_InventoryInfo"
                }
            ]
        },
        {
            "Name": "Processor_Slotable",
            "Inventories": [
                {
                    "RowName": "Processor",
                    "DataTableName": "D_InventoryInfo"
                },
                {
                    "RowName": "Fuel_Any",
                    "DataTableName": "D_InventoryInfo"
                },
                {
                    "RowName": "Slotable_Generic",
                    "DataTableName": "D_InventoryInfo"
                }
            ]
        },
        {
            "Name": "Container",
            "Inventories": [
                {
                    "RowName": "Container",
                    "DataTableName": "D_InventoryInfo"
                }
            ]
        },
        {
            "Name": "Medium_Container",
            "Inventories": [
                {
                    "RowName": "Medium_Container",
                    "DataTableName": "D_InventoryInfo"
                }
            ]
        },
        {
            "Name": "Large_Container",
            "Inventories": [
                {
                    "RowName": "Large_Container",
                    "DataTableName": "D_InventoryInfo"
                }
            ]
        },
        {
            "Name": "Fuel_Any",
            "Inventories": [
                {
                    "RowName": "Fuel_Any",
                    "DataTableName": "D_InventoryInfo"
                }
            ]
        },
        {
            "Name": "Space_Player_Inventories",
            "Inventories": [
                {
                    "RowName": "Space_Main_Inventory",
                    "DataTableName": "D_InventoryInfo"
                },
                {
                    "RowName": "Space_Player_Loadout",
                    "DataTableName": "D_InventoryInfo"
                },
                {
                    "RowName": "Space_Hands",
                    "DataTableName": "D_InventoryInfo"
                },
                {
                    "RowName": "Space_Equipment",
                    "DataTableName": "D_InventoryInfo"
                }
            ]
        },
        {
            "Name": "Vehicle",
            "Inventories": [
                {
                    "RowName": "VehicleComponents",
                    "DataTableName": "D_InventoryInfo"
                }
            ]
        },
        {
            "Name": "Inventory_Campfire",
            "Inventories": [
                {
                    "RowName": "Campfire",
                    "DataTableName": "D_InventoryInfo"
                },
                {
                    "RowName": "Fuel_Any",
                    "DataTableName": "D_InventoryInfo"
                }
            ]
        },
        {
            "Name": "Generator",
            "Inventories": [
                {
                    "RowName": "Fuel_Biofuel",
                    "DataTableName": "D_InventoryInfo"
                },
                {
                    "RowName": "Generator_Storage",
                    "DataTableName": "D_InventoryInfo"
                }
            ]
        },
        {
            "Name": "Mining_Drill",
            "Inventories": [
                {
                    "RowName": "Generator_Storage",
                    "DataTableName": "D_InventoryInfo"
                }
            ]
        },
        {
            "Name": "Overflow_Bag",
            "Inventories": [
                {
                    "RowName": "Overflow_Bag",
                    "DataTableName": "D_InventoryInfo"
                }
            ]
        },
        {
            "Name": "Oxygen_Tank_Rack",
            "Inventories": [
                {
                    "RowName": "Oxygen_Tank_Rack",
                    "DataTableName": "D_InventoryInfo"
                }
            ]
        },
        {
            "Name": "SkinningBench_SingleInput",
            "Inventories": [
                {
                    "RowName": "Processor",
                    "DataTableName": "D_InventoryInfo"
                }
            ]
        },
        {
            "Name": "Player_Grave",
            "Inventories": [
                {
                    "RowName": "Player_Grave",
                    "DataTableName": "D_InventoryInfo"
                }
            ]
        },
        {
            "Name": "DropShip",
            "Inventories": [
                {
                    "RowName": "DropShip_Equipment",
                    "DataTableName": "D_InventoryInfo"
                },
                {
                    "RowName": "Dropship_RemoveOnly",
                    "DataTableName": "D_InventoryInfo"
                }
            ]
        },
        {
            "Name": "Refrigerator",
            "Inventories": [
                {
                    "RowName": "Refrigerator",
                    "DataTableName": "D_InventoryInfo"
                }
            ]
        },
        {
            "Name": "Animal_Corpse",
            "Inventories": [
                {
                    "RowName": "Animal_Corpse",
                    "DataTableName": "D_InventoryInfo"
                }
            ]
        },
        {
            "Name": "Inventory_PotBellyStove",
            "Inventories": [
                {
                    "RowName": "PotBellyStove",
                    "DataTableName": "D_InventoryInfo"
                },
                {
                    "RowName": "Fuel_Any",
                    "DataTableName": "D_InventoryInfo"
                }
            ]
        },
        {
            "Name": "Storage_Wood_Crate_Small",
            "Inventories": [
                {
                    "RowName": "Storage_Wood_Crate_Small",
                    "DataTableName": "D_InventoryInfo"
                }
            ]
        },
        {
            "Name": "Storage_Wood_Crate_Medium",
            "Inventories": [
                {
                    "RowName": "Storage_Wood_Crate_Medium",
                    "DataTableName": "D_InventoryInfo"
                }
            ]
        },
        {
            "Name": "Storage_Metal_Crate_Small",
            "Inventories": [
                {
                    "RowName": "Storage_Metal_Crate_Small",
                    "DataTableName": "D_InventoryInfo"
                }
            ]
        },
        {
            "Name": "Storage_Metal_Crate_Medium",
            "Inventories": [
                {
                    "RowName": "Storage_Metal_Crate_Medium",
                    "DataTableName": "D_InventoryInfo"
                }
            ]
        },
        {
            "Name": "Storage_Wood_Cupboard",
            "Inventories": [
                {
                    "RowName": "Storage_Wood_Cupboard",
                    "DataTableName": "D_InventoryInfo"
                }
            ]
        },
        {
            "Name": "Storage_Metal_Cupboard",
            "Inventories": [
                {
                    "RowName": "Storage_Metal_Cupboard",
                    "DataTableName": "D_InventoryInfo"
                }
            ]
        },
        {
            "Name": "Faction_Corpse",
            "Inventories": [
                {
                    "RowName": "Faction_Corpse",
                    "DataTableName": "D_InventoryInfo"
                }
            ]
        },
        {
            "Name": "Basic_Oxite_Dissolver",
            "Inventories": [
                {
                    "RowName": "General",
                    "DataTableName": "D_InventoryInfo"
                }
            ]
        },
        {
            "Name": "AnimalTrap",
            "Inventories": [
                {
                    "RowName": "AnimalTrap",
                    "DataTableName": "D_InventoryInfo"
                }
            ]
        },
        {
            "Name": "IceBox",
            "Inventories": [
                {
                    "RowName": "IceBox",
                    "DataTableName": "D_InventoryInfo"
                },
                {
                    "RowName": "IceBox_Ice",
                    "DataTableName": "D_InventoryInfo"
                }
            ]
        },
        {
            "Name": "Inventory_Firepit",
            "Inventories": [
                {
                    "RowName": "Firepit",
                    "DataTableName": "D_InventoryInfo"
                },
                {
                    "RowName": "Fuel_Any",
                    "DataTableName": "D_InventoryInfo"
                }
            ]
        },
        {
            "Name": "Dehumidifier",
            "Inventories": [
                {
                    "RowName": "Dehumidifier",
                    "DataTableName": "D_InventoryInfo"
                }
            ]
        },
        {
            "Name": "Oxite_Dissolver",
            "Inventories": [
                {
                    "RowName": "Processor_Slot_2",
                    "DataTableName": "D_InventoryInfo"
                },
                {
                    "RowName": "Slotable_Generic",
                    "DataTableName": "D_InventoryInfo"
                },
                {
                    "RowName": "SulfurFuel",
                    "DataTableName": "D_InventoryInfo"
                }
            ]
        },
        {
            "Name": "Kitchen_Stove",
            "Inventories": [
                {
                    "RowName": "Kitchen_Stove",
                    "DataTableName": "D_InventoryInfo"
                },
                {
                    "RowName": "Fuel_Biofuel",
                    "DataTableName": "D_InventoryInfo"
                }
            ]
        },
        {
            "Name": "Inventory_Fireplace",
            "Inventories": [
                {
                    "RowName": "Fireplace",
                    "DataTableName": "D_InventoryInfo"
                },
                {
                    "RowName": "Fuel_Any",
                    "DataTableName": "D_InventoryInfo"
                }
            ]
        },
        {
            "Name": "Storage_Kitchen_Block",
            "Inventories": [
                {
                    "RowName": "Storage_Kitchen_Block",
                    "DataTableName": "D_InventoryInfo"
                }
            ]
        },
        {
            "Name": "Faction_Satellite_Defend",
            "Inventories": [
                {
                    "RowName": "Faction_Satellite_Defend",
                    "DataTableName": "D_InventoryInfo"
                }
            ]
        },
        {
            "Name": "Rain_Reservoir",
            "Inventories": [
                {
                    "RowName": "Rain_Reservoir_Ice",
                    "DataTableName": "D_InventoryInfo"
                },
                {
                    "RowName": "Rain_Reservoir_Container",
                    "DataTableName": "D_InventoryInfo"
                }
            ]
        },
        {
            "Name": "Metal_Oxite_Dissolver",
            "Inventories": [
                {
                    "RowName": "Processor_Slot_6",
                    "DataTableName": "D_InventoryInfo"
                },
                {
                    "RowName": "Slotable_Generic",
                    "DataTableName": "D_InventoryInfo"
                },
                {
                    "RowName": "Fuel_Biofuel",
                    "DataTableName": "D_InventoryInfo"
                }
            ]
        },
        {
            "Name": "Faction_Mission_Drill",
            "Inventories": [
                {
                    "RowName": "Fuel_Biofuel",
                    "DataTableName": "D_InventoryInfo"
                }
            ]
        },
        {
            "Name": "Faction_Mission_Crate",
            "Inventories": [
                {
                    "RowName": "Storage_Faction_Crate",
                    "DataTableName": "D_InventoryInfo"
                }
            ]
        },
        {
            "Name": "Inventory_Farming_CropPlot_Small",
            "Inventories": [
                {
                    "RowName": "Farming_CropPlot_Seed",
                    "DataTableName": "D_InventoryInfo"
                },
                {
                    "RowName": "Farming_CropPlot_Output",
                    "DataTableName": "D_InventoryInfo"
                },
                {
                    "RowName": "Farming_CropPlot_Fertilizer",
                    "DataTableName": "D_InventoryInfo"
                }
            ]
        },
        {
            "Name": "Inventory_Expedition_CrashSite",
            "Inventories": [
                {
                    "RowName": "Expedition_CrashSite",
                    "DataTableName": "D_InventoryInfo"
                }
            ]
        },
        {
            "Name": "Electric_Dehumidifier",
            "Inventories": [
                {
                    "RowName": "Electric_Dehumidifier",
                    "DataTableName": "D_InventoryInfo"
                }
            ]
        },
        {
            "Name": "Delivery",
            "Inventories": [
                {
                    "RowName": "Delivery",
                    "DataTableName": "D_InventoryInfo"
                }
            ]
        },
        {
            "Name": "Faction_Mission_Stockpile_Ship",
            "Inventories": [
                {
                    "RowName": "Storage_Stockpile_Ship",
                    "DataTableName": "D_InventoryInfo"
                }
            ]
        },
        {
            "Name": "Biofuel_Drill",
            "Inventories": [
                {
                    "RowName": "Generator_Storage",
                    "DataTableName": "D_InventoryInfo"
                },
                {
                    "RowName": "Fuel_Biofuel",
                    "DataTableName": "D_InventoryInfo"
                }
            ]
        },
        {
            "Name": "Faction_Mission_Crate_One",
            "Inventories": [
                {
                    "RowName": "Storage_Faction_Crate_One",
                    "DataTableName": "D_InventoryInfo"
                }
            ]
        },
        {
            "Name": "Faction_Mission_Ship_Repair",
            "Inventories": [
                {
                    "RowName": "Faction_Mission_Ship_Repair",
                    "DataTableName": "D_InventoryInfo"
                },
                {
                    "RowName": "Faction_Mission_Ship_Salvage",
                    "DataTableName": "D_InventoryInfo"
                }
            ]
        },
        {
            "Name": "Storage_Printed_Crate",
            "Inventories": [
                {
                    "RowName": "Storage_Printed_Crate",
                    "DataTableName": "D_InventoryInfo"
                }
            ]
        },
        {
            "Name": "Deep_Mining_Drill_Biofuel",
            "Inventories": [
                {
                    "RowName": "Generator_Storage",
                    "DataTableName": "D_InventoryInfo"
                },
                {
                    "RowName": "Fuel_Biofuel",
                    "DataTableName": "D_InventoryInfo"
                }
            ]
        },
        {
            "Name": "Deep_Mining_Drill_Electric",
            "Inventories": [
                {
                    "RowName": "General10",
                    "DataTableName": "D_InventoryInfo"
                }
            ]
        },
        {
            "Name": "Inventory_DryingRack",
            "Inventories": [
                {
                    "RowName": "Drying_Rack",
                    "DataTableName": "D_InventoryInfo"
                }
            ]
        },
        {
            "Name": "Faction_Mission_Analyzer",
            "Inventories": [
                {
                    "RowName": "Storage_Mission_Analyzer",
                    "DataTableName": "D_InventoryInfo"
                }
            ]
        },
        {
            "Name": "Faction_Mission_Crate_Open",
            "Inventories": [
                {
                    "RowName": "Storage_Faction_Crate_Open",
                    "DataTableName": "D_InventoryInfo"
                }
            ]
        },
        {
            "Name": "Faction_Mission_Ship_Repair_Forest",
            "Inventories": [
                {
                    "RowName": "Faction_Mission_Ship_Repair_Forest",
                    "DataTableName": "D_InventoryInfo"
                },
                {
                    "RowName": "Faction_Mission_Ship_Salvage",
                    "DataTableName": "D_InventoryInfo"
                }
            ]
        },
        {
            "Name": "Rustic_Decoration_Storage",
            "Inventories": [
                {
                    "RowName": "Container",
                    "DataTableName": "D_InventoryInfo"
                }
            ]
        },
        {
            "Name": "Rustic_Decoration_Storage_Small",
            "Inventories": [
                {
                    "RowName": "Container_Small",
                    "DataTableName": "D_InventoryInfo"
                }
            ]
        },
        {
            "Name": "Basic_Biofuel",
            "Inventories": [
                {
                    "RowName": "Fuel_Biofuel",
                    "DataTableName": "D_InventoryInfo"
                }
            ]
        },
        {
            "Name": "Exotic_Electric_Drill",
            "Inventories": [
                {
                    "RowName": "Generator_Storage",
                    "DataTableName": "D_InventoryInfo"
                }
            ]
        },
        {
            "Name": "Meta_Extractor",
            "Inventories": [
                {
                    "RowName": "Generator_Storage",
                    "DataTableName": "D_InventoryInfo"
                },
                {
                    "RowName": "Battery",
                    "DataTableName": "D_InventoryInfo"
                }
            ]
        },
        {
            "Name": "Mission_Analyzer_Egg",
            "Inventories": [
                {
                    "RowName": "Mission_Analyzer_Egg",
                    "DataTableName": "D_InventoryInfo"
                }
            ]
        }
    ]
}