{
    "RowStruct": "/Script/Icarus.InteractableData",
    "Defaults": {
        "WorldPressInteracts": [],
        "WorldHoldInteracts": [],
        "WorldAltHoldInteracts": [],
        "GenericData": []
    },
    "Rows": [
        {
            "Name": "Item",
            "WorldPressInteracts": [
                {
                    "InteractionRow": {
                        "RowName": "Pickup_Item",
                        "DataTableName": "D_Interactions"
                    },
                    "Tag": ""
                }
            ]
        },
        {
            "Name": "Item_FLOD",
            "WorldPressInteracts": [
                {
                    "InteractionRow": {
                        "RowName": "Pickup_Item_FLOD",
                        "DataTableName": "D_Interactions"
                    },
                    "Tag": ""
                }
            ]
        },
        {
            "Name": "Deployable",
            "WorldPressInteracts": [
                {
                    "InteractionRow": {
                        "RowName": "Interact_Deployable",
                        "DataTableName": "D_Interactions"
                    },
                    "Tag": ""
                },
                {
                    "InteractionRow": {
                        "RowName": "Pickup_Item",
                        "DataTableName": "D_Interactions"
                    },
                    "Tag": ""
                }
            ],
            "WorldAltHoldInteracts": [
                {
                    "InteractionRow": {
                        "RowName": "Pickup_Deployable",
                        "DataTableName": "D_Interactions"
                    },
                    "Tag": ""
                }
            ]
        },
        {
            "Name": "Scorpion_Trap_Medium",
            "WorldPressInteracts": [
                {
                    "InteractionRow": {
                        "RowName": "Interact_Scorpion_Trap",
                        "DataTableName": "D_Interactions"
                    },
                    "Tag": ""
                },
                {
                    "InteractionRow": {
                        "RowName": "Pickup_Item",
                        "DataTableName": "D_Interactions"
                    },
                    "Tag": ""
                }
            ],
            "WorldAltHoldInteracts": [
                {
                    "InteractionRow": {
                        "RowName": "Pickup_Deployable",
                        "DataTableName": "D_Interactions"
                    },
                    "Tag": ""
                }
            ]
        },
        {
            "Name": "Deployable_Large",
            "WorldPressInteracts": [
                {
                    "InteractionRow": {
                        "RowName": "Interact_Deployable",
                        "DataTableName": "D_Interactions"
                    },
                    "Tag": ""
                }
            ],
            "WorldHoldInteracts": [
                {
                    "InteractionRow": {
                        "RowName": "Detach_Deployable",
                        "DataTableName": "D_Interactions"
                    },
                    "Tag": ""
                }
            ]
        },
        {
            "Name": "Deployable_NoInteract",
            "WorldPressInteracts": [
                {
                    "InteractionRow": {
                        "RowName": "Pickup_Item",
                        "DataTableName": "D_Interactions"
                    },
                    "Tag": ""
                }
            ],
            "WorldAltHoldInteracts": [
                {
                    "InteractionRow": {
                        "RowName": "Pickup_Deployable",
                        "DataTableName": "D_Interactions"
                    },
                    "Tag": ""
                }
            ]
        },
        {
            "Name": "Deployable_NoPickup",
            "WorldPressInteracts": [
                {
                    "InteractionRow": {
                        "RowName": "Interact_Deployable",
                        "DataTableName": "D_Interactions"
                    },
                    "Tag": ""
                },
                {
                    "InteractionRow": {
                        "RowName": "Pickup_Item",
                        "DataTableName": "D_Interactions"
                    },
                    "Tag": ""
                }
            ]
        },
        {
            "Name": "Deployable_ResourceStack",
            "WorldPressInteracts": [
                {
                    "InteractionRow": {
                        "RowName": "Pickup_Item",
                        "DataTableName": "D_Interactions"
                    },
                    "Tag": ""
                }
            ],
            "WorldHoldInteracts": [
                {
                    "InteractionRow": {
                        "RowName": "Interact_Deployable",
                        "DataTableName": "D_Interactions"
                    },
                    "Tag": ""
                }
            ]
        },
        {
            "Name": "Grave",
            "WorldPressInteracts": [
                {
                    "InteractionRow": {
                        "RowName": "Loot_Grave",
                        "DataTableName": "D_Interactions"
                    },
                    "Tag": ""
                }
            ],
            "WorldHoldInteracts": [
                {
                    "InteractionRow": {
                        "RowName": "Revive_Grave",
                        "DataTableName": "D_Interactions"
                    },
                    "Tag": ""
                }
            ]
        },
        {
            "Name": "Rocket_Part",
            "WorldPressInteracts": [
                {
                    "InteractionRow": {
                        "RowName": "Interact_RocketPart",
                        "DataTableName": "D_Interactions"
                    },
                    "Tag": ""
                }
            ]
        },
        {
            "Name": "WorldObject",
            "WorldPressInteracts": [
                {
                    "InteractionRow": {
                        "RowName": "Interact_WorldObject",
                        "DataTableName": "D_Interactions"
                    },
                    "Tag": ""
                }
            ]
        },
        {
            "Name": "Strange_Flora",
            "WorldPressInteracts": [
                {
                    "InteractionRow": {
                        "RowName": "Interact_Strange_Flora",
                        "DataTableName": "D_Interactions"
                    },
                    "Tag": ""
                }
            ]
        },
        {
            "Name": "WorldObject_Corpse",
            "WorldPressInteracts": [
                {
                    "InteractionRow": {
                        "RowName": "Loot_WorldObject",
                        "DataTableName": "D_Interactions"
                    },
                    "Tag": ""
                }
            ]
        },
        {
            "Name": "Seat",
            "WorldPressInteracts": [
                {
                    "InteractionRow": {
                        "RowName": "Enter_Seat",
                        "DataTableName": "D_Interactions"
                    },
                    "Tag": ""
                }
            ]
        },
        {
            "Name": "Resource_Node",
            "WorldPressInteracts": [
                {
                    "InteractionRow": {
                        "RowName": "Harvest_Resource",
                        "DataTableName": "D_Interactions"
                    },
                    "Tag": ""
                }
            ]
        },
        {
            "Name": "ShipEditorTerminal",
            "WorldPressInteracts": [
                {
                    "InteractionRow": {
                        "RowName": "Interact_ShipEditorTerminal",
                        "DataTableName": "D_Interactions"
                    },
                    "Tag": ""
                }
            ]
        },
        {
            "Name": "DropTerminal",
            "WorldPressInteracts": [
                {
                    "InteractionRow": {
                        "RowName": "Interact_DropTerminal",
                        "DataTableName": "D_Interactions"
                    },
                    "Tag": ""
                }
            ]
        },
        {
            "Name": "Vehicular",
            "WorldPressInteracts": [
                {
                    "InteractionRow": {
                        "RowName": "Interact_Vehicular",
                        "DataTableName": "D_Interactions"
                    },
                    "Tag": ""
                },
                {
                    "InteractionRow": {
                        "RowName": "Pickup_Item",
                        "DataTableName": "D_Interactions"
                    },
                    "Tag": ""
                }
            ]
        },
        {
            "Name": "PlayerDropShip",
            "WorldPressInteracts": [
                {
                    "InteractionRow": {
                        "RowName": "Interact_Dropship",
                        "DataTableName": "D_Interactions"
                    },
                    "Tag": ""
                }
            ]
        },
        {
            "Name": "WaterSource",
            "WorldHoldInteracts": [
                {
                    "InteractionRow": {
                        "RowName": "Interact_WaterSource",
                        "DataTableName": "D_Interactions"
                    },
                    "Tag": ""
                }
            ]
        },
        {
            "Name": "HuntingClue",
            "WorldHoldInteracts": [
                {
                    "InteractionRow": {
                        "RowName": "Interact_HuntingClue",
                        "DataTableName": "D_Interactions"
                    },
                    "Tag": ""
                }
            ]
        },
        {
            "Name": "ButtonTrigger",
            "WorldPressInteracts": [
                {
                    "InteractionRow": {
                        "RowName": "Interact_ButtonPress",
                        "DataTableName": "D_Interactions"
                    },
                    "Tag": ""
                }
            ],
            "WorldHoldInteracts": [
                {
                    "InteractionRow": {
                        "RowName": "Interact_ButtonHold",
                        "DataTableName": "D_Interactions"
                    },
                    "Tag": ""
                }
            ]
        },
        {
            "Name": "MetaShopTerminal",
            "WorldPressInteracts": [
                {
                    "InteractionRow": {
                        "RowName": "MetaShop",
                        "DataTableName": "D_Interactions"
                    },
                    "Tag": ""
                }
            ]
        },
        {
            "Name": "Door",
            "WorldPressInteracts": [
                {
                    "InteractionRow": {
                        "RowName": "OpenClose_Door",
                        "DataTableName": "D_Interactions"
                    },
                    "Tag": ""
                },
                {
                    "InteractionRow": {
                        "RowName": "Pickup_Item",
                        "DataTableName": "D_Interactions"
                    },
                    "Tag": ""
                }
            ],
            "WorldAltHoldInteracts": [
                {
                    "InteractionRow": {
                        "RowName": "Pickup_Deployable",
                        "DataTableName": "D_Interactions"
                    },
                    "Tag": ""
                }
            ]
        },
        {
            "Name": "AnimalCorpse",
            "WorldPressInteracts": [
                {
                    "InteractionRow": {
                        "RowName": "Loot_Skinned_Animal",
                        "DataTableName": "D_Interactions"
                    },
                    "Tag": ""
                }
            ],
            "WorldHoldInteracts": [
                {
                    "InteractionRow": {
                        "RowName": "Harvest_Corpse",
                        "DataTableName": "D_Interactions"
                    },
                    "Tag": ""
                },
                {
                    "InteractionRow": {
                        "RowName": "Pickup_Corpse",
                        "DataTableName": "D_Interactions"
                    },
                    "Tag": ""
                }
            ]
        },
        {
            "Name": "Interactable_CropPlot",
            "WorldPressInteracts": [
                {
                    "InteractionRow": {
                        "RowName": "Interact_Deployable",
                        "DataTableName": "D_Interactions"
                    },
                    "Tag": ""
                },
                {
                    "InteractionRow": {
                        "RowName": "Pickup_Item",
                        "DataTableName": "D_Interactions"
                    },
                    "Tag": ""
                }
            ],
            "WorldAltHoldInteracts": [
                {
                    "InteractionRow": {
                        "RowName": "Empty_CropPlot",
                        "DataTableName": "D_Interactions"
                    },
                    "Tag": ""
                },
                {
                    "InteractionRow": {
                        "RowName": "Pickup_CropPlot",
                        "DataTableName": "D_Interactions"
                    },
                    "Tag": ""
                }
            ]
        },
        {
            "Name": "Window",
            "WorldPressInteracts": [
                {
                    "InteractionRow": {
                        "RowName": "OpenClose_Window",
                        "DataTableName": "D_Interactions"
                    },
                    "Tag": ""
                },
                {
                    "InteractionRow": {
                        "RowName": "Pickup_Item",
                        "DataTableName": "D_Interactions"
                    },
                    "Tag": ""
                }
            ],
            "WorldAltHoldInteracts": [
                {
                    "InteractionRow": {
                        "RowName": "Pickup_Deployable",
                        "DataTableName": "D_Interactions"
                    },
                    "Tag": ""
                }
            ]
        },
        {
            "Name": "Fish",
            "WorldPressInteracts": [
                {
                    "InteractionRow": {
                        "RowName": "Pickup_Fish",
                        "DataTableName": "D_Interactions"
                    },
                    "Tag": ""
                }
            ]
        },
        {
            "Name": "Slotable_Deployable",
            "WorldPressInteracts": [
                {
                    "InteractionRow": {
                        "RowName": "Slotable_Place",
                        "DataTableName": "D_Interactions"
                    },
                    "Tag": ""
                },
                {
                    "InteractionRow": {
                        "RowName": "Interact_Deployable",
                        "DataTableName": "D_Interactions"
                    },
                    "Tag": ""
                },
                {
                    "InteractionRow": {
                        "RowName": "Pickup_Item",
                        "DataTableName": "D_Interactions"
                    },
                    "Tag": ""
                }
            ],
            "WorldAltHoldInteracts": [
                {
                    "InteractionRow": {
                        "RowName": "Pickup_Deployable",
                        "DataTableName": "D_Interactions"
                    },
                    "Tag": ""
                }
            ]
        },
        {
            "Name": "AnimalCorpse_NoCarry",
            "WorldPressInteracts": [
                {
                    "InteractionRow": {
                        "RowName": "Loot_Skinned_Animal",
                        "DataTableName": "D_Interactions"
                    },
                    "Tag": ""
                }
            ],
            "WorldHoldInteracts": [
                {
                    "InteractionRow": {
                        "RowName": "Harvest_Corpse",
                        "DataTableName": "D_Interactions"
                    },
                    "Tag": ""
                }
            ]
        },
        {
            "Name": "TreePrimitive",
            "WorldPressInteracts": [
                {
                    "InteractionRow": {
                        "RowName": "Harvest_Tree_Primitive",
                        "DataTableName": "D_Interactions"
                    },
                    "Tag": ""
                }
            ]
        },
        {
            "Name": "Rain_Reservoir",
            "WorldPressInteracts": [
                {
                    "InteractionRow": {
                        "RowName": "Rain_Reservoir_Container",
                        "DataTableName": "D_Interactions"
                    },
                    "Tag": ""
                },
                {
                    "InteractionRow": {
                        "RowName": "Rain_Reservoir_Drink",
                        "DataTableName": "D_Interactions"
                    },
                    "Tag": ""
                },
                {
                    "InteractionRow": {
                        "RowName": "Pickup_Item",
                        "DataTableName": "D_Interactions"
                    },
                    "Tag": ""
                }
            ],
            "WorldHoldInteracts": [
                {
                    "InteractionRow": {
                        "RowName": "Interact_GeneratorUI",
                        "DataTableName": "D_Interactions"
                    },
                    "Tag": ""
                }
            ],
            "WorldAltHoldInteracts": [
                {
                    "InteractionRow": {
                        "RowName": "Pickup_Deployable",
                        "DataTableName": "D_Interactions"
                    },
                    "Tag": ""
                }
            ]
        },
        {
            "Name": "SpaceInventoryTerminal",
            "WorldPressInteracts": [
                {
                    "InteractionRow": {
                        "RowName": "SpaceInventory",
                        "DataTableName": "D_Interactions"
                    },
                    "Tag": ""
                }
            ]
        },
        {
            "Name": "ReadyUpTerminal",
            "WorldPressInteracts": [
                {
                    "InteractionRow": {
                        "RowName": "ReadyUp",
                        "DataTableName": "D_Interactions"
                    },
                    "Tag": ""
                }
            ]
        },
        {
            "Name": "Loadout",
            "WorldPressInteracts": [
                {
                    "InteractionRow": {
                        "RowName": "Space_Loadout",
                        "DataTableName": "D_Interactions"
                    },
                    "Tag": ""
                }
            ]
        },
        {
            "Name": "Faction_Body",
            "WorldPressInteracts": [
                {
                    "InteractionRow": {
                        "RowName": "Interact_Deployable",
                        "DataTableName": "D_Interactions"
                    },
                    "Tag": ""
                },
                {
                    "InteractionRow": {
                        "RowName": "Pickup_Item",
                        "DataTableName": "D_Interactions"
                    },
                    "Tag": ""
                }
            ]
        },
        {
            "Name": "Wall_Torch",
            "WorldPressInteracts": [
                {
                    "InteractionRow": {
                        "RowName": "Interact_Torch_Toggle",
                        "DataTableName": "D_Interactions"
                    },
                    "Tag": ""
                },
                {
                    "InteractionRow": {
                        "RowName": "Pickup_Item",
                        "DataTableName": "D_Interactions"
                    },
                    "Tag": ""
                }
            ],
            "WorldHoldInteracts": [
                {
                    "InteractionRow": {
                        "RowName": "Interact_TorchUI",
                        "DataTableName": "D_Interactions"
                    },
                    "Tag": ""
                }
            ],
            "WorldAltHoldInteracts": [
                {
                    "InteractionRow": {
                        "RowName": "Pickup_Deployable",
                        "DataTableName": "D_Interactions"
                    },
                    "Tag": ""
                }
            ]
        },
        {
            "Name": "Floor_Torch",
            "WorldPressInteracts": [
                {
                    "InteractionRow": {
                        "RowName": "Interact_Torch_Toggle",
                        "DataTableName": "D_Interactions"
                    },
                    "Tag": ""
                },
                {
                    "InteractionRow": {
                        "RowName": "Pickup_Item",
                        "DataTableName": "D_Interactions"
                    },
                    "Tag": ""
                }
            ],
            "WorldHoldInteracts": [
                {
                    "InteractionRow": {
                        "RowName": "Interact_TorchUI",
                        "DataTableName": "D_Interactions"
                    },
                    "Tag": ""
                }
            ],
            "WorldAltHoldInteracts": [
                {
                    "InteractionRow": {
                        "RowName": "Pickup_Deployable",
                        "DataTableName": "D_Interactions"
                    },
                    "Tag": ""
                }
            ]
        },
        {
            "Name": "Basic_Oxite_Dissolver",
            "WorldPressInteracts": [
                {
                    "InteractionRow": {
                        "RowName": "Basic_Oxite_Dissolver_AddOxite",
                        "DataTableName": "D_Interactions"
                    },
                    "Tag": "Base"
                },
                {
                    "InteractionRow": {
                        "RowName": "Basic_Oxite_Dissolver_TakeOxygen",
                        "DataTableName": "D_Interactions"
                    },
                    "Tag": "Balloon"
                },
                {
                    "InteractionRow": {
                        "RowName": "Pickup_Item",
                        "DataTableName": "D_Interactions"
                    },
                    "Tag": ""
                }
            ],
            "WorldAltHoldInteracts": [
                {
                    "InteractionRow": {
                        "RowName": "Pickup_Deployable",
                        "DataTableName": "D_Interactions"
                    },
                    "Tag": ""
                }
            ]
        },
        {
            "Name": "Bed",
            "WorldPressInteracts": [
                {
                    "InteractionRow": {
                        "RowName": "Bed_Sleep",
                        "DataTableName": "D_Interactions"
                    },
                    "Tag": ""
                },
                {
                    "InteractionRow": {
                        "RowName": "Pickup_Item",
                        "DataTableName": "D_Interactions"
                    },
                    "Tag": ""
                }
            ],
            "WorldHoldInteracts": [
                {
                    "InteractionRow": {
                        "RowName": "Bed_SetSpawn",
                        "DataTableName": "D_Interactions"
                    },
                    "Tag": ""
                }
            ],
            "WorldAltHoldInteracts": [
                {
                    "InteractionRow": {
                        "RowName": "Pickup_Deployable",
                        "DataTableName": "D_Interactions"
                    },
                    "Tag": ""
                }
            ]
        },
        {
            "Name": "Cooking_Station",
            "WorldPressInteracts": [
                {
                    "InteractionRow": {
                        "RowName": "Vacuum_Wood",
                        "DataTableName": "D_Interactions"
                    },
                    "Tag": "Fuel"
                },
                {
                    "InteractionRow": {
                        "RowName": "Interact_Deployable",
                        "DataTableName": "D_Interactions"
                    },
                    "Tag": ""
                },
                {
                    "InteractionRow": {
                        "RowName": "Pickup_Item",
                        "DataTableName": "D_Interactions"
                    },
                    "Tag": ""
                }
            ],
            "WorldAltHoldInteracts": [
                {
                    "InteractionRow": {
                        "RowName": "Pickup_Deployable",
                        "DataTableName": "D_Interactions"
                    },
                    "Tag": ""
                }
            ]
        },
        {
            "Name": "No_Interaction",
            "WorldPressInteracts": [
                {
                    "InteractionRow": {
                        "RowName": "No_Interaction",
                        "DataTableName": "D_Interactions"
                    },
                    "Tag": ""
                }
            ]
        },
        {
            "Name": "Dehumidifier",
            "WorldPressInteracts": [
                {
                    "InteractionRow": {
                        "RowName": "Pickup_Item",
                        "DataTableName": "D_Interactions"
                    },
                    "Tag": ""
                }
            ],
            "WorldHoldInteracts": [
                {
                    "InteractionRow": {
                        "RowName": "Interact_TorchUI",
                        "DataTableName": "D_Interactions"
                    },
                    "Tag": ""
                }
            ],
            "WorldAltHoldInteracts": [
                {
                    "InteractionRow": {
                        "RowName": "Pickup_Deployable",
                        "DataTableName": "D_Interactions"
                    },
                    "Tag": ""
                }
            ]
        },
        {
            "Name": "Lights_Fire_Base",
            "WorldPressInteracts": [
                {
                    "InteractionRow": {
                        "RowName": "Interact_Light_Fire",
                        "DataTableName": "D_Interactions"
                    },
                    "Tag": ""
                },
                {
                    "InteractionRow": {
                        "RowName": "Pickup_Item",
                        "DataTableName": "D_Interactions"
                    },
                    "Tag": ""
                }
            ],
            "WorldHoldInteracts": [
                {
                    "InteractionRow": {
                        "RowName": "Interact_TorchUI",
                        "DataTableName": "D_Interactions"
                    },
                    "Tag": ""
                }
            ],
            "WorldAltHoldInteracts": [
                {
                    "InteractionRow": {
                        "RowName": "Pickup_Deployable",
                        "DataTableName": "D_Interactions"
                    },
                    "Tag": ""
                }
            ]
        },
        {
            "Name": "Oxite_Dissolver",
            "WorldPressInteracts": [
                {
                    "InteractionRow": {
                        "RowName": "Add_Oxite_Processor",
                        "DataTableName": "D_Interactions"
                    },
                    "Tag": "Oxite"
                },
                {
                    "InteractionRow": {
                        "RowName": "Add_Sulfur_Fuel",
                        "DataTableName": "D_Interactions"
                    },
                    "Tag": "Sulfur"
                },
                {
                    "InteractionRow": {
                        "RowName": "Slotable_Place",
                        "DataTableName": "D_Interactions"
                    },
                    "Tag": ""
                },
                {
                    "InteractionRow": {
                        "RowName": "Interact_Deployable",
                        "DataTableName": "D_Interactions"
                    },
                    "Tag": ""
                },
                {
                    "InteractionRow": {
                        "RowName": "Pickup_Item",
                        "DataTableName": "D_Interactions"
                    },
                    "Tag": ""
                }
            ],
            "WorldAltHoldInteracts": [
                {
                    "InteractionRow": {
                        "RowName": "Pickup_Deployable",
                        "DataTableName": "D_Interactions"
                    },
                    "Tag": ""
                }
            ]
        },
        {
            "Name": "Basic_Glass",
            "WorldPressInteracts": [
                {
                    "InteractionRow": {
                        "RowName": "Pickup_Item",
                        "DataTableName": "D_Interactions"
                    },
                    "Tag": ""
                }
            ],
            "WorldAltHoldInteracts": [
                {
                    "InteractionRow": {
                        "RowName": "Pickup_Deployable",
                        "DataTableName": "D_Interactions"
                    },
                    "Tag": ""
                }
            ]
        },
        {
            "Name": "Faction_Satellite_Defend",
            "WorldPressInteracts": [
                {
                    "InteractionRow": {
                        "RowName": "Faction_Satellite_Arm",
                        "DataTableName": "D_Interactions"
                    },
                    "Tag": ""
                },
                {
                    "InteractionRow": {
                        "RowName": "Faction_Satellite_Interact",
                        "DataTableName": "D_Interactions"
                    },
                    "Tag": ""
                }
            ]
        },
        {
            "Name": "IceBox",
            "WorldPressInteracts": [
                {
                    "InteractionRow": {
                        "RowName": "Interact_GeneratorUI",
                        "DataTableName": "D_Interactions"
                    },
                    "Tag": ""
                },
                {
                    "InteractionRow": {
                        "RowName": "Pickup_Item",
                        "DataTableName": "D_Interactions"
                    },
                    "Tag": ""
                }
            ],
            "WorldAltHoldInteracts": [
                {
                    "InteractionRow": {
                        "RowName": "Pickup_Deployable",
                        "DataTableName": "D_Interactions"
                    },
                    "Tag": ""
                }
            ]
        },
        {
            "Name": "Faction_Mission_Drill",
            "WorldPressInteracts": [
                {
                    "InteractionRow": {
                        "RowName": "Interact_GeneratorUI",
                        "DataTableName": "D_Interactions"
                    },
                    "Tag": ""
                },
                {
                    "InteractionRow": {
                        "RowName": "Pickup_Item",
                        "DataTableName": "D_Interactions"
                    },
                    "Tag": ""
                }
            ],
            "WorldAltHoldInteracts": [
                {
                    "InteractionRow": {
                        "RowName": "Pickup_Deployable",
                        "DataTableName": "D_Interactions"
                    },
                    "Tag": ""
                }
            ]
        },
        {
            "Name": "Faction_Mission_WallDrill",
            "WorldPressInteracts": [
                {
                    "InteractionRow": {
                        "RowName": "Interact_GeneratorUI",
                        "DataTableName": "D_Interactions"
                    },
                    "Tag": ""
                },
                {
                    "InteractionRow": {
                        "RowName": "Pickup_Item",
                        "DataTableName": "D_Interactions"
                    },
                    "Tag": ""
                }
            ],
            "WorldAltHoldInteracts": [
                {
                    "InteractionRow": {
                        "RowName": "Pickup_Deployable",
                        "DataTableName": "D_Interactions"
                    },
                    "Tag": ""
                }
            ]
        },
        {
            "Name": "NoInteracts"
        },
        {
            "Name": "Faction_Mission_Laser",
            "WorldPressInteracts": [
                {
                    "InteractionRow": {
                        "RowName": "Faction_Laser_Interact",
                        "DataTableName": "D_Interactions"
                    },
                    "Tag": ""
                },
                {
                    "InteractionRow": {
                        "RowName": "Pickup_Item",
                        "DataTableName": "D_Interactions"
                    },
                    "Tag": ""
                }
            ],
            "WorldAltHoldInteracts": [
                {
                    "InteractionRow": {
                        "RowName": "Pickup_Deployable",
                        "DataTableName": "D_Interactions"
                    },
                    "Tag": ""
                }
            ]
        },
        {
            "Name": "Strange_Rock_Formation",
            "WorldPressInteracts": [
                {
                    "InteractionRow": {
                        "RowName": "Interact_Rock_Formation",
                        "DataTableName": "D_Interactions"
                    },
                    "Tag": ""
                }
            ]
        },
        {
            "Name": "Deployable_NoInteract_NoPickup",
            "WorldPressInteracts": [
                {
                    "InteractionRow": {
                        "RowName": "No_Interaction",
                        "DataTableName": "D_Interactions"
                    },
                    "Tag": ""
                }
            ]
        },
        {
            "Name": "Biofuel_Radar",
            "WorldPressInteracts": [
                {
                    "InteractionRow": {
                        "RowName": "Interact_Deployable",
                        "DataTableName": "D_Interactions"
                    },
                    "Tag": ""
                },
                {
                    "InteractionRow": {
                        "RowName": "Pickup_Item",
                        "DataTableName": "D_Interactions"
                    },
                    "Tag": ""
                }
            ],
            "WorldHoldInteracts": [
                {
                    "InteractionRow": {
                        "RowName": "Interact_GeneratorUI",
                        "DataTableName": "D_Interactions"
                    },
                    "Tag": ""
                }
            ],
            "WorldAltHoldInteracts": [
                {
                    "InteractionRow": {
                        "RowName": "Pickup_Deployable",
                        "DataTableName": "D_Interactions"
                    },
                    "Tag": ""
                }
            ]
        },
        {
            "Name": "Mission_Prototype_Laser",
            "WorldPressInteracts": [
                {
                    "InteractionRow": {
                        "RowName": "Faction_Prototype_Laser_Interact",
                        "DataTableName": "D_Interactions"
                    },
                    "Tag": ""
                },
                {
                    "InteractionRow": {
                        "RowName": "Pickup_Item",
                        "DataTableName": "D_Interactions"
                    },
                    "Tag": ""
                }
            ],
            "WorldAltHoldInteracts": [
                {
                    "InteractionRow": {
                        "RowName": "Pickup_Deployable",
                        "DataTableName": "D_Interactions"
                    },
                    "Tag": ""
                }
            ]
        }
    ]
}