{
    "RowStruct": "/Script/Icarus.ProcessingData",
    "Defaults": {
        "Behaviour": "None",
        "DefaultRecipeSet": {
            "RowName": "None",
            "DataTableName": "D_RecipeSets"
        },
        "RequiresEnergy": true,
        "bRequiresShelter": false,
        "AutoSelectRecipe": false,
        "ManualActivation": false,
        "QueueSize": 1,
        "MaxMilliwattage": 1000,
        "EffectedByPlayerStats": false,
        "SendOutputDirectlyToPlayer": false
    },
    "Rows": [
        {
            "Name": "PlayerCrafting",
            "DefaultRecipeSet": {
                "RowName": "Character"
            },
            "RequiresEnergy": false,
            "QueueSize": 4,
            "EffectedByPlayerStats": true,
            "SendOutputDirectlyToPlayer": true
        },
        {
            "Name": "Campfire",
            "DefaultRecipeSet": {
                "RowName": "Campfire"
            },
            "AutoSelectRecipe": true,
            "ManualActivation": true,
            "MaxMilliwattage": 250
        },
        {
            "Name": "Crafting_Bench",
            "DefaultRecipeSet": {
                "RowName": "Crafting_Bench"
            },
            "RequiresEnergy": false,
            "bRequiresShelter": true,
            "QueueSize": 5
        },
        {
            "Name": "Mortar_And_Pestle",
            "DefaultRecipeSet": {
                "RowName": "Mortar_And_Pestle"
            },
            "RequiresEnergy": false,
            "bRequiresShelter": true,
            "QueueSize": 5,
            "MaxMilliwattage": 500
        },
        {
            "Name": "Oxite_Dissolver",
            "DefaultRecipeSet": {
                "RowName": "Oxite_Dissolver"
            },
            "bRequiresShelter": true,
            "AutoSelectRecipe": true,
            "MaxMilliwattage": 500
        },
        {
            "Name": "Stone_Furnace",
            "DefaultRecipeSet": {
                "RowName": "Stone_Furnace"
            },
            "bRequiresShelter": true,
            "AutoSelectRecipe": true,
            "ManualActivation": true,
            "MaxMilliwattage": 1500
        },
        {
            "Name": "Concrete_Furnace",
            "DefaultRecipeSet": {
                "RowName": "Concrete_Furnace"
            },
            "bRequiresShelter": true,
            "AutoSelectRecipe": true,
            "ManualActivation": true,
            "MaxMilliwattage": 2000
        },
        {
            "Name": "Electric_Furnace",
            "DefaultRecipeSet": {
                "RowName": "Electric_Furnace"
            },
            "bRequiresShelter": true,
            "AutoSelectRecipe": true,
            "ManualActivation": true,
            "MaxMilliwattage": 2500
        },
        {
            "Name": "Machining_Bench",
            "DefaultRecipeSet": {
                "RowName": "Machining_Bench"
            },
            "RequiresEnergy": false,
            "bRequiresShelter": true,
            "QueueSize": 10,
            "MaxMilliwattage": 2500
        },
        {
            "Name": "Composter",
            "DefaultRecipeSet": {
                "RowName": "Composter"
            },
            "RequiresEnergy": false,
            "AutoSelectRecipe": true,
            "MaxMilliwattage": 500
        },
        {
            "Name": "Composter_Electric",
            "DefaultRecipeSet": {
                "RowName": "Composter"
            },
            "bRequiresShelter": true,
            "AutoSelectRecipe": true,
            "MaxMilliwattage": 1500
        },
        {
            "Name": "Material_Processor",
            "DefaultRecipeSet": {
                "RowName": "Material_Processor"
            },
            "bRequiresShelter": true,
            "QueueSize": 10,
            "MaxMilliwattage": 1500
        },
        {
            "Name": "Cooking_Station",
            "DefaultRecipeSet": {
                "RowName": "Cooking_Station"
            },
            "RequiresEnergy": false,
            "bRequiresShelter": true,
            "QueueSize": 5,
            "MaxMilliwattage": 2500
        },
        {
            "Name": "Extractor",
            "DefaultRecipeSet": {
                "RowName": "Meta_Extractor"
            },
            "AutoSelectRecipe": true,
            "MaxMilliwattage": 125
        },
        {
            "Name": "Fabricator",
            "DefaultRecipeSet": {
                "RowName": "Fabricator"
            },
            "bRequiresShelter": true,
            "QueueSize": 10,
            "MaxMilliwattage": 2500
        },
        {
            "Name": "Skinning_Bench",
            "DefaultRecipeSet": {
                "RowName": "Skinning_Bench"
            },
            "RequiresEnergy": false,
            "bRequiresShelter": true,
            "QueueSize": 5,
            "MaxMilliwattage": 500
        },
        {
            "Name": "Carpentry_Bench",
            "DefaultRecipeSet": {
                "RowName": "Carpentry_Bench"
            },
            "RequiresEnergy": false,
            "bRequiresShelter": true,
            "QueueSize": 5
        },
        {
            "Name": "Carpentry_Bench_T4",
            "DefaultRecipeSet": {
                "RowName": "Carpentry_Bench_T4"
            },
            "bRequiresShelter": true,
            "QueueSize": 10,
            "MaxMilliwattage": 2000
        },
        {
            "Name": "Composter_Wood",
            "DefaultRecipeSet": {
                "RowName": "Composter_Wood"
            },
            "RequiresEnergy": false,
            "AutoSelectRecipe": true,
            "MaxMilliwattage": 50
        },
        {
            "Name": "Metal_Oxite_Dissolver",
            "DefaultRecipeSet": {
                "RowName": "Metal_Oxite_Dissolver"
            },
            "bRequiresShelter": true,
            "AutoSelectRecipe": true,
            "MaxMilliwattage": 500
        },
        {
            "Name": "Basic_Oxite_Dissolver",
            "DefaultRecipeSet": {
                "RowName": "Oxite_Dissolver"
            },
            "RequiresEnergy": false,
            "AutoSelectRecipe": true,
            "MaxMilliwattage": 500
        },
        {
            "Name": "Armor_Bench",
            "DefaultRecipeSet": {
                "RowName": "Armor_Bench"
            },
            "RequiresEnergy": false,
            "bRequiresShelter": true,
            "QueueSize": 5,
            "MaxMilliwattage": 2500
        },
        {
            "Name": "Masonry_Bench",
            "DefaultRecipeSet": {
                "RowName": "Masonry_Bench"
            },
            "RequiresEnergy": false,
            "bRequiresShelter": true,
            "QueueSize": 5
        },
        {
            "Name": "Masonry_Bench_T4",
            "DefaultRecipeSet": {
                "RowName": "Masonry_Bench_T4"
            },
            "bRequiresShelter": true,
            "QueueSize": 10,
            "MaxMilliwattage": 2000
        },
        {
            "Name": "Cement_Mixer",
            "DefaultRecipeSet": {
                "RowName": "Cement_Mixer"
            },
            "RequiresEnergy": false,
            "bRequiresShelter": true,
            "QueueSize": 5
        },
        {
            "Name": "Herbalism_Bench",
            "DefaultRecipeSet": {
                "RowName": "Herbalism_Bench"
            },
            "RequiresEnergy": false,
            "bRequiresShelter": true,
            "QueueSize": 5,
            "MaxMilliwattage": 500
        },
        {
            "Name": "Chemistry_Bench",
            "DefaultRecipeSet": {
                "RowName": "Chemistry_Bench"
            },
            "bRequiresShelter": true,
            "QueueSize": 5,
            "MaxMilliwattage": 2000
        },
        {
            "Name": "Trophy_Bench",
            "DefaultRecipeSet": {
                "RowName": "Trophy_Bench"
            },
            "RequiresEnergy": false,
            "bRequiresShelter": true,
            "MaxMilliwattage": 500
        },
        {
            "Name": "Repair_Bench",
            "DefaultRecipeSet": {
                "RowName": "Repair_Bench"
            },
            "RequiresEnergy": false,
            "bRequiresShelter": true,
            "QueueSize": 5,
            "MaxMilliwattage": 2500
        },
        {
            "Name": "Anvil_Bench",
            "DefaultRecipeSet": {
                "RowName": "Anvil_Bench"
            },
            "RequiresEnergy": false,
            "bRequiresShelter": true,
            "QueueSize": 5
        },
        {
            "Name": "Firepit",
            "DefaultRecipeSet": {
                "RowName": "Firepit"
            },
            "AutoSelectRecipe": true,
            "ManualActivation": true
        },
        {
            "Name": "Glassworking_Bench",
            "DefaultRecipeSet": {
                "RowName": "Glassworking_Bench"
            },
            "RequiresEnergy": false,
            "bRequiresShelter": true,
            "QueueSize": 10,
            "MaxMilliwattage": 2500
        },
        {
            "Name": "Kitchen_Bench",
            "DefaultRecipeSet": {
                "RowName": "Kitchen_Bench"
            },
            "RequiresEnergy": false,
            "bRequiresShelter": true,
            "QueueSize": 5,
            "MaxMilliwattage": 500
        },
        {
            "Name": "Kitchen_Stove",
            "DefaultRecipeSet": {
                "RowName": "Kitchen_Stove"
            },
            "bRequiresShelter": true,
            "ManualActivation": true,
            "QueueSize": 5,
            "MaxMilliwattage": 375
        },
        {
            "Name": "Pot_Belly_Stove",
            "DefaultRecipeSet": {
                "RowName": "PotBellyStove"
            },
            "bRequiresShelter": true,
            "ManualActivation": true,
            "QueueSize": 5,
            "MaxMilliwattage": 375
        },
        {
            "Name": "Fireplace",
            "DefaultRecipeSet": {
                "RowName": "Campfire"
            },
            "AutoSelectRecipe": true,
            "ManualActivation": true,
            "MaxMilliwattage": 325
        },
        {
            "Name": "Drying_Rack",
            "DefaultRecipeSet": {
                "RowName": "Drying_Rack"
            },
            "RequiresEnergy": false,
            "AutoSelectRecipe": true,
            "MaxMilliwattage": 300
        },
        {
            "Name": "Rustic_Decorations_Bench",
            "DefaultRecipeSet": {
                "RowName": "Rustic_Decorations_Bench"
            },
            "RequiresEnergy": false,
            "QueueSize": 5,
            "MaxMilliwattage": 500
        }
    ]
}