{
    "RowStruct": "/Script/Icarus.TransmutableData",
    "Defaults": {
        "UnitsProvided": 1000,
        "ByProductItem": {
            "RowName": "None",
            "DataTableName": "D_ItemTemplate"
        },
        "DescriptionText": ""
    },
    "Rows": [
        {
            "Name": "Oxite"
        },
        {
            "Name": "Stick",
            "UnitsProvided": 10000,
            "ByProductItem": {
                "RowName": "Charcoal"
            }
        },
        {
            "Name": "Wood",
            "UnitsProvided": 150000,
            "ByProductItem": {
                "RowName": "Charcoal_From_Wood"
            }
        },
        {
            "Name": "Biofuel",
            "UnitsProvided": 100000
        },
        {
            "Name": "Sulfur",
            "UnitsProvided": 10000
        },
        {
            "Name": "Fiber",
            "UnitsProvided": 5000
        },
        {
            "Name": "Coal",
            "UnitsProvided": 600000
        },
        {
            "Name": "Charcoal",
            "UnitsProvided": 150000
        },
        {
            "Name": "Ice"
        }
    ]
}