{
    "RowStruct": "/Script/Icarus.AuraInfo",
    "Defaults": {
        "Modifier": {
            "RowName": "None",
            "DataTableName": "D_ModifierStates"
        },
        "Stat": {
            "Value": "None"
        }
    },
    "Rows": [
        {
            "Name": "AuraOxygenConsumption",
            "Modifier": {
                "RowName": "GrantedAura_ReducedOxygenConsumption"
            },
            "Stat": {
                "Value": "GrantedAuraOxygenConsumptionRate_?"
            }
        },
        {
            "Name": "AuraPhysicalResistance",
            "Modifier": {
                "RowName": "GrantedAura_AdditionalPhysicalDamageMitigation"
            },
            "Stat": {
                "Value": "GrantedAuraPhysicalDamageResistance_?"
            }
        },
        {
            "Name": "AuraWeightReduction",
            "Modifier": {
                "RowName": "Weight_Reduction_Aura"
            },
            "Stat": {
                "Value": "GrantedAuraWeightReduction_?"
            }
        },
        {
            "Name": "AuraHealing",
            "Modifier": {
                "RowName": "Healing_Modifier_Aura"
            },
            "Stat": {
                "Value": "GrantedAuraHealingAfflictions_?"
            }
        }
    ]
}