{
    "RowStruct": "/Script/Icarus.BestiaryTraitData",
    "Defaults": {
        "TraitName": "",
        "Type": {
            "RowName": "None",
            "DataTableName": "D_BestiaryTraitTypes"
        },
        "OverrideColor": {
            "R": 0,
            "G": 0,
            "B": 0,
            "A": 0
        },
        "OverrideIcon": "None"
    },
    "Rows": [
        {
            "Name": "Head_CritSpot",
            "TraitName": "NSLOCTEXT(\"D_BestiaryTraits\", \"Head_CritSpot-TraitName\", \"Critical Area: Head\")",
            "Type": {
                "RowName": "CritSpot"
            },
            "OverrideIcon": "/Game/Assets/2DArt/UI/Icons/BestiaryTraits/Icon_BestTrait_Crits.Icon_BestTrait_Crits"
        },
        {
            "Name": "Eyes_CritSpot",
            "TraitName": "NSLOCTEXT(\"D_BestiaryTraits\", \"Eyes_CritSpot-TraitName\", \"Critical Area: Eyes\")",
            "Type": {
                "RowName": "CritSpot"
            },
            "OverrideIcon": "/Game/Assets/2DArt/UI/Icons/BestiaryTraits/Icon_BestTrait_Crits.Icon_BestTrait_Crits"
        },
        {
            "Name": "Mouth_CritSpot",
            "TraitName": "NSLOCTEXT(\"D_BestiaryTraits\", \"Mouth_CritSpot-TraitName\", \"Critical Area: Mouth\")",
            "Type": {
                "RowName": "CritSpot"
            },
            "OverrideIcon": "/Game/Assets/2DArt/UI/Icons/BestiaryTraits/Icon_BestTrait_Crits.Icon_BestTrait_Crits"
        },
        {
            "Name": "Belly_CritSpot",
            "TraitName": "NSLOCTEXT(\"D_BestiaryTraits\", \"Belly_CritSpot-TraitName\", \"Critical Area: Belly\")",
            "Type": {
                "RowName": "CritSpot"
            },
            "OverrideIcon": "/Game/Assets/2DArt/UI/Icons/BestiaryTraits/Icon_BestTrait_Crits.Icon_BestTrait_Crits"
        },
        {
            "Name": "Fire_Weakness",
            "TraitName": "NSLOCTEXT(\"D_BestiaryTraits\", \"Fire_Weakness-TraitName\", \"Weak to Fire\")",
            "Type": {
                "RowName": "Weakness"
            },
            "OverrideIcon": "/Game/Assets/2DArt/UI/Icons/BestiaryTraits/Icon_BestTrait_Fire.Icon_BestTrait_Fire"
        },
        {
            "Name": "Jousting_Weakness",
            "TraitName": "NSLOCTEXT(\"D_BestiaryTraits\", \"Jousting_Weakness-TraitName\", \"Charges Past Targets\")",
            "Type": {
                "RowName": "Weakness"
            },
            "OverrideIcon": "/Game/Assets/2DArt/UI/Icons/BestiaryTraits/Icon_BestTrait_Jousting.Icon_BestTrait_Jousting"
        },
        {
            "Name": "ArmorPiercing_Weakness",
            "TraitName": "NSLOCTEXT(\"D_BestiaryTraits\", \"ArmorPiercing_Weakness-TraitName\", \"Weak to AP damage\")",
            "Type": {
                "RowName": "Weakness"
            },
            "OverrideIcon": "/Game/Assets/2DArt/UI/Icons/BestiaryTraits/Icon_BestTrait_ArmorPierce.Icon_BestTrait_ArmorPierce"
        },
        {
            "Name": "Vision_Weakness",
            "TraitName": "NSLOCTEXT(\"D_BestiaryTraits\", \"Vision_Weakness-TraitName\", \"Poor Vision\")",
            "Type": {
                "RowName": "Weakness"
            },
            "OverrideIcon": "/Game/Assets/2DArt/UI/Icons/BestiaryTraits/Icon_BestTrait_PoorVision.Icon_BestTrait_PoorVision"
        },
        {
            "Name": "Explosive_Weakness",
            "TraitName": "NSLOCTEXT(\"D_BestiaryTraits\", \"Explosive_Weakness-TraitName\", \"Weak to Explosives\")",
            "Type": {
                "RowName": "Weakness"
            },
            "OverrideIcon": "/Game/Assets/2DArt/UI/Icons/BestiaryTraits/Icon_BestTrait_Explosives.Icon_BestTrait_Explosives"
        },
        {
            "Name": "BurrowedVision_Weakness",
            "TraitName": "NSLOCTEXT(\"D_BestiaryTraits\", \"BurrowedVision_Weakness-TraitName\", \"No Vision Underground\")",
            "Type": {
                "RowName": "Weakness"
            },
            "OverrideIcon": "/Game/Assets/2DArt/UI/Icons/BestiaryTraits/Icon_BestTrait_BurrowVision.Icon_BestTrait_BurrowVision"
        },
        {
            "Name": "Slow_Weakness",
            "TraitName": "NSLOCTEXT(\"D_BestiaryTraits\", \"Slow_Weakness-TraitName\", \"Slow\")",
            "Type": {
                "RowName": "Weakness"
            },
            "OverrideIcon": "/Game/Assets/2DArt/UI/Icons/BestiaryTraits/Icon_BestTrait_Slow.Icon_BestTrait_Slow"
        },
        {
            "Name": "FoodAggression_Behavior",
            "TraitName": "NSLOCTEXT(\"D_BestiaryTraits\", \"FoodAggression_Behavior-TraitName\", \"Aggressive Around Food\")",
            "Type": {
                "RowName": "Behavior"
            },
            "OverrideIcon": "/Game/Assets/2DArt/UI/Icons/BestiaryTraits/Icon_BestTrait_AggroFood.Icon_BestTrait_AggroFood"
        },
        {
            "Name": "ProtectYoung_Behavior",
            "TraitName": "NSLOCTEXT(\"D_BestiaryTraits\", \"ProtectYoung_Behavior-TraitName\", \"Protects Young\")",
            "Type": {
                "RowName": "Behavior"
            },
            "OverrideIcon": "/Game/Assets/2DArt/UI/Icons/BestiaryTraits/Icon_BestTrait_ProtectsYoung.Icon_BestTrait_ProtectsYoung"
        },
        {
            "Name": "StealsFood_Behavior",
            "TraitName": "NSLOCTEXT(\"D_BestiaryTraits\", \"StealsFood_Behavior-TraitName\", \"Steals Food\")",
            "Type": {
                "RowName": "Behavior"
            },
            "OverrideIcon": "/Game/Assets/2DArt/UI/Icons/BestiaryTraits/Icon_BestTrait_StealsFood.Icon_BestTrait_StealsFood"
        },
        {
            "Name": "PackAnimal_Behavior",
            "TraitName": "NSLOCTEXT(\"D_BestiaryTraits\", \"PackAnimal_Behavior-TraitName\", \"Pack Animal\")",
            "Type": {
                "RowName": "Behavior"
            },
            "OverrideIcon": "/Game/Assets/2DArt/UI/Icons/BestiaryTraits/Icon_BestTrait_PackAnimal.Icon_BestTrait_PackAnimal"
        },
        {
            "Name": "Passive_Behavior",
            "TraitName": "NSLOCTEXT(\"D_BestiaryTraits\", \"Passive_Behavior-TraitName\", \"Passive\")",
            "Type": {
                "RowName": "Behavior"
            },
            "OverrideIcon": "/Game/Assets/2DArt/UI/Icons/BestiaryTraits/Icon_BestTrait_Passive.Icon_BestTrait_Passive"
        },
        {
            "Name": "FollowsParent_Behavior",
            "TraitName": "NSLOCTEXT(\"D_BestiaryTraits\", \"FollowsParent_Behavior-TraitName\", \"Follows Parent\")",
            "Type": {
                "RowName": "Behavior"
            },
            "OverrideIcon": "/Game/Assets/2DArt/UI/Icons/BestiaryTraits/Icon_BestTrait_FollowsParent.Icon_BestTrait_FollowsParent"
        },
        {
            "Name": "RetreatHeal_Behavior",
            "TraitName": "NSLOCTEXT(\"D_BestiaryTraits\", \"RetreatHeal_Behavior-TraitName\", \"Retreats to Heal\")",
            "Type": {
                "RowName": "Behavior"
            },
            "OverrideIcon": "/Game/Assets/2DArt/UI/Icons/BestiaryTraits/Icon_BestTrait_RetreatHeal.Icon_BestTrait_RetreatHeal"
        },
        {
            "Name": "ArmoredBack_Strength",
            "TraitName": "NSLOCTEXT(\"D_BestiaryTraits\", \"ArmoredBack_Strength-TraitName\", \"Armored Back\")",
            "Type": {
                "RowName": "Strength"
            },
            "OverrideIcon": "/Game/Assets/2DArt/UI/Icons/BestiaryTraits/Icon_BestTrait_ArmoredBack.Icon_BestTrait_ArmoredBack"
        },
        {
            "Name": "StrongAttacks_Strength",
            "TraitName": "NSLOCTEXT(\"D_BestiaryTraits\", \"StrongAttacks_Strength-TraitName\", \"Strong Attacks\")",
            "Type": {
                "RowName": "Strength"
            },
            "OverrideIcon": "/Game/Assets/2DArt/UI/Icons/BestiaryTraits/Icon_BestTrait_StrongAttack.Icon_BestTrait_StrongAttack"
        },
        {
            "Name": "RangedAttacks_Strength",
            "TraitName": "NSLOCTEXT(\"D_BestiaryTraits\", \"RangedAttacks_Strength-TraitName\", \"Ranged Attacks\")",
            "Type": {
                "RowName": "Strength"
            },
            "OverrideIcon": "/Game/Assets/2DArt/UI/Icons/BestiaryTraits/Icon_BestTrait_RangedAttacks.Icon_BestTrait_RangedAttacks"
        },
        {
            "Name": "Swimming_Strength",
            "TraitName": "NSLOCTEXT(\"D_BestiaryTraits\", \"Swimming_Strength-TraitName\", \"Quick Swimmer\")",
            "Type": {
                "RowName": "Strength"
            },
            "OverrideIcon": "/Game/Assets/2DArt/UI/Icons/BestiaryTraits/Icon_BestTrait_QuickSwimmer.Icon_BestTrait_QuickSwimmer"
        },
        {
            "Name": "Flying_Strength",
            "TraitName": "NSLOCTEXT(\"D_BestiaryTraits\", \"Flying_Strength-TraitName\", \"Flying\")",
            "Type": {
                "RowName": "Strength"
            },
            "OverrideIcon": "/Game/Assets/2DArt/UI/Icons/BestiaryTraits/Icon_BestTrait_Flying.Icon_BestTrait_Flying"
        },
        {
            "Name": "HardCarapace_Strength",
            "TraitName": "NSLOCTEXT(\"D_BestiaryTraits\", \"HardCarapace_Strength-TraitName\", \"Hardens Carapace\")",
            "Type": {
                "RowName": "Strength"
            },
            "OverrideIcon": "/Game/Assets/2DArt/UI/Icons/BestiaryTraits/Icon_BestTrait_HardenCarapace.Icon_BestTrait_HardenCarapace"
        },
        {
            "Name": "Fast_Strength",
            "TraitName": "NSLOCTEXT(\"D_BestiaryTraits\", \"Fast_Strength-TraitName\", \"Fast\")",
            "Type": {
                "RowName": "Strength"
            },
            "OverrideIcon": "/Game/Assets/2DArt/UI/Icons/BestiaryTraits/Icon_BestTrait_Fast.Icon_BestTrait_Fast"
        },
        {
            "Name": "Poison_DamageType",
            "TraitName": "NSLOCTEXT(\"D_BestiaryTraits\", \"Poison_DamageType-TraitName\", \"Poison Attack\")",
            "Type": {
                "RowName": "DamageType"
            },
            "OverrideIcon": "/Game/Assets/2DArt/UI/Icons/BestiaryTraits/Icon_BestTrait_PoisonAttack.Icon_BestTrait_PoisonAttack"
        },
        {
            "Name": "Hemorrhage_DamageType",
            "TraitName": "NSLOCTEXT(\"D_BestiaryTraits\", \"Hemorrhage_DamageType-TraitName\", \"Hemorrhaging Attack\")",
            "Type": {
                "RowName": "DamageType"
            },
            "OverrideIcon": "/Game/Assets/2DArt/UI/Icons/BestiaryTraits/Icon_BestTrait_HemorrhagingAttack.Icon_BestTrait_HemorrhagingAttack"
        },
        {
            "Name": "Wound_DamageType",
            "TraitName": "NSLOCTEXT(\"D_BestiaryTraits\", \"Wound_DamageType-TraitName\", \"Inflicts Wound\")",
            "Type": {
                "RowName": "DamageType"
            },
            "OverrideIcon": "/Game/Assets/2DArt/UI/Icons/BestiaryTraits/Icon_BestTrait_InflictsWounds.Icon_BestTrait_InflictsWounds"
        },
        {
            "Name": "Bacteria_DamageType",
            "TraitName": "NSLOCTEXT(\"D_BestiaryTraits\", \"Bacteria_DamageType-TraitName\", \"Bacterial Attack\")",
            "Type": {
                "RowName": "DamageType"
            },
            "OverrideIcon": "/Game/Assets/2DArt/UI/Icons/BestiaryTraits/Icon_BestTrait_BacterialAttack.Icon_BestTrait_BacterialAttack"
        },
        {
            "Name": "DeepWound_DamageType",
            "TraitName": "NSLOCTEXT(\"D_BestiaryTraits\", \"DeepWound_DamageType-TraitName\", \"Inflicts Deep Wounds\")",
            "Type": {
                "RowName": "DamageType"
            },
            "OverrideIcon": "/Game/Assets/2DArt/UI/Icons/BestiaryTraits/Icon_BestTrait_InflictsDeepWounds.Icon_BestTrait_InflictsDeepWounds"
        },
        {
            "Name": "Skittish_Behaviour",
            "TraitName": "NSLOCTEXT(\"D_BestiaryTraits\", \"Skittish_Behaviour-TraitName\", \"Skittish\")",
            "Type": {
                "RowName": "Behavior"
            }
        },
        {
            "Name": "Projectile_Resist_Strength",
            "TraitName": "NSLOCTEXT(\"D_BestiaryTraits\", \"Projectile_Resist_Strength-TraitName\", \"Resists Projectiles\")",
            "Type": {
                "RowName": "Strength"
            },
            "OverrideIcon": "/Game/Assets/2DArt/UI/Icons/Icon_Ranged.Icon_Ranged"
        },
        {
            "Name": "Enrage_Projectiles_Behavior",
            "TraitName": "NSLOCTEXT(\"D_BestiaryTraits\", \"Enrage_Projectiles_Behavior-TraitName\", \"Enraged by Projectiles\")",
            "Type": {
                "RowName": "Behavior"
            },
            "OverrideIcon": "/Game/Assets/2DArt/UI/Icons/Icon_Ranged.Icon_Ranged"
        },
        {
            "Name": "Enrage_Behavior",
            "TraitName": "NSLOCTEXT(\"D_BestiaryTraits\", \"Enrage_Behavior-TraitName\", \"Enrages Periodically\")",
            "Type": {
                "RowName": "Behavior"
            },
            "OverrideIcon": "/Game/Assets/2DArt/UI/Icons/Icon_Danger.Icon_Danger"
        },
        {
            "Name": "Poison_Weakness",
            "TraitName": "NSLOCTEXT(\"D_BestiaryTraits\", \"Poison_Weakness-TraitName\", \"Weak to Poison\")",
            "Type": {
                "RowName": "Weakness"
            },
            "OverrideIcon": "/Game/Assets/2DArt/UI/Icons/BestiaryTraits/Icon_BestTrait_PoisonAttack.Icon_BestTrait_PoisonAttack"
        },
        {
            "Name": "Poison_Resist_Strength",
            "TraitName": "NSLOCTEXT(\"D_BestiaryTraits\", \"Poison_Resist_Strength-TraitName\", \"Resists Poison\")",
            "Type": {
                "RowName": "Strength"
            },
            "OverrideIcon": "/Game/Assets/2DArt/UI/Icons/BestiaryTraits/Icon_BestTrait_PoisonAttack.Icon_BestTrait_PoisonAttack"
        },
        {
            "Name": "Fire_DamageType",
            "TraitName": "NSLOCTEXT(\"D_BestiaryTraits\", \"Fire_DamageType-TraitName\", \"Fire Attack\")",
            "Type": {
                "RowName": "DamageType"
            },
            "OverrideIcon": "/Game/Assets/2DArt/UI/Icons/BestiaryTraits/Icon_BestTrait_Fire.Icon_BestTrait_Fire"
        },
        {
            "Name": "Fire_Resist_Strength",
            "TraitName": "NSLOCTEXT(\"D_BestiaryTraits\", \"Fire_Resist_Strength-TraitName\", \"Resists Fire\")",
            "Type": {
                "RowName": "Strength"
            },
            "OverrideIcon": "/Game/Assets/2DArt/UI/Icons/BestiaryTraits/Icon_BestTrait_Fire.Icon_BestTrait_Fire"
        },
        {
            "Name": "Frost_DamageType",
            "TraitName": "NSLOCTEXT(\"D_BestiaryTraits\", \"Frost_DamageType-TraitName\", \"Frost Attack\")",
            "Type": {
                "RowName": "DamageType"
            },
            "OverrideIcon": "/Game/Assets/2DArt/UI/Icons/Icon_Cold.Icon_Cold"
        },
        {
            "Name": "Frost_Weakness",
            "TraitName": "NSLOCTEXT(\"D_BestiaryTraits\", \"Frost_Weakness-TraitName\", \"Weak to Frost\")",
            "Type": {
                "RowName": "Weakness"
            },
            "OverrideIcon": "/Game/Assets/2DArt/UI/Icons/Icon_Cold.Icon_Cold"
        },
        {
            "Name": "Frost_Resist_Strength",
            "TraitName": "NSLOCTEXT(\"D_BestiaryTraits\", \"Frost_Resist_Strength-TraitName\", \"Resists Frost\")",
            "Type": {
                "RowName": "Strength"
            },
            "OverrideIcon": "/Game/Assets/2DArt/UI/Icons/Icon_Cold.Icon_Cold"
        },
        {
            "Name": "Stalks_Prey_Behavior",
            "TraitName": "NSLOCTEXT(\"D_BestiaryTraits\", \"Stalks_Prey_Behavior-TraitName\", \"Stalks Prey\")",
            "Type": {
                "RowName": "Behavior"
            },
            "OverrideIcon": "/Game/Assets/2DArt/UI/Icons/BestiaryTraits/Icon_BestTrait_PoorVision.Icon_BestTrait_PoorVision"
        },
        {
            "Name": "Reposition_Strength",
            "TraitName": "NSLOCTEXT(\"D_BestiaryTraits\", \"Reposition_Strength-TraitName\", \"Quickly Repositions\")",
            "Type": {
                "RowName": "Strength"
            },
            "OverrideIcon": "/Game/Assets/2DArt/UI/Icons/BestiaryTraits/Icon_BestTrait_Fast.Icon_BestTrait_Fast"
        },
        {
            "Name": "Charges_Behavior",
            "TraitName": "NSLOCTEXT(\"D_BestiaryTraits\", \"Charges_Behavior-TraitName\", \"Charges\")",
            "Type": {
                "RowName": "Behavior"
            },
            "OverrideIcon": "/Game/Assets/2DArt/UI/Icons/BestiaryTraits/Icon_BestTrait_Fast.Icon_BestTrait_Fast"
        },
        {
            "Name": "Electric_DamageType",
            "TraitName": "NSLOCTEXT(\"D_BestiaryTraits\", \"Electric_DamageType-TraitName\", \"Electric Attack\")",
            "Type": {
                "RowName": "DamageType"
            },
            "OverrideIcon": "/Game/Assets/2DArt/UI/Icons/T_Icon_ElectricDmgType.T_Icon_ElectricDmgType"
        },
        {
            "Name": "Electric_Resist_Strength",
            "TraitName": "NSLOCTEXT(\"D_BestiaryTraits\", \"Electric_Resist_Strength-TraitName\", \"Resists Electric\")",
            "Type": {
                "RowName": "Strength"
            },
            "OverrideIcon": "/Game/Assets/2DArt/UI/Icons/T_Icon_ElectricResist.T_Icon_ElectricResist"
        },
        {
            "Name": "Electric_Weakness",
            "TraitName": "NSLOCTEXT(\"D_BestiaryTraits\", \"Electric_Weakness-TraitName\", \"Weak to Electric\")",
            "Type": {
                "RowName": "Weakness"
            },
            "OverrideIcon": "/Game/Assets/2DArt/UI/Icons/T_Icon_ElectricWeakness.T_Icon_ElectricWeakness"
        },
        {
            "Name": "Concussion_DamageType",
            "TraitName": "NSLOCTEXT(\"D_BestiaryTraits\", \"Concussion_DamageType-TraitName\", \"Concussive Attack\")",
            "Type": {
                "RowName": "DamageType"
            },
            "OverrideIcon": "/Game/Assets/2DArt/UI/Icons/Icon_ConcussionDebuff.Icon_ConcussionDebuff"
        },
        {
            "Name": "Trail_Behavior",
            "TraitName": "NSLOCTEXT(\"D_BestiaryTraits\", \"Trail_Behavior-TraitName\", \"Slimy Trail\")",
            "Type": {
                "RowName": "Behavior"
            },
            "OverrideIcon": "/Game/Assets/2DArt/UI/Icons/T_ICON_ShallowWater.T_ICON_ShallowWater"
        },
        {
            "Name": "Aggressive_Behavior",
            "TraitName": "NSLOCTEXT(\"D_BestiaryTraits\", \"Aggressive_Behavior-TraitName\", \"Easily Aggravated\")",
            "Type": {
                "RowName": "Behavior"
            },
            "OverrideIcon": "/Game/Assets/2DArt/UI/Icons/Icon_Danger.Icon_Danger"
        },
        {
            "Name": "ProjectileImmunity_Strength",
            "TraitName": "NSLOCTEXT(\"D_BestiaryTraits\", \"ProjectileImmunity_Strength-TraitName\", \"Projectile Immune\")",
            "Type": {
                "RowName": "Strength"
            },
            "OverrideIcon": "/Game/Assets/2DArt/UI/Icons/Icon_Ranged.Icon_Ranged"
        },
        {
            "Name": "Companion",
            "TraitName": "NSLOCTEXT(\"D_BestiaryTraits\", \"Companion-TraitName\", \"Companion\")",
            "Type": {
                "RowName": "Behavior"
            },
            "OverrideIcon": "/Game/Assets/2DArt/UI/Icons/BestiaryTraits/Icon_BestTrait_FollowsParent.Icon_BestTrait_FollowsParent"
        },
        {
            "Name": "Farming",
            "TraitName": "NSLOCTEXT(\"D_BestiaryTraits\", \"Farming-TraitName\", \"Farm Animal\")",
            "Type": {
                "RowName": "Behavior"
            },
            "OverrideIcon": "/Game/Assets/2DArt/UI/FieldGuide/CategoryIcons/T_ICON_FieldGuide_Plants.T_ICON_FieldGuide_Plants"
        }
    ]
}