{
    "RowStruct": "/Script/Icarus.DropShipAction",
    "Defaults": {},
    "Rows": [
        {
            "Name": "OpenDoor"
        },
        {
            "Name": "CloseDoor"
        },
        {
            "Name": "StartEngine"
        },
        {
            "Name": "StopEngine"
        },
        {
            "Name": "LockSeat"
        },
        {
            "Name": "UnlockSeat"
        },
        {
            "Name": "EnterSeat"
        },
        {
            "Name": "ExitSeat"
        },
        {
            "Name": "SlowDescent"
        },
        {
            "Name": "DeployFeet"
        },
        {
            "Name": "RetractFeet"
        },
        {
            "Name": "StartShakeHeavy"
        },
        {
            "Name": "StopShakeHeavy"
        },
        {
            "Name": "StartCone"
        },
        {
            "Name": "StopCone"
        },
        {
            "Name": "TouchDown"
        },
        {
            "Name": "StartShakeLight"
        },
        {
            "Name": "StopShakeLight"
        },
        {
            "Name": "StartLandingThrusterFX"
        },
        {
            "Name": "StopLandingThrusterFX"
        },
        {
            "Name": "StartTakeoffThrusterFX"
        },
        {
            "Name": "StopTakeoffThrusterFX"
        },
        {
            "Name": "StartSonicBoomFX"
        }
    ]
}