{
    "RowStruct": "/Script/Icarus.IcarusSortTypePriority",
    "Defaults": {
        "TagPriority": []
    },
    "Rows": [
        {
            "Name": "TheOneAndOnly",
            "TagPriority": [
                {
                    "RowName": "Any_Light",
                    "DataTableName": "D_TagQueries"
                },
                {
                    "RowName": "Any_Water",
                    "DataTableName": "D_TagQueries"
                },
                {
                    "RowName": "Any_Oxygen",
                    "DataTableName": "D_TagQueries"
                },
                {
                    "RowName": "Any_EnhancementTonic",
                    "DataTableName": "D_TagQueries"
                },
                {
                    "RowName": "Any_Bandage",
                    "DataTableName": "D_TagQueries"
                },
                {
                    "RowName": "Any_Paste",
                    "DataTableName": "D_TagQueries"
                },
                {
                    "RowName": "Any_Tonic",
                    "DataTableName": "D_TagQueries"
                },
                {
                    "RowName": "Any_Pill",
                    "DataTableName": "D_TagQueries"
                },
                {
                    "RowName": "Any_Medicine",
                    "DataTableName": "D_TagQueries"
                },
                {
                    "RowName": "Any_Meta_Consumable",
                    "DataTableName": "D_TagQueries"
                },
                {
                    "RowName": "Any_Scanner",
                    "DataTableName": "D_TagQueries"
                },
                {
                    "RowName": "Any_Melee_Knife",
                    "DataTableName": "D_TagQueries"
                },
                {
                    "RowName": "Any_Axe",
                    "DataTableName": "D_TagQueries"
                },
                {
                    "RowName": "Any_Pickaxe",
                    "DataTableName": "D_TagQueries"
                },
                {
                    "RowName": "Any_Sickle",
                    "DataTableName": "D_TagQueries"
                },
                {
                    "RowName": "Any_Hammer",
                    "DataTableName": "D_TagQueries"
                },
                {
                    "RowName": "Sledgehammer",
                    "DataTableName": "D_TagQueries"
                },
                {
                    "RowName": "Any_Shield",
                    "DataTableName": "D_TagQueries"
                },
                {
                    "RowName": "Any_Off_Hand",
                    "DataTableName": "D_TagQueries"
                },
                {
                    "RowName": "Any_Melee_Spear",
                    "DataTableName": "D_TagQueries"
                },
                {
                    "RowName": "Any_Throwing_Knife",
                    "DataTableName": "D_TagQueries"
                },
                {
                    "RowName": "Any_Throwing_Spear",
                    "DataTableName": "D_TagQueries"
                },
                {
                    "RowName": "Any_Throwing_Weapon",
                    "DataTableName": "D_TagQueries"
                },
                {
                    "RowName": "Any_Bow",
                    "DataTableName": "D_TagQueries"
                },
                {
                    "RowName": "Any_Pistol",
                    "DataTableName": "D_TagQueries"
                },
                {
                    "RowName": "Any_Shotgun",
                    "DataTableName": "D_TagQueries"
                },
                {
                    "RowName": "Any_Rifle",
                    "DataTableName": "D_TagQueries"
                },
                {
                    "RowName": "Any_Firearm",
                    "DataTableName": "D_TagQueries"
                },
                {
                    "RowName": "Any_Weapon_Or_Tool",
                    "DataTableName": "D_TagQueries"
                },
                {
                    "RowName": "Grenade_Frag",
                    "DataTableName": "D_TagQueries"
                },
                {
                    "RowName": "Any_Grenade",
                    "DataTableName": "D_TagQueries"
                },
                {
                    "RowName": "Projectile_Arrow",
                    "DataTableName": "D_TagQueries"
                },
                {
                    "RowName": "Projectile_Bolt",
                    "DataTableName": "D_TagQueries"
                },
                {
                    "RowName": "Any_FirearmAmmo",
                    "DataTableName": "D_TagQueries"
                },
                {
                    "RowName": "Any_Ammo",
                    "DataTableName": "D_TagQueries"
                },
                {
                    "RowName": "Helmet",
                    "DataTableName": "D_TagQueries"
                },
                {
                    "RowName": "Chest",
                    "DataTableName": "D_TagQueries"
                },
                {
                    "RowName": "Gloves",
                    "DataTableName": "D_TagQueries"
                },
                {
                    "RowName": "Pants",
                    "DataTableName": "D_TagQueries"
                },
                {
                    "RowName": "Boots",
                    "DataTableName": "D_TagQueries"
                },
                {
                    "RowName": "Any_Armor",
                    "DataTableName": "D_TagQueries"
                },
                {
                    "RowName": "Any_Backpack",
                    "DataTableName": "D_TagQueries"
                },
                {
                    "RowName": "Any_Saddle",
                    "DataTableName": "D_TagQueries"
                },
                {
                    "RowName": "Any_Module_Passive",
                    "DataTableName": "D_TagQueries"
                },
                {
                    "RowName": "Any_Attachment",
                    "DataTableName": "D_TagQueries"
                },
                {
                    "RowName": "Building_Thatch",
                    "DataTableName": "D_TagQueries"
                },
                {
                    "RowName": "Building_Wood",
                    "DataTableName": "D_TagQueries"
                },
                {
                    "RowName": "Building_Stone",
                    "DataTableName": "D_TagQueries"
                },
                {
                    "RowName": "Building_Interior_Wood",
                    "DataTableName": "D_TagQueries"
                },
                {
                    "RowName": "Building_Glass",
                    "DataTableName": "D_TagQueries"
                },
                {
                    "RowName": "Building_Iron",
                    "DataTableName": "D_TagQueries"
                },
                {
                    "RowName": "Building_Aluminium",
                    "DataTableName": "D_TagQueries"
                },
                {
                    "RowName": "Building_Concrete",
                    "DataTableName": "D_TagQueries"
                },
                {
                    "RowName": "Building_Clay_Brick",
                    "DataTableName": "D_TagQueries"
                },
                {
                    "RowName": "Building_Concrete",
                    "DataTableName": "D_TagQueries"
                },
                {
                    "RowName": "Any_Building",
                    "DataTableName": "D_TagQueries"
                },
                {
                    "RowName": "Is_Bed",
                    "DataTableName": "D_TagQueries"
                },
                {
                    "RowName": "Any_Bench",
                    "DataTableName": "D_TagQueries"
                },
                {
                    "RowName": "Any_DeployableStorage",
                    "DataTableName": "D_TagQueries"
                },
                {
                    "RowName": "Any_Deployable",
                    "DataTableName": "D_TagQueries"
                },
                {
                    "RowName": "Any_Fertilizer",
                    "DataTableName": "D_TagQueries"
                },
                {
                    "RowName": "Any_Tamed_Herbivore_Food",
                    "DataTableName": "D_TagQueries"
                },
                {
                    "RowName": "Food_Raw",
                    "DataTableName": "D_TagQueries"
                },
                {
                    "RowName": "Food_Cooked",
                    "DataTableName": "D_TagQueries"
                },
                {
                    "RowName": "Any_Food",
                    "DataTableName": "D_TagQueries"
                },
                {
                    "RowName": "Any_Fuel",
                    "DataTableName": "D_TagQueries"
                },
                {
                    "RowName": "Any_Ingot",
                    "DataTableName": "D_TagQueries"
                },
                {
                    "RowName": "Any_Ore",
                    "DataTableName": "D_TagQueries"
                },
                {
                    "RowName": "Any_Resource",
                    "DataTableName": "D_TagQueries"
                },
                {
                    "RowName": "Any_Exotic",
                    "DataTableName": "D_TagQueries"
                }
            ]
        }
    ]
}