{
    "RowStruct": "/Script/Icarus.DropShipSequence",
    "Defaults": {
        "Events": [],
        "Trajectory": "None"
    },
    "Rows": [
        {
            "Name": "Basic_Descent",
            "Events": [
                {
                    "Action": {
                        "RowName": "StartEngine",
                        "DataTableName": "D_DropShipActions"
                    },
                    "TriggerTime": 0,
                    "Complete": false
                },
                {
                    "Action": {
                        "RowName": "EnterSeat",
                        "DataTableName": "D_DropShipActions"
                    },
                    "TriggerTime": 0,
                    "Complete": false
                },
                {
                    "Action": {
                        "RowName": "StartCone",
                        "DataTableName": "D_DropShipActions"
                    },
                    "TriggerTime": 0,
                    "Complete": false
                },
                {
                    "Action": {
                        "RowName": "StartShakeHeavy",
                        "DataTableName": "D_DropShipActions"
                    },
                    "TriggerTime": 0.009999999776482582,
                    "Complete": false
                },
                {
                    "Action": {
                        "RowName": "StartSonicBoomFX",
                        "DataTableName": "D_DropShipActions"
                    },
                    "TriggerTime": 0.019999999552965164,
                    "Complete": false
                },
                {
                    "Action": {
                        "RowName": "LockSeat",
                        "DataTableName": "D_DropShipActions"
                    },
                    "TriggerTime": 0.05000000074505806,
                    "Complete": false
                },
                {
                    "Action": {
                        "RowName": "StopCone",
                        "DataTableName": "D_DropShipActions"
                    },
                    "TriggerTime": 0.5,
                    "Complete": false
                },
                {
                    "Action": {
                        "RowName": "StopShakeHeavy",
                        "DataTableName": "D_DropShipActions"
                    },
                    "TriggerTime": 0.5099999904632568,
                    "Complete": false
                },
                {
                    "Action": {
                        "RowName": "StartShakeLight",
                        "DataTableName": "D_DropShipActions"
                    },
                    "TriggerTime": 0.5199999809265137,
                    "Complete": false
                },
                {
                    "Action": {
                        "RowName": "StartLandingThrusterFX",
                        "DataTableName": "D_DropShipActions"
                    },
                    "TriggerTime": 0.6000000238418579,
                    "Complete": false
                },
                {
                    "Action": {
                        "RowName": "SlowDescent",
                        "DataTableName": "D_DropShipActions"
                    },
                    "TriggerTime": 0.699999988079071,
                    "Complete": false
                },
                {
                    "Action": {
                        "RowName": "DeployFeet",
                        "DataTableName": "D_DropShipActions"
                    },
                    "TriggerTime": 0.800000011920929,
                    "Complete": false
                },
                {
                    "Action": {
                        "RowName": "StopLandingThrusterFX",
                        "DataTableName": "D_DropShipActions"
                    },
                    "TriggerTime": 0.8399999737739563,
                    "Complete": false
                },
                {
                    "Action": {
                        "RowName": "StopEngine",
                        "DataTableName": "D_DropShipActions"
                    },
                    "TriggerTime": 0.8299999833106995,
                    "Complete": false
                },
                {
                    "Action": {
                        "RowName": "StopShakeLight",
                        "DataTableName": "D_DropShipActions"
                    },
                    "TriggerTime": 0.8399999737739563,
                    "Complete": false
                },
                {
                    "Action": {
                        "RowName": "TouchDown",
                        "DataTableName": "D_DropShipActions"
                    },
                    "TriggerTime": 0.8500000238418579,
                    "Complete": false
                },
                {
                    "Action": {
                        "RowName": "OpenDoor",
                        "DataTableName": "D_DropShipActions"
                    },
                    "TriggerTime": 0.9399999976158142,
                    "Complete": false
                },
                {
                    "Action": {
                        "RowName": "UnlockSeat",
                        "DataTableName": "D_DropShipActions"
                    },
                    "TriggerTime": 0.9900000095367432,
                    "Complete": false
                },
                {
                    "Action": {
                        "RowName": "ExitSeat",
                        "DataTableName": "D_DropShipActions"
                    },
                    "TriggerTime": 1,
                    "Complete": false
                }
            ],
            "Trajectory": "CurveFloat'/Game/BP/DropShipEditor/DropShip_Descent.DropShip_Descent'"
        },
        {
            "Name": "Basic_Ascent",
            "Events": [
                {
                    "Action": {
                        "RowName": "EnterSeat",
                        "DataTableName": "D_DropShipActions"
                    },
                    "TriggerTime": 0,
                    "Complete": false
                },
                {
                    "Action": {
                        "RowName": "LockSeat",
                        "DataTableName": "D_DropShipActions"
                    },
                    "TriggerTime": 0.009999999776482582,
                    "Complete": false
                },
                {
                    "Action": {
                        "RowName": "CloseDoor",
                        "DataTableName": "D_DropShipActions"
                    },
                    "TriggerTime": 0.10000000149011612,
                    "Complete": false
                },
                {
                    "Action": {
                        "RowName": "StartEngine",
                        "DataTableName": "D_DropShipActions"
                    },
                    "TriggerTime": 0.20000000298023224,
                    "Complete": false
                },
                {
                    "Action": {
                        "RowName": "StartShakeLight",
                        "DataTableName": "D_DropShipActions"
                    },
                    "TriggerTime": 0.20999999344348907,
                    "Complete": false
                },
                {
                    "Action": {
                        "RowName": "StartTakeoffThrusterFX",
                        "DataTableName": "D_DropShipActions"
                    },
                    "TriggerTime": 0.20000000298023224,
                    "Complete": false
                },
                {
                    "Action": {
                        "RowName": "StopShakeLight",
                        "DataTableName": "D_DropShipActions"
                    },
                    "TriggerTime": 0.4050000011920929,
                    "Complete": false
                },
                {
                    "Action": {
                        "RowName": "StartShakeHeavy",
                        "DataTableName": "D_DropShipActions"
                    },
                    "TriggerTime": 0.4099999964237213,
                    "Complete": false
                },
                {
                    "Action": {
                        "RowName": "RetractFeet",
                        "DataTableName": "D_DropShipActions"
                    },
                    "TriggerTime": 0.5,
                    "Complete": false
                },
                {
                    "Action": {
                        "RowName": "StopShakeHeavy",
                        "DataTableName": "D_DropShipActions"
                    },
                    "TriggerTime": 0.949999988079071,
                    "Complete": false
                }
            ],
            "Trajectory": "CurveFloat'/Game/BP/DropShipEditor/DropShip_AscentCurve.DropShip_AscentCurve'"
        },
        {
            "Name": "Respawn_Descent",
            "Events": [
                {
                    "Action": {
                        "RowName": "StartEngine",
                        "DataTableName": "D_DropShipActions"
                    },
                    "TriggerTime": 0,
                    "Complete": false
                },
                {
                    "Action": {
                        "RowName": "EnterSeat",
                        "DataTableName": "D_DropShipActions"
                    },
                    "TriggerTime": 0.009999999776482582,
                    "Complete": false
                },
                {
                    "Action": {
                        "RowName": "LockSeat",
                        "DataTableName": "D_DropShipActions"
                    },
                    "TriggerTime": 0.05000000074505806,
                    "Complete": false
                },
                {
                    "Action": {
                        "RowName": "SlowDescent",
                        "DataTableName": "D_DropShipActions"
                    },
                    "TriggerTime": 0.8999999761581421,
                    "Complete": false
                },
                {
                    "Action": {
                        "RowName": "StopEngine",
                        "DataTableName": "D_DropShipActions"
                    },
                    "TriggerTime": 0.9700000286102295,
                    "Complete": false
                },
                {
                    "Action": {
                        "RowName": "TouchDown",
                        "DataTableName": "D_DropShipActions"
                    },
                    "TriggerTime": 0.9700000286102295,
                    "Complete": false
                },
                {
                    "Action": {
                        "RowName": "OpenDoor",
                        "DataTableName": "D_DropShipActions"
                    },
                    "TriggerTime": 0.9800000190734863,
                    "Complete": false
                },
                {
                    "Action": {
                        "RowName": "UnlockSeat",
                        "DataTableName": "D_DropShipActions"
                    },
                    "TriggerTime": 0.9900000095367432,
                    "Complete": false
                },
                {
                    "Action": {
                        "RowName": "ExitSeat",
                        "DataTableName": "D_DropShipActions"
                    },
                    "TriggerTime": 1,
                    "Complete": false
                }
            ],
            "Trajectory": "CurveFloat'/Game/BP/DropShipEditor/Respawn_Descent.Respawn_Descent'"
        }
    ]
}