{
    "RowStruct": "/Script/Icarus.IcarusAtmosphere",
    "Defaults": {
        "AtmosphereName": "None",
        "Image_Small": "None",
        "Image_Medium": "None",
        "Image_Large": "None"
    },
    "GenerateEnum": true,
    "Rows": [
        {
            "Name": "Cave",
            "AtmosphereName": "NSLOCTEXT(\"D_Atmospheres\", \"Cave-AtmosphereName\", \"Cave\")",
            "Image_Small": "/Game/Assets/2DArt/UI/FieldGuide/Dioramas/T_Bestiary_Diorama_Cave_Small.T_Bestiary_Diorama_Cave_Small",
            "Image_Medium": "/Game/Assets/2DArt/UI/FieldGuide/Dioramas/T_Bestiary_Diorama_Cave_Large.T_Bestiary_Diorama_Cave_Large",
            "Image_Large": "/Game/Assets/2DArt/UI/FieldGuide/Dioramas/T_Bestiary_Diorama_Forest_Big.T_Bestiary_Diorama_Forest_Big"
        },
        {
            "Name": "Conifer",
            "AtmosphereName": "NSLOCTEXT(\"D_Atmospheres\", \"Conifer-AtmosphereName\", \"Forest\")",
            "Image_Small": "/Game/Assets/2DArt/UI/FieldGuide/Dioramas/T_Bestiary_Diorama_Forest_Small.T_Bestiary_Diorama_Forest_Small",
            "Image_Medium": "/Game/Assets/2DArt/UI/FieldGuide/Dioramas/T_Bestiary_Diorama_Forest_Med.T_Bestiary_Diorama_Forest_Med",
            "Image_Large": "/Game/Assets/2DArt/UI/FieldGuide/Dioramas/T_Bestiary_Diorama_Forest_Big.T_Bestiary_Diorama_Forest_Big"
        },
        {
            "Name": "Arctic",
            "AtmosphereName": "NSLOCTEXT(\"D_Atmospheres\", \"Arctic-AtmosphereName\", \"Arctic\")",
            "Image_Small": "/Game/Assets/2DArt/UI/FieldGuide/Dioramas/T_Bestiary_Diorama_Arctic_Small.T_Bestiary_Diorama_Arctic_Small",
            "Image_Medium": "/Game/Assets/2DArt/UI/FieldGuide/Dioramas/T_Bestiary_Diorama_Arctic_Med.T_Bestiary_Diorama_Arctic_Med",
            "Image_Large": "/Game/Assets/2DArt/UI/FieldGuide/Dioramas/T_Bestiary_Diorama_Arctic_Big.T_Bestiary_Diorama_Arctic_Big"
        },
        {
            "Name": "Desert",
            "AtmosphereName": "NSLOCTEXT(\"D_Atmospheres\", \"Desert-AtmosphereName\", \"Desert\")",
            "Image_Small": "/Game/Assets/2DArt/UI/FieldGuide/Dioramas/T_Bestiary_Diorama_Swamp_M.T_Bestiary_Diorama_Swamp_M",
            "Image_Medium": "/Game/Assets/2DArt/UI/FieldGuide/Dioramas/T_Bestiary_Diorama_Desert_XL.T_Bestiary_Diorama_Desert_XL",
            "Image_Large": "/Game/Assets/2DArt/UI/FieldGuide/Dioramas/T_Bestiary_Diorama_Desert_XXL.T_Bestiary_Diorama_Desert_XXL"
        },
        {
            "Name": "Swamp",
            "AtmosphereName": "NSLOCTEXT(\"D_Atmospheres\", \"Swamp-AtmosphereName\", \"Swamp\")",
            "Image_Small": "/Game/Assets/2DArt/UI/FieldGuide/Dioramas/T_Bestiary_Diorama_Swamp_Small.T_Bestiary_Diorama_Swamp_Small",
            "Image_Medium": "/Game/Assets/2DArt/UI/FieldGuide/Dioramas/T_Bestiary_Diorama_Swamp_M.T_Bestiary_Diorama_Swamp_M",
            "Image_Large": "/Game/Assets/2DArt/UI/FieldGuide/Dioramas/T_Bestiary_Diorama_Swamp_L.T_Bestiary_Diorama_Swamp_L"
        },
        {
            "Name": "Volcanic",
            "AtmosphereName": "NSLOCTEXT(\"D_Atmospheres\", \"Volcanic-AtmosphereName\", \"Volcanic\")",
            "Image_Small": "/Game/Assets/2DArt/UI/FieldGuide/Dioramas/T_Bestiary_Diorama_Lava_M.T_Bestiary_Diorama_Lava_M",
            "Image_Medium": "/Game/Assets/2DArt/UI/FieldGuide/Dioramas/T_Bestiary_Diorama_Lava_L.T_Bestiary_Diorama_Lava_L",
            "Image_Large": "/Game/Assets/2DArt/UI/FieldGuide/Dioramas/T_Bestiary_Diorama_Lava_XL.T_Bestiary_Diorama_Lava_XL"
        },
        {
            "Name": "Grasslands",
            "AtmosphereName": "NSLOCTEXT(\"D_Atmospheres\", \"Grasslands-AtmosphereName\", \"Grasslands\")",
            "Image_Small": "/Game/Assets/2DArt/UI/FieldGuide/Dioramas/T_Bestiary_Diorama_Grasslands_Small.T_Bestiary_Diorama_Grasslands_Small",
            "Image_Medium": "/Game/Assets/2DArt/UI/FieldGuide/Dioramas/T_Bestiary_Diorama_Grasslands_M.T_Bestiary_Diorama_Grasslands_M",
            "Image_Large": "/Game/Assets/2DArt/UI/FieldGuide/Dioramas/T_Bestiary_Diorama_Grasslands_L.T_Bestiary_Diorama_Grasslands_L"
        },
        {
            "Name": "Workshop",
            "AtmosphereName": "NSLOCTEXT(\"D_Atmospheres\", \"Workshop-AtmosphereName\", \"Workshop\")",
            "Image_Small": "/Game/Assets/2DArt/UI/FieldGuide/Dioramas/T_Bestiaryd_Space_SML.T_Bestiaryd_Space_SML",
            "Image_Medium": "/Game/Assets/2DArt/UI/FieldGuide/Dioramas/T_Bestiaryd_Space_MED.T_Bestiaryd_Space_MED",
            "Image_Large": "/Game/Assets/2DArt/UI/FieldGuide/Dioramas/T_Bestiaryd_Space_LRG.T_Bestiaryd_Space_LRG"
        }
    ]
}