{
    "RowStruct": "/Script/Icarus.IcarusTerrain",
    "Defaults": {
        "TerrainName": "None",
        "Level": "None",
        "TemperatureMap": "None",
        "TemperatureMapRange": {
            "X": -5,
            "Y": 5
        },
        "BiomeMap": "None",
        "Bounds": "None",
        "SpawnConfig": {
            "RowName": "None",
            "DataTableName": "D_AISpawnConfig"
        },
        "FishConfig": {
            "RowName": "None",
            "DataTableName": "D_FishSpawnConfig"
        },
        "AudioZoneMap": "None"
    },
    "Rows": [
        {
            "Name": "Terrain_016",
            "TerrainName": "NSLOCTEXT(\"D_Terrains\", \"Terrain_016-TerrainName\", \"Olympus\")",
            "Level": "/Game/Maps/Terrain_016_OLY/Terrain_016.Terrain_016",
            "BiomeMap": "/Game/Heatmaps/Terrain_016_OLY/GT_Terrain016_Biome.GT_Terrain016_Biome",
            "Bounds": "/Game/Heatmaps/Terrain_016_OLY/GT_Terrain016_Bounds_Impassable.GT_Terrain016_Bounds_Impassable",
            "SpawnConfig": {
                "RowName": "Olympus"
            },
            "FishConfig": {
                "RowName": "Olympus"
            },
            "AudioZoneMap": "/Game/Heatmaps/Terrain_016_OLY/GT_Terrain016_Audio.GT_Terrain016_Audio"
        },
        {
            "Name": "Terrain_017",
            "TerrainName": "NSLOCTEXT(\"D_Terrains\", \"Terrain_017-TerrainName\", \"Styx\")",
            "Level": "/Game/Maps/Terrain_017_STYX/Terrain_017.Terrain_017",
            "BiomeMap": "/Game/Heatmaps/Terrain_017_STYX/GT_Terrain017_Biome.GT_Terrain017_Biome",
            "Bounds": "/Game/Heatmaps/Terrain_017_STYX/GT_Terrain017_Bounds_Impassable.GT_Terrain017_Bounds_Impassable",
            "SpawnConfig": {
                "RowName": "Styx"
            },
            "FishConfig": {
                "RowName": "Styx"
            },
            "AudioZoneMap": "/Game/Heatmaps/Terrain_017_STYX/GT_Terrain017_Audio.GT_Terrain017_Audio"
        },
        {
            "Name": "Terrain_019",
            "TerrainName": "NSLOCTEXT(\"D_Terrains\", \"Terrain_019-TerrainName\", \"Prometheus\")",
            "Level": "/Game/Maps/Terrain_019_DLC/Terrain_019.Terrain_019",
            "TemperatureMap": "/Game/Heatmaps/Terrain_019_DLC/GT_Terrain019_Temperature.GT_Terrain019_Temperature",
            "TemperatureMapRange": {
                "Y": 100
            },
            "BiomeMap": "/Game/Heatmaps/Terrain_019_DLC/GT_Terrain019_Biome.GT_Terrain019_Biome",
            "Bounds": "/Game/Heatmaps/Terrain_019_DLC/GT_Terrain019_Bounds_Impassable.GT_Terrain019_Bounds_Impassable",
            "SpawnConfig": {
                "RowName": "Prometheus_V2"
            },
            "FishConfig": {
                "RowName": "Prometheus"
            },
            "AudioZoneMap": "/Game/Heatmaps/Terrain_019_DLC/GT_Terrain019_Audio.GT_Terrain019_Audio",
            "Metadata": {
                "RequiredFeatureLevel": {
                    "RowName": "NewFrontiers"
                }
            }
        },
        {
            "Name": "Outpost_002",
            "TerrainName": "NSLOCTEXT(\"D_Terrains\", \"Outpost_002-TerrainName\", \"Forest Outpost\")",
            "Level": "/Game/Maps/Outpost_002/Outpost_002.Outpost_002",
            "BiomeMap": "/Game/Heatmaps/Outpost_001/GT_Outpost001_Biome.GT_Outpost001_Biome",
            "SpawnConfig": {
                "RowName": "Outpost_Forest"
            },
            "FishConfig": {
                "RowName": "Outpost_Forest"
            }
        },
        {
            "Name": "Outpost_003",
            "TerrainName": "NSLOCTEXT(\"D_Terrains\", \"Outpost_003-TerrainName\", \"Arctic Outpost\")",
            "Level": "/Game/Maps/Outpost_003/Outpost_003.Outpost_003",
            "BiomeMap": "/Game/Heatmaps/Outpost_003/GT_Outpost003_Biome.GT_Outpost003_Biome",
            "SpawnConfig": {
                "RowName": "Outpost_Arctic"
            },
            "FishConfig": {
                "RowName": "Outpost_Arctic"
            }
        },
        {
            "Name": "Outpost_004",
            "TerrainName": "NSLOCTEXT(\"D_Terrains\", \"Outpost_004-TerrainName\", \"Desert Outpost\")",
            "Level": "/Game/Maps/Outpost_004/Outpost_004.Outpost_004",
            "BiomeMap": "/Game/Heatmaps/Outpost_004/GT_Outpost004_Biome.GT_Outpost004_Biome",
            "SpawnConfig": {
                "RowName": "Outpost_Desert"
            },
            "FishConfig": {
                "RowName": "Outpost_Desert"
            }
        },
        {
            "Name": "Outpost_005",
            "TerrainName": "NSLOCTEXT(\"D_Terrains\", \"Outpost_005-TerrainName\", \"Forest Outpost 2\")",
            "Level": "/Game/Maps/Outpost_005/Outpost_005.Outpost_005",
            "BiomeMap": "/Game/Heatmaps/Outpost_001/GT_Outpost001_Biome.GT_Outpost001_Biome",
            "SpawnConfig": {
                "RowName": "Outpost_Forest"
            },
            "FishConfig": {
                "RowName": "Outpost_Forest_2"
            }
        },
        {
            "Name": "Outpost_006",
            "TerrainName": "NSLOCTEXT(\"D_Terrains\", \"Outpost_006-TerrainName\", \"Forest Outpost 3\")",
            "Level": "/Game/Maps/Outpost_006/Outpost_006.Outpost_006",
            "BiomeMap": "/Game/Heatmaps/Outpost_001/GT_Outpost001_Biome.GT_Outpost001_Biome",
            "SpawnConfig": {
                "RowName": "Outpost_Forest"
            },
            "FishConfig": {
                "RowName": "Outpost_Forest_3"
            }
        },
        {
            "Name": "Outpost_007",
            "TerrainName": "NSLOCTEXT(\"D_Terrains\", \"Outpost_007-TerrainName\", \"Desert Outpost 2\")",
            "Level": "/Game/Maps/Outpost_007/Outpost_007.Outpost_007",
            "BiomeMap": "/Game/Heatmaps/Outpost_004/GT_Outpost004_Biome.GT_Outpost004_Biome",
            "SpawnConfig": {
                "RowName": "Outpost_Desert"
            },
            "FishConfig": {
                "RowName": "Outpost_Desert_2"
            }
        },
        {
            "Name": "Outpost_008",
            "TerrainName": "NSLOCTEXT(\"D_Terrains\", \"Outpost_008-TerrainName\", \"Arctic Outpost 2\")",
            "Level": "/Game/Maps/Outpost_008/Outpost_008.Outpost_008",
            "BiomeMap": "/Game/Heatmaps/Outpost_003/GT_Outpost003_Biome.GT_Outpost003_Biome",
            "SpawnConfig": {
                "RowName": "Outpost_Arctic"
            },
            "FishConfig": {
                "RowName": "Outpost_Arctic_2"
            }
        },
        {
            "Name": "Space",
            "TerrainName": "NSLOCTEXT(\"D_Terrains\", \"Space-TerrainName\", \"Orbit\")",
            "Level": "/Game/Maps/Outpost_002/Outpost_002.Outpost_002",
            "BiomeMap": "/Game/Heatmaps/Outpost_001/GT_Outpost001_Biome.GT_Outpost001_Biome",
            "SpawnConfig": {
                "RowName": "Olympus"
            },
            "FishConfig": {
                "RowName": "Olympus"
            }
        }
    ]
}