{
    "RowStruct": "/Script/Icarus.CharacterGrowth",
    "Defaults": {
        "ExperienceCurve": "None",
        "AttributeCurve": "None",
        "BlueprintPointsPerLevel": "None",
        "TalentPointsPerLevel": "None",
        "SoloPointsPerLevel": "None",
        "MaxDisplayLevel": 2000,
        "MaxLevel": 2000
    },
    "GenerateEnum": true,
    "Rows": [{
            "Name": "Player",
            "ExperienceCurve": "CurveFloat'/Game/Data/Character/C_PlayerExperienceGrowth.C_PlayerExperienceGrowth'",
            "AttributeCurve": "CurveFloat'/Game/Data/Character/C_PlayerAttributeGrowth.C_PlayerAttributeGrowth'",
            "BlueprintPointsPerLevel": "CurveFloat'/Game/Data/Character/C_PlayerBlueprintGrowth.C_PlayerBlueprintGrowth'",
            "TalentPointsPerLevel": "CurveFloat'/Game/Data/Character/C_PlayerTalentGrowth.C_PlayerTalentGrowth'",
            "SoloPointsPerLevel": "CurveFloat'/Game/Data/Character/C_SoloTalentGrowth.C_SoloTalentGrowth'",
            "MaxDisplayLevel": 2000,
            "MaxLevel": 2000
        },
        {
            "Name": "AI",
            "ExperienceCurve": "CurveFloat'/Game/Data/Character/C_PlayerExperienceGrowth.C_PlayerExperienceGrowth'",
            "AttributeCurve": "CurveFloat'/Game/Data/Character/C_PlayerAttributeGrowth.C_PlayerAttributeGrowth'"
        }
    ]
}