{
    "RowStruct": "/Script/Icarus.DropGroupCosmeticData",
    "Defaults": {
        "DropGroupName": "",
        "DropGroupDescription": "",
        "DropGroupIcon": "None",
        "DropGroupBackground": "None",
        "bVisibleInDropSelectionScreen": true,
        "AssociatedTerrain": {
            "RowName": "None",
            "DataTableName": "D_Terrains"
        },
        "DropGroupIndex": -1,
        "Temperature": "Normal",
        "Food": "Medium",
        "Water": "Medium",
        "Oxygen": "Medium",
        "Wood": "Medium",
        "Rock": "Medium",
        "Ore": "Medium",
        "AggressiveCreatures": "Medium",
        "PassiveCreatures": "Medium"
    },
    "Rows": [
        {
            "Name": "OLY_Conifer_01",
            "DropGroupName": "NSLOCTEXT(\"D_DropGroups\", \"OLY_Conifer_01-DropGroupName\", \"Conifer I\")",
            "DropGroupBackground": "/Game/Assets/2DArt/UI/ProspectSelect/Images/T_Prospect_Forest_Building01_Large.T_Prospect_Forest_Building01_Large",
            "AssociatedTerrain": {
                "RowName": "Terrain_016"
            },
            "DropGroupIndex": 0,
            "Food": "High",
            "Wood": "High",
            "Rock": "High",
            "PassiveCreatures": "High"
        },
        {
            "Name": "OLY_Conifer_02",
            "DropGroupName": "NSLOCTEXT(\"D_DropGroups\", \"OLY_Conifer_02-DropGroupName\", \"Conifer II\")",
            "DropGroupBackground": "/Game/Assets/2DArt/UI/ProspectSelect/Images/T_Prospect_Forest_Construction01_Large.T_Prospect_Forest_Construction01_Large",
            "AssociatedTerrain": {
                "RowName": "Terrain_016"
            },
            "DropGroupIndex": 12,
            "Food": "High",
            "Wood": "High",
            "Rock": "High",
            "PassiveCreatures": "High"
        },
        {
            "Name": "OLY_Desert_01",
            "DropGroupName": "NSLOCTEXT(\"D_DropGroups\", \"OLY_Desert_01-DropGroupName\", \"Desert I\")",
            "DropGroupBackground": "/Game/Assets/2DArt/UI/ProspectSelect/Images/T_Prospect_Desert_Delivery01_Large.T_Prospect_Desert_Delivery01_Large",
            "AssociatedTerrain": {
                "RowName": "Terrain_016"
            },
            "DropGroupIndex": 15,
            "Temperature": "Hot",
            "Water": "Low",
            "Oxygen": "Low",
            "Wood": "Low",
            "AggressiveCreatures": "High"
        },
        {
            "Name": "OLY_Desert_02",
            "DropGroupName": "NSLOCTEXT(\"D_DropGroups\", \"OLY_Desert_02-DropGroupName\", \"Desert II\")",
            "DropGroupBackground": "/Game/Assets/2DArt/UI/ProspectSelect/Images/T_Prospect_Desert_Lurker01_Large.T_Prospect_Desert_Lurker01_Large",
            "AssociatedTerrain": {
                "RowName": "Terrain_016"
            },
            "DropGroupIndex": 27,
            "Temperature": "Hot",
            "Water": "Low",
            "Oxygen": "Low",
            "Wood": "Low",
            "AggressiveCreatures": "High"
        },
        {
            "Name": "OLY_Arctic_01",
            "DropGroupName": "NSLOCTEXT(\"D_DropGroups\", \"OLY_Arctic_01-DropGroupName\", \"Arctic I\")",
            "DropGroupBackground": "/Game/Assets/2DArt/UI/ProspectSelect/Images/T_Prospect_Arctic_HeavyFog01_Large.T_Prospect_Arctic_HeavyFog01_Large",
            "AssociatedTerrain": {
                "RowName": "Terrain_016"
            },
            "DropGroupIndex": 2,
            "Temperature": "Cold",
            "Wood": "Low",
            "Rock": "Low",
            "AggressiveCreatures": "High",
            "PassiveCreatures": "Low"
        },
        {
            "Name": "STYX_Conifer_01",
            "DropGroupName": "NSLOCTEXT(\"D_DropGroups\", \"STYX_Conifer_01-DropGroupName\", \"Ring Lake\")",
            "DropGroupBackground": "/Game/Assets/2DArt/UI/ProspectSelect/Images/T_Prospect_Forest_Building01_Large.T_Prospect_Forest_Building01_Large",
            "AssociatedTerrain": {
                "RowName": "Terrain_017"
            },
            "DropGroupIndex": 15,
            "Wood": "High",
            "Rock": "High",
            "PassiveCreatures": "High"
        },
        {
            "Name": "STYX_Conifer_02",
            "DropGroupName": "NSLOCTEXT(\"D_DropGroups\", \"STYX_Conifer_02-DropGroupName\", \"Great River\")",
            "DropGroupBackground": "/Game/Assets/2DArt/UI/ProspectSelect/Images/T_Prospect_Forest_Construction01_Large.T_Prospect_Forest_Construction01_Large",
            "AssociatedTerrain": {
                "RowName": "Terrain_017"
            },
            "DropGroupIndex": 21,
            "Wood": "High",
            "Rock": "High",
            "PassiveCreatures": "High"
        },
        {
            "Name": "STYX_Desert_01",
            "DropGroupName": "NSLOCTEXT(\"D_DropGroups\", \"STYX_Desert_01-DropGroupName\", \"Oasis\")",
            "DropGroupBackground": "/Game/Assets/2DArt/UI/ProspectSelect/Images/T_Prospect_Desert_Delivery01_Large.T_Prospect_Desert_Delivery01_Large",
            "AssociatedTerrain": {
                "RowName": "Terrain_017"
            },
            "DropGroupIndex": 12,
            "Temperature": "Hot",
            "Water": "Low",
            "Oxygen": "Low",
            "AggressiveCreatures": "High"
        },
        {
            "Name": "STYX_Desert_02",
            "DropGroupName": "NSLOCTEXT(\"D_DropGroups\", \"STYX_Desert_02-DropGroupName\", \"Dry Ridge\")",
            "DropGroupBackground": "/Game/Assets/2DArt/UI/ProspectSelect/Images/T_Prospect_Desert_Lurker01_Large.T_Prospect_Desert_Lurker01_Large",
            "AssociatedTerrain": {
                "RowName": "Terrain_017"
            },
            "DropGroupIndex": 19,
            "Temperature": "Hot",
            "Water": "Low",
            "Oxygen": "Low",
            "Wood": "Low",
            "AggressiveCreatures": "High"
        },
        {
            "Name": "STYX_Arctic_01",
            "DropGroupName": "NSLOCTEXT(\"D_DropGroups\", \"STYX_Arctic_01-DropGroupName\", \"Ice Flats\")",
            "DropGroupBackground": "/Game/Assets/2DArt/UI/ProspectSelect/Images/T_Prospect_Arctic_HeavyFog01_Large.T_Prospect_Arctic_HeavyFog01_Large",
            "AssociatedTerrain": {
                "RowName": "Terrain_017"
            },
            "DropGroupIndex": 11,
            "Temperature": "Cold",
            "Wood": "Low",
            "Rock": "Low",
            "AggressiveCreatures": "High"
        },
        {
            "Name": "STYX_Arctic_02",
            "DropGroupName": "NSLOCTEXT(\"D_DropGroups\", \"STYX_Arctic_02-DropGroupName\", \"Snowy Plateau\")",
            "DropGroupBackground": "/Game/Assets/2DArt/UI/ProspectSelect/Images/T_Prospect_Arctic_Building01_Large.T_Prospect_Arctic_Building01_Large",
            "AssociatedTerrain": {
                "RowName": "Terrain_017"
            },
            "DropGroupIndex": 6,
            "Temperature": "Cold",
            "Wood": "Low",
            "Rock": "Low",
            "AggressiveCreatures": "High"
        }
    ]
}