{
    "RowStruct": "/Script/Icarus.FishSetup",
    "Defaults": {
        "FishActor": "None",
        "MovementSpeed": 250,
        "SizeRange": {
            "X": 0.10000000149011612,
            "Y": 0.30000001192092896
        },
        "ItemReward": {
            "RowName": "Fish",
            "DataTableName": "D_ItemRewards"
        },
        "bAwarenessEnabled": false,
        "AwarenessMovementSpeed": 400,
        "MaxAwarenessDistance": 200,
        "bAggressive": false,
        "AttackDamage": 50,
        "MovementSound": "None",
        "AttackSound": "None"
    },
    "Rows": [
        {
            "Name": "Fish_Thurston",
            "FishActor": "/Game/Prototypes/Fish/BP_Fish_Thurston.BP_Fish_Thurston_C",
            "MovementSpeed": 300,
            "SizeRange": {
                "X": 1,
                "Y": 1.2000000476837158
            },
            "bAwarenessEnabled": true,
            "AwarenessMovementSpeed": 600,
            "MaxAwarenessDistance": 600,
            "bAggressive": true,
            "AttackDamage": 10,
            "MovementSound": "/Game/FMOD/Events/SFX/Creatures/Movement/FISH/SFX_CRE_FISH_SWIM.SFX_CRE_FISH_SWIM",
            "AttackSound": "/Game/FMOD/Events/SFX/Creatures/Movement/FISH/SFX_CRE_FISH_BITE.SFX_CRE_FISH_BITE"
        },
        {
            "Name": "Fish_Meta",
            "FishActor": "/Game/Prototypes/Fish/BP_Fish_Meta.BP_Fish_Meta_C",
            "SizeRange": {
                "X": 0.7599999904632568,
                "Y": 1.600000023841858
            }
        },
        {
            "Name": "Fish_Eel",
            "FishActor": "/Game/Prototypes/Fish/BP_Fish_Eel.BP_Fish_Eel_C",
            "MovementSpeed": 100,
            "SizeRange": {
                "X": 0.5,
                "Y": 5
            }
        },
        {
            "Name": "Fish_01",
            "FishActor": "/Game/Prototypes/Fish/BP_Fish_01.BP_Fish_01_C",
            "MovementSpeed": 100,
            "SizeRange": {
                "X": 0.7599999904632568,
                "Y": 1.600000023841858
            },
            "bAwarenessEnabled": true,
            "AwarenessMovementSpeed": 300,
            "MaxAwarenessDistance": 600,
            "MovementSound": "/Game/FMOD/Events/SFX/Creatures/Movement/FISH/SFX_CRE_FISH_SWIM.SFX_CRE_FISH_SWIM"
        },
        {
            "Name": "Fish_02",
            "FishActor": "/Game/Prototypes/Fish/BP_Fish_02.BP_Fish_02_C",
            "MovementSpeed": 150,
            "SizeRange": {
                "X": 0.7599999904632568,
                "Y": 1.600000023841858
            },
            "bAwarenessEnabled": true,
            "AwarenessMovementSpeed": 250,
            "MaxAwarenessDistance": 600,
            "MovementSound": "/Game/FMOD/Events/SFX/Creatures/Movement/FISH/SFX_CRE_FISH_SWIM.SFX_CRE_FISH_SWIM"
        },
        {
            "Name": "Fish_03_Aggressive",
            "FishActor": "/Game/Prototypes/Fish/BP_Fish_03.BP_Fish_03_C",
            "MovementSpeed": 100,
            "SizeRange": {
                "X": 1.5,
                "Y": 2
            },
            "bAwarenessEnabled": true,
            "AwarenessMovementSpeed": 200,
            "MaxAwarenessDistance": 800,
            "bAggressive": true,
            "AttackDamage": 3,
            "MovementSound": "/Game/FMOD/Events/SFX/Creatures/Movement/FISH/SFX_CRE_FISH_SWIM.SFX_CRE_FISH_SWIM",
            "AttackSound": "/Game/FMOD/Events/SFX/Creatures/Movement/FISH/SFX_CRE_FISH_BITE.SFX_CRE_FISH_BITE"
        }
    ]
}