{
    "RowStruct": "/Script/Icarus.VoxelMaterialMap",
    "Defaults": {
        "Mesh": "None",
        "Materials": {}
    },
    "Rows": [
        {
            "Name": "GEN_Voxel_02",
            "Mesh": "/Game/ASS/ENV/VOX/SM_ROCK_GEN_Voxel_02.SM_ROCK_GEN_Voxel_02",
            "Materials": {
                "Bauxite": "/Game/ASS/ENV/VOX/M_SM_ROCK_GEN_Voxel_02_Aluminum.M_SM_ROCK_GEN_Voxel_02_Aluminum",
                "Metal": "/Game/ASS/ENV/VOX/M_SM_ROCK_GEN_Voxel_02_Iron.M_SM_ROCK_GEN_Voxel_02_Iron",
                "Oxite": "/Game/ASS/ENV/VOX/M_SM_ROCK_GEN_Voxel_02_Oxite.M_SM_ROCK_GEN_Voxel_02_Oxite",
                "Copper": "/Game/ASS/ENV/VOX/M_SM_ROCK_GEN_Voxel_02_Copper.M_SM_ROCK_GEN_Voxel_02_Copper",
                "Gold": "/Game/ASS/ENV/VOX/M_SM_ROCK_GEN_Voxel_02_Gold.M_SM_ROCK_GEN_Voxel_02_Gold",
                "Sulfur": "/Game/ASS/ENV/VOX/M_SM_ROCK_GEN_Voxel_02_Sulfur.M_SM_ROCK_GEN_Voxel_02_Sulfur",
                "Silica": "/Game/ASS/ENV/VOX/M_SM_ROCK_GEN_Voxel_02_Silica.M_SM_ROCK_GEN_Voxel_02_Silica",
                "Ice": "/Game/ASS/ENV/VOX/M_SM_ROCK_GEN_Voxel_02_Ice.M_SM_ROCK_GEN_Voxel_02_Ice",
                "Platinum": "/Game/ASS/ENV/VOX/M_SM_ROCK_GEN_Voxel_02_Platinum.M_SM_ROCK_GEN_Voxel_02_Platinum",
                "Titanium": "/Game/ASS/ENV/VOX/M_SM_ROCK_GEN_Voxel_02_Titanium.M_SM_ROCK_GEN_Voxel_02_Titanium",
                "Coal": "/Game/ASS/ENV/VOX/M_SM_ROCK_GEN_Voxel_02_Coal.M_SM_ROCK_GEN_Voxel_02_Coal",
                "Exotic_A": "/Game/ASS/ENV/VOX/M_SM_ROCK_CF_Exotic_Voxel_02.M_SM_ROCK_CF_Exotic_Voxel_02"
            }
        },
        {
            "Name": "GEN_Voxel_01",
            "Mesh": "/Game/ASS/ENV/VOX/SM_ROCK_GEN_Voxel_01.SM_ROCK_GEN_Voxel_01",
            "Materials": {
                "Bauxite": "/Game/ASS/ENV/VOX/M_SM_ROCK_GEN_Voxel_01_Aluminum.M_SM_ROCK_GEN_Voxel_01_Aluminum",
                "Metal": "/Game/ASS/ENV/VOX/M_SM_ROCK_GEN_Voxel_01_Iron.M_SM_ROCK_GEN_Voxel_01_Iron",
                "Oxite": "/Game/ASS/ENV/VOX/M_SM_ROCK_GEN_Voxel_01_Oxite.M_SM_ROCK_GEN_Voxel_01_Oxite",
                "Copper": "/Game/ASS/ENV/VOX/M_SM_ROCK_GEN_Voxel_01_Copper.M_SM_ROCK_GEN_Voxel_01_Copper",
                "Gold": "/Game/ASS/ENV/VOX/M_SM_ROCK_GEN_Voxel_01_Gold.M_SM_ROCK_GEN_Voxel_01_Gold",
                "Sulfur": "/Game/ASS/ENV/VOX/M_SM_ROCK_GEN_Voxel_01_Sulfur.M_SM_ROCK_GEN_Voxel_01_Sulfur",
                "Silica": "/Game/ASS/ENV/VOX/M_SM_ROCK_GEN_Voxel_01_Silica.M_SM_ROCK_GEN_Voxel_01_Silica",
                "Ice": "/Game/ASS/ENV/VOX/M_SM_ROCK_GEN_Voxel_01_Ice.M_SM_ROCK_GEN_Voxel_01_Ice",
                "Platinum": "/Game/ASS/ENV/VOX/M_SM_ROCK_GEN_Voxel_01_Platinum.M_SM_ROCK_GEN_Voxel_01_Platinum",
                "Titanium": "/Game/ASS/ENV/VOX/M_SM_ROCK_GEN_Voxel_01_Titanium.M_SM_ROCK_GEN_Voxel_01_Titanium",
                "Coal": "/Game/ASS/ENV/VOX/M_SM_ROCK_GEN_Voxel_01_Coal.M_SM_ROCK_GEN_Voxel_01_Coal"
            }
        },
        {
            "Name": "Gen_Voxel_03",
            "Mesh": "/Game/ASS/ENV/VOX/SM_ROCK_GEN_Voxel_03.SM_ROCK_GEN_Voxel_03",
            "Materials": {
                "Bauxite": "/Game/ASS/ENV/VOX/M_SM_ROCK_GEN_Voxel_03_Aluminum.M_SM_ROCK_GEN_Voxel_03_Aluminum",
                "Metal": "/Game/ASS/ENV/VOX/M_SM_ROCK_GEN_Voxel_03_Iron.M_SM_ROCK_GEN_Voxel_03_Iron",
                "Oxite": "/Game/ASS/ENV/VOX/M_SM_ROCK_GEN_Voxel_03_Oxite.M_SM_ROCK_GEN_Voxel_03_Oxite",
                "Copper": "/Game/ASS/ENV/VOX/M_SM_ROCK_GEN_Voxel_03_Copper.M_SM_ROCK_GEN_Voxel_03_Copper",
                "Gold": "/Game/ASS/ENV/VOX/M_SM_ROCK_GEN_Voxel_03_Gold.M_SM_ROCK_GEN_Voxel_03_Gold",
                "Sulfur": "/Game/ASS/ENV/VOX/M_SM_ROCK_GEN_Voxel_03_Sulfur.M_SM_ROCK_GEN_Voxel_03_Sulfur",
                "Silica": "/Game/ASS/ENV/VOX/M_SM_ROCK_GEN_Voxel_03_Silica.M_SM_ROCK_GEN_Voxel_03_Silica",
                "Ice": "/Game/ASS/ENV/VOX/M_SM_ROCK_GEN_Voxel_03_Ice.M_SM_ROCK_GEN_Voxel_03_Ice",
                "Platinum": "/Game/ASS/ENV/VOX/M_SM_ROCK_GEN_Voxel_03_Platinum.M_SM_ROCK_GEN_Voxel_03_Platinum",
                "Titanium": "/Game/ASS/ENV/VOX/M_SM_ROCK_GEN_Voxel_03_Titanium.M_SM_ROCK_GEN_Voxel_03_Titanium",
                "Coal": "/Game/ASS/ENV/VOX/M_SM_ROCK_GEN_Voxel_03_Coal.M_SM_ROCK_GEN_Voxel_03_Coal"
            }
        },
        {
            "Name": "Gen_Voxel_04",
            "Mesh": "/Game/ASS/ENV/VOX/SM_ROCK_GEN_Voxel_04.SM_ROCK_GEN_Voxel_04",
            "Materials": {
                "Bauxite": "/Game/ASS/ENV/VOX/M_SM_ROCK_GEN_Voxel_04_Aluminum.M_SM_ROCK_GEN_Voxel_04_Aluminum",
                "Metal": "/Game/ASS/ENV/VOX/M_SM_ROCK_GEN_Voxel_04_Iron.M_SM_ROCK_GEN_Voxel_04_Iron",
                "Oxite": "/Game/ASS/ENV/VOX/M_SM_ROCK_GEN_Voxel_04_Oxite.M_SM_ROCK_GEN_Voxel_04_Oxite",
                "Copper": "/Game/ASS/ENV/VOX/M_SM_ROCK_GEN_Voxel_04_Copper.M_SM_ROCK_GEN_Voxel_04_Copper",
                "Gold": "/Game/ASS/ENV/VOX/M_SM_ROCK_GEN_Voxel_04_Gold.M_SM_ROCK_GEN_Voxel_04_Gold",
                "Sulfur": "/Game/ASS/ENV/VOX/M_SM_ROCK_GEN_Voxel_04_Sulfur.M_SM_ROCK_GEN_Voxel_04_Sulfur",
                "Silica": "/Game/ASS/ENV/VOX/M_SM_ROCK_GEN_Voxel_04_Silica.M_SM_ROCK_GEN_Voxel_04_Silica",
                "Ice": "/Game/ASS/ENV/VOX/M_SM_ROCK_GEN_Voxel_04_Ice.M_SM_ROCK_GEN_Voxel_04_Ice",
                "Platinum": "/Game/ASS/ENV/VOX/M_SM_ROCK_GEN_Voxel_04_Platinum.M_SM_ROCK_GEN_Voxel_04_Platinum",
                "Titanium": "/Game/ASS/ENV/VOX/M_SM_ROCK_GEN_Voxel_04_Titanium.M_SM_ROCK_GEN_Voxel_04_Titanium",
                "Coal": "/Game/ASS/ENV/VOX/M_SM_ROCK_GEN_Voxel_04_Coal.M_SM_ROCK_GEN_Voxel_04_Coal",
                "Exotic_A": "/Game/Assets/Developer/DebugMaterials/M_APurple.M_APurple"
            }
        },
        {
            "Name": "Gen_Voxel_05",
            "Mesh": "/Game/ASS/ENV/VOX/SM_ROCK_GEN_Voxel_05.SM_ROCK_GEN_Voxel_05",
            "Materials": {
                "Bauxite": "/Game/ASS/ENV/VOX/M_SM_ROCK_GEN_Voxel_05_Aluminum.M_SM_ROCK_GEN_Voxel_05_Aluminum",
                "Metal": "/Game/ASS/ENV/VOX/M_SM_ROCK_GEN_Voxel_05_Iron.M_SM_ROCK_GEN_Voxel_05_Iron",
                "Oxite": "/Game/ASS/ENV/VOX/M_SM_ROCK_GEN_Voxel_05_Oxite.M_SM_ROCK_GEN_Voxel_05_Oxite",
                "Copper": "/Game/ASS/ENV/VOX/M_SM_ROCK_GEN_Voxel_05_Copper.M_SM_ROCK_GEN_Voxel_05_Copper",
                "Gold": "/Game/ASS/ENV/VOX/M_SM_ROCK_GEN_Voxel_05_Gold.M_SM_ROCK_GEN_Voxel_05_Gold",
                "Sulfur": "/Game/ASS/ENV/VOX/M_SM_ROCK_GEN_Voxel_05_Sulfur.M_SM_ROCK_GEN_Voxel_05_Sulfur",
                "Silica": "/Game/ASS/ENV/VOX/M_SM_ROCK_GEN_Voxel_05_Silica.M_SM_ROCK_GEN_Voxel_05_Silica",
                "Ice": "/Game/ASS/ENV/VOX/M_SM_ROCK_GEN_Voxel_05_Ice.M_SM_ROCK_GEN_Voxel_05_Ice",
                "Platinum": "/Game/ASS/ENV/VOX/M_SM_ROCK_GEN_Voxel_05_Platinum.M_SM_ROCK_GEN_Voxel_05_Platinum",
                "Titanium": "/Game/ASS/ENV/VOX/M_SM_ROCK_GEN_Voxel_05_Titanium.M_SM_ROCK_GEN_Voxel_05_Titanium",
                "Coal": "/Game/ASS/ENV/VOX/M_SM_ROCK_GEN_Voxel_05_Coal.M_SM_ROCK_GEN_Voxel_05_Coal"
            }
        }
    ]
}