{
    "RowStruct": "/Script/Icarus.OrchestrationStateFlag",
    "Defaults": {
        "FlagDescriptor": ""
    },
    "GenerateEnum": true,
    "Rows": [
        {
            "Name": "IcarusHasBegunPlay",
            "FlagDescriptor": "IcarusBeginPlay has fired"
        },
        {
            "Name": "DatabaseReloadRequired",
            "FlagDescriptor": "Set as a needed flag when the event requires database presence"
        },
        {
            "Name": "DatabaseReloaded",
            "FlagDescriptor": "Database has finished loading"
        },
        {
            "Name": "DatabaseReloadCompleted",
            "FlagDescriptor": "Database has finished loading and DatabaseReloadComplete has be broadcast"
        },
        {
            "Name": "RaisedTheCurtain",
            "FlagDescriptor": "We have Raised the Curtain!"
        },
        {
            "Name": "FLODHasSpawned",
            "FlagDescriptor": "Marks that FLOD has spawned!"
        },
        {
            "Name": "FLODHasFinishedLoading",
            "FlagDescriptor": "FLOD has finished loading!"
        },
        {
            "Name": "ActorsPreparedForBeginPlay",
            "FlagDescriptor": "Set when all actors are ready to have IcarusBeginPlay called"
        },
        {
            "Name": "GameModeHasBegunPlay",
            "FlagDescriptor": "The Game Mode has Begun Play!"
        },
        {
            "Name": "ProspectInfoFetched",
            "FlagDescriptor": "The Prospect info has been fetched from the backend"
        },
        {
            "Name": "WorldStatsSet",
            "FlagDescriptor": "The World Stats Have Been Set"
        },
        {
            "Name": "BuildingsFinishedLoading",
            "FlagDescriptor": "Represents all required grid_base operations have finished"
        },
        {
            "Name": "GameModeBuildingCheckComplete",
            "FlagDescriptor": "Check in game mode for no queued building processing occurring passed"
        },
        {
            "Name": "LocalPlayerInitialized",
            "FlagDescriptor": "Set when the Local Player has been created"
        },
        {
            "Name": "PlayerTrackerInitialized",
            "FlagDescriptor": "Set when the Player Tracker subsytem has finished initializing"
        },
        {
            "Name": "MapSubsystemInitialized",
            "FlagDescriptor": "Set when the Map Subsystem has finished initializing"
        }
    ]
}