{
    "RowStruct": "/Script/Icarus.ActionableData",
    "Defaults": {
        "ActionMapping": {},
        "bUseClientPrediction": false,
        "GenericData": []
    },
    "Rows": [
        {
            "Name": "Generic_Melee",
            "ActionMapping": {
                "(RowName=\"Melee_1H_Generic\",DataTableName=\"D_Actions\")": {
                    "InputTypes": {
                        "Primary": {
                            "RowName": "Generic_Melee_1H",
                            "DataTableName": "D_StaminaActionCosts"
                        }
                    },
                    "ModifierState": {
                        "RowName": "None",
                        "DataTableName": "D_ModifierStates"
                    }
                },
                "(RowName=\"Shield\",DataTableName=\"D_Actions\")": {
                    "InputTypes": {
                        "Secondary": {
                            "RowName": "None",
                            "DataTableName": "D_StaminaActionCosts"
                        }
                    },
                    "ModifierState": {
                        "RowName": "None",
                        "DataTableName": "D_ModifierStates"
                    }
                }
            },
            "bUseClientPrediction": true
        },
        {
            "Name": "Deployable",
            "ActionMapping": {
                "(RowName=\"Deployable_Generic\",DataTableName=\"D_Actions\")": {
                    "InputTypes": {
                        "Primary": {
                            "RowName": "None",
                            "DataTableName": "D_StaminaActionCosts"
                        },
                        "Reload": {
                            "RowName": "None",
                            "DataTableName": "D_StaminaActionCosts"
                        },
                        "Secondary": {
                            "RowName": "None",
                            "DataTableName": "D_StaminaActionCosts"
                        }
                    },
                    "ModifierState": {
                        "RowName": "None",
                        "DataTableName": "D_ModifierStates"
                    }
                }
            }
        },
        {
            "Name": "DEV_FlyingHammer",
            "ActionMapping": {
                "(RowName=\"DEV_Flying_Hammer\",DataTableName=\"D_Actions\")": {
                    "InputTypes": {
                        "Primary": {
                            "RowName": "None",
                            "DataTableName": "D_StaminaActionCosts"
                        },
                        "Secondary": {
                            "RowName": "None",
                            "DataTableName": "D_StaminaActionCosts"
                        },
                        "Reload": {
                            "RowName": "None",
                            "DataTableName": "D_StaminaActionCosts"
                        }
                    },
                    "ModifierState": {
                        "RowName": "None",
                        "DataTableName": "D_ModifierStates"
                    }
                }
            }
        },
        {
            "Name": "Light",
            "ActionMapping": {
                "(RowName=\"Melee_1H_Generic\",DataTableName=\"D_Actions\")": {
                    "InputTypes": {
                        "Primary": {
                            "RowName": "None",
                            "DataTableName": "D_StaminaActionCosts"
                        }
                    },
                    "ModifierState": {
                        "RowName": "None",
                        "DataTableName": "D_ModifierStates"
                    }
                },
                "(RowName=\"Light\",DataTableName=\"D_Actions\")": {
                    "InputTypes": {
                        "Secondary": {
                            "RowName": "None",
                            "DataTableName": "D_StaminaActionCosts"
                        }
                    },
                    "ModifierState": {
                        "RowName": "None",
                        "DataTableName": "D_ModifierStates"
                    }
                }
            }
        },
        {
            "Name": "Light_NoMelee",
            "ActionMapping": {
                "(RowName=\"Light\",DataTableName=\"D_Actions\")": {
                    "InputTypes": {
                        "Secondary": {
                            "RowName": "None",
                            "DataTableName": "D_StaminaActionCosts"
                        }
                    },
                    "ModifierState": {
                        "RowName": "None",
                        "DataTableName": "D_ModifierStates"
                    }
                }
            }
        },
        {
            "Name": "Lantern",
            "ActionMapping": {
                "(RowName=\"Light\",DataTableName=\"D_Actions\")": {
                    "InputTypes": {
                        "Secondary": {
                            "RowName": "None",
                            "DataTableName": "D_StaminaActionCosts"
                        }
                    },
                    "ModifierState": {
                        "RowName": "None",
                        "DataTableName": "D_ModifierStates"
                    }
                }
            }
        },
        {
            "Name": "Binoculars",
            "ActionMapping": {
                "(RowName=\"Binoculars\",DataTableName=\"D_Actions\")": {
                    "InputTypes": {
                        "Primary": {
                            "RowName": "None",
                            "DataTableName": "D_StaminaActionCosts"
                        },
                        "Secondary": {
                            "RowName": "None",
                            "DataTableName": "D_StaminaActionCosts"
                        }
                    },
                    "ModifierState": {
                        "RowName": "None",
                        "DataTableName": "D_ModifierStates"
                    }
                }
            },
            "bUseClientPrediction": true
        },
        {
            "Name": "Generic_Consumable",
            "ActionMapping": {
                "(RowName=\"Generic_Consumable\",DataTableName=\"D_Actions\")": {
                    "InputTypes": {
                        "Primary": {
                            "RowName": "None",
                            "DataTableName": "D_StaminaActionCosts"
                        }
                    },
                    "ModifierState": {
                        "RowName": "None",
                        "DataTableName": "D_ModifierStates"
                    }
                },
                "(RowName=\"Feed_Mount\",DataTableName=\"D_Actions\")": {
                    "InputTypes": {
                        "Secondary": {
                            "RowName": "None",
                            "DataTableName": "D_StaminaActionCosts"
                        }
                    },
                    "ModifierState": {
                        "RowName": "None",
                        "DataTableName": "D_ModifierStates"
                    }
                }
            }
        },
        {
            "Name": "RoadPlace",
            "ActionMapping": {
                "(RowName=\"RoadPlace\",DataTableName=\"D_Actions\")": {
                    "InputTypes": {
                        "Primary": {
                            "RowName": "None",
                            "DataTableName": "D_StaminaActionCosts"
                        },
                        "Secondary": {
                            "RowName": "None",
                            "DataTableName": "D_StaminaActionCosts"
                        },
                        "Reload": {
                            "RowName": "None",
                            "DataTableName": "D_StaminaActionCosts"
                        }
                    },
                    "ModifierState": {
                        "RowName": "None",
                        "DataTableName": "D_ModifierStates"
                    }
                }
            }
        },
        {
            "Name": "PowerPlace",
            "ActionMapping": {
                "(RowName=\"PowerPlace\",DataTableName=\"D_Actions\")": {
                    "InputTypes": {
                        "Primary": {
                            "RowName": "None",
                            "DataTableName": "D_StaminaActionCosts"
                        },
                        "Secondary": {
                            "RowName": "None",
                            "DataTableName": "D_StaminaActionCosts"
                        },
                        "Reload": {
                            "RowName": "None",
                            "DataTableName": "D_StaminaActionCosts"
                        }
                    },
                    "ModifierState": {
                        "RowName": "None",
                        "DataTableName": "D_ModifierStates"
                    }
                }
            }
        },
        {
            "Name": "WaterPlace",
            "ActionMapping": {
                "(RowName=\"WaterPlace\",DataTableName=\"D_Actions\")": {
                    "InputTypes": {
                        "Primary": {
                            "RowName": "None",
                            "DataTableName": "D_StaminaActionCosts"
                        },
                        "Secondary": {
                            "RowName": "None",
                            "DataTableName": "D_StaminaActionCosts"
                        },
                        "Reload": {
                            "RowName": "None",
                            "DataTableName": "D_StaminaActionCosts"
                        }
                    },
                    "ModifierState": {
                        "RowName": "None",
                        "DataTableName": "D_ModifierStates"
                    }
                }
            }
        },
        {
            "Name": "FuelPlace",
            "ActionMapping": {
                "(RowName=\"FuelPlace\",DataTableName=\"D_Actions\")": {
                    "InputTypes": {
                        "Primary": {
                            "RowName": "None",
                            "DataTableName": "D_StaminaActionCosts"
                        },
                        "Secondary": {
                            "RowName": "None",
                            "DataTableName": "D_StaminaActionCosts"
                        },
                        "Reload": {
                            "RowName": "None",
                            "DataTableName": "D_StaminaActionCosts"
                        }
                    },
                    "ModifierState": {
                        "RowName": "None",
                        "DataTableName": "D_ModifierStates"
                    }
                }
            }
        },
        {
            "Name": "Generic_Fillable",
            "ActionMapping": {
                "(RowName=\"Generic_Fillable\",DataTableName=\"D_Actions\")": {
                    "InputTypes": {
                        "Primary": {
                            "RowName": "None",
                            "DataTableName": "D_StaminaActionCosts"
                        }
                    },
                    "ModifierState": {
                        "RowName": "None",
                        "DataTableName": "D_ModifierStates"
                    }
                }
            }
        },
        {
            "Name": "DEV_Fireball",
            "ActionMapping": {
                "(RowName=\"Throw_1H_Generic\",DataTableName=\"D_Actions\")": {
                    "InputTypes": {
                        "Primary": {
                            "RowName": "None",
                            "DataTableName": "D_StaminaActionCosts"
                        },
                        "Secondary": {
                            "RowName": "None",
                            "DataTableName": "D_StaminaActionCosts"
                        }
                    },
                    "ModifierState": {
                        "RowName": "None",
                        "DataTableName": "D_ModifierStates"
                    }
                }
            },
            "bUseClientPrediction": true
        },
        {
            "Name": "Grenade",
            "ActionMapping": {
                "(RowName=\"Throw_Grenade\",DataTableName=\"D_Actions\")": {
                    "InputTypes": {
                        "Primary": {
                            "RowName": "Grenade_Throw",
                            "DataTableName": "D_StaminaActionCosts"
                        }
                    },
                    "ModifierState": {
                        "RowName": "None",
                        "DataTableName": "D_ModifierStates"
                    }
                }
            },
            "bUseClientPrediction": true
        },
        {
            "Name": "Dev_Inspection_Tool",
            "ActionMapping": {
                "(RowName=\"Dev_Inspection_Tool\",DataTableName=\"D_Actions\")": {
                    "InputTypes": {
                        "Primary": {
                            "RowName": "None",
                            "DataTableName": "D_StaminaActionCosts"
                        },
                        "Secondary": {
                            "RowName": "None",
                            "DataTableName": "D_StaminaActionCosts"
                        },
                        "Reload": {
                            "RowName": "None",
                            "DataTableName": "D_StaminaActionCosts"
                        }
                    },
                    "ModifierState": {
                        "RowName": "None",
                        "DataTableName": "D_ModifierStates"
                    }
                }
            }
        },
        {
            "Name": "Deployable_Large",
            "ActionMapping": {
                "(RowName=\"Deployable_Large\",DataTableName=\"D_Actions\")": {
                    "InputTypes": {
                        "Primary": {
                            "RowName": "None",
                            "DataTableName": "D_StaminaActionCosts"
                        }
                    },
                    "ModifierState": {
                        "RowName": "None",
                        "DataTableName": "D_ModifierStates"
                    }
                }
            }
        },
        {
            "Name": "Building",
            "ActionMapping": {
                "(RowName=\"Buildings\",DataTableName=\"D_Actions\")": {
                    "InputTypes": {
                        "Primary": {
                            "RowName": "None",
                            "DataTableName": "D_StaminaActionCosts"
                        },
                        "Reload": {
                            "RowName": "None",
                            "DataTableName": "D_StaminaActionCosts"
                        },
                        "Secondary": {
                            "RowName": "None",
                            "DataTableName": "D_StaminaActionCosts"
                        }
                    },
                    "ModifierState": {
                        "RowName": "None",
                        "DataTableName": "D_ModifierStates"
                    }
                }
            }
        },
        {
            "Name": "Meta_Melee",
            "ActionMapping": {
                "(RowName=\"Melee_1H_MetaAxe\",DataTableName=\"D_Actions\")": {
                    "InputTypes": {
                        "Primary": {
                            "RowName": "Generic_Melee_1H",
                            "DataTableName": "D_StaminaActionCosts"
                        }
                    },
                    "ModifierState": {
                        "RowName": "None",
                        "DataTableName": "D_ModifierStates"
                    }
                },
                "(RowName=\"\",DataTableName=\"D_Actions\")": {
                    "InputTypes": {
                        "Secondary": {
                            "RowName": "None",
                            "DataTableName": "D_StaminaActionCosts"
                        }
                    },
                    "ModifierState": {
                        "RowName": "None",
                        "DataTableName": "D_ModifierStates"
                    }
                }
            },
            "bUseClientPrediction": true
        },
        {
            "Name": "Wood_Fishing_Rod",
            "ActionMapping": {
                "(RowName=\"Fishing_Rod\",DataTableName=\"D_Actions\")": {
                    "InputTypes": {
                        "Primary": {
                            "RowName": "None",
                            "DataTableName": "D_StaminaActionCosts"
                        },
                        "Secondary": {
                            "RowName": "None",
                            "DataTableName": "D_StaminaActionCosts"
                        },
                        "Reload": {
                            "RowName": "None",
                            "DataTableName": "D_StaminaActionCosts"
                        }
                    },
                    "ModifierState": {
                        "RowName": "None",
                        "DataTableName": "D_ModifierStates"
                    }
                }
            },
            "bUseClientPrediction": true
        },
        {
            "Name": "Generic_Throwable_1H_Weapon",
            "ActionMapping": {
                "(RowName=\"Melee_1H_Generic\",DataTableName=\"D_Actions\")": {
                    "InputTypes": {
                        "Primary": {
                            "RowName": "Generic_Melee_1H",
                            "DataTableName": "D_StaminaActionCosts"
                        }
                    },
                    "ModifierState": {
                        "RowName": "None",
                        "DataTableName": "D_ModifierStates"
                    }
                },
                "(RowName=\"Throw_1H_Generic\",DataTableName=\"D_Actions\")": {
                    "InputTypes": {
                        "Secondary": {
                            "RowName": "None",
                            "DataTableName": "D_StaminaActionCosts"
                        }
                    },
                    "ModifierState": {
                        "RowName": "None",
                        "DataTableName": "D_ModifierStates"
                    }
                }
            },
            "bUseClientPrediction": true
        },
        {
            "Name": "FireExtinguisher",
            "ActionMapping": {
                "(RowName=\"FireExtinguisher\",DataTableName=\"D_Actions\")": {
                    "InputTypes": {
                        "Primary": {
                            "RowName": "None",
                            "DataTableName": "D_StaminaActionCosts"
                        }
                    },
                    "ModifierState": {
                        "RowName": "None",
                        "DataTableName": "D_ModifierStates"
                    }
                }
            }
        },
        {
            "Name": "FireWhacker",
            "ActionMapping": {
                "(RowName=\"Melee_1H_Extinguish_Fire\",DataTableName=\"D_Actions\")": {
                    "InputTypes": {
                        "Primary": {
                            "RowName": "FireWhacker_Melee",
                            "DataTableName": "D_StaminaActionCosts"
                        }
                    },
                    "ModifierState": {
                        "RowName": "None",
                        "DataTableName": "D_ModifierStates"
                    }
                },
                "(RowName=\"Throw_Firewhacker\",DataTableName=\"D_Actions\")": {
                    "InputTypes": {
                        "Secondary": {
                            "RowName": "Spear_Throw",
                            "DataTableName": "D_StaminaActionCosts"
                        }
                    },
                    "ModifierState": {
                        "RowName": "None",
                        "DataTableName": "D_ModifierStates"
                    }
                }
            },
            "bUseClientPrediction": true
        },
        {
            "Name": "Scanner_DeepOre",
            "ActionMapping": {
                "(RowName=\"Scanner_DeepOre\",DataTableName=\"D_Actions\")": {
                    "InputTypes": {
                        "Primary": {
                            "RowName": "None",
                            "DataTableName": "D_StaminaActionCosts"
                        },
                        "Secondary": {
                            "RowName": "None",
                            "DataTableName": "D_StaminaActionCosts"
                        }
                    },
                    "ModifierState": {
                        "RowName": "None",
                        "DataTableName": "D_ModifierStates"
                    }
                }
            }
        },
        {
            "Name": "Scanner_DeepOre_Advanced",
            "ActionMapping": {
                "(RowName=\"Scanner_DeepOre_Advanced\",DataTableName=\"D_Actions\")": {
                    "InputTypes": {
                        "Primary": {
                            "RowName": "None",
                            "DataTableName": "D_StaminaActionCosts"
                        },
                        "Secondary": {
                            "RowName": "None",
                            "DataTableName": "D_StaminaActionCosts"
                        }
                    },
                    "ModifierState": {
                        "RowName": "None",
                        "DataTableName": "D_ModifierStates"
                    }
                }
            }
        },
        {
            "Name": "Scanner_Cave",
            "ActionMapping": {
                "(RowName=\"Scanner_Cave\",DataTableName=\"D_Actions\")": {
                    "InputTypes": {
                        "Primary": {
                            "RowName": "None",
                            "DataTableName": "D_StaminaActionCosts"
                        },
                        "Secondary": {
                            "RowName": "None",
                            "DataTableName": "D_StaminaActionCosts"
                        }
                    },
                    "ModifierState": {
                        "RowName": "None",
                        "DataTableName": "D_ModifierStates"
                    }
                }
            }
        },
        {
            "Name": "1H_Knife",
            "ActionMapping": {
                "(RowName=\"Melee_1H_Knife\",DataTableName=\"D_Actions\")": {
                    "InputTypes": {
                        "Primary": {
                            "RowName": "Generic_Melee_1H",
                            "DataTableName": "D_StaminaActionCosts"
                        }
                    },
                    "ModifierState": {
                        "RowName": "None",
                        "DataTableName": "D_ModifierStates"
                    }
                }
            },
            "bUseClientPrediction": true
        },
        {
            "Name": "Melee_1HAxe",
            "ActionMapping": {
                "(RowName=\"Melee_1H_Axe\",DataTableName=\"D_Actions\")": {
                    "InputTypes": {
                        "Primary": {
                            "RowName": "Generic_Melee_1H",
                            "DataTableName": "D_StaminaActionCosts"
                        }
                    },
                    "ModifierState": {
                        "RowName": "None",
                        "DataTableName": "D_ModifierStates"
                    }
                }
            },
            "bUseClientPrediction": true
        },
        {
            "Name": "Melee_1HAxe_NoThrow",
            "ActionMapping": {
                "(RowName=\"Melee_1H_Axe\",DataTableName=\"D_Actions\")": {
                    "InputTypes": {
                        "Primary": {
                            "RowName": "Generic_Melee_1H",
                            "DataTableName": "D_StaminaActionCosts"
                        }
                    },
                    "ModifierState": {
                        "RowName": "None",
                        "DataTableName": "D_ModifierStates"
                    }
                }
            },
            "bUseClientPrediction": true
        },
        {
            "Name": "Building_UpgradeTool",
            "ActionMapping": {
                "(RowName=\"Building_UpgradeTool\",DataTableName=\"D_Actions\")": {
                    "InputTypes": {
                        "Primary": {
                            "RowName": "None",
                            "DataTableName": "D_StaminaActionCosts"
                        },
                        "Reload": {
                            "RowName": "None",
                            "DataTableName": "D_StaminaActionCosts"
                        }
                    },
                    "ModifierState": {
                        "RowName": "None",
                        "DataTableName": "D_ModifierStates"
                    }
                }
            },
            "bUseClientPrediction": true
        },
        {
            "Name": "Building_RepairTool",
            "ActionMapping": {
                "(RowName=\"Building_RepairTool\",DataTableName=\"D_Actions\")": {
                    "InputTypes": {
                        "Primary": {
                            "RowName": "Repair_Tool",
                            "DataTableName": "D_StaminaActionCosts"
                        }
                    },
                    "ModifierState": {
                        "RowName": "None",
                        "DataTableName": "D_ModifierStates"
                    }
                }
            },
            "bUseClientPrediction": true
        },
        {
            "Name": "Building_Hammer",
            "ActionMapping": {
                "(RowName=\"Building_RepairTool\",DataTableName=\"D_Actions\")": {
                    "InputTypes": {
                        "Primary": {
                            "RowName": "Repair_Tool",
                            "DataTableName": "D_StaminaActionCosts"
                        }
                    },
                    "ModifierState": {
                        "RowName": "None",
                        "DataTableName": "D_ModifierStates"
                    }
                },
                "(RowName=\"Building_UpgradeTool\",DataTableName=\"D_Actions\")": {
                    "InputTypes": {
                        "Secondary": {
                            "RowName": "None",
                            "DataTableName": "D_StaminaActionCosts"
                        },
                        "Reload": {
                            "RowName": "None",
                            "DataTableName": "D_StaminaActionCosts"
                        }
                    },
                    "ModifierState": {
                        "RowName": "None",
                        "DataTableName": "D_ModifierStates"
                    }
                }
            },
            "bUseClientPrediction": true
        },
        {
            "Name": "DEV_Bug_Tool",
            "ActionMapping": {
                "(RowName=\"DEV_Bug_Tool\",DataTableName=\"D_Actions\")": {
                    "InputTypes": {
                        "Primary": {
                            "RowName": "None",
                            "DataTableName": "D_StaminaActionCosts"
                        },
                        "Secondary": {
                            "RowName": "None",
                            "DataTableName": "D_StaminaActionCosts"
                        },
                        "Reload": {
                            "RowName": "None",
                            "DataTableName": "D_StaminaActionCosts"
                        }
                    },
                    "ModifierState": {
                        "RowName": "None",
                        "DataTableName": "D_ModifierStates"
                    }
                }
            }
        },
        {
            "Name": "Pistol_Handgun",
            "ActionMapping": {
                "(RowName=\"Weapon_Semi_Auto\",DataTableName=\"D_Actions\")": {
                    "InputTypes": {
                        "Primary": {
                            "RowName": "None",
                            "DataTableName": "D_StaminaActionCosts"
                        }
                    },
                    "ModifierState": {
                        "RowName": "None",
                        "DataTableName": "D_ModifierStates"
                    }
                },
                "(RowName=\"Weapon_Generic_Aim\",DataTableName=\"D_Actions\")": {
                    "InputTypes": {
                        "Secondary": {
                            "RowName": "None",
                            "DataTableName": "D_StaminaActionCosts"
                        }
                    },
                    "ModifierState": {
                        "RowName": "None",
                        "DataTableName": "D_ModifierStates"
                    }
                },
                "(RowName=\"Weapon_Magazine\",DataTableName=\"D_Actions\")": {
                    "InputTypes": {
                        "Reload": {
                            "RowName": "None",
                            "DataTableName": "D_StaminaActionCosts"
                        }
                    },
                    "ModifierState": {
                        "RowName": "None",
                        "DataTableName": "D_ModifierStates"
                    }
                }
            },
            "bUseClientPrediction": true
        },
        {
            "Name": "Melee_Fists",
            "ActionMapping": {
                "(RowName=\"Melee_Fists\",DataTableName=\"D_Actions\")": {
                    "InputTypes": {
                        "Primary": {
                            "RowName": "Generic_Melee_1H",
                            "DataTableName": "D_StaminaActionCosts"
                        }
                    },
                    "ModifierState": {
                        "RowName": "None",
                        "DataTableName": "D_ModifierStates"
                    }
                }
            },
            "bUseClientPrediction": true
        },
        {
            "Name": "Bandage_Consumable",
            "ActionMapping": {
                "(RowName=\"Bandage_Consumable\",DataTableName=\"D_Actions\")": {
                    "InputTypes": {
                        "Primary": {
                            "RowName": "None",
                            "DataTableName": "D_StaminaActionCosts"
                        }
                    },
                    "ModifierState": {
                        "RowName": "None",
                        "DataTableName": "D_ModifierStates"
                    }
                }
            }
        },
        {
            "Name": "DEV_Pyromancy_Flame",
            "ActionMapping": {
                "(RowName=\"DEV_Pyromancy_Flame\",DataTableName=\"D_Actions\")": {
                    "InputTypes": {
                        "Primary": {
                            "RowName": "None",
                            "DataTableName": "D_StaminaActionCosts"
                        },
                        "Secondary": {
                            "RowName": "None",
                            "DataTableName": "D_StaminaActionCosts"
                        },
                        "Reload": {
                            "RowName": "None",
                            "DataTableName": "D_StaminaActionCosts"
                        }
                    },
                    "ModifierState": {
                        "RowName": "None",
                        "DataTableName": "D_ModifierStates"
                    }
                }
            }
        },
        {
            "Name": "Deployable_Foliage",
            "ActionMapping": {
                "(RowName=\"Deployable_Foliage\",DataTableName=\"D_Actions\")": {
                    "InputTypes": {
                        "Primary": {
                            "RowName": "None",
                            "DataTableName": "D_StaminaActionCosts"
                        }
                    },
                    "ModifierState": {
                        "RowName": "None",
                        "DataTableName": "D_ModifierStates"
                    }
                }
            }
        },
        {
            "Name": "Shovel",
            "ActionMapping": {
                "(RowName=\"Melee_2H_Shovel\",DataTableName=\"D_Actions\")": {
                    "InputTypes": {
                        "Primary": {
                            "RowName": "Shovel_Melee",
                            "DataTableName": "D_StaminaActionCosts"
                        }
                    },
                    "ModifierState": {
                        "RowName": "None",
                        "DataTableName": "D_ModifierStates"
                    }
                }
            },
            "bUseClientPrediction": true
        },
        {
            "Name": "Wood_Bow",
            "ActionMapping": {
                "(RowName=\"Bow_Shoot\",DataTableName=\"D_Actions\")": {
                    "InputTypes": {
                        "Primary": {
                            "RowName": "Wood_Bow_Draw",
                            "DataTableName": "D_StaminaActionCosts"
                        }
                    },
                    "ModifierState": {
                        "RowName": "None",
                        "DataTableName": "D_ModifierStates"
                    }
                },
                "(RowName=\"Bow_Aim\",DataTableName=\"D_Actions\")": {
                    "InputTypes": {
                        "Secondary": {
                            "RowName": "None",
                            "DataTableName": "D_StaminaActionCosts"
                        }
                    },
                    "ModifierState": {
                        "RowName": "None",
                        "DataTableName": "D_ModifierStates"
                    }
                },
                "(RowName=\"Bow_Ammo\",DataTableName=\"D_Actions\")": {
                    "InputTypes": {
                        "Reload": {
                            "RowName": "None",
                            "DataTableName": "D_StaminaActionCosts"
                        }
                    },
                    "ModifierState": {
                        "RowName": "None",
                        "DataTableName": "D_ModifierStates"
                    }
                }
            },
            "bUseClientPrediction": true
        },
        {
            "Name": "Meta_Bow_Shengong",
            "ActionMapping": {
                "(RowName=\"Bow_Shoot\",DataTableName=\"D_Actions\")": {
                    "InputTypes": {
                        "Primary": {
                            "RowName": "Compound_Bow_Draw",
                            "DataTableName": "D_StaminaActionCosts"
                        }
                    },
                    "ModifierState": {
                        "RowName": "None",
                        "DataTableName": "D_ModifierStates"
                    }
                },
                "(RowName=\"Bow_Aim\",DataTableName=\"D_Actions\")": {
                    "InputTypes": {
                        "Secondary": {
                            "RowName": "None",
                            "DataTableName": "D_StaminaActionCosts"
                        }
                    },
                    "ModifierState": {
                        "RowName": "None",
                        "DataTableName": "D_ModifierStates"
                    }
                },
                "(RowName=\"Bow_Ammo\",DataTableName=\"D_Actions\")": {
                    "InputTypes": {
                        "Reload": {
                            "RowName": "None",
                            "DataTableName": "D_StaminaActionCosts"
                        }
                    },
                    "ModifierState": {
                        "RowName": "None",
                        "DataTableName": "D_ModifierStates"
                    }
                }
            },
            "bUseClientPrediction": true
        },
        {
            "Name": "1H_Knife_NoThrow",
            "ActionMapping": {
                "(RowName=\"Melee_1H_Knife\",DataTableName=\"D_Actions\")": {
                    "InputTypes": {
                        "Primary": {
                            "RowName": "Generic_Melee_1H",
                            "DataTableName": "D_StaminaActionCosts"
                        }
                    },
                    "ModifierState": {
                        "RowName": "None",
                        "DataTableName": "D_ModifierStates"
                    }
                }
            },
            "bUseClientPrediction": true
        },
        {
            "Name": "WaterBomb",
            "ActionMapping": {
                "(RowName=\"Throw_1H_Generic\",DataTableName=\"D_Actions\")": {
                    "InputTypes": {
                        "Primary": {
                            "RowName": "Grenade_Throw",
                            "DataTableName": "D_StaminaActionCosts"
                        }
                    },
                    "ModifierState": {
                        "RowName": "None",
                        "DataTableName": "D_ModifierStates"
                    }
                }
            },
            "bUseClientPrediction": true
        },
        {
            "Name": "Melee_1H_Axe_Steel",
            "ActionMapping": {
                "(RowName=\"Melee_1H_Axe\",DataTableName=\"D_Actions\")": {
                    "InputTypes": {
                        "Primary": {
                            "RowName": "Melee_1H_Steel",
                            "DataTableName": "D_StaminaActionCosts"
                        }
                    },
                    "ModifierState": {
                        "RowName": "None",
                        "DataTableName": "D_ModifierStates"
                    }
                },
                "(RowName=\"\",DataTableName=\"D_Actions\")": {
                    "InputTypes": {
                        "Secondary": {
                            "RowName": "None",
                            "DataTableName": "D_StaminaActionCosts"
                        }
                    },
                    "ModifierState": {
                        "RowName": "None",
                        "DataTableName": "D_ModifierStates"
                    }
                }
            },
            "bUseClientPrediction": true
        },
        {
            "Name": "Melee_1H_Axe_Titanium",
            "ActionMapping": {
                "(RowName=\"Melee_1H_Axe\",DataTableName=\"D_Actions\")": {
                    "InputTypes": {
                        "Primary": {
                            "RowName": "Melee_1H_Titanium",
                            "DataTableName": "D_StaminaActionCosts"
                        }
                    },
                    "ModifierState": {
                        "RowName": "None",
                        "DataTableName": "D_ModifierStates"
                    }
                },
                "(RowName=\"\",DataTableName=\"D_Actions\")": {
                    "InputTypes": {
                        "Secondary": {
                            "RowName": "None",
                            "DataTableName": "D_StaminaActionCosts"
                        }
                    },
                    "ModifierState": {
                        "RowName": "None",
                        "DataTableName": "D_ModifierStates"
                    }
                }
            },
            "bUseClientPrediction": true
        },
        {
            "Name": "Melee_1H_Pickaxe_Steel",
            "ActionMapping": {
                "(RowName=\"Melee_1H_Generic\",DataTableName=\"D_Actions\")": {
                    "InputTypes": {
                        "Primary": {
                            "RowName": "Melee_1H_Steel",
                            "DataTableName": "D_StaminaActionCosts"
                        }
                    },
                    "ModifierState": {
                        "RowName": "None",
                        "DataTableName": "D_ModifierStates"
                    }
                }
            },
            "bUseClientPrediction": true
        },
        {
            "Name": "Melee_1H_Pickaxe_Titanium",
            "ActionMapping": {
                "(RowName=\"Melee_1H_Generic\",DataTableName=\"D_Actions\")": {
                    "InputTypes": {
                        "Primary": {
                            "RowName": "Melee_1H_Titanium",
                            "DataTableName": "D_StaminaActionCosts"
                        }
                    },
                    "ModifierState": {
                        "RowName": "None",
                        "DataTableName": "D_ModifierStates"
                    }
                }
            },
            "bUseClientPrediction": true
        },
        {
            "Name": "Rifle_SingleShot",
            "ActionMapping": {
                "(RowName=\"Weapon_Semi_Auto\",DataTableName=\"D_Actions\")": {
                    "InputTypes": {
                        "Primary": {
                            "RowName": "None",
                            "DataTableName": "D_StaminaActionCosts"
                        }
                    },
                    "ModifierState": {
                        "RowName": "None",
                        "DataTableName": "D_ModifierStates"
                    }
                },
                "(RowName=\"Weapon_Generic_Aim\",DataTableName=\"D_Actions\")": {
                    "InputTypes": {
                        "Secondary": {
                            "RowName": "None",
                            "DataTableName": "D_StaminaActionCosts"
                        }
                    },
                    "ModifierState": {
                        "RowName": "None",
                        "DataTableName": "D_ModifierStates"
                    }
                },
                "(RowName=\"Weapon_RoundFeed\",DataTableName=\"D_Actions\")": {
                    "InputTypes": {
                        "Reload": {
                            "RowName": "None",
                            "DataTableName": "D_StaminaActionCosts"
                        }
                    },
                    "ModifierState": {
                        "RowName": "None",
                        "DataTableName": "D_ModifierStates"
                    }
                }
            },
            "bUseClientPrediction": true
        },
        {
            "Name": "Shotgun_SingleShot",
            "ActionMapping": {
                "(RowName=\"Weapon_Semi_Auto\",DataTableName=\"D_Actions\")": {
                    "InputTypes": {
                        "Primary": {
                            "RowName": "None",
                            "DataTableName": "D_StaminaActionCosts"
                        }
                    },
                    "ModifierState": {
                        "RowName": "None",
                        "DataTableName": "D_ModifierStates"
                    }
                },
                "(RowName=\"Weapon_Generic_Aim\",DataTableName=\"D_Actions\")": {
                    "InputTypes": {
                        "Secondary": {
                            "RowName": "None",
                            "DataTableName": "D_StaminaActionCosts"
                        }
                    },
                    "ModifierState": {
                        "RowName": "None",
                        "DataTableName": "D_ModifierStates"
                    }
                },
                "(RowName=\"Weapon_RoundFeed\",DataTableName=\"D_Actions\")": {
                    "InputTypes": {
                        "Reload": {
                            "RowName": "None",
                            "DataTableName": "D_StaminaActionCosts"
                        }
                    },
                    "ModifierState": {
                        "RowName": "None",
                        "DataTableName": "D_ModifierStates"
                    }
                }
            },
            "bUseClientPrediction": true
        },
        {
            "Name": "Longbow",
            "ActionMapping": {
                "(RowName=\"Bow_Shoot\",DataTableName=\"D_Actions\")": {
                    "InputTypes": {
                        "Primary": {
                            "RowName": "Longbow_Draw",
                            "DataTableName": "D_StaminaActionCosts"
                        }
                    },
                    "ModifierState": {
                        "RowName": "None",
                        "DataTableName": "D_ModifierStates"
                    }
                },
                "(RowName=\"Bow_Aim\",DataTableName=\"D_Actions\")": {
                    "InputTypes": {
                        "Secondary": {
                            "RowName": "None",
                            "DataTableName": "D_StaminaActionCosts"
                        }
                    },
                    "ModifierState": {
                        "RowName": "None",
                        "DataTableName": "D_ModifierStates"
                    }
                },
                "(RowName=\"Bow_Ammo\",DataTableName=\"D_Actions\")": {
                    "InputTypes": {
                        "Reload": {
                            "RowName": "None",
                            "DataTableName": "D_StaminaActionCosts"
                        }
                    },
                    "ModifierState": {
                        "RowName": "None",
                        "DataTableName": "D_ModifierStates"
                    }
                }
            },
            "bUseClientPrediction": true
        },
        {
            "Name": "Recurve_Bow",
            "ActionMapping": {
                "(RowName=\"Bow_Shoot\",DataTableName=\"D_Actions\")": {
                    "InputTypes": {
                        "Primary": {
                            "RowName": "Recurve_Bow_Draw",
                            "DataTableName": "D_StaminaActionCosts"
                        }
                    },
                    "ModifierState": {
                        "RowName": "None",
                        "DataTableName": "D_ModifierStates"
                    }
                },
                "(RowName=\"Bow_Aim\",DataTableName=\"D_Actions\")": {
                    "InputTypes": {
                        "Secondary": {
                            "RowName": "None",
                            "DataTableName": "D_StaminaActionCosts"
                        }
                    },
                    "ModifierState": {
                        "RowName": "None",
                        "DataTableName": "D_ModifierStates"
                    }
                },
                "(RowName=\"Bow_Ammo\",DataTableName=\"D_Actions\")": {
                    "InputTypes": {
                        "Reload": {
                            "RowName": "None",
                            "DataTableName": "D_StaminaActionCosts"
                        }
                    },
                    "ModifierState": {
                        "RowName": "None",
                        "DataTableName": "D_ModifierStates"
                    }
                }
            },
            "bUseClientPrediction": true
        },
        {
            "Name": "Compound_Bow",
            "ActionMapping": {
                "(RowName=\"Bow_Shoot\",DataTableName=\"D_Actions\")": {
                    "InputTypes": {
                        "Primary": {
                            "RowName": "Compound_Bow_Draw",
                            "DataTableName": "D_StaminaActionCosts"
                        }
                    },
                    "ModifierState": {
                        "RowName": "None",
                        "DataTableName": "D_ModifierStates"
                    }
                },
                "(RowName=\"Bow_Aim\",DataTableName=\"D_Actions\")": {
                    "InputTypes": {
                        "Secondary": {
                            "RowName": "None",
                            "DataTableName": "D_StaminaActionCosts"
                        }
                    },
                    "ModifierState": {
                        "RowName": "None",
                        "DataTableName": "D_ModifierStates"
                    }
                },
                "(RowName=\"Bow_Ammo\",DataTableName=\"D_Actions\")": {
                    "InputTypes": {
                        "Reload": {
                            "RowName": "None",
                            "DataTableName": "D_StaminaActionCosts"
                        }
                    },
                    "ModifierState": {
                        "RowName": "None",
                        "DataTableName": "D_ModifierStates"
                    }
                }
            },
            "bUseClientPrediction": true
        },
        {
            "Name": "Crossbow",
            "ActionMapping": {
                "(RowName=\"Weapon_Semi_Auto\",DataTableName=\"D_Actions\")": {
                    "InputTypes": {
                        "Primary": {
                            "RowName": "None",
                            "DataTableName": "D_StaminaActionCosts"
                        }
                    },
                    "ModifierState": {
                        "RowName": "None",
                        "DataTableName": "D_ModifierStates"
                    }
                },
                "(RowName=\"Weapon_Generic_Aim\",DataTableName=\"D_Actions\")": {
                    "InputTypes": {
                        "Secondary": {
                            "RowName": "None",
                            "DataTableName": "D_StaminaActionCosts"
                        }
                    },
                    "ModifierState": {
                        "RowName": "None",
                        "DataTableName": "D_ModifierStates"
                    }
                },
                "(RowName=\"Crossbow_Ammo\",DataTableName=\"D_Actions\")": {
                    "InputTypes": {
                        "Reload": {
                            "RowName": "None",
                            "DataTableName": "D_StaminaActionCosts"
                        }
                    },
                    "ModifierState": {
                        "RowName": "None",
                        "DataTableName": "D_ModifierStates"
                    }
                }
            },
            "bUseClientPrediction": true
        },
        {
            "Name": "Rifle_BoltAction",
            "ActionMapping": {
                "(RowName=\"Weapon_Semi_Auto\",DataTableName=\"D_Actions\")": {
                    "InputTypes": {
                        "Primary": {
                            "RowName": "None",
                            "DataTableName": "D_StaminaActionCosts"
                        }
                    },
                    "ModifierState": {
                        "RowName": "None",
                        "DataTableName": "D_ModifierStates"
                    }
                },
                "(RowName=\"Weapon_Generic_Aim\",DataTableName=\"D_Actions\")": {
                    "InputTypes": {
                        "Secondary": {
                            "RowName": "None",
                            "DataTableName": "D_StaminaActionCosts"
                        }
                    },
                    "ModifierState": {
                        "RowName": "None",
                        "DataTableName": "D_ModifierStates"
                    }
                },
                "(RowName=\"Weapon_Magazine\",DataTableName=\"D_Actions\")": {
                    "InputTypes": {
                        "Reload": {
                            "RowName": "None",
                            "DataTableName": "D_StaminaActionCosts"
                        }
                    },
                    "ModifierState": {
                        "RowName": "None",
                        "DataTableName": "D_ModifierStates"
                    }
                }
            },
            "bUseClientPrediction": true
        },
        {
            "Name": "Melee_1H_Axe_Platinum",
            "ActionMapping": {
                "(RowName=\"Melee_1H_Axe\",DataTableName=\"D_Actions\")": {
                    "InputTypes": {
                        "Primary": {
                            "RowName": "Melee_1H_Platinum",
                            "DataTableName": "D_StaminaActionCosts"
                        }
                    },
                    "ModifierState": {
                        "RowName": "None",
                        "DataTableName": "D_ModifierStates"
                    }
                },
                "(RowName=\"\",DataTableName=\"D_Actions\")": {
                    "InputTypes": {
                        "Secondary": {
                            "RowName": "None",
                            "DataTableName": "D_StaminaActionCosts"
                        }
                    },
                    "ModifierState": {
                        "RowName": "None",
                        "DataTableName": "D_ModifierStates"
                    }
                }
            },
            "bUseClientPrediction": true
        },
        {
            "Name": "Melee_1H_Pickaxe_Platinum",
            "ActionMapping": {
                "(RowName=\"Melee_1H_Generic\",DataTableName=\"D_Actions\")": {
                    "InputTypes": {
                        "Primary": {
                            "RowName": "Melee_1H_Platinum",
                            "DataTableName": "D_StaminaActionCosts"
                        }
                    },
                    "ModifierState": {
                        "RowName": "None",
                        "DataTableName": "D_ModifierStates"
                    }
                }
            },
            "bUseClientPrediction": true
        },
        {
            "Name": "Sickle",
            "ActionMapping": {
                "(RowName=\"Sickle\",DataTableName=\"D_Actions\")": {
                    "InputTypes": {
                        "Primary": {
                            "RowName": "Generic_Melee_1H",
                            "DataTableName": "D_StaminaActionCosts"
                        }
                    },
                    "ModifierState": {
                        "RowName": "None",
                        "DataTableName": "D_ModifierStates"
                    }
                }
            },
            "bUseClientPrediction": true
        },
        {
            "Name": "Generic_WaterSkin",
            "ActionMapping": {
                "(RowName=\"Waterskin\",DataTableName=\"D_Actions\")": {
                    "InputTypes": {
                        "Primary": {
                            "RowName": "None",
                            "DataTableName": "D_StaminaActionCosts"
                        },
                        "Secondary": {
                            "RowName": "None",
                            "DataTableName": "D_StaminaActionCosts"
                        }
                    },
                    "ModifierState": {
                        "RowName": "None",
                        "DataTableName": "D_ModifierStates"
                    }
                },
                "(RowName=\"Feed_Mount\",DataTableName=\"D_Actions\")": {
                    "InputTypes": {
                        "Secondary": {
                            "RowName": "None",
                            "DataTableName": "D_StaminaActionCosts"
                        }
                    },
                    "ModifierState": {
                        "RowName": "None",
                        "DataTableName": "D_ModifierStates"
                    }
                }
            }
        },
        {
            "Name": "Throwing_Knife",
            "ActionMapping": {
                "(RowName=\"Throw_1H_Generic\",DataTableName=\"D_Actions\")": {
                    "InputTypes": {
                        "Primary": {
                            "RowName": "Knife_Throw",
                            "DataTableName": "D_StaminaActionCosts"
                        }
                    },
                    "ModifierState": {
                        "RowName": "None",
                        "DataTableName": "D_ModifierStates"
                    }
                }
            },
            "bUseClientPrediction": true
        },
        {
            "Name": "Throwing_Spear",
            "ActionMapping": {
                "(RowName=\"Throw_1H_Spear\",DataTableName=\"D_Actions\")": {
                    "InputTypes": {
                        "Primary": {
                            "RowName": "Spear_Throw",
                            "DataTableName": "D_StaminaActionCosts"
                        }
                    },
                    "ModifierState": {
                        "RowName": "None",
                        "DataTableName": "D_ModifierStates"
                    }
                }
            },
            "bUseClientPrediction": true
        },
        {
            "Name": "Melee_2HSpear",
            "ActionMapping": {
                "(RowName=\"Melee_2H_Spear\",DataTableName=\"D_Actions\")": {
                    "InputTypes": {
                        "Primary": {
                            "RowName": "Spear_Melee",
                            "DataTableName": "D_StaminaActionCosts"
                        }
                    },
                    "ModifierState": {
                        "RowName": "None",
                        "DataTableName": "D_ModifierStates"
                    }
                }
            },
            "bUseClientPrediction": true
        },
        {
            "Name": "Crossbow_Titanium",
            "ActionMapping": {
                "(RowName=\"Weapon_Semi_Auto\",DataTableName=\"D_Actions\")": {
                    "InputTypes": {
                        "Primary": {
                            "RowName": "None",
                            "DataTableName": "D_StaminaActionCosts"
                        }
                    },
                    "ModifierState": {
                        "RowName": "None",
                        "DataTableName": "D_ModifierStates"
                    }
                },
                "(RowName=\"Weapon_Generic_Aim\",DataTableName=\"D_Actions\")": {
                    "InputTypes": {
                        "Secondary": {
                            "RowName": "None",
                            "DataTableName": "D_StaminaActionCosts"
                        }
                    },
                    "ModifierState": {
                        "RowName": "None",
                        "DataTableName": "D_ModifierStates"
                    }
                },
                "(RowName=\"Weapon_RoundFeed\",DataTableName=\"D_Actions\")": {
                    "InputTypes": {
                        "Reload": {
                            "RowName": "None",
                            "DataTableName": "D_StaminaActionCosts"
                        }
                    },
                    "ModifierState": {
                        "RowName": "None",
                        "DataTableName": "D_ModifierStates"
                    }
                }
            },
            "bUseClientPrediction": true
        },
        {
            "Name": "Tonic_Consumable",
            "ActionMapping": {
                "(RowName=\"Tonic_Consumable\",DataTableName=\"D_Actions\")": {
                    "InputTypes": {
                        "Primary": {
                            "RowName": "None",
                            "DataTableName": "D_StaminaActionCosts"
                        }
                    },
                    "ModifierState": {
                        "RowName": "None",
                        "DataTableName": "D_ModifierStates"
                    }
                }
            }
        },
        {
            "Name": "TeleporterHandHeld",
            "ActionMapping": {
                "(RowName=\"TeleporterHandHeld_Main\",DataTableName=\"D_Actions\")": {
                    "InputTypes": {
                        "Primary": {
                            "RowName": "Longbow_Draw",
                            "DataTableName": "D_StaminaActionCosts"
                        }
                    },
                    "ModifierState": {
                        "RowName": "None",
                        "DataTableName": "D_ModifierStates"
                    }
                },
                "(RowName=\"TeleporterHandHeld_Secondary\",DataTableName=\"D_Actions\")": {
                    "InputTypes": {
                        "Secondary": {
                            "RowName": "None",
                            "DataTableName": "D_StaminaActionCosts"
                        }
                    },
                    "ModifierState": {
                        "RowName": "None",
                        "DataTableName": "D_ModifierStates"
                    }
                }
            },
            "bUseClientPrediction": true
        }
    ]
}