{
    "RowStruct": "/Script/Icarus.AICreatureType",
    "Defaults": {
        "CreatureName": "",
        "Tag": {
            "TagName": "None"
        },
        "SpawnStat": {
            "Value": "None"
        },
        "AdditionalDamageStat": {
            "Value": "None"
        },
        "AdditionalResistanceStat": {
            "Value": "None"
        },
        "SkinningXPEvent": {
            "RowName": "None",
            "DataTableName": "D_ExperienceEvents"
        },
        "ParentCreatureTag": {
            "TagName": "None"
        }
    },
    "Rows": [
        {
            "Name": "Invalid"
        },
        {
            "Name": "BabyDeer",
            "CreatureName": "NSLOCTEXT(\"D_AICreatureType\", \"BabyDeer-CreatureName\", \"Baby Deer\")",
            "Tag": {
                "TagName": "NPC.BabyDeer"
            },
            "SpawnStat": {
                "Value": "DeerSpawnRate_+%"
            },
            "AdditionalDamageStat": {
                "Value": "BabyDeerExtraDamage_+%"
            },
            "AdditionalResistanceStat": {
                "Value": "BabyDeerExtraDamageResistance_+%"
            },
            "SkinningXPEvent": {
                "RowName": "Skin_BabyDeer"
            }
        },
        {
            "Name": "MediumDeer",
            "CreatureName": "NSLOCTEXT(\"D_AICreatureType\", \"MediumDeer-CreatureName\", \"Deer\")",
            "Tag": {
                "TagName": "NPC.MediumDeer"
            },
            "SpawnStat": {
                "Value": "DeerSpawnRate_+%"
            },
            "AdditionalDamageStat": {
                "Value": "ForestDeerExtraDamage_+%"
            },
            "AdditionalResistanceStat": {
                "Value": "ForestDeerExtraDamageResistance_+%"
            },
            "SkinningXPEvent": {
                "RowName": "Skin_MediumDeer"
            }
        },
        {
            "Name": "LargeDeer",
            "CreatureName": "NSLOCTEXT(\"D_AICreatureType\", \"LargeDeer-CreatureName\", \"Large Deer\")",
            "Tag": {
                "TagName": "NPC.LargeDeer"
            },
            "SpawnStat": {
                "Value": "DeerSpawnRate_+%"
            },
            "AdditionalDamageStat": {
                "Value": "ForestDeerExtraDamage_+%"
            },
            "AdditionalResistanceStat": {
                "Value": "ForestDeerExtraDamageResistance_+%"
            },
            "SkinningXPEvent": {
                "RowName": "Skin_LargeDeer"
            }
        },
        {
            "Name": "Roat",
            "CreatureName": "NSLOCTEXT(\"D_AICreatureType\", \"Roat-CreatureName\", \"Roat\")",
            "Tag": {
                "TagName": "NPC.Roat"
            },
            "SpawnStat": {
                "Value": "RoatSpawnRate_+%"
            },
            "SkinningXPEvent": {
                "RowName": "Skin_Roat"
            }
        },
        {
            "Name": "Wulv",
            "CreatureName": "NSLOCTEXT(\"D_AICreatureType\", \"Wulv-CreatureName\", \"Wulv\")",
            "Tag": {
                "TagName": "NPC.Wulv"
            },
            "SpawnStat": {
                "Value": "WulvSpawnRate_+%"
            },
            "SkinningXPEvent": {
                "RowName": "Skin_Wolf"
            }
        },
        {
            "Name": "Goat",
            "CreatureName": "NSLOCTEXT(\"D_AICreatureType\", \"Goat-CreatureName\", \"Goat\")",
            "Tag": {
                "TagName": "NPC.Goat"
            },
            "SpawnStat": {
                "Value": "GoatSpawnRate_+%"
            },
            "SkinningXPEvent": {
                "RowName": "Skin_RedGoat"
            }
        },
        {
            "Name": "Wolf",
            "CreatureName": "NSLOCTEXT(\"D_AICreatureType\", \"Wolf-CreatureName\", \"Wolf\")",
            "Tag": {
                "TagName": "NPC.Wolf"
            },
            "SpawnStat": {
                "Value": "WolfSpawnRate_+%"
            },
            "AdditionalDamageStat": {
                "Value": "ForestWolfExtraDamage_+%"
            },
            "AdditionalResistanceStat": {
                "Value": "ForestWolfExtraDamageResistance_+%"
            },
            "SkinningXPEvent": {
                "RowName": "Skin_Wolf"
            }
        },
        {
            "Name": "Snow_Striker",
            "CreatureName": "NSLOCTEXT(\"D_AICreatureType\", \"Snow_Striker-CreatureName\", \"Snow Stalker\")",
            "Tag": {
                "TagName": "NPC.Striker"
            },
            "SkinningXPEvent": {
                "RowName": "Skin_Snow_Striker"
            }
        },
        {
            "Name": "Desert_Striker",
            "CreatureName": "NSLOCTEXT(\"D_AICreatureType\", \"Desert_Striker-CreatureName\", \"Arid Striker\")",
            "Tag": {
                "TagName": "NPC.Striker"
            },
            "SkinningXPEvent": {
                "RowName": "Skin_Desert_Striker"
            }
        },
        {
            "Name": "Bear",
            "CreatureName": "NSLOCTEXT(\"D_AICreatureType\", \"Bear-CreatureName\", \"Bear\")",
            "Tag": {
                "TagName": "NPC.Bear"
            },
            "SpawnStat": {
                "Value": "BearSpawnRate_+%"
            },
            "AdditionalDamageStat": {
                "Value": "BearExtraDamage_+%"
            },
            "AdditionalResistanceStat": {
                "Value": "BearExtraDamageResistance_+%"
            },
            "SkinningXPEvent": {
                "RowName": "Skin_Bear"
            }
        },
        {
            "Name": "Chamois",
            "CreatureName": "NSLOCTEXT(\"D_AICreatureType\", \"Chamois-CreatureName\", \"Chamois\")",
            "Tag": {
                "TagName": "NPC.Chamois"
            },
            "SpawnStat": {
                "Value": "ChamoisSpawnRate_+%"
            },
            "AdditionalDamageStat": {
                "Value": "ChamiosExtraDamage_+%"
            },
            "AdditionalResistanceStat": {
                "Value": "ChamiosExtraDamageResistance_+%"
            },
            "SkinningXPEvent": {
                "RowName": "Skin_Chamois"
            }
        },
        {
            "Name": "Pronghorn",
            "CreatureName": "NSLOCTEXT(\"D_AICreatureType\", \"Pronghorn-CreatureName\", \"Pronghorn\")",
            "Tag": {
                "TagName": "NPC.Chamois"
            },
            "SpawnStat": {
                "Value": "ChamoisSpawnRate_+%"
            },
            "AdditionalDamageStat": {
                "Value": "PronghornExtraDamage_+%"
            },
            "AdditionalResistanceStat": {
                "Value": "PronghornExtraDamageResistance_+%"
            },
            "SkinningXPEvent": {
                "RowName": "Skin_Pronghorn"
            }
        },
        {
            "Name": "Elephant",
            "CreatureName": "NSLOCTEXT(\"D_AICreatureType\", \"Elephant-CreatureName\", \"Elephant\")",
            "Tag": {
                "TagName": "NPC.Elephant"
            },
            "SpawnStat": {
                "Value": "ElephantSpawnRate_+%"
            },
            "AdditionalDamageStat": {
                "Value": "ElephantExtraDamage_+%"
            },
            "AdditionalResistanceStat": {
                "Value": "ElephantExtraDamageResistance_+%"
            },
            "SkinningXPEvent": {
                "RowName": "Skin_Elephant"
            }
        },
        {
            "Name": "PolarBear",
            "CreatureName": "NSLOCTEXT(\"D_AICreatureType\", \"PolarBear-CreatureName\", \"Polar Bear\")",
            "Tag": {
                "TagName": "NPC.PolarBear"
            },
            "SpawnStat": {
                "Value": "PolarBearSpawnRate_+%"
            },
            "AdditionalDamageStat": {
                "Value": "PolarBearExtraDamage_+%"
            },
            "AdditionalResistanceStat": {
                "Value": "PolarBearExtraDamageResistance_+%"
            },
            "SkinningXPEvent": {
                "RowName": "Skin_PolarBear"
            }
        },
        {
            "Name": "Lion",
            "CreatureName": "NSLOCTEXT(\"D_AICreatureType\", \"Lion-CreatureName\", \"Cougar\")",
            "Tag": {
                "TagName": "NPC.Lion"
            },
            "SpawnStat": {
                "Value": "LionSpawnRate_+%"
            },
            "AdditionalDamageStat": {
                "Value": "CougarExtraDamage_+%"
            },
            "AdditionalResistanceStat": {
                "Value": "CougarExtraDamageResistance_+%"
            },
            "SkinningXPEvent": {
                "RowName": "Skin_Cougar"
            }
        },
        {
            "Name": "Cougar_Alpha",
            "CreatureName": "NSLOCTEXT(\"D_AICreatureType\", \"Cougar_Alpha-CreatureName\", \"Alpha Cougar\")",
            "Tag": {
                "TagName": "NPC.Lion"
            },
            "SpawnStat": {
                "Value": "LionSpawnRate_+%"
            },
            "AdditionalDamageStat": {
                "Value": "CougarExtraDamage_+%"
            },
            "AdditionalResistanceStat": {
                "Value": "CougarExtraDamageResistance_+%"
            },
            "SkinningXPEvent": {
                "RowName": "Skin_Alpha_Cat"
            }
        },
        {
            "Name": "Woolly_Mammoth",
            "CreatureName": "NSLOCTEXT(\"D_AICreatureType\", \"Woolly_Mammoth-CreatureName\", \"Woolly Mammoth\")",
            "Tag": {
                "TagName": "NPC.Mammoth"
            },
            "SpawnStat": {
                "Value": "MammothSpawnRate_+%"
            },
            "AdditionalDamageStat": {
                "Value": "MammothExtraDamage_+%"
            },
            "AdditionalResistanceStat": {
                "Value": "MammothExtraDamageResistance_+%"
            },
            "SkinningXPEvent": {
                "RowName": "Skin_Mammoth"
            }
        },
        {
            "Name": "Columbian_Mammoth",
            "CreatureName": "NSLOCTEXT(\"D_AICreatureType\", \"Columbian_Mammoth-CreatureName\", \"Columbian Mammoth\")",
            "Tag": {
                "TagName": "NPC.Mammoth"
            },
            "SpawnStat": {
                "Value": "MammothSpawnRate_+%"
            },
            "AdditionalDamageStat": {
                "Value": "MammothExtraDamage_+%"
            },
            "AdditionalResistanceStat": {
                "Value": "MammothExtraDamageResistance_+%"
            },
            "SkinningXPEvent": {
                "RowName": "Skin_Mammoth"
            }
        },
        {
            "Name": "Rabbit",
            "CreatureName": "NSLOCTEXT(\"D_AICreatureType\", \"Rabbit-CreatureName\", \"Rabbit\")",
            "Tag": {
                "TagName": "NPC.Rabbit"
            },
            "SpawnStat": {
                "Value": "RabbitSpawnRate_+%"
            },
            "AdditionalDamageStat": {
                "Value": "RabbitExtraDamage_+%"
            },
            "AdditionalResistanceStat": {
                "Value": "RabbitExtraDamageResistance_+%"
            },
            "SkinningXPEvent": {
                "RowName": "Skin_Rabbit"
            }
        },
        {
            "Name": "Snow_Rabbit",
            "CreatureName": "NSLOCTEXT(\"D_AICreatureType\", \"Snow_Rabbit-CreatureName\", \"Snow Rabbit\")",
            "Tag": {
                "TagName": "NPC.Rabbit"
            },
            "SpawnStat": {
                "Value": "RabbitSpawnRate_+%"
            },
            "AdditionalDamageStat": {
                "Value": "RabbitExtraDamage_+%"
            },
            "AdditionalResistanceStat": {
                "Value": "RabbitExtraDamageResistance_+%"
            },
            "SkinningXPEvent": {
                "RowName": "Skin_Rabbit"
            }
        },
        {
            "Name": "Rabbit_Variant",
            "CreatureName": "NSLOCTEXT(\"D_AICreatureType\", \"Rabbit_Variant-CreatureName\", \"Pygmy Lop\")",
            "Tag": {
                "TagName": "NPC.Rabbit"
            },
            "SpawnStat": {
                "Value": "RabbitSpawnRate_+%"
            },
            "AdditionalDamageStat": {
                "Value": "RabbitExtraDamage_+%"
            },
            "AdditionalResistanceStat": {
                "Value": "RabbitExtraDamageResistance_+%"
            },
            "SkinningXPEvent": {
                "RowName": "Skin_RabbitVarient"
            }
        },
        {
            "Name": "Jaguar",
            "CreatureName": "NSLOCTEXT(\"D_AICreatureType\", \"Jaguar-CreatureName\", \"Jaguar\")",
            "Tag": {
                "TagName": "NPC.Jaguar"
            },
            "SpawnStat": {
                "Value": "LionSpawnRate_+%"
            },
            "AdditionalDamageStat": {
                "Value": "JaguarExtraDamage_+%"
            },
            "AdditionalResistanceStat": {
                "Value": "JaguarExtraDamageResistance_+%"
            },
            "SkinningXPEvent": {
                "RowName": "Skin_Jaguar"
            }
        },
        {
            "Name": "Jaguar_Black",
            "CreatureName": "NSLOCTEXT(\"D_AICreatureType\", \"Jaguar_Black-CreatureName\", \"Black Jaguar\")",
            "Tag": {
                "TagName": "NPC.Jaguar.Black"
            },
            "SpawnStat": {
                "Value": "LionSpawnRate_+%"
            },
            "AdditionalDamageStat": {
                "Value": "JaguarExtraDamage_+%"
            },
            "AdditionalResistanceStat": {
                "Value": "JaguarExtraDamageResistance_+%"
            },
            "SkinningXPEvent": {
                "RowName": "Skin_Alpha_Cat"
            }
        },
        {
            "Name": "Raccoon",
            "CreatureName": "NSLOCTEXT(\"D_AICreatureType\", \"Raccoon-CreatureName\", \"Raccoon\")",
            "Tag": {
                "TagName": "NPC.Racoon"
            },
            "SpawnStat": {
                "Value": "RaccoonSpawnRate_+%"
            },
            "SkinningXPEvent": {
                "RowName": "Skin_Raccoon"
            }
        },
        {
            "Name": "SnowLeopard",
            "CreatureName": "NSLOCTEXT(\"D_AICreatureType\", \"SnowLeopard-CreatureName\", \"Snow Leopard\")",
            "Tag": {
                "TagName": "NPC.SnowLeopard"
            },
            "SpawnStat": {
                "Value": "LionSpawnRate_+%"
            },
            "AdditionalDamageStat": {
                "Value": "SnowLeopardExtraDamage_+%"
            },
            "AdditionalResistanceStat": {
                "Value": "SnowLeopardExtraDamageResistance_+%"
            },
            "SkinningXPEvent": {
                "RowName": "Skin_SnowLeopard"
            }
        },
        {
            "Name": "SnowLeopard_Alpha",
            "CreatureName": "NSLOCTEXT(\"D_AICreatureType\", \"SnowLeopard_Alpha-CreatureName\", \"Alpha Snow Leopard\")",
            "Tag": {
                "TagName": "NPC.SnowLeopard"
            },
            "SpawnStat": {
                "Value": "LionSpawnRate_+%"
            },
            "AdditionalDamageStat": {
                "Value": "SnowLeopardExtraDamage_+%"
            },
            "AdditionalResistanceStat": {
                "Value": "SnowLeopardExtraDamageResistance_+%"
            },
            "SkinningXPEvent": {
                "RowName": "Skin_Alpha_Cat"
            }
        },
        {
            "Name": "Alpha_Cat",
            "CreatureName": "NSLOCTEXT(\"D_AICreatureType\", \"Alpha_Cat-CreatureName\", \"Alpha Cat\")",
            "Tag": {
                "TagName": "NPC.Cat"
            },
            "SkinningXPEvent": {
                "RowName": "Skin_Alpha_Cat"
            }
        },
        {
            "Name": "Hyena",
            "CreatureName": "NSLOCTEXT(\"D_AICreatureType\", \"Hyena-CreatureName\", \"Hyena\")",
            "Tag": {
                "TagName": "NPC.Hyena"
            },
            "SpawnStat": {
                "Value": "WolfSpawnRate_+%"
            },
            "AdditionalDamageStat": {
                "Value": "DesertWolfExtraDamage_+%"
            },
            "AdditionalResistanceStat": {
                "Value": "DesertWolfExtraDamageResistance_+%"
            },
            "SkinningXPEvent": {
                "RowName": "Skin_Hyena"
            }
        },
        {
            "Name": "Antelope",
            "CreatureName": "NSLOCTEXT(\"D_AICreatureType\", \"Antelope-CreatureName\", \"Antelope\")",
            "Tag": {
                "TagName": "NPC.MediumDeer"
            },
            "SpawnStat": {
                "Value": "DeerSpawnRate_+%"
            },
            "AdditionalDamageStat": {
                "Value": "DesertDeerExtraDamage_+%"
            },
            "AdditionalResistanceStat": {
                "Value": "DesertDeerExtraDamageResistance_+%"
            },
            "SkinningXPEvent": {
                "RowName": "Skin_Antelope"
            }
        },
        {
            "Name": "LargeAntelope",
            "CreatureName": "NSLOCTEXT(\"D_AICreatureType\", \"LargeAntelope-CreatureName\", \"Antelope\")",
            "Tag": {
                "TagName": "NPC.LargeDeer"
            },
            "SpawnStat": {
                "Value": "DeerSpawnRate_+%"
            },
            "AdditionalDamageStat": {
                "Value": "DesertDeerExtraDamage_+%"
            },
            "AdditionalResistanceStat": {
                "Value": "DesertDeerExtraDamageResistance_+%"
            },
            "SkinningXPEvent": {
                "RowName": "Skin_Antelope"
            }
        },
        {
            "Name": "Pack_Wolf",
            "CreatureName": "NSLOCTEXT(\"D_AICreatureType\", \"Pack_Wolf-CreatureName\", \"Pack Wolf\")",
            "Tag": {
                "TagName": "NPC.Wolf"
            },
            "SpawnStat": {
                "Value": "WolfSpawnRate_+%"
            },
            "AdditionalDamageStat": {
                "Value": "ForestWolfExtraDamage_+%"
            },
            "AdditionalResistanceStat": {
                "Value": "ForestWolfExtraDamageResistance_+%"
            },
            "SkinningXPEvent": {
                "RowName": "Skin_Pack_Wolf"
            }
        },
        {
            "Name": "Alpha_Wolf",
            "CreatureName": "NSLOCTEXT(\"D_AICreatureType\", \"Alpha_Wolf-CreatureName\", \"Alpha Wolf\")",
            "Tag": {
                "TagName": "NPC.Wolf"
            },
            "SpawnStat": {
                "Value": "WolfSpawnRate_+%"
            },
            "AdditionalDamageStat": {
                "Value": "AlphaWolfBossExtraDamage_+%"
            },
            "AdditionalResistanceStat": {
                "Value": "AlphaWolfBossExtraDamageResistance_+%"
            },
            "SkinningXPEvent": {
                "RowName": "Skin_Alpha_Wolf"
            }
        },
        {
            "Name": "Alpha_Hyena",
            "CreatureName": "NSLOCTEXT(\"D_AICreatureType\", \"Alpha_Hyena-CreatureName\", \"Alpha Hyena\")",
            "Tag": {
                "TagName": "NPC.Wolf"
            },
            "SpawnStat": {
                "Value": "WolfSpawnRate_+%"
            },
            "AdditionalDamageStat": {
                "Value": "DesertWolfExtraDamage_+%"
            },
            "AdditionalResistanceStat": {
                "Value": "DesertWolfExtraDamageResistance_+%"
            },
            "SkinningXPEvent": {
                "RowName": "Skin_Alpha_Wolf"
            }
        },
        {
            "Name": "Buffalo",
            "CreatureName": "NSLOCTEXT(\"D_AICreatureType\", \"Buffalo-CreatureName\", \"Buffalo\")",
            "Tag": {
                "TagName": "NPC.Buffalo"
            },
            "SpawnStat": {
                "Value": "BuffaloSpawnRate_+%"
            },
            "AdditionalDamageStat": {
                "Value": "BuffaloExtraDamage_+%"
            },
            "AdditionalResistanceStat": {
                "Value": "BuffaloExtraDamageResistance_+%"
            },
            "SkinningXPEvent": {
                "RowName": "Skin_Buffalo"
            }
        },
        {
            "Name": "Wild_Boar",
            "CreatureName": "NSLOCTEXT(\"D_AICreatureType\", \"Wild_Boar-CreatureName\", \"Boar\")",
            "Tag": {
                "TagName": "NPC.Boar"
            },
            "SpawnStat": {
                "Value": "BoarSpawnRate_+%"
            },
            "AdditionalDamageStat": {
                "Value": "WildBoarExtraDamage_+%"
            },
            "AdditionalResistanceStat": {
                "Value": "WildBoarExtraDamageResistance_+%"
            },
            "SkinningXPEvent": {
                "RowName": "Skin_Boar"
            }
        },
        {
            "Name": "Zebra",
            "CreatureName": "NSLOCTEXT(\"D_AICreatureType\", \"Zebra-CreatureName\", \"Zebra\")",
            "Tag": {
                "TagName": "NPC.Zebra"
            },
            "SpawnStat": {
                "Value": "ZebraSpawnRate_+%"
            },
            "AdditionalDamageStat": {
                "Value": "ZebraExtraDamage_+%"
            },
            "AdditionalResistanceStat": {
                "Value": "ZebraExtraDamageResistance_+%"
            },
            "SkinningXPEvent": {
                "RowName": "Skin_Zebra"
            }
        },
        {
            "Name": "SandWorm",
            "CreatureName": "NSLOCTEXT(\"D_AICreatureType\", \"SandWorm-CreatureName\", \"Sand Worm\")",
            "Tag": {
                "TagName": "NPC.Sandworm"
            },
            "AdditionalDamageStat": {
                "Value": "SandwormBossExtraDamage_+%"
            },
            "AdditionalResistanceStat": {
                "Value": "SandwormBossExtraDamageResistance_+%"
            }
        },
        {
            "Name": "SandWorm_Spitter",
            "CreatureName": "NSLOCTEXT(\"D_AICreatureType\", \"SandWorm_Spitter-CreatureName\", \"Sand Worm Spitter\")",
            "Tag": {
                "TagName": "NPC.SandWormSpitter"
            },
            "AdditionalDamageStat": {
                "Value": "CavewormExtraDamage_+%"
            },
            "AdditionalResistanceStat": {
                "Value": "CavewormExtraDamageResistance_+%"
            }
        },
        {
            "Name": "CaveWorm",
            "CreatureName": "NSLOCTEXT(\"D_AICreatureType\", \"CaveWorm-CreatureName\", \"Cave Worm\")",
            "Tag": {
                "TagName": "NPC.CaveWorm"
            },
            "AdditionalDamageStat": {
                "Value": "CavewormExtraDamage_+%"
            },
            "AdditionalResistanceStat": {
                "Value": "CavewormExtraDamageResistance_+%"
            }
        },
        {
            "Name": "Kea",
            "CreatureName": "NSLOCTEXT(\"D_AICreatureType\", \"Kea-CreatureName\", \"Kea\")",
            "Tag": {
                "TagName": "NPC.Kea"
            },
            "AdditionalDamageStat": {
                "Value": "KeaExtraDamage_+%"
            },
            "AdditionalResistanceStat": {
                "Value": "KeaExtraDamageResistance_+%"
            },
            "SkinningXPEvent": {
                "RowName": "Skin_Kea"
            }
        },
        {
            "Name": "Scorpion",
            "CreatureName": "NSLOCTEXT(\"D_AICreatureType\", \"Scorpion-CreatureName\", \"Scorpion\")",
            "Tag": {
                "TagName": "NPC.Scorpion"
            },
            "SpawnStat": {
                "Value": "ScorpionSpawnRate_+%"
            },
            "AdditionalDamageStat": {
                "Value": "DesertScorpionExtraDamage_+%"
            },
            "AdditionalResistanceStat": {
                "Value": "DesertScorpionExtraDamageResistance_+%"
            },
            "SkinningXPEvent": {
                "RowName": "Skin_Scorpion"
            }
        },
        {
            "Name": "Scorpion_Boss",
            "CreatureName": "NSLOCTEXT(\"D_AICreatureType\", \"Scorpion_Boss-CreatureName\", \"Scorpion\")",
            "Tag": {
                "TagName": "NPC.Scorpion"
            },
            "SpawnStat": {
                "Value": "ScorpionSpawnRate_+%"
            },
            "AdditionalDamageStat": {
                "Value": "ScorpionBossExtraDamage_+%"
            },
            "AdditionalResistanceStat": {
                "Value": "ScorpionBossExtraDamageResistance_+%"
            },
            "SkinningXPEvent": {
                "RowName": "Skin_Scorpion"
            }
        },
        {
            "Name": "Arctic_Scorpian",
            "CreatureName": "NSLOCTEXT(\"D_AICreatureType\", \"Arctic_Scorpian-CreatureName\", \"Arctic Scorpion\")",
            "Tag": {
                "TagName": "NPC.Scorpion"
            },
            "SpawnStat": {
                "Value": "ScorpionSpawnRate_+%"
            },
            "AdditionalDamageStat": {
                "Value": "ArcticScorpionExtraDamage_+%"
            },
            "AdditionalResistanceStat": {
                "Value": "ArcticScorpionExtraDamageResistance_+%"
            },
            "SkinningXPEvent": {
                "RowName": "Skin_Scorpion"
            }
        },
        {
            "Name": "Crocodile",
            "CreatureName": "NSLOCTEXT(\"D_AICreatureType\", \"Crocodile-CreatureName\", \"Crocodile\")",
            "Tag": {
                "TagName": "NPC.Crocodile"
            },
            "SpawnStat": {
                "Value": "CrocodileSpawnRate_+%"
            },
            "AdditionalDamageStat": {
                "Value": "CrocodileExtraDamage_+%"
            },
            "AdditionalResistanceStat": {
                "Value": "CrocodileExtraDamageResistance_+%"
            },
            "SkinningXPEvent": {
                "RowName": "Skin_Crocodile"
            }
        },
        {
            "Name": "Ghost_Crocodile",
            "CreatureName": "INVTEXT(\"[DNT] Ghost Crocodile\")",
            "Tag": {
                "TagName": "NPC.GhostCrocodile"
            },
            "SpawnStat": {
                "Value": "GhostCrocodileSpawnRate_+%"
            },
            "AdditionalDamageStat": {
                "Value": "GhostCrocodileExtraDamage_+%"
            },
            "AdditionalResistanceStat": {
                "Value": "GhostCrocodileExtraDamageResistance_+%"
            },
            "SkinningXPEvent": {
                "RowName": "Skin_Ghost_Crocodile"
            }
        },
        {
            "Name": "Komodo",
            "CreatureName": "NSLOCTEXT(\"D_AICreatureType\", \"Komodo-CreatureName\", \"Komodo\")",
            "Tag": {
                "TagName": "NPC.Komodo"
            },
            "SpawnStat": {
                "Value": "KomodoSpawnRate_+%"
            },
            "AdditionalDamageStat": {
                "Value": "KomodoExtraDamage_+%"
            },
            "AdditionalResistanceStat": {
                "Value": "KomodoExtraDamageResistance_+%"
            },
            "SkinningXPEvent": {
                "RowName": "Skin_Komodo"
            }
        },
        {
            "Name": "PolarBearCub",
            "CreatureName": "NSLOCTEXT(\"D_AICreatureType\", \"PolarBearCub-CreatureName\", \"Polar Bear Cub\")",
            "Tag": {
                "TagName": "NPC.PolarBear"
            },
            "SpawnStat": {
                "Value": "PolarBearSpawnRate_+%"
            },
            "AdditionalDamageStat": {
                "Value": "PolarBearExtraDamage_+%"
            },
            "AdditionalResistanceStat": {
                "Value": "PolarBearExtraDamageResistance_+%"
            },
            "SkinningXPEvent": {
                "RowName": "Skin_PolarBearCub"
            }
        },
        {
            "Name": "BearCub",
            "CreatureName": "NSLOCTEXT(\"D_AICreatureType\", \"BearCub-CreatureName\", \"Bear Cub\")",
            "Tag": {
                "TagName": "NPC.BearCub"
            },
            "SpawnStat": {
                "Value": "BearSpawnRate_+%"
            },
            "AdditionalDamageStat": {
                "Value": "BearCubExtraDamage_+%"
            },
            "AdditionalResistanceStat": {
                "Value": "BearCubExtraDamageResistance_+%"
            },
            "SkinningXPEvent": {
                "RowName": "Skin_BearCub"
            }
        },
        {
            "Name": "Armored_Scorpian",
            "CreatureName": "NSLOCTEXT(\"D_AICreatureType\", \"Armored_Scorpian-CreatureName\", \"Armored Scorpion\")",
            "Tag": {
                "TagName": "NPC.Scorpion"
            },
            "SpawnStat": {
                "Value": "ScorpionSpawnRate_+%"
            },
            "AdditionalDamageStat": {
                "Value": "DesertScorpionExtraDamage_+%"
            },
            "AdditionalResistanceStat": {
                "Value": "DesertScorpionExtraDamageResistance_+%"
            },
            "SkinningXPEvent": {
                "RowName": "Skin_Scorpion"
            }
        },
        {
            "Name": "Moa",
            "CreatureName": "NSLOCTEXT(\"D_AICreatureType\", \"Moa-CreatureName\", \"Moa\")",
            "Tag": {
                "TagName": "NPC.Moa"
            },
            "AdditionalDamageStat": {
                "Value": "MoaExtraDamage_+%"
            },
            "AdditionalResistanceStat": {
                "Value": "MoaExtraDamageResistance_+%"
            },
            "SkinningXPEvent": {
                "RowName": "Skin_Moa"
            }
        },
        {
            "Name": "Juvenile_Moa",
            "CreatureName": "NSLOCTEXT(\"D_AICreatureType\", \"Juvenile_Moa-CreatureName\", \"Juvenile Moa\")",
            "Tag": {
                "TagName": "NPC.Juvenile.Moa"
            },
            "AdditionalDamageStat": {
                "Value": "MoaExtraDamage_+%"
            },
            "AdditionalResistanceStat": {
                "Value": "MoaExtraDamageResistance_+%"
            },
            "SkinningXPEvent": {
                "RowName": "Skin_BabyMoa"
            },
            "ParentCreatureTag": {
                "TagName": "NPC.Moa"
            }
        },
        {
            "Name": "Juvenile_Buffalo",
            "CreatureName": "NSLOCTEXT(\"D_AICreatureType\", \"Juvenile_Buffalo-CreatureName\", \"Juvenile Buffalo\")",
            "Tag": {
                "TagName": "NPC.Juvenile.Buffalo"
            },
            "AdditionalDamageStat": {
                "Value": "BuffaloExtraDamage_+%"
            },
            "AdditionalResistanceStat": {
                "Value": "BuffaloExtraDamageResistance_+%"
            },
            "SkinningXPEvent": {
                "RowName": "Skin_BabyBuffalo"
            },
            "ParentCreatureTag": {
                "TagName": "NPC.Buffalo"
            }
        },
        {
            "Name": "Bear_Contaminated",
            "CreatureName": "NSLOCTEXT(\"D_AICreatureType\", \"Bear_Contaminated-CreatureName\", \"Contaminated Bear\")",
            "Tag": {
                "TagName": "NPC.Bear"
            },
            "SpawnStat": {
                "Value": "BearSpawnRate_+%"
            },
            "AdditionalDamageStat": {
                "Value": "BearExtraDamage_+%"
            },
            "AdditionalResistanceStat": {
                "Value": "BearExtraDamageResistance_+%"
            },
            "SkinningXPEvent": {
                "RowName": "Skin_Bear"
            }
        },
        {
            "Name": "RockDog",
            "CreatureName": "NSLOCTEXT(\"D_AICreatureType\", \"RockDog-CreatureName\", \"Stonejaw\")",
            "Tag": {
                "TagName": "NPC.RockDog"
            },
            "AdditionalDamageStat": {
                "Value": "RockdogExtraDamage_+%"
            },
            "AdditionalResistanceStat": {
                "Value": "RockdogExtraDamageResistance_+%"
            },
            "SkinningXPEvent": {
                "RowName": "Skin_RockDog"
            }
        },
        {
            "Name": "BatDog",
            "CreatureName": "NSLOCTEXT(\"D_AICreatureType\", \"BatDog-CreatureName\", \"Drac\")",
            "Tag": {
                "TagName": "NPC.BatDog"
            },
            "AdditionalDamageStat": {
                "Value": "BatdogExtraDamage_+%"
            },
            "AdditionalResistanceStat": {
                "Value": "BatdogExtraDamageResistance_+%"
            },
            "SkinningXPEvent": {
                "RowName": "Skin_BatDog"
            }
        },
        {
            "Name": "Needler",
            "CreatureName": "NSLOCTEXT(\"D_AICreatureType\", \"Needler-CreatureName\", \"Needler\")",
            "Tag": {
                "TagName": "NPC.Needler"
            },
            "AdditionalDamageStat": {
                "Value": "NeedlerExtraDamage_+%"
            },
            "AdditionalResistanceStat": {
                "Value": "NeedlerExtraDamageResistance_+%"
            },
            "SkinningXPEvent": {
                "RowName": "Skin_Needler"
            }
        },
        {
            "Name": "Deer_Variant",
            "CreatureName": "NSLOCTEXT(\"D_AICreatureType\", \"Deer_Variant-CreatureName\", \"Plains Equix\")",
            "Tag": {
                "TagName": "NPC.DeerVarient"
            },
            "AdditionalDamageStat": {
                "Value": "DeerVariantExtraDamage_+%"
            },
            "AdditionalResistanceStat": {
                "Value": "DeerVariantExtraDamageResistance_+%"
            },
            "SkinningXPEvent": {
                "RowName": "Skin_DeerVarient"
            }
        },
        {
            "Name": "Swamp_Quadruped",
            "CreatureName": "NSLOCTEXT(\"D_AICreatureType\", \"Swamp_Quadruped-CreatureName\", \"Stryder\")",
            "Tag": {
                "TagName": "NPC.SwampQuadruped"
            },
            "AdditionalDamageStat": {
                "Value": "SwampQuadrupedExtraDamage_+%"
            },
            "AdditionalResistanceStat": {
                "Value": "SwampQuadrupedExtraDamageResistance_+%"
            },
            "SkinningXPEvent": {
                "RowName": "Skin_SwampQuadraped"
            }
        },
        {
            "Name": "Swamp_Bird",
            "CreatureName": "NSLOCTEXT(\"D_AICreatureType\", \"Swamp_Bird-CreatureName\", \"Ubis\")",
            "Tag": {
                "TagName": "NPC.SwampBird"
            },
            "AdditionalDamageStat": {
                "Value": "SwampBirdExtraDamage_+%"
            },
            "AdditionalResistanceStat": {
                "Value": "SwampBirdExtraDamageResistance_+%"
            },
            "SkinningXPEvent": {
                "RowName": "Skin_SwampBird"
            }
        },
        {
            "Name": "Chamois_Variant",
            "CreatureName": "NSLOCTEXT(\"D_AICreatureType\", \"Chamois_Variant-CreatureName\", \"Chala\")",
            "Tag": {
                "TagName": "NPC.Chamois"
            },
            "AdditionalDamageStat": {
                "Value": "ChamiosVariantExtraDamage_+%"
            },
            "AdditionalResistanceStat": {
                "Value": "ChamiosVariantExtraDamageResistance_+%"
            },
            "SkinningXPEvent": {
                "RowName": "Skin_ChamoisVarient"
            }
        },
        {
            "Name": "BlueBack",
            "CreatureName": "NSLOCTEXT(\"D_AICreatureType\", \"BlueBack-CreatureName\", \"Blueback\")",
            "Tag": {
                "TagName": "NPC.Blueback"
            },
            "AdditionalDamageStat": {
                "Value": "BluebackExtraDamage_+%"
            },
            "AdditionalResistanceStat": {
                "Value": "BluebackExtraDamageResistance_+%"
            },
            "SkinningXPEvent": {
                "RowName": "Skin_BlueBack"
            }
        },
        {
            "Name": "Roat_Swamp",
            "CreatureName": "NSLOCTEXT(\"D_AICreatureType\", \"Roat_Swamp-CreatureName\", \"Swamp Roat\")",
            "Tag": {
                "TagName": "NPC.Roat"
            },
            "SpawnStat": {
                "Value": "RoatSpawnRate_+%"
            },
            "AdditionalDamageStat": {
                "Value": "SwampRoatExtraDamage_+%"
            },
            "AdditionalResistanceStat": {
                "Value": "SwampRoatExtraDamageResistance_+%"
            },
            "SkinningXPEvent": {
                "RowName": "Skin_Roat"
            }
        },
        {
            "Name": "Predator_Bird",
            "CreatureName": "NSLOCTEXT(\"D_AICreatureType\", \"Predator_Bird-CreatureName\", \"Dreadwing\")",
            "Tag": {
                "TagName": "NPC.PredatorBird"
            },
            "AdditionalDamageStat": {
                "Value": "PredatorBirdExtraDamage_+%"
            },
            "AdditionalResistanceStat": {
                "Value": "PredatorBirdExtraDamageResistance_+%"
            },
            "SkinningXPEvent": {
                "RowName": "Skin_PredatorBird"
            }
        },
        {
            "Name": "Gas_Flyer",
            "CreatureName": "NSLOCTEXT(\"D_AICreatureType\", \"Gas_Flyer-CreatureName\", \"Drifter\")",
            "Tag": {
                "TagName": "NPC.GasFlyer"
            },
            "AdditionalDamageStat": {
                "Value": "GasFlyerExtraDamage_+%"
            },
            "AdditionalResistanceStat": {
                "Value": "GasFlyerExtraDamageResistance_+%"
            },
            "SkinningXPEvent": {
                "RowName": "Skin_Gas_Flyer"
            }
        },
        {
            "Name": "Spider",
            "CreatureName": "NSLOCTEXT(\"D_AICreatureType\", \"Spider-CreatureName\", \"Spider\")",
            "Tag": {
                "TagName": "NPC.Spider"
            },
            "AdditionalDamageStat": {
                "Value": "SpiderExtraDamage_+%"
            },
            "AdditionalResistanceStat": {
                "Value": "SpiderExtraDamageResistance_+%"
            },
            "SkinningXPEvent": {
                "RowName": "Skin_Spider"
            }
        },
        {
            "Name": "Snow_Wolf",
            "CreatureName": "NSLOCTEXT(\"D_AICreatureType\", \"Snow_Wolf-CreatureName\", \"Snow Wolf\")",
            "Tag": {
                "TagName": "NPC.Wolf"
            },
            "SpawnStat": {
                "Value": "WolfSpawnRate_+%"
            },
            "AdditionalDamageStat": {
                "Value": "SnowWolfExtraDamage_+%"
            },
            "AdditionalResistanceStat": {
                "Value": "SnowWolfExtraDamageResistance_+%"
            },
            "SkinningXPEvent": {
                "RowName": "Skin_Wolf"
            }
        },
        {
            "Name": "Wooly_Zebra",
            "CreatureName": "NSLOCTEXT(\"D_AICreatureType\", \"Wooly_Zebra-CreatureName\", \"Shaggy Zebra\")",
            "Tag": {
                "TagName": "NPC.Zebra"
            },
            "SpawnStat": {
                "Value": "ZebraSpawnRate_+%"
            },
            "AdditionalDamageStat": {
                "Value": "WoolyZebraExtraDamage_+%"
            },
            "AdditionalResistanceStat": {
                "Value": "WoolyZebraExtraDamageResistance_+%"
            },
            "SkinningXPEvent": {
                "RowName": "Skin_WoolyZebra"
            }
        },
        {
            "Name": "Juvenile_Bear_Cub",
            "CreatureName": "NSLOCTEXT(\"D_AICreatureType\", \"Juvenile_Bear_Cub-CreatureName\", \"Juvenile Bear Cub\")",
            "Tag": {
                "TagName": "NPC.Juvenile.BearCub"
            },
            "AdditionalDamageStat": {
                "Value": "BearCubExtraDamage_+%"
            },
            "AdditionalResistanceStat": {
                "Value": "BearCubExtraDamageResistance_+%"
            },
            "SkinningXPEvent": {
                "RowName": "Skin_BearCub"
            },
            "ParentCreatureTag": {
                "TagName": "NPC.Bear"
            }
        },
        {
            "Name": "Landshark",
            "CreatureName": "NSLOCTEXT(\"D_AICreatureType\", \"Landshark-CreatureName\", \"Landshark\")",
            "Tag": {
                "TagName": "NPC.Landshark"
            },
            "AdditionalDamageStat": {
                "Value": "LandsharkBossExtraDamage_+%"
            },
            "AdditionalResistanceStat": {
                "Value": "LandsharkBossExtraDamageResistance_+%"
            }
        },
        {
            "Name": "LavaHunter",
            "CreatureName": "NSLOCTEXT(\"D_AICreatureType\", \"LavaHunter-CreatureName\", \"Lava Hunter\")",
            "Tag": {
                "TagName": "NPC.LavaHunter"
            },
            "AdditionalDamageStat": {
                "Value": "LavaHunterExtraDamage_+%"
            },
            "AdditionalResistanceStat": {
                "Value": "LavaHunterSpawnExtraDamageResistance_+%"
            }
        },
        {
            "Name": "Swamp_Slug",
            "CreatureName": "NSLOCTEXT(\"D_AICreatureType\", \"Swamp_Slug-CreatureName\", \"Viscid\")",
            "Tag": {
                "TagName": "NPC.Slug"
            },
            "AdditionalDamageStat": {
                "Value": "SwampSlugExtraDamage_+%"
            },
            "AdditionalResistanceStat": {
                "Value": "SwampSlugExtraDamageResistance_+%"
            },
            "SkinningXPEvent": {
                "RowName": "Skin_Slug"
            }
        },
        {
            "Name": "LavaBroodling",
            "CreatureName": "NSLOCTEXT(\"D_AICreatureType\", \"LavaBroodling-CreatureName\", \"Lava Broodling\")",
            "Tag": {
                "TagName": "NPC.LavaBroodling"
            },
            "AdditionalDamageStat": {
                "Value": "LavaHunterSpawnExtraDamage_+%"
            },
            "AdditionalResistanceStat": {
                "Value": "LavaHunterSpawnExtraDamageResistance_+%"
            }
        },
        {
            "Name": "LavaFlyer",
            "CreatureName": "NSLOCTEXT(\"D_AICreatureType\", \"LavaFlyer-CreatureName\", \"Lava Flyer\")",
            "Tag": {
                "TagName": "NPC.LavaFlyer"
            },
            "AdditionalDamageStat": {
                "Value": "LavaHunterSpawnExtraDamage_+%"
            },
            "AdditionalResistanceStat": {
                "Value": "LavaHunterSpawnExtraDamageResistance_+%"
            }
        },
        {
            "Name": "LavaBomber",
            "CreatureName": "NSLOCTEXT(\"D_AICreatureType\", \"LavaBomber-CreatureName\", \"Lava Bomber\")",
            "Tag": {
                "TagName": "NPC.LavaBomber"
            },
            "AdditionalDamageStat": {
                "Value": "LavaHunterSpawnExtraDamage_+%"
            },
            "AdditionalResistanceStat": {
                "Value": "LavaHunterSpawnExtraDamageResistance_+%"
            }
        },
        {
            "Name": "Lava_Komodo",
            "CreatureName": "NSLOCTEXT(\"D_AICreatureType\", \"Lava_Komodo-CreatureName\", \"Ashen Drake\")",
            "Tag": {
                "TagName": "NPC.LavaKomodo"
            },
            "SpawnStat": {
                "Value": "KomodoSpawnRate_+%"
            },
            "AdditionalDamageStat": {
                "Value": "LavaKomodoExtraDamage_+%"
            },
            "AdditionalResistanceStat": {
                "Value": "LavaKomodoExtraDamageResistance_+%"
            },
            "SkinningXPEvent": {
                "RowName": "Skin_LavaKomodo"
            }
        },
        {
            "Name": "Lava_Blueback",
            "CreatureName": "NSLOCTEXT(\"D_AICreatureType\", \"Lava_Blueback-CreatureName\", \"Redback\")",
            "Tag": {
                "TagName": "NPC.LavaBlueback"
            },
            "AdditionalDamageStat": {
                "Value": "LavaBluebackExtraDamage_+%"
            },
            "AdditionalResistanceStat": {
                "Value": "LavaBluebackExtraDamageResistance_+%"
            },
            "SkinningXPEvent": {
                "RowName": "Skin_LavaBlueback"
            }
        },
        {
            "Name": "Lava_Slug",
            "CreatureName": "NSLOCTEXT(\"D_AICreatureType\", \"Lava_Slug-CreatureName\", \"Ignari\")",
            "Tag": {
                "TagName": "NPC.LavaSlug"
            },
            "AdditionalDamageStat": {
                "Value": "LavaSlugExtraDamage_+%"
            },
            "AdditionalResistanceStat": {
                "Value": "LavaSlugExtraDamageResistance_+%"
            },
            "SkinningXPEvent": {
                "RowName": "Skin_Slug"
            }
        },
        {
            "Name": "Horse",
            "CreatureName": "NSLOCTEXT(\"D_AICreatureType\", \"Horse-CreatureName\", \"Terrenus\")",
            "Tag": {
                "TagName": "NPC.Horse"
            },
            "AdditionalDamageStat": {
                "Value": "HorseExtraDamage_+%"
            },
            "AdditionalResistanceStat": {
                "Value": "HorseExtraDamageResistance_+%"
            },
            "SkinningXPEvent": {
                "RowName": "Skin_Horse"
            }
        },
        {
            "Name": "Juvenile_Horse",
            "CreatureName": "NSLOCTEXT(\"D_AICreatureType\", \"Juvenile_Horse-CreatureName\", \"Juvenile Terrenus\")",
            "Tag": {
                "TagName": "NPC.Juvenile.Horse"
            },
            "AdditionalDamageStat": {
                "Value": "BuffaloExtraDamage_+%"
            },
            "AdditionalResistanceStat": {
                "Value": "BuffaloExtraDamageResistance_+%"
            },
            "SkinningXPEvent": {
                "RowName": "Skin_BabyHorse"
            },
            "ParentCreatureTag": {
                "TagName": "NPC.Horse"
            }
        },
        {
            "Name": "Tusker",
            "CreatureName": "NSLOCTEXT(\"D_AICreatureType\", \"Tusker-CreatureName\", \"Tusker\")",
            "Tag": {
                "TagName": "NPC.Tusker"
            },
            "SpawnStat": {
                "Value": "TuskerSpawnRate_+%"
            },
            "AdditionalDamageStat": {
                "Value": "TuskerExtraDamage_+%"
            },
            "AdditionalResistanceStat": {
                "Value": "TuskerExtraDamageResistance_+%"
            },
            "SkinningXPEvent": {
                "RowName": "Skin_Tusker"
            }
        },
        {
            "Name": "Juvenile_Tusker",
            "CreatureName": "NSLOCTEXT(\"D_AICreatureType\", \"Juvenile_Tusker-CreatureName\", \"Juvenile Tusker\")",
            "Tag": {
                "TagName": "NPC.Juvenile.Tusker"
            },
            "SpawnStat": {
                "Value": "TuskerSpawnRate_+%"
            },
            "AdditionalDamageStat": {
                "Value": "TuskerExtraDamage_+%"
            },
            "AdditionalResistanceStat": {
                "Value": "TuskerExtraDamageResistance_+%"
            },
            "SkinningXPEvent": {
                "RowName": "Skin_BabyTusker"
            },
            "ParentCreatureTag": {
                "TagName": "NPC.Tusker"
            }
        },
        {
            "Name": "CaveBat",
            "CreatureName": "INVTEXT(\"[DNT] Cave Bat\")",
            "Tag": {
                "TagName": "NPC.CaveBat"
            }
        },
        {
            "Name": "ArcticBat",
            "CreatureName": "INVTEXT(\"[DNT] Arctic Bat\")",
            "Tag": {
                "TagName": "NPC.ArcticBat"
            }
        },
        {
            "Name": "Chicken",
            "CreatureName": "NSLOCTEXT(\"D_AICreatureType\", \"Chicken-CreatureName\", \"Chicken\")",
            "Tag": {
                "TagName": "NPC.Chicken"
            },
            "SpawnStat": {
                "Value": "RabbitSpawnRate_+%"
            },
            "AdditionalDamageStat": {
                "Value": "RabbitExtraDamage_+%"
            },
            "AdditionalResistanceStat": {
                "Value": "RabbitExtraDamageResistance_+%"
            },
            "SkinningXPEvent": {
                "RowName": "Skin_Chicken"
            }
        },
        {
            "Name": "Bee",
            "CreatureName": "NSLOCTEXT(\"D_AICreatureType\", \"Bee-CreatureName\", \"Bees\")",
            "Tag": {
                "TagName": "NPC.Bee"
            }
        },
        {
            "Name": "Sheep",
            "CreatureName": "NSLOCTEXT(\"D_AICreatureType\", \"Sheep-CreatureName\", \"Sheep\")",
            "Tag": {
                "TagName": "NPC.Sheep"
            }
        },
        {
            "Name": "Hammerhead_Slug",
            "CreatureName": "INVTEXT(\"[DNT] Hammerhead Slug\")",
            "Tag": {
                "TagName": "NPC.Slug"
            },
            "AdditionalDamageStat": {
                "Value": "SwampSlugExtraDamage_+%"
            },
            "AdditionalResistanceStat": {
                "Value": "SwampSlugExtraDamageResistance_+%"
            },
            "SkinningXPEvent": {
                "RowName": "Skin_Hammerhead_Slug"
            }
        },
        {
            "Name": "Juvenile_Wooly_Zebra",
            "CreatureName": "NSLOCTEXT(\"D_AICreatureType\", \"Juvenile_Wooly_Zebra-CreatureName\", \"Juvenile Shaggy Zebra\")",
            "Tag": {
                "TagName": "NPC.Juvenile.WoolyZebra"
            },
            "SpawnStat": {
                "Value": "ZebraSpawnRate_+%"
            },
            "AdditionalDamageStat": {
                "Value": "WoolyZebraExtraDamage_+%"
            },
            "AdditionalResistanceStat": {
                "Value": "WoolyZebraExtraDamageResistance_+%"
            },
            "SkinningXPEvent": {
                "RowName": "Skin_WoolyZebra"
            }
        },
        {
            "Name": "Mini_Hippo",
            "CreatureName": "NSLOCTEXT(\"D_AICreatureType\", \"Mini_Hippo-CreatureName\", \"Dribbo\")",
            "Tag": {
                "TagName": "NPC.MiniHippo"
            },
            "SpawnStat": {
                "Value": "MiniHippoSpawnRate_+%"
            },
            "AdditionalDamageStat": {
                "Value": "MiniHippoExtraDamage_+%"
            },
            "AdditionalResistanceStat": {
                "Value": "MiniHippoExtraDamageResistance_+%"
            },
            "SkinningXPEvent": {
                "RowName": "Skin_MiniHippo"
            },
            "ParentCreatureTag": {
                "TagName": "NPC.MiniHippo"
            }
        },
        {
            "Name": "Juvenile_BlueBack",
            "CreatureName": "NSLOCTEXT(\"D_AICreatureType\", \"Juvenile_BlueBack-CreatureName\", \"Juvenile Blueback\")",
            "Tag": {
                "TagName": "NPC.Juvenile.Blueback"
            },
            "AdditionalDamageStat": {
                "Value": "BluebackExtraDamage_+%"
            },
            "AdditionalResistanceStat": {
                "Value": "BluebackExtraDamageResistance_+%"
            },
            "SkinningXPEvent": {
                "RowName": "Skin_BlueBack"
            },
            "ParentCreatureTag": {
                "TagName": "NPC.Blueback"
            }
        },
        {
            "Name": "Juvenile_BlueBack_Lava",
            "CreatureName": "NSLOCTEXT(\"D_AICreatureType\", \"Juvenile_BlueBack_Lava-CreatureName\", \"Juvenile Redback\")",
            "Tag": {
                "TagName": "NPC.Juvenile.Redback"
            },
            "AdditionalDamageStat": {
                "Value": "BluebackExtraDamage_+%"
            },
            "AdditionalResistanceStat": {
                "Value": "BluebackExtraDamageResistance_+%"
            },
            "SkinningXPEvent": {
                "RowName": "Skin_BlueBack"
            },
            "ParentCreatureTag": {
                "TagName": "NPC.Blueback"
            }
        },
        {
            "Name": "Mange_Wolf",
            "CreatureName": "NSLOCTEXT(\"D_AICreatureType\", \"Mange_Wolf-CreatureName\", \"Skulmutt\")",
            "Tag": {
                "TagName": "NPC.MangeWolf"
            },
            "SpawnStat": {
                "Value": "WolfSpawnRate_+%"
            },
            "AdditionalDamageStat": {
                "Value": "ForestWolfExtraDamage_+%"
            },
            "AdditionalResistanceStat": {
                "Value": "ForestWolfExtraDamageResistance_+%"
            },
            "SkinningXPEvent": {
                "RowName": "Skin_Mange_Wolf"
            },
            "ParentCreatureTag": {
                "TagName": "NPC.MangeWolf.Alpha"
            }
        },
        {
            "Name": "Mange_Wolf_Alpha",
            "CreatureName": "NSLOCTEXT(\"D_AICreatureType\", \"Mange_Wolf_Alpha-CreatureName\", \"Skulmutt\")",
            "Tag": {
                "TagName": "NPC.MangeWolf.Alpha"
            },
            "SpawnStat": {
                "Value": "WolfSpawnRate_+%"
            },
            "AdditionalDamageStat": {
                "Value": "ForestWolfExtraDamage_+%"
            },
            "AdditionalResistanceStat": {
                "Value": "ForestWolfExtraDamageResistance_+%"
            },
            "SkinningXPEvent": {
                "RowName": "Skin_Mange_Wolf"
            }
        },
        {
            "Name": "Kiwi",
            "CreatureName": "NSLOCTEXT(\"D_AICreatureType\", \"Kiwi-CreatureName\", \"Kiwi\")",
            "Tag": {
                "TagName": "NPC.Kiwi"
            },
            "SkinningXPEvent": {
                "RowName": "Skin_Kiwi"
            }
        },
        {
            "Name": "Ice_Mammoth",
            "CreatureName": "NSLOCTEXT(\"D_AICreatureType\", \"Ice_Mammoth-CreatureName\", \"Ice Mammoth\")",
            "Tag": {
                "TagName": "NPC.Mammoth"
            },
            "SpawnStat": {
                "Value": "IceMammothSpawnRate_+%"
            },
            "AdditionalDamageStat": {
                "Value": "IceMammothExtraDamage_+%"
            },
            "AdditionalResistanceStat": {
                "Value": "IceMammothExtraDamageResistance_+%"
            },
            "SkinningXPEvent": {
                "RowName": "Skin_Mammoth"
            }
        },
        {
            "Name": "Ape",
            "CreatureName": "INVTEXT(\"[DNT] Ape\")",
            "Tag": {
                "TagName": "NPC.Ape"
            }
        },
        {
            "Name": "Dog",
            "CreatureName": "NSLOCTEXT(\"D_AICreatureType\", \"Dog-CreatureName\", \"Dog\")",
            "Tag": {
                "TagName": "NPC.Dog"
            }
        },
        {
            "Name": "Cat",
            "CreatureName": "NSLOCTEXT(\"D_AICreatureType\", \"Cat-CreatureName\", \"Cat\")",
            "Tag": {
                "TagName": "NPC.Cat"
            }
        },
        {
            "Name": "Horse_Standard",
            "CreatureName": "NSLOCTEXT(\"D_AICreatureType\", \"Horse_Standard-CreatureName\", \"Horse\")",
            "Tag": {
                "TagName": "NPC.Horse_Standard"
            }
        }
    ]
}