{
    "RowStruct": "/Script/Icarus.AutonomousSpawnData",
    "Defaults": {
        "AISetup": {
            "Value": "None"
        },
        "IcarusActorClass": "None",
        "AISpawnBehaviour": "None",
        "MaxNumAroundPlayers": 3,
        "MaxSpawnCount": 10,
        "MaxDistanceToPlayers": 10000,
        "GameplayTagsToApply": {
            "GameplayTags": [
                {
                    "TagName": "NPC.AutonomousSpawn"
                }
            ]
        }
    },
    "Rows": [
        {
            "Name": "Kea",
            "AISetup": {
                "Value": "Kea"
            },
            "AISpawnBehaviour": "/Game/BP/AI/SpawnBehaviours/BP_AISpawnBehaviour_AroundPlayers_Kea.BP_AISpawnBehaviour_AroundPlayers_Kea_C",
            "MaxSpawnCount": 15,
            "MaxDistanceToPlayers": 15000
        },
        {
            "Name": "Predator_Bird_Few",
            "AISetup": {
                "Value": "Predator_Bird"
            },
            "AISpawnBehaviour": "/Game/BP/AI/SpawnBehaviours/BP_AISpawnBehaviour_AroundPlayers_Kea.BP_AISpawnBehaviour_AroundPlayers_Kea_C",
            "MaxNumAroundPlayers": 2,
            "MaxSpawnCount": 5,
            "MaxDistanceToPlayers": 15000
        },
        {
            "Name": "Predator_Bird_Many",
            "AISetup": {
                "Value": "Predator_Bird"
            },
            "AISpawnBehaviour": "/Game/BP/AI/SpawnBehaviours/BP_AISpawnBehaviour_AroundPlayers_Kea.BP_AISpawnBehaviour_AroundPlayers_Kea_C",
            "MaxNumAroundPlayers": 5,
            "MaxSpawnCount": 15,
            "MaxDistanceToPlayers": 15000
        },
        {
            "Name": "Gas_Flyer",
            "AISetup": {
                "Value": "Gas_Flyer"
            },
            "AISpawnBehaviour": "/Game/BP/AI/SpawnBehaviours/BP_AISpawnBehaviour_AroundPlayers_GasFlyer.BP_AISpawnBehaviour_AroundPlayers_GasFlyer_C",
            "MaxNumAroundPlayers": 8,
            "MaxSpawnCount": 25,
            "MaxDistanceToPlayers": 30000
        },
        {
            "Name": "Gas_Flyer_Swamp",
            "AISetup": {
                "Value": "Gas_Flyer_Swamp"
            },
            "AISpawnBehaviour": "/Game/BP/AI/SpawnBehaviours/BP_AISpawnBehaviour_AroundPlayers_GasFlyer.BP_AISpawnBehaviour_AroundPlayers_GasFlyer_C",
            "MaxNumAroundPlayers": 4,
            "MaxDistanceToPlayers": 30000
        },
        {
            "Name": "Wild_Beehive_Tree",
            "IcarusActorClass": "/Game/BP/AI/Basic/Caves/BP_WildBeeHive_Tree.BP_WildBeeHive_Tree_C",
            "AISpawnBehaviour": "/Game/BP/AI/SpawnBehaviours/BP_AISpawnBehaviour_AroundPlayers_ArcticBatNests.BP_AISpawnBehaviour_AroundPlayers_ArcticBatNests_C",
            "MaxNumAroundPlayers": 2,
            "MaxSpawnCount": 5,
            "MaxDistanceToPlayers": 30000
        },
        {
            "Name": "TrappedCreatures",
            "AISpawnBehaviour": "/Game/BP/AI/SpawnBehaviours/BP_AISpawnBehaviour_TrappedCreatures.BP_AISpawnBehaviour_TrappedCreatures_C",
            "MaxNumAroundPlayers": 2,
            "MaxSpawnCount": 5,
            "MaxDistanceToPlayers": 15000
        }
    ]
}