{
    "RowStruct": "/Script/Icarus.GOAPProperties",
    "Defaults": {
        "Description": "None"
    },
    "GenerateEnum": true,
    "Rows": [
        {
            "Name": "Wander",
            "Description": "Wander"
        },
        {
            "Name": "Hungry",
            "Description": "Hungry"
        },
        {
            "Name": "Thirsty",
            "Description": "Thirsty"
        },
        {
            "Name": "Found_Food",
            "Description": "Found_Food"
        },
        {
            "Name": "Found_Water",
            "Description": "Found_Water"
        },
        {
            "Name": "Scared",
            "Description": "Scared"
        },
        {
            "Name": "Found_Enemy",
            "Description": "Found_Enemy"
        },
        {
            "Name": "Cautious",
            "Description": "Cautious"
        },
        {
            "Name": "Tired",
            "Description": "Tired"
        },
        {
            "Name": "Angry",
            "Description": "Angry"
        },
        {
            "Name": "Lonely",
            "Description": "Lonely"
        },
        {
            "Name": "HasParent",
            "Description": "HasParent"
        },
        {
            "Name": "Distant",
            "Description": "True if AI is far away from it's anchor position"
        },
        {
            "Name": "Protective",
            "Description": "When a Neutral/Hostile target is partially triggering the Protective motivation"
        },
        {
            "Name": "Attracted",
            "Description": "Attracted"
        },
        {
            "Name": "Pack_Follower_Away",
            "Description": "Pack_Follower_Away"
        },
        {
            "Name": "Stalk_Target_Nearby",
            "Description": "Stalk_Target_Nearby"
        },
        {
            "Name": "WantsToRecover",
            "Description": "WantsToRecover"
        },
        {
            "Name": "HasRetreated",
            "Description": "HasRetreated"
        },
        {
            "Name": "WantsDormancy",
            "Description": "WantsDormancy"
        },
        {
            "Name": "WantsToGreet",
            "Description": "WantsToGreet"
        },
        {
            "Name": "Flying",
            "Description": "Flying"
        },
        {
            "Name": "Unconscious",
            "Description": "Unconscious"
        },
        {
            "Name": "Enraged",
            "Description": "Enraged"
        },
        {
            "Name": "Hunting",
            "Description": "Hunting"
        },
        {
            "Name": "Pacified",
            "Description": "Pacified"
        }
    ]
}