{
    "RowStruct": "/Script/Icarus.HuntingClueSetup",
    "Defaults": {
        "ClueType": "Footprint",
        "ClueLifespan": 600,
        "MaxClueDistance": 20000,
        "MinDistanceBetweenClues": 2000,
        "MaxDistanceBetweenClues": 5000,
        "MinTimeBetweenClues": 0,
        "MaxTimeBetweenClues": 0,
        "HuntingClue": "None",
        "HuntingWidget": "None",
        "HasTrail": true,
        "TrailSegmentLength": 200
    },
    "Rows": [
        {
            "Name": "DeerFootprints",
            "MaxClueDistance": 40000,
            "MaxDistanceBetweenClues": 10000,
            "HuntingClue": "/Game/BP/Hunting/BP_HuntingFootprints_Deer.BP_HuntingFootprints_Deer_C",
            "HuntingWidget": "/Game/UI/Projection/Hunting/W_ProjectionPopup_Deer.W_ProjectionPopup_Deer_C"
        },
        {
            "Name": "RoatFootprints",
            "MaxClueDistance": 30000,
            "MaxDistanceBetweenClues": 8000,
            "HuntingClue": "/Game/BP/Hunting/BP_HuntingFootprints_Roat.BP_HuntingFootprints_Roat_C",
            "HuntingWidget": "/Game/UI/Projection/Hunting/W_ProjectionPopup_Roat.W_ProjectionPopup_Roat_C"
        },
        {
            "Name": "WulvFootprints",
            "MaxClueDistance": 30000,
            "MaxDistanceBetweenClues": 8000,
            "HuntingClue": "/Game/BP/Hunting/BP_HuntingFootprints_Wulv.BP_HuntingFootprints_Wulv_C",
            "HuntingWidget": "/Game/UI/Projection/Hunting/W_ProjectionPopup_Wulv.W_ProjectionPopup_Wulv_C"
        },
        {
            "Name": "BounderFootprints",
            "MaxClueDistance": 40000,
            "MaxDistanceBetweenClues": 10000,
            "HuntingClue": "/Game/BP/Hunting/BP_HuntingFootprints_Deer.BP_HuntingFootprints_Deer_C",
            "HuntingWidget": "/Game/UI/Projection/Hunting/W_ProjectionPopup_Deer.W_ProjectionPopup_Deer_C"
        },
        {
            "Name": "RedGoatFootprints",
            "MaxClueDistance": 40000,
            "MaxDistanceBetweenClues": 10000,
            "HuntingClue": "/Game/BP/Hunting/BP_HuntingFootprints_RedGoat.BP_HuntingFootprints_RedGoat_C",
            "HuntingWidget": "/Game/UI/Projection/Hunting/W_ProjectionPopup_RedGoat.W_ProjectionPopup_RedGoat_C"
        },
        {
            "Name": "DeerBlood",
            "ClueType": "BloodTrail",
            "ClueLifespan": 180,
            "MaxClueDistance": 0,
            "MinDistanceBetweenClues": 0,
            "MaxDistanceBetweenClues": 3000,
            "MaxTimeBetweenClues": 5,
            "HuntingClue": "/Game/BP/Hunting/BP_HuntingBloodTrail_Deer.BP_HuntingBloodTrail_Deer_C",
            "HuntingWidget": "/Game/UI/Projection/Hunting/W_ProjectionPopup_DeerBlood.W_ProjectionPopup_DeerBlood_C",
            "HasTrail": false
        }
    ]
}