{
    "RowStruct": "/Script/Icarus.SaddleData",
    "Defaults": {
        "SaddleTag": {
            "TagName": "None"
        },
        "SupportedMount": {
            "RowName": "None",
            "DataTableName": "D_Mounts"
        },
        "SkeletalMesh": "None",
        "SaddleAnimBlueprint": "None",
        "SaddleBlueprint": "BlueprintGeneratedClass'/Game/BP/Mounts/BP_Seat_Mount.BP_Seat_Mount_C'",
        "AttachSocket": "None",
        "FurCullMask": "None",
        "PersistentSound": "None",
        "AudioSocket": "None"
    },
    "Rows": [
        {
            "Name": "Saddle_Moa_Standard",
            "SaddleTag": {
                "TagName": "Item.Mount.Saddle.Standard"
            },
            "SupportedMount": {
                "RowName": "Moa"
            },
            "SkeletalMesh": "/Game/ASS/ITM/SK_ITM_Saddle_Moa.SK_ITM_Saddle_Moa",
            "SaddleAnimBlueprint": "/Game/ASS/ITM/SK_ITM_Saddle_Moa_Skeleton_AnimBlueprint.SK_ITM_Saddle_Moa_Skeleton_AnimBlueprint_C",
            "AttachSocket": "RigRoot"
        },
        {
            "Name": "Saddle_Buffalo_Standard",
            "SaddleTag": {
                "TagName": "Item.Mount.Saddle.Standard"
            },
            "SupportedMount": {
                "RowName": "Buffalo"
            },
            "SkeletalMesh": "/Game/ASS/ITM/SK_ITM_Saddle_Buffalo.SK_ITM_Saddle_Buffalo",
            "SaddleAnimBlueprint": "/Game/ASS/ITM/SK_ITM_Saddle_Buffalo_Skeleton_AnimBlueprint.SK_ITM_Saddle_Buffalo_Skeleton_AnimBlueprint_C",
            "AttachSocket": "RigRoot"
        },
        {
            "Name": "Saddle_Buffalo_Cargo",
            "SaddleTag": {
                "TagName": "Item.Mount.Saddle.Cargo"
            },
            "SupportedMount": {
                "RowName": "Buffalo"
            },
            "SkeletalMesh": "/Game/ASS/ITM/SK_ITM_Harness_Pack_Buffalo.SK_ITM_Harness_Pack_Buffalo",
            "SaddleAnimBlueprint": "/Game/ASS/ITM/SK_ITM_Harness_Pack_Buffalo_Skeleton_AnimBlueprint.SK_ITM_Harness_Pack_Buffalo_Skeleton_AnimBlueprint_C",
            "AttachSocket": "RigRoot"
        },
        {
            "Name": "Saddle_Buffalo_Cart",
            "SaddleTag": {
                "TagName": "Item.Mount.Saddle.Cart"
            },
            "SupportedMount": {
                "RowName": "Buffalo"
            },
            "SkeletalMesh": "/Game/ASS/ITM/SK_ITM_Cart_Wood.SK_ITM_Cart_Wood",
            "SaddleAnimBlueprint": "/Game/ASS/ITM/SK_ITM_Cart_Wood_AnimBP.SK_ITM_Cart_Wood_AnimBP_C",
            "AttachSocket": "RigRoot",
            "PersistentSound": "/Game/FMOD/Events/SFX/Deployable/Cart/SFX_CART_SADDLE.SFX_CART_SADDLE",
            "AudioSocket": "Socket_Axle"
        },
        {
            "Name": "Saddle_Horse_Standard",
            "SaddleTag": {
                "TagName": "Item.Mount.Saddle.Standard"
            },
            "SupportedMount": {
                "RowName": "Horse"
            },
            "SkeletalMesh": "/Game/ASS/ITM/SK_ITM_Saddle_NormieHorsie.SK_ITM_Saddle_NormieHorsie",
            "SaddleAnimBlueprint": "/Game/ASS/ITM/SK_ITM_Saddle_NormieHorsie_AnimBP.SK_ITM_Saddle_NormieHorsie_AnimBP_C",
            "AttachSocket": "RigRoot"
        },
        {
            "Name": "Saddle_Tusker_Standard",
            "SaddleTag": {
                "TagName": "Item.Mount.Saddle.Standard"
            },
            "SupportedMount": {
                "RowName": "Tusker"
            },
            "SkeletalMesh": "/Game/ASS/ITM/SK_ITM_Saddle_Tusker.SK_ITM_Saddle_Tusker",
            "SaddleAnimBlueprint": "/Game/ASS/ITM/SK_ITM_Saddle_Buffalo_Skeleton_AnimBlueprint.SK_ITM_Saddle_Buffalo_Skeleton_AnimBlueprint_C",
            "AttachSocket": "RigRoot",
            "FurCullMask": "/Game/ASS/CRE/Tusker/T_CRE_Tusk_Fur_Cull_Mask.T_CRE_Tusk_Fur_Cull_Mask"
        },
        {
            "Name": "Saddle_SwampBird_Standard",
            "SaddleTag": {
                "TagName": "Item.Mount.Saddle.Standard"
            },
            "SupportedMount": {
                "RowName": "Swamp_Bird"
            },
            "SkeletalMesh": "/Game/ASS/ITM/SK_ITM_Saddle_Moa.SK_ITM_Saddle_Moa",
            "SaddleAnimBlueprint": "/Game/ASS/ITM/SK_ITM_Saddle_Moa_Skeleton_AnimBlueprint.SK_ITM_Saddle_Moa_Skeleton_AnimBlueprint_C",
            "AttachSocket": "RigRoot"
        },
        {
            "Name": "Saddle_Tusker_Cart",
            "SaddleTag": {
                "TagName": "Item.Mount.Saddle.Cart"
            },
            "SupportedMount": {
                "RowName": "Tusker"
            },
            "SkeletalMesh": "/Game/ASS/ITM/SK_ITM_Cart_Wood.SK_ITM_Cart_Wood",
            "SaddleAnimBlueprint": "/Game/ASS/ITM/SK_ITM_Cart_Wood_AnimBP.SK_ITM_Cart_Wood_AnimBP_C",
            "AttachSocket": "RigRoot",
            "PersistentSound": "/Game/FMOD/Events/SFX/Deployable/Cart/SFX_CART_SADDLE.SFX_CART_SADDLE",
            "AudioSocket": "Socket_Axle"
        },
        {
            "Name": "Saddle_Tusker_Cargo",
            "SaddleTag": {
                "TagName": "Item.Mount.Saddle.Cargo"
            },
            "SupportedMount": {
                "RowName": "Tusker"
            },
            "SkeletalMesh": "/Game/ASS/ITM/SK_ITM_Harness_Pack_Buffalo.SK_ITM_Harness_Pack_Buffalo",
            "SaddleAnimBlueprint": "/Game/ASS/ITM/SK_ITM_Harness_Pack_Buffalo_Skeleton_AnimBlueprint.SK_ITM_Harness_Pack_Buffalo_Skeleton_AnimBlueprint_C",
            "AttachSocket": "RigRoot"
        },
        {
            "Name": "Saddle_Zebra_Standard",
            "SaddleTag": {
                "TagName": "Item.Mount.Saddle.Standard"
            },
            "SupportedMount": {
                "RowName": "Zebra"
            },
            "SkeletalMesh": "/Game/ASS/ITM/SK_ITM_Saddle_NormieHorsie.SK_ITM_Saddle_NormieHorsie",
            "SaddleAnimBlueprint": "/Game/ASS/ITM/SK_ITM_Saddle_NormieHorsie_AnimBP.SK_ITM_Saddle_NormieHorsie_AnimBP_C",
            "AttachSocket": "RigRoot"
        },
        {
            "Name": "Saddle_Zebra_Bearhide",
            "SaddleTag": {
                "TagName": "Item.Mount.Saddle.Bearhide"
            },
            "SupportedMount": {
                "RowName": "Zebra"
            },
            "SkeletalMesh": "/Game/ASS/ITM/Saddle_BearHide/SK_ITM_Saddle_BearHide_Terrenus.SK_ITM_Saddle_BearHide_Terrenus",
            "SaddleAnimBlueprint": "/Game/ASS/ITM/SK_ITM_Saddle_NormieHorsie_AnimBP.SK_ITM_Saddle_NormieHorsie_AnimBP_C",
            "AttachSocket": "RigRoot"
        },
        {
            "Name": "Saddle_Zebra_DeluxeLeather",
            "SaddleTag": {
                "TagName": "Item.Mount.Saddle.DeluxeLeather"
            },
            "SupportedMount": {
                "RowName": "Zebra"
            },
            "SkeletalMesh": "/Game/ASS/ITM/Saddle_DeluxLeather/SK_ITM_Saddle_DeluxLeather_Horse.SK_ITM_Saddle_DeluxLeather_Horse",
            "SaddleAnimBlueprint": "/Game/ASS/ITM/SK_ITM_Saddle_NormieHorsie_AnimBP.SK_ITM_Saddle_NormieHorsie_AnimBP_C",
            "AttachSocket": "RigRoot"
        },
        {
            "Name": "Saddle_Zebra_CrocSkin",
            "SaddleTag": {
                "TagName": "Item.Mount.Saddle.CrocSkin"
            },
            "SupportedMount": {
                "RowName": "Zebra"
            },
            "SkeletalMesh": "/Game/ASS/ITM/SK_ITM_Saddle_Croc_Skin_Horse.SK_ITM_Saddle_Croc_Skin_Horse",
            "SaddleAnimBlueprint": "/Game/ASS/ITM/SK_ITM_Saddle_NormieHorsie_AnimBP.SK_ITM_Saddle_NormieHorsie_AnimBP_C",
            "AttachSocket": "RigRoot"
        },
        {
            "Name": "Saddle_Zebra_Sandworm",
            "SaddleTag": {
                "TagName": "Item.Mount.Saddle.Sandworm"
            },
            "SupportedMount": {
                "RowName": "Zebra"
            },
            "SkeletalMesh": "/Game/ASS/ITM/SK_ITM_Saddle_Sandworm_Horse.SK_ITM_Saddle_Sandworm_Horse",
            "SaddleAnimBlueprint": "/Game/ASS/ITM/SK_ITM_Saddle_NormieHorsie_AnimBP.SK_ITM_Saddle_NormieHorsie_AnimBP_C",
            "AttachSocket": "RigRoot"
        },
        {
            "Name": "Saddle_Zebra_Desert",
            "SaddleTag": {
                "TagName": "Item.Mount.Saddle.Desert"
            },
            "SupportedMount": {
                "RowName": "Zebra"
            },
            "SkeletalMesh": "/Game/ASS/ITM/Saddle_DesertTracker/SK_ITM_Saddle_DesertTracker_Horse.SK_ITM_Saddle_DesertTracker_Horse",
            "SaddleAnimBlueprint": "/Game/ASS/ITM/SK_ITM_Saddle_NormieHorsie_AnimBP.SK_ITM_Saddle_NormieHorsie_AnimBP_C",
            "AttachSocket": "RigRoot"
        },
        {
            "Name": "Saddle_Zebra_Armored",
            "SaddleTag": {
                "TagName": "Item.Mount.Saddle.Armored"
            },
            "SupportedMount": {
                "RowName": "Zebra"
            },
            "SkeletalMesh": "/Game/ASS/ITM/Saddle_Armored/SK_ITM_Saddle_Armored_Horse.SK_ITM_Saddle_Armored_Horse",
            "SaddleAnimBlueprint": "/Game/ASS/ITM/SK_ITM_Saddle_NormieHorsie_AnimBP.SK_ITM_Saddle_NormieHorsie_AnimBP_C",
            "AttachSocket": "RigRoot"
        },
        {
            "Name": "Saddle_Zebra_Explorer",
            "SaddleTag": {
                "TagName": "Item.Mount.Saddle.Explorer"
            },
            "SupportedMount": {
                "RowName": "Zebra"
            },
            "SkeletalMesh": "/Game/ASS/ITM/Saddle_ArcticExplorer/SK_ITM_Saddle_ArcticExplorer_Horse.SK_ITM_Saddle_ArcticExplorer_Horse",
            "SaddleAnimBlueprint": "/Game/ASS/ITM/SK_ITM_Saddle_NormieHorsie_AnimBP.SK_ITM_Saddle_NormieHorsie_AnimBP_C",
            "AttachSocket": "RigRoot"
        },
        {
            "Name": "Saddle_Zebra_Racing",
            "SaddleTag": {
                "TagName": "Item.Mount.Saddle.Racing"
            },
            "SupportedMount": {
                "RowName": "Zebra"
            },
            "SkeletalMesh": "/Game/ASS/ITM/Saddle_Racing/SK_ITM_Saddle_Racing_Horse.SK_ITM_Saddle_Racing_Horse",
            "SaddleAnimBlueprint": "/Game/ASS/ITM/SK_ITM_Saddle_NormieHorsie_AnimBP.SK_ITM_Saddle_NormieHorsie_AnimBP_C",
            "AttachSocket": "RigRoot"
        },
        {
            "Name": "Saddle_Wooly_Zebra_Standard",
            "SaddleTag": {
                "TagName": "Item.Mount.Saddle.Standard"
            },
            "SupportedMount": {
                "RowName": "WoolyZebra"
            },
            "SkeletalMesh": "/Game/ASS/ITM/SK_ITM_Saddle_NormieHorsie.SK_ITM_Saddle_NormieHorsie",
            "SaddleAnimBlueprint": "/Game/ASS/ITM/SK_ITM_Saddle_NormieHorsie_AnimBP.SK_ITM_Saddle_NormieHorsie_AnimBP_C",
            "AttachSocket": "RigRoot",
            "FurCullMask": "/Game/ASS/CRE/Wooly_Zebra/T_CRE_Wooly_Zebra_FurCull.T_CRE_Wooly_Zebra_FurCull"
        },
        {
            "Name": "Saddle_Wooly_Zebra_Bearhide",
            "SaddleTag": {
                "TagName": "Item.Mount.Saddle.Bearhide"
            },
            "SupportedMount": {
                "RowName": "WoolyZebra"
            },
            "SkeletalMesh": "/Game/ASS/ITM/Saddle_BearHide/SK_ITM_Saddle_BearHide_Terrenus.SK_ITM_Saddle_BearHide_Terrenus",
            "SaddleAnimBlueprint": "/Game/ASS/ITM/SK_ITM_Saddle_NormieHorsie_AnimBP.SK_ITM_Saddle_NormieHorsie_AnimBP_C",
            "AttachSocket": "RigRoot"
        },
        {
            "Name": "Saddle_Wooly_Zebra_DeluxeLeather",
            "SaddleTag": {
                "TagName": "Item.Mount.Saddle.DeluxeLeather"
            },
            "SupportedMount": {
                "RowName": "WoolyZebra"
            },
            "SkeletalMesh": "/Game/ASS/ITM/Saddle_DeluxLeather/SK_ITM_Saddle_DeluxLeather_Horse.SK_ITM_Saddle_DeluxLeather_Horse",
            "SaddleAnimBlueprint": "/Game/ASS/ITM/SK_ITM_Saddle_NormieHorsie_AnimBP.SK_ITM_Saddle_NormieHorsie_AnimBP_C",
            "AttachSocket": "RigRoot"
        },
        {
            "Name": "Saddle_Wooly_Zebra_CrocSkin",
            "SaddleTag": {
                "TagName": "Item.Mount.Saddle.CrocSkin"
            },
            "SupportedMount": {
                "RowName": "WoolyZebra"
            },
            "SkeletalMesh": "/Game/ASS/ITM/SK_ITM_Saddle_Croc_Skin_Horse.SK_ITM_Saddle_Croc_Skin_Horse",
            "SaddleAnimBlueprint": "/Game/ASS/ITM/SK_ITM_Saddle_NormieHorsie_AnimBP.SK_ITM_Saddle_NormieHorsie_AnimBP_C",
            "AttachSocket": "RigRoot"
        },
        {
            "Name": "Saddle_Wooly_Zebra_Sandworm",
            "SaddleTag": {
                "TagName": "Item.Mount.Saddle.Sandworm"
            },
            "SupportedMount": {
                "RowName": "WoolyZebra"
            },
            "SkeletalMesh": "/Game/ASS/ITM/SK_ITM_Saddle_Sandworm_Horse.SK_ITM_Saddle_Sandworm_Horse",
            "SaddleAnimBlueprint": "/Game/ASS/ITM/SK_ITM_Saddle_NormieHorsie_AnimBP.SK_ITM_Saddle_NormieHorsie_AnimBP_C",
            "AttachSocket": "RigRoot"
        },
        {
            "Name": "Saddle_Wooly_Zebra_Desert",
            "SaddleTag": {
                "TagName": "Item.Mount.Saddle.Desert"
            },
            "SupportedMount": {
                "RowName": "WoolyZebra"
            },
            "SkeletalMesh": "/Game/ASS/ITM/Saddle_DesertTracker/SK_ITM_Saddle_DesertTracker_Horse.SK_ITM_Saddle_DesertTracker_Horse",
            "SaddleAnimBlueprint": "/Game/ASS/ITM/SK_ITM_Saddle_NormieHorsie_AnimBP.SK_ITM_Saddle_NormieHorsie_AnimBP_C",
            "AttachSocket": "RigRoot"
        },
        {
            "Name": "Saddle_Wooly_Zebra_Armored",
            "SaddleTag": {
                "TagName": "Item.Mount.Saddle.Armored"
            },
            "SupportedMount": {
                "RowName": "WoolyZebra"
            },
            "SkeletalMesh": "/Game/ASS/ITM/Saddle_Armored/SK_ITM_Saddle_Armored_Horse.SK_ITM_Saddle_Armored_Horse",
            "SaddleAnimBlueprint": "/Game/ASS/ITM/SK_ITM_Saddle_NormieHorsie_AnimBP.SK_ITM_Saddle_NormieHorsie_AnimBP_C",
            "AttachSocket": "RigRoot"
        },
        {
            "Name": "Saddle_Wooly_Zebra_Explorer",
            "SaddleTag": {
                "TagName": "Item.Mount.Saddle.Explorer"
            },
            "SupportedMount": {
                "RowName": "WoolyZebra"
            },
            "SkeletalMesh": "/Game/ASS/ITM/Saddle_ArcticExplorer/SK_ITM_Saddle_ArcticExplorer_Horse.SK_ITM_Saddle_ArcticExplorer_Horse",
            "SaddleAnimBlueprint": "/Game/ASS/ITM/SK_ITM_Saddle_NormieHorsie_AnimBP.SK_ITM_Saddle_NormieHorsie_AnimBP_C",
            "AttachSocket": "RigRoot"
        },
        {
            "Name": "Saddle_Wooly_Zebra_Racing",
            "SaddleTag": {
                "TagName": "Item.Mount.Saddle.Racing"
            },
            "SupportedMount": {
                "RowName": "WoolyZebra"
            },
            "SkeletalMesh": "/Game/ASS/ITM/Saddle_Racing/SK_ITM_Saddle_Racing_Horse.SK_ITM_Saddle_Racing_Horse",
            "SaddleAnimBlueprint": "/Game/ASS/ITM/SK_ITM_Saddle_NormieHorsie_AnimBP.SK_ITM_Saddle_NormieHorsie_AnimBP_C",
            "AttachSocket": "RigRoot"
        },
        {
            "Name": "Saddle_Moa_Bearhide",
            "SaddleTag": {
                "TagName": "Item.Mount.Saddle.Bearhide"
            },
            "SupportedMount": {
                "RowName": "Moa"
            },
            "SkeletalMesh": "/Game/ASS/ITM/Saddle_BearHide/SK_ITM_Saddle_BearHide_Moa.SK_ITM_Saddle_BearHide_Moa",
            "SaddleAnimBlueprint": "/Game/ASS/ITM/SK_ITM_Saddle_Moa_Skeleton_AnimBlueprint.SK_ITM_Saddle_Moa_Skeleton_AnimBlueprint_C",
            "AttachSocket": "RigRoot"
        },
        {
            "Name": "Saddle_Moa_DeluxeLeather",
            "SaddleTag": {
                "TagName": "Item.Mount.Saddle.DeluxeLeather"
            },
            "SupportedMount": {
                "RowName": "Moa"
            },
            "SkeletalMesh": "/Game/ASS/ITM/Saddle_DeluxLeather/SK_ITM_Saddle_DeluxLeather_Moa.SK_ITM_Saddle_DeluxLeather_Moa",
            "SaddleAnimBlueprint": "/Game/ASS/ITM/SK_ITM_Saddle_Moa_Skeleton_AnimBlueprint.SK_ITM_Saddle_Moa_Skeleton_AnimBlueprint_C",
            "AttachSocket": "RigRoot"
        },
        {
            "Name": "Saddle_Moa_CrocSkin",
            "SaddleTag": {
                "TagName": "Item.Mount.Saddle.CrocSkin"
            },
            "SupportedMount": {
                "RowName": "Moa"
            },
            "SkeletalMesh": "/Game/ASS/ITM/SK_ITM_Saddle_Croc_Skin_Moa.SK_ITM_Saddle_Croc_Skin_Moa",
            "SaddleAnimBlueprint": "/Game/ASS/ITM/SK_ITM_Saddle_Moa_Skeleton_AnimBlueprint.SK_ITM_Saddle_Moa_Skeleton_AnimBlueprint_C",
            "AttachSocket": "RigRoot"
        },
        {
            "Name": "Saddle_Moa_Sandworm",
            "SaddleTag": {
                "TagName": "Item.Mount.Saddle.Sandworm"
            },
            "SupportedMount": {
                "RowName": "Moa"
            },
            "SkeletalMesh": "/Game/ASS/ITM/SK_ITM_Saddle_Sandworm_Moa.SK_ITM_Saddle_Sandworm_Moa",
            "SaddleAnimBlueprint": "/Game/ASS/ITM/SK_ITM_Saddle_Moa_Skeleton_AnimBlueprint.SK_ITM_Saddle_Moa_Skeleton_AnimBlueprint_C",
            "AttachSocket": "RigRoot"
        },
        {
            "Name": "Saddle_Moa_Desert",
            "SaddleTag": {
                "TagName": "Item.Mount.Saddle.Desert"
            },
            "SupportedMount": {
                "RowName": "Moa"
            },
            "SkeletalMesh": "/Game/ASS/ITM/Saddle_DesertTracker/SK_ITM_Saddle_DesertTracker_Moa.SK_ITM_Saddle_DesertTracker_Moa",
            "SaddleAnimBlueprint": "/Game/ASS/ITM/SK_ITM_Saddle_Moa_Skeleton_AnimBlueprint.SK_ITM_Saddle_Moa_Skeleton_AnimBlueprint_C",
            "AttachSocket": "RigRoot"
        },
        {
            "Name": "Saddle_Moa_Armored",
            "SaddleTag": {
                "TagName": "Item.Mount.Saddle.Armored"
            },
            "SupportedMount": {
                "RowName": "Moa"
            },
            "SkeletalMesh": "/Game/ASS/ITM/Saddle_Armored/SK_ITM_Saddle_Armored_Moa.SK_ITM_Saddle_Armored_Moa",
            "SaddleAnimBlueprint": "/Game/ASS/ITM/SK_ITM_Saddle_Moa_Skeleton_AnimBlueprint.SK_ITM_Saddle_Moa_Skeleton_AnimBlueprint_C",
            "AttachSocket": "RigRoot"
        },
        {
            "Name": "Saddle_Moa_Explorer",
            "SaddleTag": {
                "TagName": "Item.Mount.Saddle.Explorer"
            },
            "SupportedMount": {
                "RowName": "Moa"
            },
            "SkeletalMesh": "/Game/ASS/ITM/Saddle_ArcticExplorer/SK_ITM_Saddle_ArcticExplorer_Moa.SK_ITM_Saddle_ArcticExplorer_Moa",
            "SaddleAnimBlueprint": "/Game/ASS/ITM/SK_ITM_Saddle_Moa_Skeleton_AnimBlueprint.SK_ITM_Saddle_Moa_Skeleton_AnimBlueprint_C",
            "AttachSocket": "RigRoot"
        },
        {
            "Name": "Saddle_Moa_Racing",
            "SaddleTag": {
                "TagName": "Item.Mount.Saddle.Racing"
            },
            "SupportedMount": {
                "RowName": "Moa"
            },
            "SkeletalMesh": "/Game/ASS/ITM/Saddle_Racing/SK_ITM_Saddle_Racing_Moa.SK_ITM_Saddle_Racing_Moa",
            "SaddleAnimBlueprint": "/Game/ASS/ITM/SK_ITM_Saddle_Moa_Skeleton_AnimBlueprint.SK_ITM_Saddle_Moa_Skeleton_AnimBlueprint_C",
            "AttachSocket": "RigRoot"
        },
        {
            "Name": "Saddle_Buffalo_Bearhide",
            "SaddleTag": {
                "TagName": "Item.Mount.Saddle.Bearhide"
            },
            "SupportedMount": {
                "RowName": "Buffalo"
            },
            "SkeletalMesh": "/Game/ASS/ITM/Saddle_BearHide/SK_ITM_Saddle_BearHide_Buffalo.SK_ITM_Saddle_BearHide_Buffalo",
            "SaddleAnimBlueprint": "/Game/ASS/ITM/SK_ITM_Saddle_Buffalo_Skeleton_AnimBlueprint.SK_ITM_Saddle_Buffalo_Skeleton_AnimBlueprint_C",
            "AttachSocket": "RigRoot"
        },
        {
            "Name": "Saddle_Buffalo_DeluxeLeather",
            "SaddleTag": {
                "TagName": "Item.Mount.Saddle.DeluxeLeather"
            },
            "SupportedMount": {
                "RowName": "Buffalo"
            },
            "SkeletalMesh": "/Game/ASS/ITM/Saddle_DeluxLeather/SK_ITM_Saddle_DeluxLeather_Buffalo.SK_ITM_Saddle_DeluxLeather_Buffalo",
            "SaddleAnimBlueprint": "/Game/ASS/ITM/SK_ITM_Saddle_Buffalo_Skeleton_AnimBlueprint.SK_ITM_Saddle_Buffalo_Skeleton_AnimBlueprint_C",
            "AttachSocket": "RigRoot"
        },
        {
            "Name": "Saddle_Buffalo_CrocSkin",
            "SaddleTag": {
                "TagName": "Item.Mount.Saddle.CrocSkin"
            },
            "SupportedMount": {
                "RowName": "Buffalo"
            },
            "SkeletalMesh": "/Game/ASS/ITM/SK_ITM_Saddle_Croc_Skin_Buffalo.SK_ITM_Saddle_Croc_Skin_Buffalo",
            "SaddleAnimBlueprint": "/Game/ASS/ITM/SK_ITM_Saddle_Buffalo_Skeleton_AnimBlueprint.SK_ITM_Saddle_Buffalo_Skeleton_AnimBlueprint_C",
            "AttachSocket": "RigRoot"
        },
        {
            "Name": "Saddle_Buffalo_Sandworm",
            "SaddleTag": {
                "TagName": "Item.Mount.Saddle.Sandworm"
            },
            "SupportedMount": {
                "RowName": "Buffalo"
            },
            "SkeletalMesh": "/Game/ASS/ITM/SK_ITM_Saddle_Sandworm_Buffalo.SK_ITM_Saddle_Sandworm_Buffalo",
            "SaddleAnimBlueprint": "/Game/ASS/ITM/SK_ITM_Saddle_Buffalo_Skeleton_AnimBlueprint.SK_ITM_Saddle_Buffalo_Skeleton_AnimBlueprint_C",
            "AttachSocket": "RigRoot"
        },
        {
            "Name": "Saddle_Buffalo_Desert",
            "SaddleTag": {
                "TagName": "Item.Mount.Saddle.Desert"
            },
            "SupportedMount": {
                "RowName": "Buffalo"
            },
            "SkeletalMesh": "/Game/ASS/ITM/Saddle_DesertTracker/SK_ITM_Saddle_DesertTracker_Buffalo.SK_ITM_Saddle_DesertTracker_Buffalo",
            "SaddleAnimBlueprint": "/Game/ASS/ITM/SK_ITM_Saddle_Buffalo_Skeleton_AnimBlueprint.SK_ITM_Saddle_Buffalo_Skeleton_AnimBlueprint_C",
            "AttachSocket": "RigRoot"
        },
        {
            "Name": "Saddle_Buffalo_Armored",
            "SaddleTag": {
                "TagName": "Item.Mount.Saddle.Armored"
            },
            "SupportedMount": {
                "RowName": "Buffalo"
            },
            "SkeletalMesh": "/Game/ASS/ITM/Saddle_Armored/SK_ITM_Saddle_Armored_Buffalo.SK_ITM_Saddle_Armored_Buffalo",
            "SaddleAnimBlueprint": "/Game/ASS/ITM/SK_ITM_Saddle_Buffalo_Skeleton_AnimBlueprint.SK_ITM_Saddle_Buffalo_Skeleton_AnimBlueprint_C",
            "AttachSocket": "RigRoot"
        },
        {
            "Name": "Saddle_Buffalo_Explorer",
            "SaddleTag": {
                "TagName": "Item.Mount.Saddle.Explorer"
            },
            "SupportedMount": {
                "RowName": "Buffalo"
            },
            "SkeletalMesh": "/Game/ASS/ITM/Saddle_ArcticExplorer/SK_ITM_Saddle_ArcticExplorer_Buffalo.SK_ITM_Saddle_ArcticExplorer_Buffalo",
            "SaddleAnimBlueprint": "/Game/ASS/ITM/SK_ITM_Saddle_Buffalo_Skeleton_AnimBlueprint.SK_ITM_Saddle_Buffalo_Skeleton_AnimBlueprint_C",
            "AttachSocket": "RigRoot"
        },
        {
            "Name": "Saddle_Buffalo_Racing",
            "SaddleTag": {
                "TagName": "Item.Mount.Saddle.Racing"
            },
            "SupportedMount": {
                "RowName": "Buffalo"
            },
            "SkeletalMesh": "/Game/ASS/ITM/Saddle_Racing/SK_ITM_Saddle_Racing_Buffalo.SK_ITM_Saddle_Racing_Buffalo",
            "SaddleAnimBlueprint": "/Game/ASS/ITM/SK_ITM_Saddle_Buffalo_Skeleton_AnimBlueprint.SK_ITM_Saddle_Buffalo_Skeleton_AnimBlueprint_C",
            "AttachSocket": "RigRoot"
        },
        {
            "Name": "Saddle_Horse_BearHide",
            "SaddleTag": {
                "TagName": "Item.Mount.Saddle.Bearhide"
            },
            "SupportedMount": {
                "RowName": "Horse"
            },
            "SkeletalMesh": "/Game/ASS/ITM/Saddle_BearHide/SK_ITM_Saddle_BearHide_Terrenus.SK_ITM_Saddle_BearHide_Terrenus",
            "SaddleAnimBlueprint": "/Game/ASS/ITM/SK_ITM_Saddle_NormieHorsie_AnimBP.SK_ITM_Saddle_NormieHorsie_AnimBP_C",
            "AttachSocket": "RigRoot"
        },
        {
            "Name": "Saddle_Horse_DeluxeLeather",
            "SaddleTag": {
                "TagName": "Item.Mount.Saddle.DeluxeLeather"
            },
            "SupportedMount": {
                "RowName": "Horse"
            },
            "SkeletalMesh": "/Game/ASS/ITM/Saddle_DeluxLeather/SK_ITM_Saddle_DeluxLeather_Horse.SK_ITM_Saddle_DeluxLeather_Horse",
            "SaddleAnimBlueprint": "/Game/ASS/ITM/SK_ITM_Saddle_NormieHorsie_AnimBP.SK_ITM_Saddle_NormieHorsie_AnimBP_C",
            "AttachSocket": "RigRoot"
        },
        {
            "Name": "Saddle_Horse_CrocSkin",
            "SaddleTag": {
                "TagName": "Item.Mount.Saddle.CrocSkin"
            },
            "SupportedMount": {
                "RowName": "Horse"
            },
            "SkeletalMesh": "/Game/ASS/ITM/SK_ITM_Saddle_Croc_Skin_Horse.SK_ITM_Saddle_Croc_Skin_Horse",
            "SaddleAnimBlueprint": "/Game/ASS/ITM/SK_ITM_Saddle_NormieHorsie_AnimBP.SK_ITM_Saddle_NormieHorsie_AnimBP_C",
            "AttachSocket": "RigRoot"
        },
        {
            "Name": "Saddle_Horse_Sandworm",
            "SaddleTag": {
                "TagName": "Item.Mount.Saddle.Sandworm"
            },
            "SupportedMount": {
                "RowName": "Horse"
            },
            "SkeletalMesh": "/Game/ASS/ITM/SK_ITM_Saddle_Sandworm_Horse.SK_ITM_Saddle_Sandworm_Horse",
            "SaddleAnimBlueprint": "/Game/ASS/ITM/SK_ITM_Saddle_NormieHorsie_AnimBP.SK_ITM_Saddle_NormieHorsie_AnimBP_C",
            "AttachSocket": "RigRoot"
        },
        {
            "Name": "Saddle_Horse_Desert",
            "SaddleTag": {
                "TagName": "Item.Mount.Saddle.Desert"
            },
            "SupportedMount": {
                "RowName": "Horse"
            },
            "SkeletalMesh": "/Game/ASS/ITM/Saddle_DesertTracker/SK_ITM_Saddle_DesertTracker_Horse.SK_ITM_Saddle_DesertTracker_Horse",
            "SaddleAnimBlueprint": "/Game/ASS/ITM/SK_ITM_Saddle_NormieHorsie_AnimBP.SK_ITM_Saddle_NormieHorsie_AnimBP_C",
            "AttachSocket": "RigRoot"
        },
        {
            "Name": "Saddle_Horse_Armored",
            "SaddleTag": {
                "TagName": "Item.Mount.Saddle.Armored"
            },
            "SupportedMount": {
                "RowName": "Horse"
            },
            "SkeletalMesh": "/Game/ASS/ITM/Saddle_Armored/SK_ITM_Saddle_Armored_Horse.SK_ITM_Saddle_Armored_Horse",
            "SaddleAnimBlueprint": "/Game/ASS/ITM/SK_ITM_Saddle_NormieHorsie_AnimBP.SK_ITM_Saddle_NormieHorsie_AnimBP_C",
            "AttachSocket": "RigRoot"
        },
        {
            "Name": "Saddle_Horse_Explorer",
            "SaddleTag": {
                "TagName": "Item.Mount.Saddle.Explorer"
            },
            "SupportedMount": {
                "RowName": "Horse"
            },
            "SkeletalMesh": "/Game/ASS/ITM/Saddle_ArcticExplorer/SK_ITM_Saddle_ArcticExplorer_Horse.SK_ITM_Saddle_ArcticExplorer_Horse",
            "SaddleAnimBlueprint": "/Game/ASS/ITM/SK_ITM_Saddle_NormieHorsie_AnimBP.SK_ITM_Saddle_NormieHorsie_AnimBP_C",
            "AttachSocket": "RigRoot"
        },
        {
            "Name": "Saddle_Horse_Racing",
            "SaddleTag": {
                "TagName": "Item.Mount.Saddle.Racing"
            },
            "SupportedMount": {
                "RowName": "Horse"
            },
            "SkeletalMesh": "/Game/ASS/ITM/Saddle_Racing/SK_ITM_Saddle_Racing_Horse.SK_ITM_Saddle_Racing_Horse",
            "SaddleAnimBlueprint": "/Game/ASS/ITM/SK_ITM_Saddle_NormieHorsie_AnimBP.SK_ITM_Saddle_NormieHorsie_AnimBP_C",
            "AttachSocket": "RigRoot"
        },
        {
            "Name": "Saddle_Tusker_BearHide",
            "SaddleTag": {
                "TagName": "Item.Mount.Saddle.Bearhide"
            },
            "SupportedMount": {
                "RowName": "Tusker"
            },
            "SkeletalMesh": "/Game/ASS/ITM/Saddle_BearHide/SK_ITM_Saddle_BearHide_Buffalo.SK_ITM_Saddle_BearHide_Buffalo",
            "SaddleAnimBlueprint": "/Game/ASS/ITM/SK_ITM_Saddle_Buffalo_Skeleton_AnimBlueprint.SK_ITM_Saddle_Buffalo_Skeleton_AnimBlueprint_C",
            "AttachSocket": "RigRoot"
        },
        {
            "Name": "Saddle_Blueback",
            "SaddleTag": {
                "TagName": "Item.Mount.Saddle.Standard"
            },
            "SupportedMount": {
                "RowName": "Blueback"
            },
            "SaddleAnimBlueprint": "/Game/ASS/ITM/SK_ITM_Saddle_Buffalo_Skeleton_AnimBlueprint.SK_ITM_Saddle_Buffalo_Skeleton_AnimBlueprint_C",
            "AttachSocket": "MountSocket"
        },
        {
            "Name": "Saddle_Tusker_DeluxeLeather",
            "SaddleTag": {
                "TagName": "Item.Mount.Saddle.DeluxeLeather"
            },
            "SupportedMount": {
                "RowName": "Tusker"
            },
            "SkeletalMesh": "/Game/ASS/ITM/Saddle_DeluxLeather/SK_ITM_Saddle_DeluxLeather_Buffalo.SK_ITM_Saddle_DeluxLeather_Buffalo",
            "SaddleAnimBlueprint": "/Game/ASS/ITM/SK_ITM_Saddle_Buffalo_Skeleton_AnimBlueprint.SK_ITM_Saddle_Buffalo_Skeleton_AnimBlueprint_C",
            "AttachSocket": "RigRoot"
        },
        {
            "Name": "Saddle_Tusker_CrocSkin",
            "SaddleTag": {
                "TagName": "Item.Mount.Saddle.CrocSkin"
            },
            "SupportedMount": {
                "RowName": "Tusker"
            },
            "SkeletalMesh": "/Game/ASS/ITM/SK_ITM_Saddle_Croc_Skin_Buffalo.SK_ITM_Saddle_Croc_Skin_Buffalo",
            "SaddleAnimBlueprint": "/Game/ASS/ITM/SK_ITM_Saddle_Buffalo_Skeleton_AnimBlueprint.SK_ITM_Saddle_Buffalo_Skeleton_AnimBlueprint_C",
            "AttachSocket": "RigRoot"
        },
        {
            "Name": "Saddle_Tusker_Sandworm",
            "SaddleTag": {
                "TagName": "Item.Mount.Saddle.Sandworm"
            },
            "SupportedMount": {
                "RowName": "Tusker"
            },
            "SkeletalMesh": "/Game/ASS/ITM/SK_ITM_Saddle_Sandworm_Buffalo.SK_ITM_Saddle_Sandworm_Buffalo",
            "SaddleAnimBlueprint": "/Game/ASS/ITM/SK_ITM_Saddle_Buffalo_Skeleton_AnimBlueprint.SK_ITM_Saddle_Buffalo_Skeleton_AnimBlueprint_C",
            "AttachSocket": "RigRoot"
        },
        {
            "Name": "Saddle_Tusker_Desert",
            "SaddleTag": {
                "TagName": "Item.Mount.Saddle.Desert"
            },
            "SupportedMount": {
                "RowName": "Tusker"
            },
            "SkeletalMesh": "/Game/ASS/ITM/Saddle_DesertTracker/SK_ITM_Saddle_DesertTracker_Buffalo.SK_ITM_Saddle_DesertTracker_Buffalo",
            "SaddleAnimBlueprint": "/Game/ASS/ITM/SK_ITM_Saddle_Buffalo_Skeleton_AnimBlueprint.SK_ITM_Saddle_Buffalo_Skeleton_AnimBlueprint_C",
            "AttachSocket": "RigRoot"
        },
        {
            "Name": "Saddle_Tusker_Armored",
            "SaddleTag": {
                "TagName": "Item.Mount.Saddle.Armored"
            },
            "SupportedMount": {
                "RowName": "Tusker"
            },
            "SkeletalMesh": "/Game/ASS/ITM/Saddle_Armored/SK_ITM_Saddle_Armored_Buffalo.SK_ITM_Saddle_Armored_Buffalo",
            "SaddleAnimBlueprint": "/Game/ASS/ITM/SK_ITM_Saddle_Buffalo_Skeleton_AnimBlueprint.SK_ITM_Saddle_Buffalo_Skeleton_AnimBlueprint_C",
            "AttachSocket": "RigRoot"
        },
        {
            "Name": "Saddle_Tusker_Explorer",
            "SaddleTag": {
                "TagName": "Item.Mount.Saddle.Explorer"
            },
            "SupportedMount": {
                "RowName": "Tusker"
            },
            "SkeletalMesh": "/Game/ASS/ITM/Saddle_ArcticExplorer/SK_ITM_Saddle_ArcticExplorer_Buffalo.SK_ITM_Saddle_ArcticExplorer_Buffalo",
            "SaddleAnimBlueprint": "/Game/ASS/ITM/SK_ITM_Saddle_Buffalo_Skeleton_AnimBlueprint.SK_ITM_Saddle_Buffalo_Skeleton_AnimBlueprint_C",
            "AttachSocket": "RigRoot"
        },
        {
            "Name": "Saddle_Tusker_Racing",
            "SaddleTag": {
                "TagName": "Item.Mount.Saddle.Racing"
            },
            "SupportedMount": {
                "RowName": "Tusker"
            },
            "SkeletalMesh": "/Game/ASS/ITM/Saddle_Racing/SK_ITM_Saddle_Racing_Buffalo.SK_ITM_Saddle_Racing_Buffalo",
            "SaddleAnimBlueprint": "/Game/ASS/ITM/SK_ITM_Saddle_Buffalo_Skeleton_AnimBlueprint.SK_ITM_Saddle_Buffalo_Skeleton_AnimBlueprint_C",
            "AttachSocket": "RigRoot"
        },
        {
            "Name": "Saddle_Buffalo_Cart_Plough",
            "SaddleTag": {
                "TagName": "Item.Mount.Saddle.Plough"
            },
            "SupportedMount": {
                "RowName": "Buffalo"
            },
            "SkeletalMesh": "/Game/ASS/ITM/SK_ITM_Cart_Seed_Plough.SK_ITM_Cart_Seed_Plough",
            "SaddleAnimBlueprint": "/Game/ASS/ITM/SK_ITM_Cart_Wood_AnimBP.SK_ITM_Cart_Wood_AnimBP_C",
            "SaddleBlueprint": "BlueprintGeneratedClass'/Game/BP/Mounts/BP_Seat_Mount_Plough.BP_Seat_Mount_Plough_C'",
            "AttachSocket": "RigRoot",
            "PersistentSound": "/Game/FMOD/Events/SFX/Deployable/Cart/SFX_CART_SADDLE_PLOUGH.SFX_CART_SADDLE_PLOUGH",
            "AudioSocket": "Socket_Axle"
        },
        {
            "Name": "Saddle_Buffalo_Cart_Water",
            "SaddleTag": {
                "TagName": "Item.Mount.Saddle.Water"
            },
            "SupportedMount": {
                "RowName": "Buffalo"
            },
            "SkeletalMesh": "/Game/ASS/ITM/SK_ITM_Cart_Watering.SK_ITM_Cart_Watering",
            "SaddleAnimBlueprint": "/Game/ASS/ITM/SK_ITM_Cart_Wood_AnimBP.SK_ITM_Cart_Wood_AnimBP_C",
            "SaddleBlueprint": "BlueprintGeneratedClass'/Game/BP/Mounts/BP_Seat_Mount_Water.BP_Seat_Mount_Water_C'",
            "AttachSocket": "RigRoot",
            "PersistentSound": "/Game/FMOD/Events/SFX/Deployable/Cart/SFX_CART_SADDLE_WATER.SFX_CART_SADDLE_WATER",
            "AudioSocket": "Socket_Axle"
        },
        {
            "Name": "Saddle_Buffalo_Cart_Harvest",
            "SaddleTag": {
                "TagName": "Item.Mount.Saddle.Harvest"
            },
            "SupportedMount": {
                "RowName": "Buffalo"
            },
            "SkeletalMesh": "/Game/ASS/ITM/SK_ITM_Cart_Harvesting.SK_ITM_Cart_Harvesting",
            "SaddleAnimBlueprint": "/Game/ASS/ITM/SK_ITM_Cart_Wood_AnimBP.SK_ITM_Cart_Wood_AnimBP_C",
            "SaddleBlueprint": "BlueprintGeneratedClass'/Game/BP/Mounts/BP_Seat_Mount_Harvest.BP_Seat_Mount_Harvest_C'",
            "AttachSocket": "RigRoot",
            "PersistentSound": "/Game/FMOD/Events/SFX/Deployable/Cart/SFX_CART_SADDLE_HARVEST.SFX_CART_SADDLE_HARVEST",
            "AudioSocket": "Socket_Axle"
        },
        {
            "Name": "Saddle_Tusker_Cart_Plough",
            "SaddleTag": {
                "TagName": "Item.Mount.Saddle.Plough"
            },
            "SupportedMount": {
                "RowName": "Tusker"
            },
            "SkeletalMesh": "/Game/ASS/ITM/SK_ITM_Cart_Seed_Plough.SK_ITM_Cart_Seed_Plough",
            "SaddleAnimBlueprint": "/Game/ASS/ITM/SK_ITM_Cart_Wood_AnimBP.SK_ITM_Cart_Wood_AnimBP_C",
            "SaddleBlueprint": "BlueprintGeneratedClass'/Game/BP/Mounts/BP_Seat_Mount_Plough.BP_Seat_Mount_Plough_C'",
            "AttachSocket": "RigRoot",
            "PersistentSound": "/Game/FMOD/Events/SFX/Deployable/Cart/SFX_CART_SADDLE_PLOUGH.SFX_CART_SADDLE_PLOUGH",
            "AudioSocket": "Socket_Axle"
        },
        {
            "Name": "Saddle_Tusker_Cart_Water",
            "SaddleTag": {
                "TagName": "Item.Mount.Saddle.Water"
            },
            "SupportedMount": {
                "RowName": "Tusker"
            },
            "SkeletalMesh": "/Game/ASS/ITM/SK_ITM_Cart_Watering.SK_ITM_Cart_Watering",
            "SaddleAnimBlueprint": "/Game/ASS/ITM/SK_ITM_Cart_Wood_AnimBP.SK_ITM_Cart_Wood_AnimBP_C",
            "SaddleBlueprint": "BlueprintGeneratedClass'/Game/BP/Mounts/BP_Seat_Mount_Water.BP_Seat_Mount_Water_C'",
            "AttachSocket": "RigRoot",
            "PersistentSound": "/Game/FMOD/Events/SFX/Deployable/Cart/SFX_CART_SADDLE_WATER.SFX_CART_SADDLE_WATER",
            "AudioSocket": "Socket_Axle"
        },
        {
            "Name": "Saddle_Tusker_Cart_Harvest",
            "SaddleTag": {
                "TagName": "Item.Mount.Saddle.Harvest"
            },
            "SupportedMount": {
                "RowName": "Tusker"
            },
            "SkeletalMesh": "/Game/ASS/ITM/SK_ITM_Cart_Harvesting.SK_ITM_Cart_Harvesting",
            "SaddleAnimBlueprint": "/Game/ASS/ITM/SK_ITM_Cart_Wood_AnimBP.SK_ITM_Cart_Wood_AnimBP_C",
            "SaddleBlueprint": "BlueprintGeneratedClass'/Game/BP/Mounts/BP_Seat_Mount_Harvest.BP_Seat_Mount_Harvest_C'",
            "AttachSocket": "RigRoot",
            "PersistentSound": "/Game/FMOD/Events/SFX/Deployable/Cart/SFX_CART_SADDLE_HARVEST.SFX_CART_SADDLE_HARVEST",
            "AudioSocket": "Socket_Axle"
        },
        {
            "Name": "Saddle_Blueback_Standard",
            "SaddleTag": {
                "TagName": "Item.Mount.Saddle.Standard"
            },
            "SupportedMount": {
                "RowName": "Blueback"
            },
            "SkeletalMesh": "/Game/ASS/ITM/SK_ITM_Saddle_Buffalo.SK_ITM_Saddle_Buffalo",
            "SaddleAnimBlueprint": "/Game/ASS/ITM/SK_ITM_Saddle_Buffalo_Skeleton_AnimBlueprint.SK_ITM_Saddle_Buffalo_Skeleton_AnimBlueprint_C",
            "AttachSocket": "RigRoot"
        },
        {
            "Name": "Saddle_Blueback_Cart",
            "SaddleTag": {
                "TagName": "Item.Mount.Saddle.Cart"
            },
            "SupportedMount": {
                "RowName": "Blueback"
            },
            "SkeletalMesh": "/Game/ASS/ITM/SK_ITM_Cart_Wood.SK_ITM_Cart_Wood",
            "SaddleAnimBlueprint": "/Game/ASS/ITM/SK_ITM_Cart_Wood_AnimBP.SK_ITM_Cart_Wood_AnimBP_C",
            "AttachSocket": "RigRoot",
            "PersistentSound": "/Game/FMOD/Events/SFX/Deployable/Cart/SFX_CART_SADDLE.SFX_CART_SADDLE",
            "AudioSocket": "Socket_Axle"
        },
        {
            "Name": "Saddle_Blueback_Cart_Plough",
            "SaddleTag": {
                "TagName": "Item.Mount.Saddle.Plough"
            },
            "SupportedMount": {
                "RowName": "Blueback"
            },
            "SkeletalMesh": "/Game/ASS/ITM/SK_ITM_Cart_Wood.SK_ITM_Cart_Wood",
            "SaddleAnimBlueprint": "/Game/ASS/ITM/SK_ITM_Cart_Wood_AnimBP.SK_ITM_Cart_Wood_AnimBP_C",
            "AttachSocket": "RigRoot",
            "PersistentSound": "/Game/FMOD/Events/SFX/Deployable/Cart/SFX_CART_SADDLE.SFX_CART_SADDLE",
            "AudioSocket": "Socket_Axle"
        },
        {
            "Name": "Saddle_Blueback_Cart_Water",
            "SaddleTag": {
                "TagName": "Item.Mount.Saddle.Water"
            },
            "SupportedMount": {
                "RowName": "Blueback"
            },
            "SkeletalMesh": "/Game/ASS/ITM/SK_ITM_Cart_Wood.SK_ITM_Cart_Wood",
            "SaddleAnimBlueprint": "/Game/ASS/ITM/SK_ITM_Cart_Wood_AnimBP.SK_ITM_Cart_Wood_AnimBP_C",
            "AttachSocket": "RigRoot",
            "PersistentSound": "/Game/FMOD/Events/SFX/Deployable/Cart/SFX_CART_SADDLE.SFX_CART_SADDLE",
            "AudioSocket": "Socket_Axle"
        },
        {
            "Name": "Saddle_Blueback_Cart_Harvest",
            "SaddleTag": {
                "TagName": "Item.Mount.Saddle.Harvest"
            },
            "SupportedMount": {
                "RowName": "Blueback"
            },
            "SkeletalMesh": "/Game/ASS/ITM/SK_ITM_Cart_Wood.SK_ITM_Cart_Wood",
            "SaddleAnimBlueprint": "/Game/ASS/ITM/SK_ITM_Cart_Wood_AnimBP.SK_ITM_Cart_Wood_AnimBP_C",
            "AttachSocket": "RigRoot",
            "PersistentSound": "/Game/FMOD/Events/SFX/Deployable/Cart/SFX_CART_SADDLE.SFX_CART_SADDLE",
            "AudioSocket": "Socket_Axle"
        },
        {
            "Name": "Saddle_Standard_Horse_Standard",
            "SaddleTag": {
                "TagName": "Item.Mount.Saddle.Standard"
            },
            "SupportedMount": {
                "RowName": "Horse_Standard"
            },
            "SkeletalMesh": "/Game/ASS/ITM/SK_ITM_Saddle_NormieHorsie.SK_ITM_Saddle_NormieHorsie",
            "SaddleAnimBlueprint": "/Game/ASS/ITM/SK_ITM_Saddle_NormieHorsie_AnimBP.SK_ITM_Saddle_NormieHorsie_AnimBP_C",
            "AttachSocket": "RigRoot"
        },
        {
            "Name": "Saddle_Standard_Horse_BearHide",
            "SaddleTag": {
                "TagName": "Item.Mount.Saddle.Bearhide"
            },
            "SupportedMount": {
                "RowName": "Horse_Standard"
            },
            "SkeletalMesh": "/Game/ASS/ITM/Saddle_BearHide/SK_ITM_Saddle_BearHide_Terrenus.SK_ITM_Saddle_BearHide_Terrenus",
            "SaddleAnimBlueprint": "/Game/ASS/ITM/SK_ITM_Saddle_NormieHorsie_AnimBP.SK_ITM_Saddle_NormieHorsie_AnimBP_C",
            "AttachSocket": "RigRoot"
        },
        {
            "Name": "Saddle_Standard_Horse_DeluxeLeather",
            "SaddleTag": {
                "TagName": "Item.Mount.Saddle.DeluxeLeather"
            },
            "SupportedMount": {
                "RowName": "Horse_Standard"
            },
            "SkeletalMesh": "/Game/ASS/ITM/Saddle_DeluxLeather/SK_ITM_Saddle_DeluxLeather_Horse.SK_ITM_Saddle_DeluxLeather_Horse",
            "SaddleAnimBlueprint": "/Game/ASS/ITM/SK_ITM_Saddle_NormieHorsie_AnimBP.SK_ITM_Saddle_NormieHorsie_AnimBP_C",
            "AttachSocket": "RigRoot"
        },
        {
            "Name": "Saddle_Standard_Horse_CrocSkin",
            "SaddleTag": {
                "TagName": "Item.Mount.Saddle.CrocSkin"
            },
            "SupportedMount": {
                "RowName": "Horse_Standard"
            },
            "SkeletalMesh": "/Game/ASS/ITM/SK_ITM_Saddle_Croc_Skin_Horse.SK_ITM_Saddle_Croc_Skin_Horse",
            "SaddleAnimBlueprint": "/Game/ASS/ITM/SK_ITM_Saddle_NormieHorsie_AnimBP.SK_ITM_Saddle_NormieHorsie_AnimBP_C",
            "AttachSocket": "RigRoot"
        },
        {
            "Name": "Saddle_Standard_Horse_Sandworm",
            "SaddleTag": {
                "TagName": "Item.Mount.Saddle.Sandworm"
            },
            "SupportedMount": {
                "RowName": "Horse_Standard"
            },
            "SkeletalMesh": "/Game/ASS/ITM/SK_ITM_Saddle_Sandworm_Horse.SK_ITM_Saddle_Sandworm_Horse",
            "SaddleAnimBlueprint": "/Game/ASS/ITM/SK_ITM_Saddle_NormieHorsie_AnimBP.SK_ITM_Saddle_NormieHorsie_AnimBP_C",
            "AttachSocket": "RigRoot"
        },
        {
            "Name": "Saddle_Standard_Horse_Desert",
            "SaddleTag": {
                "TagName": "Item.Mount.Saddle.Desert"
            },
            "SupportedMount": {
                "RowName": "Horse_Standard"
            },
            "SkeletalMesh": "/Game/ASS/ITM/Saddle_DesertTracker/SK_ITM_Saddle_DesertTracker_Horse.SK_ITM_Saddle_DesertTracker_Horse",
            "SaddleAnimBlueprint": "/Game/ASS/ITM/SK_ITM_Saddle_NormieHorsie_AnimBP.SK_ITM_Saddle_NormieHorsie_AnimBP_C",
            "AttachSocket": "RigRoot"
        },
        {
            "Name": "Saddle_Standard_Horse_Armored",
            "SaddleTag": {
                "TagName": "Item.Mount.Saddle.Armored"
            },
            "SupportedMount": {
                "RowName": "Horse_Standard"
            },
            "SkeletalMesh": "/Game/ASS/ITM/Saddle_Armored/SK_ITM_Saddle_Armored_Horse.SK_ITM_Saddle_Armored_Horse",
            "SaddleAnimBlueprint": "/Game/ASS/ITM/SK_ITM_Saddle_NormieHorsie_AnimBP.SK_ITM_Saddle_NormieHorsie_AnimBP_C",
            "AttachSocket": "RigRoot"
        },
        {
            "Name": "Saddle_Standard_Horse_Explorer",
            "SaddleTag": {
                "TagName": "Item.Mount.Saddle.Explorer"
            },
            "SupportedMount": {
                "RowName": "Horse_Standard"
            },
            "SkeletalMesh": "/Game/ASS/ITM/Saddle_ArcticExplorer/SK_ITM_Saddle_ArcticExplorer_Horse.SK_ITM_Saddle_ArcticExplorer_Horse",
            "SaddleAnimBlueprint": "/Game/ASS/ITM/SK_ITM_Saddle_NormieHorsie_AnimBP.SK_ITM_Saddle_NormieHorsie_AnimBP_C",
            "AttachSocket": "RigRoot"
        },
        {
            "Name": "Saddle_Standard_Horse_Racing",
            "SaddleTag": {
                "TagName": "Item.Mount.Saddle.Racing"
            },
            "SupportedMount": {
                "RowName": "Horse_Standard"
            },
            "SkeletalMesh": "/Game/ASS/ITM/Saddle_Racing/SK_ITM_Saddle_Racing_Horse.SK_ITM_Saddle_Racing_Horse",
            "SaddleAnimBlueprint": "/Game/ASS/ITM/SK_ITM_Saddle_NormieHorsie_AnimBP.SK_ITM_Saddle_NormieHorsie_AnimBP_C",
            "AttachSocket": "RigRoot"
        }
    ]
}