{
    "RowStruct": "/Script/Icarus.IcarusTamingData",
    "Defaults": {
        "Behaviour": "/Game/BP/AI/Taming/BP_TamingComponent.BP_TamingComponent_C",
        "TameDurationInSeconds": 300,
        "DesiredTemperatureRange": {
            "X": 10,
            "Y": 40
        },
        "DesiredShelterPercentage": 75,
        "DesiredNutritionPercentage": 50,
        "RequiredTamingModifiers": [],
        "ProhibitedTamingModifiers": [],
        "TamedAI": {
            "RowName": "None",
            "DataTableName": "D_AISetup"
        },
        "MatureCreatureType": {
            "RowName": "None",
            "DataTableName": "D_AISetup"
        },
        "JuvenileCreatureType": {
            "RowName": "None",
            "DataTableName": "D_AISetup"
        },
        "bAutomaticallySpawnJuvenileWithParent": false,
        "PercentChanceToSpawnJuvenile": 33,
        "MaxNearbyAutoSpawnedJuveniles": 2,
        "TimeToSpawnDynamicCharacter": 300,
        "TimeToSpawnDynamicCharacterRandomDeviation": 120
    },
    "Rows": [
        {
            "Name": "Moa",
            "TameDurationInSeconds": 900,
            "DesiredShelterPercentage": 0,
            "DesiredNutritionPercentage": 25,
            "ProhibitedTamingModifiers": [
                {
                    "RowName": "Wet",
                    "DataTableName": "D_ModifierStates"
                },
                {
                    "RowName": "Sleepy",
                    "DataTableName": "D_ModifierStates"
                }
            ],
            "TamedAI": {
                "RowName": "Mount_Moa"
            },
            "MatureCreatureType": {
                "RowName": "Moa"
            },
            "JuvenileCreatureType": {
                "RowName": "Juvenile_Moa"
            },
            "bAutomaticallySpawnJuvenileWithParent": true,
            "PercentChanceToSpawnJuvenile": 75,
            "MaxNearbyAutoSpawnedJuveniles": 5
        },
        {
            "Name": "Buffalo",
            "TameDurationInSeconds": 900,
            "DesiredShelterPercentage": 0,
            "DesiredNutritionPercentage": 25,
            "ProhibitedTamingModifiers": [
                {
                    "RowName": "Wet",
                    "DataTableName": "D_ModifierStates"
                },
                {
                    "RowName": "Sleepy",
                    "DataTableName": "D_ModifierStates"
                }
            ],
            "TamedAI": {
                "RowName": "Mount_Buffalo"
            },
            "MatureCreatureType": {
                "RowName": "Buffalo"
            },
            "JuvenileCreatureType": {
                "RowName": "Juvenile_Buffalo"
            },
            "bAutomaticallySpawnJuvenileWithParent": true,
            "PercentChanceToSpawnJuvenile": 75,
            "MaxNearbyAutoSpawnedJuveniles": 5
        },
        {
            "Name": "Horse",
            "TameDurationInSeconds": 900,
            "DesiredShelterPercentage": 0,
            "DesiredNutritionPercentage": 25,
            "ProhibitedTamingModifiers": [
                {
                    "RowName": "Wet",
                    "DataTableName": "D_ModifierStates"
                },
                {
                    "RowName": "Sleepy",
                    "DataTableName": "D_ModifierStates"
                }
            ],
            "TamedAI": {
                "RowName": "Mount_Horse"
            },
            "MatureCreatureType": {
                "RowName": "Horse"
            },
            "JuvenileCreatureType": {
                "RowName": "Juvenile_Horse"
            },
            "bAutomaticallySpawnJuvenileWithParent": true,
            "PercentChanceToSpawnJuvenile": 50
        },
        {
            "Name": "Tusker",
            "TameDurationInSeconds": 900,
            "DesiredShelterPercentage": 0,
            "DesiredNutritionPercentage": 25,
            "ProhibitedTamingModifiers": [
                {
                    "RowName": "Wet",
                    "DataTableName": "D_ModifierStates"
                },
                {
                    "RowName": "Sleepy",
                    "DataTableName": "D_ModifierStates"
                }
            ],
            "TamedAI": {
                "RowName": "Mount_Tusker"
            },
            "MatureCreatureType": {
                "RowName": "Tusker"
            },
            "JuvenileCreatureType": {
                "RowName": "Juvenile_Tusker"
            },
            "bAutomaticallySpawnJuvenileWithParent": true,
            "PercentChanceToSpawnJuvenile": 30,
            "MaxNearbyAutoSpawnedJuveniles": 5
        },
        {
            "Name": "Forest_Wolf",
            "TameDurationInSeconds": 600,
            "DesiredShelterPercentage": 0,
            "DesiredNutritionPercentage": 25,
            "TamedAI": {
                "RowName": "Tamed_Forest_Wolf"
            },
            "MatureCreatureType": {
                "RowName": "Conifer_Wolf"
            },
            "PercentChanceToSpawnJuvenile": 0,
            "MaxNearbyAutoSpawnedJuveniles": 0
        },
        {
            "Name": "Snow_Wolf",
            "TameDurationInSeconds": 600,
            "DesiredShelterPercentage": 0,
            "DesiredNutritionPercentage": 25,
            "TamedAI": {
                "RowName": "Tamed_Snow_Wolf"
            },
            "MatureCreatureType": {
                "RowName": "Snow_Wolf"
            },
            "PercentChanceToSpawnJuvenile": 0,
            "MaxNearbyAutoSpawnedJuveniles": 0
        },
        {
            "Name": "Desert_Wolf",
            "TameDurationInSeconds": 600,
            "DesiredShelterPercentage": 0,
            "DesiredNutritionPercentage": 25,
            "TamedAI": {
                "RowName": "Tamed_Desert_Wolf"
            },
            "MatureCreatureType": {
                "RowName": "Desert_Wolf"
            },
            "PercentChanceToSpawnJuvenile": 0,
            "MaxNearbyAutoSpawnedJuveniles": 0
        },
        {
            "Name": "Blueback",
            "TameDurationInSeconds": 900,
            "DesiredShelterPercentage": 0,
            "ProhibitedTamingModifiers": [
                {
                    "RowName": "Wet",
                    "DataTableName": "D_ModifierStates"
                },
                {
                    "RowName": "Sleepy",
                    "DataTableName": "D_ModifierStates"
                }
            ],
            "TamedAI": {
                "RowName": "Mount_BlueBack"
            },
            "MatureCreatureType": {
                "RowName": "BlueBack"
            },
            "JuvenileCreatureType": {
                "RowName": "Juvenile_Blueback"
            },
            "bAutomaticallySpawnJuvenileWithParent": true
        },
        {
            "Name": "Blueback_Lava",
            "TameDurationInSeconds": 900,
            "DesiredShelterPercentage": 0,
            "TamedAI": {
                "RowName": "BlueBack_Lava"
            },
            "MatureCreatureType": {
                "RowName": "BlueBack_Lava"
            },
            "JuvenileCreatureType": {
                "RowName": "Juvenile_Blueback_Lava"
            },
            "bAutomaticallySpawnJuvenileWithParent": true
        },
        {
            "Name": "Wild_Boar",
            "TameDurationInSeconds": 600,
            "DesiredShelterPercentage": 0,
            "DesiredNutritionPercentage": 25,
            "TamedAI": {
                "RowName": "Tamed_Wild_Boar"
            },
            "MatureCreatureType": {
                "RowName": "Wild_Boar"
            },
            "PercentChanceToSpawnJuvenile": 0,
            "MaxNearbyAutoSpawnedJuveniles": 0
        },
        {
            "Name": "Dog",
            "TameDurationInSeconds": 600,
            "DesiredShelterPercentage": 0,
            "DesiredNutritionPercentage": 25,
            "TamedAI": {
                "RowName": "Tame_Dog_A1"
            },
            "PercentChanceToSpawnJuvenile": 0,
            "MaxNearbyAutoSpawnedJuveniles": 0
        },
        {
            "Name": "Cat",
            "TameDurationInSeconds": 600,
            "DesiredShelterPercentage": 0,
            "DesiredNutritionPercentage": 25,
            "TamedAI": {
                "RowName": "Tame_Cat_A1"
            },
            "PercentChanceToSpawnJuvenile": 0,
            "MaxNearbyAutoSpawnedJuveniles": 0
        }
    ]
}