{
    "RowStruct": "/Script/Icarus.EnergyData",
    "Defaults": {
        "Provider": false,
        "Receiver": false,
        "AutoActivate": false,
        "ResourceFlowRate": 1000
    },
    "Rows": [
        {
            "Name": "Generator",
            "Provider": true,
            "AutoActivate": true,
            "ResourceFlowRate": 20000
        },
        {
            "Name": "Battery_Input",
            "Receiver": true,
            "AutoActivate": true
        },
        {
            "Name": "Oxite_Dissolver",
            "Provider": true,
            "Receiver": true,
            "ResourceFlowRate": 500
        },
        {
            "Name": "Biofuel",
            "Provider": true,
            "Receiver": true,
            "ResourceFlowRate": 2500
        },
        {
            "Name": "Generic_Receiver",
            "Receiver": true,
            "AutoActivate": true
        },
        {
            "Name": "Mining_Drill",
            "Receiver": true,
            "AutoActivate": true,
            "ResourceFlowRate": 2000
        },
        {
            "Name": "Internal_Generator",
            "Provider": true,
            "Receiver": true,
            "ResourceFlowRate": 2500
        },
        {
            "Name": "Battery_Output",
            "Provider": true
        },
        {
            "Name": "Extractor_Backpack",
            "Provider": true,
            "Receiver": true,
            "ResourceFlowRate": 250
        },
        {
            "Name": "Energy_Metal_Oxite_Dissolver",
            "Provider": true,
            "Receiver": true,
            "ResourceFlowRate": 500
        },
        {
            "Name": "Torch",
            "Provider": true,
            "Receiver": true,
            "AutoActivate": true,
            "ResourceFlowRate": 2000
        },
        {
            "Name": "Electric_Furnace",
            "Receiver": true,
            "ResourceFlowRate": 2500
        },
        {
            "Name": "Electric_Dehumidifier",
            "Receiver": true,
            "AutoActivate": true,
            "ResourceFlowRate": 500
        },
        {
            "Name": "Refrigerator",
            "Receiver": true,
            "AutoActivate": true,
            "ResourceFlowRate": 500
        },
        {
            "Name": "SolarPanel",
            "Provider": true,
            "AutoActivate": true,
            "ResourceFlowRate": 20000
        },
        {
            "Name": "Heater_Large_Receiver",
            "Receiver": true,
            "AutoActivate": true,
            "ResourceFlowRate": 250
        },
        {
            "Name": "Cooler_Large_Receiver",
            "Receiver": true,
            "AutoActivate": true,
            "ResourceFlowRate": 250
        },
        {
            "Name": "WaterWheel_Generator",
            "Provider": true,
            "AutoActivate": true,
            "ResourceFlowRate": 3000
        },
        {
            "Name": "Worklamp",
            "Receiver": true,
            "AutoActivate": true,
            "ResourceFlowRate": 150
        },
        {
            "Name": "Carpentry_Bench_T4",
            "Receiver": true,
            "AutoActivate": true,
            "ResourceFlowRate": 2500
        },
        {
            "Name": "Chemistry_Bench",
            "Receiver": true,
            "AutoActivate": true,
            "ResourceFlowRate": 2500
        },
        {
            "Name": "Masonry_Bench_T4",
            "Receiver": true,
            "AutoActivate": true,
            "ResourceFlowRate": 2000
        },
        {
            "Name": "Electric_Composter",
            "Receiver": true,
            "AutoActivate": true,
            "ResourceFlowRate": 1500
        },
        {
            "Name": "Material_Processor",
            "Receiver": true,
            "AutoActivate": true,
            "ResourceFlowRate": 2500
        },
        {
            "Name": "Manual_Reciever",
            "Receiver": true
        },
        {
            "Name": "Meta_Crop_Plot",
            "Receiver": true,
            "AutoActivate": true,
            "ResourceFlowRate": 100
        },
        {
            "Name": "Water_Pump_Energy",
            "Receiver": true,
            "AutoActivate": true
        },
        {
            "Name": "Exotic_Electric_Drill",
            "Receiver": true,
            "AutoActivate": true,
            "ResourceFlowRate": 1500
        }
    ]
}