{
    "RowStruct": "/Script/Icarus.PlayerStartingStats",
    "Defaults": {
        "StatsGranted": {},
        "SurvivalTriggers": {
            "RowName": "None",
            "DataTableName": "D_SurvivalTriggers"
        }
    },
    "Rows": [
        {
            "Name": "Base_Stats",
            "StatsGranted": {
                "(Value=\"BaseMaximumHealth_+\")": 300,
                "(Value=\"BaseMaximumStamina_+\")": 200,
                "(Value=\"BaseWeightCapacity_+\")": 100,
                "(Value=\"BaseMaximumOxygen_+\")": 300,
                "(Value=\"BaseMaximumFood_+\")": 300,
                "(Value=\"BaseMaximumWater_+\")": 300,
                "(Value=\"BaseMovementSpeed_+\")": 355,
                "(Value=\"SprintMovementSpeedCoefficient_%\")": 200,
                "(Value=\"BaseFoodConsumptionPerMinute_+\")": 10,
                "(Value=\"CrouchMovementSpeedCoefficient_%\")": 56,
                "(Value=\"BaseWaterConsumptionPerMinute_+\")": 15,
                "(Value=\"BaseOxygenConsumptionPerMinute_+\")": 8,
                "(Value=\"BaseStaminaRegenFromEmptyDelay_+\")": 3000,
                "(Value=\"BaseHealthRegenPerMinute_+\")": 25,
                "(Value=\"BaseStaminaRegenDelay_+\")": 1000,
                "(Value=\"BaseMinimumFallDamage_%\")": 3,
                "(Value=\"BaseMaximumFallDamage_%\")": 100,
                "(Value=\"BaseMinimumFallDamageVelocity_+\")": 1000,
                "(Value=\"BaseMaximumFallDamageVelocity_+\")": 2250,
                "(Value=\"IsTemperatureEnabled_?\")": 1,
                "(Value=\"BaseInternalRestingTemperature_+\")": 3600,
                "(Value=\"BaseMinimumInternalTemperature_+\")": -1600,
                "(Value=\"BaseMaximumInternalTemperature_+\")": 6600,
                "(Value=\"BaseInternalTemperatureSafeRegionMinimum_+\")": 800,
                "(Value=\"BaseInternalTemperatureSafeRegionMaximum_+\")": 4200,
                "(Value=\"BaseCooldownDegreePerMinute_+\")": 25,
                "(Value=\"BaseWarmupDegreePerMinute_+\")": 25,
                "(Value=\"BaseColdResistance_%\")": 0,
                "(Value=\"BaseHeatResistance_%\")": 0,
                "(Value=\"BaseDeltaTemperatureResistance_%\")": 2,
                "(Value=\"BaseMaxDeltaTemperatureResistance_%\")": 50,
                "(Value=\"BaseStealthDamage_+%\")": 250,
                "(Value=\"BasePartialStealthDamage_+%\")": 150,
                "(Value=\"BaseStaminaConsumed_+%\")": 8,
                "(Value=\"BaseWaterConsumedPerStaminaUsed_+%\")": 0,
                "(Value=\"BaseOxygenConsumedPerStaminaUsed_+%\")": 4,
                "(Value=\"MapCanSeeSelf_?\")": 1,
                "(Value=\"MapCanSeeBroadcastOthers_?\")": 1,
                "(Value=\"MapIsBroadcastingForMap_?\")": 1,
                "(Value=\"CanSeeOtherPlayersBillboards_?\")": 0,
                "(Value=\"IsBroadcastingForBillboards_?\")": 0,
                "(Value=\"MapCanSeeVisualMap_?\")": 1,
                "(Value=\"MapCanSeeTopographicalMap_?\")": 1,
                "(Value=\"CanSeeCompass_?\")": 1,
                "(Value=\"MapCanSeeDropship_?\")": 1,
                "(Value=\"MapCanMakeWaypoint_?\")": 1,
                "(Value=\"MapCanSeeWaypoint_?\")": 1,
                "(Value=\"CanSeeSOS_?\")": 0,
                "(Value=\"CanSeeHealth_?\")": 0,
                "(Value=\"CanBroadcastHealth_?\")": 0,
                "(Value=\"CanSeeStatuses_?\")": 0,
                "(Value=\"CanBroadcastStatuses_?\")": 0,
                "(Value=\"MapCanSeeRadars_?\")": 1,
                "(Value=\"MapCanSeeBuildings_?\")": 0,
                "(Value=\"MapCanSeeGraves_?\")": 1,
                "(Value=\"BaseCriticalDamage_+%\")": 400,
                "(Value=\"SwimMovementSpeedCoefficient_%\")": 45,
                "(Value=\"SwimSprintMovementSpeedCoefficient_%\")": 150,
                "(Value=\"ClimbMovementSpeedCoefficient_%\")": 42,
                "(Value=\"ClimbSprintMovementSpeedCoefficient_%\")": 250,
                "(Value=\"BaseCollisionDamageResistance_%\")": 25,
                "(Value=\"BaseMaximumStomachFullness_+\")": 3,
                "(Value=\"BaseCharacterMass_+\")": 110,
                "(Value=\"BaseStaminaRegenPerMinute_+\")": 2400,
                "(Value=\"ChanceToResistSprain_%\")": 0,
                "(Value=\"BaseTreeCollisionDamageResistance_%\")": 35,
                "(Value=\"CanUseBedsToRespawn_?\")": 1,
                "(Value=\"BaseRespawnDelay_+\")": 20,
                "(Value=\"BaseRespawnDistance_+\")": 200,
                "(Value=\"CanStealthAttack_?\")": 1
            },
            "SurvivalTriggers": {
                "RowName": "Player"
            }
        }
    ]
}