{
    "RowStruct": "/Script/Icarus.ProspectStat",
    "Defaults": {
        "WorldStats": {}
    },
    "Rows": [
        {
            "Name": "Player_XP_125%",
            "WorldStats": {
                "(Value=\"WorldPlayerExperience_+%\")": 25
            }
        },
        {
            "Name": "Easy_Creatures",
            "WorldStats": {
                "(Value=\"WorldNPCMeleeAttack_+%\")": -50,
                "(Value=\"WorldNPCMaximumHealth_+%\")": -50,
                "(Value=\"WorldNPCMovementSpeed_+%\")": -10,
                "(Value=\"WorldSpawnerBearSpawnRate_+%\")": -50,
                "(Value=\"WorldSpawnerLionSpawnRate_+%\")": -10,
                "(Value=\"WorldSpawnerPolarBearSpawnRate_+%\")": -50,
                "(Value=\"WorldSpawnerWolfSpawnRate_+%\")": -10,
                "(Value=\"WorldNPCAggressivePerceptionRadius_+%\")": -50,
                "(Value=\"WorldNPCNeutralPerceptionRadius_+%\")": -50,
                "(Value=\"WorldNPCPassivePerceptionRadius_+%\")": -50
            }
        },
        {
            "Name": "NPC_Increase_Easy",
            "WorldStats": {
                "(Value=\"WorldNPCMaximumHealth_+%\")": 10,
                "(Value=\"WorldNPCAggressivePerceptionRadius_+%\")": 20
            }
        },
        {
            "Name": "NPC_Increase_Medium",
            "WorldStats": {
                "(Value=\"WorldNPCMaximumHealth_+%\")": 15,
                "(Value=\"WorldNPCMovementSpeed_+%\")": 5,
                "(Value=\"WorldNPCAggressivePerceptionRadius_+%\")": 20
            }
        },
        {
            "Name": "NPC_Increase_Hard",
            "WorldStats": {
                "(Value=\"WorldNPCMaximumHealth_+%\")": 30,
                "(Value=\"WorldNPCMovementSpeed_+%\")": 10,
                "(Value=\"WorldNPCAggressivePerceptionRadius_+%\")": 30,
                "(Value=\"WorldNPCNeutralPerceptionRadius_+%\")": 30,
                "(Value=\"WorldNPCPassivePerceptionRadius_+%\")": 30,
                "(Value=\"WorldNPCMeleeAttack_+%\")": 20,
                "(Value=\"WorldSpawnerWolfSpawnRate_+%\")": 30,
                "(Value=\"WorldSpawnerLionSpawnRate_+%\")": 30,
                "(Value=\"WorldSpawnerScorpionSpawnRate_+%\")": 30
            }
        },
        {
            "Name": "Respawn_Zero",
            "WorldStats": {
                "(Value=\"WorldPlayerRespawnMaximumCount_+\")": 0
            }
        },
        {
            "Name": "Respawn_One",
            "WorldStats": {
                "(Value=\"WorldPlayerRespawnMaximumCount_+\")": 1
            }
        },
        {
            "Name": "Respawn_Three",
            "WorldStats": {
                "(Value=\"WorldPlayerRespawnMaximumCount_+\")": 3
            }
        },
        {
            "Name": "Outpost_Stats",
            "WorldStats": {
                "(Value=\"WorldPlayerExperience_+%\")": -75,
                "(Value=\"WorldDisableCaveCreatureSpawning_?\")": 1
            }
        },
        {
            "Name": "Player_XP_110%",
            "WorldStats": {
                "(Value=\"WorldPlayerExperience_+%\")": 10
            }
        },
        {
            "Name": "Player_XP_133%",
            "WorldStats": {
                "(Value=\"WorldPlayerExperience_+%\")": 33
            }
        },
        {
            "Name": "Player_XP_150%",
            "WorldStats": {
                "(Value=\"WorldPlayerExperience_+%\")": 50
            }
        },
        {
            "Name": "MapNerf",
            "WorldStats": {
                "(Value=\"WorldPlayerCanSeeVisualMap_?\")": -1,
                "(Value=\"WorldPlayerCanBroadcastToMap_?\")": -1,
                "(Value=\"WorldPlayerCanSeeOthersOnMap_?\")": -1,
                "(Value=\"WorldPlayerCanMakeWaypointsOnMap_?\")": -1,
                "(Value=\"WorldPlayerCanSeeWaypointsOnMap_?\")": -1
            }
        },
        {
            "Name": "NoPlayerMarkers",
            "WorldStats": {
                "(Value=\"WorldPlayerCanBroadcastToMap_?\")": -1,
                "(Value=\"WorldPlayerCanSeeOthersOnMap_?\")": -1
            }
        },
        {
            "Name": "Player_XP_75%",
            "WorldStats": {
                "(Value=\"WorldPlayerExperience_+%\")": -25
            }
        }
    ]
}