{
    "RowStruct": "/Script/Icarus.VehicleSetup",
    "Defaults": {
        "VehicleSetupData": {
            "Mass": 1500,
            "bReverseAsBrake": true,
            "DragCoefficient": 0.30000001192092896,
            "ChassisWidth": 180,
            "ChassisHeight": 140,
            "InertiaTensorScale": {
                "X": 1,
                "Y": 1,
                "Z": 1
            },
            "MinNormalizedTireLoad": 0,
            "MinNormalizedTireLoadFiltered": 0.23080000281333923,
            "MaxNormalizedTireLoad": 3,
            "MaxNormalizedTireLoadFiltered": 3,
            "ThresholdLongitudinalSpeed": 5,
            "LowForwardSpeedSubStepCount": 3,
            "HighForwardSpeedSubStepCount": 1,
            "IdleBrakeInput": 0,
            "StopThreshold": 10,
            "WrongDirectionThreshold": 100,
            "ThrottleInputRate": {
                "RiseRate": 6,
                "FallRate": 10
            },
            "BrakeInputRate": {
                "RiseRate": 6,
                "FallRate": 10
            },
            "HandbrakeInputRate": {
                "RiseRate": 12,
                "FallRate": 12
            },
            "SteeringInputRate": {
                "RiseRate": 2.5,
                "FallRate": 5
            },
            "AckermannAccuracy": 1,
            "SteeringCurve": {
                "EditorCurveData": {
                    "Keys": [
                        {
                            "InterpMode": "RCIM_Linear",
                            "TangentMode": "RCTM_Auto",
                            "TangentWeightMode": "RCTWM_WeightedNone",
                            "Time": 0,
                            "Value": 1,
                            "ArriveTangent": 0,
                            "ArriveTangentWeight": 0,
                            "LeaveTangent": 0,
                            "LeaveTangentWeight": 0
                        },
                        {
                            "InterpMode": "RCIM_Linear",
                            "TangentMode": "RCTM_Auto",
                            "TangentWeightMode": "RCTWM_WeightedNone",
                            "Time": 20,
                            "Value": 0.8999999761581421,
                            "ArriveTangent": 0,
                            "ArriveTangentWeight": 0,
                            "LeaveTangent": 0,
                            "LeaveTangentWeight": 0
                        },
                        {
                            "InterpMode": "RCIM_Linear",
                            "TangentMode": "RCTM_Auto",
                            "TangentWeightMode": "RCTWM_WeightedNone",
                            "Time": 60,
                            "Value": 0.800000011920929,
                            "ArriveTangent": 0,
                            "ArriveTangentWeight": 0,
                            "LeaveTangent": 0,
                            "LeaveTangentWeight": 0
                        },
                        {
                            "InterpMode": "RCIM_Linear",
                            "TangentMode": "RCTM_Auto",
                            "TangentWeightMode": "RCTWM_WeightedNone",
                            "Time": 120,
                            "Value": 0.699999988079071,
                            "ArriveTangent": 0,
                            "ArriveTangentWeight": 0,
                            "LeaveTangent": 0,
                            "LeaveTangentWeight": 0
                        }
                    ],
                    "DefaultValue": 3.4028234663852886e+38,
                    "PreInfinityExtrap": "RCCE_Constant",
                    "PostInfinityExtrap": "RCCE_Constant"
                },
                "ExternalCurve": "None"
            },
            "WheelCollision": {
                "ObjectType": "ECC_Vehicle",
                "CollisionEnabled": "QueryAndPhysics",
                "SleepFamily": "Normal",
                "DOFMode": "Default",
                "bUseCCD": false,
                "bIgnoreAnalyticCollisions": false,
                "bNotifyRigidBodyCollision": false,
                "bLockTranslation": true,
                "bLockRotation": true,
                "bLockXTranslation": false,
                "bLockYTranslation": false,
                "bLockZTranslation": false,
                "bLockXRotation": false,
                "bLockYRotation": false,
                "bLockZRotation": false,
                "bOverrideMaxAngularVelocity": false,
                "bOverrideMaxDepenetrationVelocity": false,
                "bOverrideWalkableSlopeOnInstance": false,
                "bInterpolateWhenSubStepping": true,
                "CollisionProfileName": "Vehicle",
                "PositionSolverIterationCount": 8,
                "VelocitySolverIterationCount": 1,
                "CollisionResponses": {
                    "ResponseArray": [
                        {
                            "Channel": "PlayerView",
                            "Response": "ECR_Block"
                        },
                        {
                            "Channel": "ProjectilePrediction",
                            "Response": "ECR_Block"
                        }
                    ]
                },
                "MaxDepenetrationVelocity": 0,
                "MassInKgOverride": 100,
                "LinearDamping": 0.009999999776482582,
                "AngularDamping": 0,
                "CustomDOFPlaneNormal": {
                    "X": 0,
                    "Y": 0,
                    "Z": 0
                },
                "COMNudge": {
                    "X": 0,
                    "Y": 0,
                    "Z": 0
                },
                "MassScale": 1,
                "InertiaTensorScale": {
                    "X": 1,
                    "Y": 1,
                    "Z": 1
                },
                "WalkableSlopeOverride": {
                    "WalkableSlopeBehavior": "WalkableSlope_Default",
                    "WalkableSlopeAngle": 0
                },
                "PhysMaterialOverride": "None",
                "MaxAngularVelocity": 3600,
                "CustomSleepThresholdMultiplier": 1,
                "StabilizationThresholdMultiplier": 1,
                "PhysicsBlendWeight": 0,
                "bSimulatePhysics": false,
                "bOverrideMass": false,
                "bEnableGravity": true,
                "bAutoWeld": false,
                "bStartAwake": true,
                "bGenerateWakeEvents": false,
                "bUpdateMassWhenScaleChanges": false
            },
            "WheelSweepType": "SimpleAndComplex",
            "WheelSetupData": [
                {
                    "SocketName": "None",
                    "Offset": {
                        "X": 0,
                        "Y": 0,
                        "Z": 0
                    },
                    "MaxSteerAngle": 70,
                    "bAffectedByHandbrake": true,
                    "SuspensionForceOffset": 0,
                    "SuspensionMaxRaise": 10,
                    "SuspensionMaxDrop": 10,
                    "WheelData": {
                        "ShapeRadius": 30,
                        "ShapeWidth": 10,
                        "Mass": 20,
                        "MOIRatio": 0.5,
                        "DampingRate": 0.25,
                        "SteerAngle": 70,
                        "MaxBrakeTorque": 1500,
                        "MaxHandBrakeTorque": 3000
                    },
                    "TireData": {
                        "TireConfig": "None",
                        "TireThickness": 0,
                        "LatStiffMaxLoad": 2,
                        "LatStiffValue": 17,
                        "LongStiffValue": 1000
                    },
                    "SuspensionData": {
                        "SuspensionNaturalFrequency": 7,
                        "SuspensionDampingRatio": 1
                    }
                },
                {
                    "SocketName": "None",
                    "Offset": {
                        "X": 0,
                        "Y": 0,
                        "Z": 0
                    },
                    "MaxSteerAngle": 70,
                    "bAffectedByHandbrake": true,
                    "SuspensionForceOffset": 0,
                    "SuspensionMaxRaise": 10,
                    "SuspensionMaxDrop": 10,
                    "WheelData": {
                        "ShapeRadius": 30,
                        "ShapeWidth": 10,
                        "Mass": 20,
                        "MOIRatio": 0.5,
                        "DampingRate": 0.25,
                        "SteerAngle": 70,
                        "MaxBrakeTorque": 1500,
                        "MaxHandBrakeTorque": 3000
                    },
                    "TireData": {
                        "TireConfig": "None",
                        "TireThickness": 0,
                        "LatStiffMaxLoad": 2,
                        "LatStiffValue": 17,
                        "LongStiffValue": 1000
                    },
                    "SuspensionData": {
                        "SuspensionNaturalFrequency": 7,
                        "SuspensionDampingRatio": 1
                    }
                },
                {
                    "SocketName": "None",
                    "Offset": {
                        "X": 0,
                        "Y": 0,
                        "Z": 0
                    },
                    "MaxSteerAngle": 70,
                    "bAffectedByHandbrake": true,
                    "SuspensionForceOffset": 0,
                    "SuspensionMaxRaise": 10,
                    "SuspensionMaxDrop": 10,
                    "WheelData": {
                        "ShapeRadius": 30,
                        "ShapeWidth": 10,
                        "Mass": 20,
                        "MOIRatio": 0.5,
                        "DampingRate": 0.25,
                        "SteerAngle": 70,
                        "MaxBrakeTorque": 1500,
                        "MaxHandBrakeTorque": 3000
                    },
                    "TireData": {
                        "TireConfig": "None",
                        "TireThickness": 0,
                        "LatStiffMaxLoad": 2,
                        "LatStiffValue": 17,
                        "LongStiffValue": 1000
                    },
                    "SuspensionData": {
                        "SuspensionNaturalFrequency": 7,
                        "SuspensionDampingRatio": 1
                    }
                },
                {
                    "SocketName": "None",
                    "Offset": {
                        "X": 0,
                        "Y": 0,
                        "Z": 0
                    },
                    "MaxSteerAngle": 70,
                    "bAffectedByHandbrake": true,
                    "SuspensionForceOffset": 0,
                    "SuspensionMaxRaise": 10,
                    "SuspensionMaxDrop": 10,
                    "WheelData": {
                        "ShapeRadius": 30,
                        "ShapeWidth": 10,
                        "Mass": 20,
                        "MOIRatio": 0.5,
                        "DampingRate": 0.25,
                        "SteerAngle": 70,
                        "MaxBrakeTorque": 1500,
                        "MaxHandBrakeTorque": 3000
                    },
                    "TireData": {
                        "TireConfig": "None",
                        "TireThickness": 0,
                        "LatStiffMaxLoad": 2,
                        "LatStiffValue": 17,
                        "LongStiffValue": 1000
                    },
                    "SuspensionData": {
                        "SuspensionNaturalFrequency": 7,
                        "SuspensionDampingRatio": 1
                    }
                }
            ],
            "NoTireConfig": "None"
        },
        "Engines": [
            {
                "Type": "Engine",
                "TypeIndex": 0,
                "SocketName": "None",
                "SocketOffset": {
                    "Rotation": {
                        "X": 0,
                        "Y": 0,
                        "Z": 0,
                        "W": 1
                    },
                    "Translation": {
                        "X": 0,
                        "Y": 0,
                        "Z": 0
                    },
                    "Scale3D": {
                        "X": 1,
                        "Y": 1,
                        "Z": 1
                    }
                },
                "DefaultItem": {
                    "RowName": "None",
                    "DataTableName": "D_ItemTemplate"
                }
            }
        ],
        "Gearboxes": [
            {
                "Type": "Gearbox",
                "TypeIndex": 0,
                "SocketName": "None",
                "SocketOffset": {
                    "Rotation": {
                        "X": 0,
                        "Y": 0,
                        "Z": 0,
                        "W": 1
                    },
                    "Translation": {
                        "X": 0,
                        "Y": 0,
                        "Z": 0
                    },
                    "Scale3D": {
                        "X": 1,
                        "Y": 1,
                        "Z": 1
                    }
                },
                "DefaultItem": {
                    "RowName": "None",
                    "DataTableName": "D_ItemTemplate"
                }
            }
        ],
        "Drivetrains": [
            {
                "Type": "Drivetrain",
                "TypeIndex": 0,
                "SocketName": "None",
                "SocketOffset": {
                    "Rotation": {
                        "X": 0,
                        "Y": 0,
                        "Z": 0,
                        "W": 1
                    },
                    "Translation": {
                        "X": 0,
                        "Y": 0,
                        "Z": 0
                    },
                    "Scale3D": {
                        "X": 1,
                        "Y": 1,
                        "Z": 1
                    }
                },
                "DefaultItem": {
                    "RowName": "None",
                    "DataTableName": "D_ItemTemplate"
                }
            }
        ],
        "Fueltanks": [
            {
                "Type": "Fueltank",
                "TypeIndex": 0,
                "SocketName": "None",
                "SocketOffset": {
                    "Rotation": {
                        "X": 0,
                        "Y": 0,
                        "Z": 0,
                        "W": 1
                    },
                    "Translation": {
                        "X": 0,
                        "Y": 0,
                        "Z": 0
                    },
                    "Scale3D": {
                        "X": 1,
                        "Y": 1,
                        "Z": 1
                    }
                },
                "DefaultItem": {
                    "RowName": "None",
                    "DataTableName": "D_ItemTemplate"
                }
            }
        ],
        "Wheels": [
            {
                "Type": "Wheel",
                "TypeIndex": 0,
                "SocketName": "None",
                "SocketOffset": {
                    "Rotation": {
                        "X": 0,
                        "Y": 0,
                        "Z": 0,
                        "W": 1
                    },
                    "Translation": {
                        "X": 0,
                        "Y": 0,
                        "Z": 0
                    },
                    "Scale3D": {
                        "X": 1,
                        "Y": 1,
                        "Z": 1
                    }
                },
                "DefaultItem": {
                    "RowName": "None",
                    "DataTableName": "D_ItemTemplate"
                }
            },
            {
                "Type": "Wheel",
                "TypeIndex": 1,
                "SocketName": "None",
                "SocketOffset": {
                    "Rotation": {
                        "X": 0,
                        "Y": 0,
                        "Z": 0,
                        "W": 1
                    },
                    "Translation": {
                        "X": 0,
                        "Y": 0,
                        "Z": 0
                    },
                    "Scale3D": {
                        "X": 1,
                        "Y": 1,
                        "Z": 1
                    }
                },
                "DefaultItem": {
                    "RowName": "None",
                    "DataTableName": "D_ItemTemplate"
                }
            },
            {
                "Type": "Wheel",
                "TypeIndex": 2,
                "SocketName": "None",
                "SocketOffset": {
                    "Rotation": {
                        "X": 0,
                        "Y": 0,
                        "Z": 0,
                        "W": 1
                    },
                    "Translation": {
                        "X": 0,
                        "Y": 0,
                        "Z": 0
                    },
                    "Scale3D": {
                        "X": 1,
                        "Y": 1,
                        "Z": 1
                    }
                },
                "DefaultItem": {
                    "RowName": "None",
                    "DataTableName": "D_ItemTemplate"
                }
            },
            {
                "Type": "Wheel",
                "TypeIndex": 3,
                "SocketName": "None",
                "SocketOffset": {
                    "Rotation": {
                        "X": 0,
                        "Y": 0,
                        "Z": 0,
                        "W": 1
                    },
                    "Translation": {
                        "X": 0,
                        "Y": 0,
                        "Z": 0
                    },
                    "Scale3D": {
                        "X": 1,
                        "Y": 1,
                        "Z": 1
                    }
                },
                "DefaultItem": {
                    "RowName": "None",
                    "DataTableName": "D_ItemTemplate"
                }
            }
        ],
        "Suspensions": [
            {
                "Type": "Suspension",
                "TypeIndex": 0,
                "SocketName": "None",
                "SocketOffset": {
                    "Rotation": {
                        "X": 0,
                        "Y": 0,
                        "Z": 0,
                        "W": 1
                    },
                    "Translation": {
                        "X": 0,
                        "Y": 0,
                        "Z": 0
                    },
                    "Scale3D": {
                        "X": 1,
                        "Y": 1,
                        "Z": 1
                    }
                },
                "DefaultItem": {
                    "RowName": "None",
                    "DataTableName": "D_ItemTemplate"
                }
            },
            {
                "Type": "Suspension",
                "TypeIndex": 1,
                "SocketName": "None",
                "SocketOffset": {
                    "Rotation": {
                        "X": 0,
                        "Y": 0,
                        "Z": 0,
                        "W": 1
                    },
                    "Translation": {
                        "X": 0,
                        "Y": 0,
                        "Z": 0
                    },
                    "Scale3D": {
                        "X": 1,
                        "Y": 1,
                        "Z": 1
                    }
                },
                "DefaultItem": {
                    "RowName": "None",
                    "DataTableName": "D_ItemTemplate"
                }
            },
            {
                "Type": "Suspension",
                "TypeIndex": 2,
                "SocketName": "None",
                "SocketOffset": {
                    "Rotation": {
                        "X": 0,
                        "Y": 0,
                        "Z": 0,
                        "W": 1
                    },
                    "Translation": {
                        "X": 0,
                        "Y": 0,
                        "Z": 0
                    },
                    "Scale3D": {
                        "X": 1,
                        "Y": 1,
                        "Z": 1
                    }
                },
                "DefaultItem": {
                    "RowName": "None",
                    "DataTableName": "D_ItemTemplate"
                }
            },
            {
                "Type": "Suspension",
                "TypeIndex": 3,
                "SocketName": "None",
                "SocketOffset": {
                    "Rotation": {
                        "X": 0,
                        "Y": 0,
                        "Z": 0,
                        "W": 1
                    },
                    "Translation": {
                        "X": 0,
                        "Y": 0,
                        "Z": 0
                    },
                    "Scale3D": {
                        "X": 1,
                        "Y": 1,
                        "Z": 1
                    }
                },
                "DefaultItem": {
                    "RowName": "None",
                    "DataTableName": "D_ItemTemplate"
                }
            }
        ],
        "Tires": [
            {
                "Type": "Tire",
                "TypeIndex": 0,
                "SocketName": "None",
                "SocketOffset": {
                    "Rotation": {
                        "X": 0,
                        "Y": 0,
                        "Z": 0,
                        "W": 1
                    },
                    "Translation": {
                        "X": 0,
                        "Y": 0,
                        "Z": 0
                    },
                    "Scale3D": {
                        "X": 1,
                        "Y": 1,
                        "Z": 1
                    }
                },
                "DefaultItem": {
                    "RowName": "None",
                    "DataTableName": "D_ItemTemplate"
                }
            },
            {
                "Type": "Tire",
                "TypeIndex": 1,
                "SocketName": "None",
                "SocketOffset": {
                    "Rotation": {
                        "X": 0,
                        "Y": 0,
                        "Z": 0,
                        "W": 1
                    },
                    "Translation": {
                        "X": 0,
                        "Y": 0,
                        "Z": 0
                    },
                    "Scale3D": {
                        "X": 1,
                        "Y": 1,
                        "Z": 1
                    }
                },
                "DefaultItem": {
                    "RowName": "None",
                    "DataTableName": "D_ItemTemplate"
                }
            },
            {
                "Type": "Tire",
                "TypeIndex": 2,
                "SocketName": "None",
                "SocketOffset": {
                    "Rotation": {
                        "X": 0,
                        "Y": 0,
                        "Z": 0,
                        "W": 1
                    },
                    "Translation": {
                        "X": 0,
                        "Y": 0,
                        "Z": 0
                    },
                    "Scale3D": {
                        "X": 1,
                        "Y": 1,
                        "Z": 1
                    }
                },
                "DefaultItem": {
                    "RowName": "None",
                    "DataTableName": "D_ItemTemplate"
                }
            },
            {
                "Type": "Tire",
                "TypeIndex": 3,
                "SocketName": "None",
                "SocketOffset": {
                    "Rotation": {
                        "X": 0,
                        "Y": 0,
                        "Z": 0,
                        "W": 1
                    },
                    "Translation": {
                        "X": 0,
                        "Y": 0,
                        "Z": 0
                    },
                    "Scale3D": {
                        "X": 1,
                        "Y": 1,
                        "Z": 1
                    }
                },
                "DefaultItem": {
                    "RowName": "None",
                    "DataTableName": "D_ItemTemplate"
                }
            }
        ]
    },
    "Rows": [
        {
            "Name": "DeleteMe"
        }
    ]
}