{
    "RowStruct": "/Script/Icarus.BuildableAudioData",
    "Defaults": {
        "BuildingPlacedSound": "None",
        "BuildingStressDamageSound": "None",
        "BuildingDestroyedSound": "None",
        "BuildingDamagedSound": "None",
        "BuildingDestructibleDamagedSound": "None",
        "BuildingWeatherDamageSound": "None",
        "BuildingWeatherDamageStrippedSound": "None",
        "BuildingWeatherUnzippingSound": "None",
        "BuildingRepairedSound": "None",
        "BuildingOcclusionValue": 0
    },
    "Rows": [
        {
            "Name": "Default"
        },
        {
            "Name": "Wood",
            "BuildingPlacedSound": "/Game/FMOD/Events/SFX/D_Buildables/SFX_BLD_WOOD.SFX_BLD_WOOD",
            "BuildingStressDamageSound": "/Game/FMOD/Events/SFX/D_Buildables/SFX_BLD_DST_WOD_STRESS.SFX_BLD_DST_WOD_STRESS",
            "BuildingDestroyedSound": "/Game/FMOD/Events/SFX/D_Buildables/SFX_BLD_DST_WOD.SFX_BLD_DST_WOD",
            "BuildingDamagedSound": "/Game/FMOD/Events/SFX/D_Buildables/SFX_BLD_WOOD_CRE_DAMAGE.SFX_BLD_WOOD_CRE_DAMAGE",
            "BuildingDestructibleDamagedSound": "/Game/FMOD/Events/SFX/D_Buildables/SFX_BLD_WOOD_TICK_DAMAGE.SFX_BLD_WOOD_TICK_DAMAGE",
            "BuildingWeatherDamageSound": "/Game/FMOD/Events/SFX/D_Buildables/SFX_BLD_WOOD_LOOP_DAMAGE.SFX_BLD_WOOD_LOOP_DAMAGE",
            "BuildingWeatherDamageStrippedSound": "/Game/FMOD/Events/SFX/D_Buildables/SFX_BLD_WOOD_FINAL_DAMAGE.SFX_BLD_WOOD_FINAL_DAMAGE",
            "BuildingWeatherUnzippingSound": "/Game/FMOD/Events/SFX/D_Buildables/SFX_BLD_UNZIP_BASE.SFX_BLD_UNZIP_BASE",
            "BuildingRepairedSound": "/Game/FMOD/Events/SFX/D_Buildables/SFX_BLD_WOOD_REPAIR.SFX_BLD_WOOD_REPAIR",
            "BuildingOcclusionValue": 0.5
        },
        {
            "Name": "Stone",
            "BuildingPlacedSound": "/Game/FMOD/Events/SFX/D_Buildables/SFX_BLD_STONE.SFX_BLD_STONE",
            "BuildingStressDamageSound": "/Game/FMOD/Events/SFX/D_Buildables/SFX_BLD_DST_STONE_STRESS.SFX_BLD_DST_STONE_STRESS",
            "BuildingDestroyedSound": "/Game/FMOD/Events/SFX/D_Buildables/SFX_BLD_DST_STONE.SFX_BLD_DST_STONE",
            "BuildingDamagedSound": "/Game/FMOD/Events/SFX/D_Buildables/SFX_BLD_CONC_STONE_CRE_DAMAGE.SFX_BLD_CONC_STONE_CRE_DAMAGE",
            "BuildingDestructibleDamagedSound": "/Game/FMOD/Events/SFX/D_Buildables/SFX_BLD_CONC_STONE_TICK_DAMAGE.SFX_BLD_CONC_STONE_TICK_DAMAGE",
            "BuildingWeatherDamageSound": "/Game/FMOD/Events/SFX/D_Buildables/SFX_BLD_STONE_CONC_LOOP_DAMAGE.SFX_BLD_STONE_CONC_LOOP_DAMAGE",
            "BuildingWeatherDamageStrippedSound": "/Game/FMOD/Events/SFX/D_Buildables/SFX_BLD_DST_STONE.SFX_BLD_DST_STONE",
            "BuildingWeatherUnzippingSound": "/Game/FMOD/Events/SFX/D_Buildables/SFX_BLD_UNZIP_BASE.SFX_BLD_UNZIP_BASE",
            "BuildingRepairedSound": "/Game/FMOD/Events/SFX/D_Buildables/SFX_BLD_STONE_REPAIR.SFX_BLD_STONE_REPAIR",
            "BuildingOcclusionValue": 1
        },
        {
            "Name": "Concrete",
            "BuildingPlacedSound": "/Game/FMOD/Events/SFX/D_Buildables/SFX_BLD_CONC.SFX_BLD_CONC",
            "BuildingStressDamageSound": "/Game/FMOD/Events/SFX/D_Buildables/SFX_BLD_DST_CONC_STRESS.SFX_BLD_DST_CONC_STRESS",
            "BuildingDestroyedSound": "/Game/FMOD/Events/SFX/D_Buildables/SFX_BLD_DST_CONC.SFX_BLD_DST_CONC",
            "BuildingDamagedSound": "/Game/FMOD/Events/SFX/D_Buildables/SFX_BLD_CONC_STONE_CRE_DAMAGE.SFX_BLD_CONC_STONE_CRE_DAMAGE",
            "BuildingDestructibleDamagedSound": "/Game/FMOD/Events/SFX/D_Buildables/SFX_BLD_CONC_STONE_TICK_DAMAGE.SFX_BLD_CONC_STONE_TICK_DAMAGE",
            "BuildingWeatherDamageSound": "/Game/FMOD/Events/SFX/D_Buildables/SFX_BLD_STONE_CONC_LOOP_DAMAGE.SFX_BLD_STONE_CONC_LOOP_DAMAGE",
            "BuildingWeatherDamageStrippedSound": "/Game/FMOD/Events/SFX/D_Buildables/SFX_BLD_DST_CONC.SFX_BLD_DST_CONC",
            "BuildingWeatherUnzippingSound": "/Game/FMOD/Events/SFX/D_Buildables/SFX_BLD_UNZIP_BASE.SFX_BLD_UNZIP_BASE",
            "BuildingRepairedSound": "/Game/FMOD/Events/SFX/D_Buildables/SFX_BLD_STONE_REPAIR.SFX_BLD_STONE_REPAIR",
            "BuildingOcclusionValue": 1
        },
        {
            "Name": "Metal",
            "BuildingPlacedSound": "/Game/FMOD/Events/SFX/D_Buildables/SFX_BLD_METAL.SFX_BLD_METAL",
            "BuildingStressDamageSound": "/Game/FMOD/Events/SFX/D_Buildables/SFX_BLD_DST_METAL_STRESS.SFX_BLD_DST_METAL_STRESS",
            "BuildingDestroyedSound": "/Game/FMOD/Events/SFX/D_Buildables/SFX_BLD_DST_METAL.SFX_BLD_DST_METAL",
            "BuildingDamagedSound": "/Game/FMOD/Events/SFX/D_Buildables/SFX_BLD_METAL_CRE_DAMAGE.SFX_BLD_METAL_CRE_DAMAGE",
            "BuildingDestructibleDamagedSound": "/Game/FMOD/Events/SFX/D_Buildables/SFX_BLD_COR_IRON_TICK_DAMAGE.SFX_BLD_COR_IRON_TICK_DAMAGE",
            "BuildingWeatherDamageSound": "/Game/FMOD/Events/SFX/D_Buildables/SFX_BLD_METAL_LOOP_DAMAGE.SFX_BLD_METAL_LOOP_DAMAGE",
            "BuildingWeatherDamageStrippedSound": "/Game/FMOD/Events/SFX/D_Buildables/SFX_BLD_DST_METAL.SFX_BLD_DST_METAL",
            "BuildingWeatherUnzippingSound": "/Game/FMOD/Events/SFX/D_Buildables/SFX_BLD_UNZIP_BASE.SFX_BLD_UNZIP_BASE",
            "BuildingRepairedSound": "/Game/FMOD/Events/SFX/D_Buildables/SFX_BLD_IRON_REPAIR.SFX_BLD_IRON_REPAIR",
            "BuildingOcclusionValue": 1
        },
        {
            "Name": "Thatch",
            "BuildingPlacedSound": "/Game/FMOD/Events/SFX/D_Buildables/SFX_BLD_THATCH.SFX_BLD_THATCH",
            "BuildingStressDamageSound": "/Game/FMOD/Events/SFX/D_Buildables/SFX_BLD_DST_THATCH_STRESS.SFX_BLD_DST_THATCH_STRESS",
            "BuildingDestroyedSound": "/Game/FMOD/Events/SFX/D_Buildables/SFX_BLD_DST_THATCH.SFX_BLD_DST_THATCH",
            "BuildingDamagedSound": "/Game/FMOD/Events/SFX/D_Buildables/SFX_BLD_THATCH_CRE_DAMAGE.SFX_BLD_THATCH_CRE_DAMAGE",
            "BuildingDestructibleDamagedSound": "/Game/FMOD/Events/SFX/D_Buildables/SFX_BLD_THATCH_TICK_DAMAGE.SFX_BLD_THATCH_TICK_DAMAGE",
            "BuildingWeatherDamageSound": "/Game/FMOD/Events/SFX/D_Buildables/SFX_BLD_THATCH_LOOP_DAMAGE.SFX_BLD_THATCH_LOOP_DAMAGE",
            "BuildingWeatherDamageStrippedSound": "/Game/FMOD/Events/SFX/D_Buildables/SFX_BLD_DST_THATCH.SFX_BLD_DST_THATCH",
            "BuildingWeatherUnzippingSound": "/Game/FMOD/Events/SFX/D_Buildables/SFX_BLD_UNZIP_BASE.SFX_BLD_UNZIP_BASE",
            "BuildingRepairedSound": "/Game/FMOD/Events/SFX/D_Buildables/SFX_BLD_THATCH_REPAIR.SFX_BLD_THATCH_REPAIR",
            "BuildingOcclusionValue": 0.30000001192092896
        },
        {
            "Name": "Iron",
            "BuildingPlacedSound": "/Game/FMOD/Events/SFX/D_Buildables/SFX_BLD_IRON_DEPLOY.SFX_BLD_IRON_DEPLOY",
            "BuildingStressDamageSound": "/Game/FMOD/Events/SFX/D_Buildables/SFX_BLD_DST_CORRUGATED_IRON_STRESS.SFX_BLD_DST_CORRUGATED_IRON_STRESS",
            "BuildingDestroyedSound": "/Game/FMOD/Events/SFX/D_Buildables/SFX_BLD_DST_CORRUGATED_IRON_BREAK.SFX_BLD_DST_CORRUGATED_IRON_BREAK",
            "BuildingDamagedSound": "/Game/FMOD/Events/SFX/D_Buildables/SFX_BLD_IRON_CRE_DAMAGE.SFX_BLD_IRON_CRE_DAMAGE",
            "BuildingDestructibleDamagedSound": "/Game/FMOD/Events/SFX/D_Buildables/SFX_BLD_COR_IRON_TICK_DAMAGE.SFX_BLD_COR_IRON_TICK_DAMAGE",
            "BuildingWeatherDamageSound": "/Game/FMOD/Events/SFX/D_Buildables/SFX_BLD_METAL_LOOP_DAMAGE.SFX_BLD_METAL_LOOP_DAMAGE",
            "BuildingWeatherDamageStrippedSound": "/Game/FMOD/Events/SFX/D_Buildables/SFX_BLD_DST_CORRUGATED_IRON_BREAK.SFX_BLD_DST_CORRUGATED_IRON_BREAK",
            "BuildingWeatherUnzippingSound": "/Game/FMOD/Events/SFX/D_Buildables/SFX_BLD_UNZIP_BASE.SFX_BLD_UNZIP_BASE",
            "BuildingRepairedSound": "/Game/FMOD/Events/SFX/D_Buildables/SFX_BLD_IRON_REPAIR.SFX_BLD_IRON_REPAIR",
            "BuildingOcclusionValue": 0.4000000059604645
        },
        {
            "Name": "Glass",
            "BuildingPlacedSound": "/Game/FMOD/Events/SFX/D_Buildables/SFX_BLD_GLASS_DEPLOY.SFX_BLD_GLASS_DEPLOY",
            "BuildingStressDamageSound": "/Game/FMOD/Events/SFX/D_Buildables/SFX_BLD_DST_GLASS_STRESS.SFX_BLD_DST_GLASS_STRESS",
            "BuildingDestroyedSound": "/Game/FMOD/Events/SFX/D_Buildables/SFX_BLD_DST_GLASS_BREAK.SFX_BLD_DST_GLASS_BREAK",
            "BuildingDamagedSound": "/Game/FMOD/Events/SFX/D_Buildables/SFX_BLD_GLASS_CRE_DAMAGE.SFX_BLD_GLASS_CRE_DAMAGE",
            "BuildingDestructibleDamagedSound": "/Game/FMOD/Events/SFX/D_Buildables/SFX_BLD_GLASS_TICK_DAMAGE.SFX_BLD_GLASS_TICK_DAMAGE",
            "BuildingWeatherDamageSound": "/Game/FMOD/Events/SFX/D_Buildables/SFX_BLD_GLASS_LOOP_DAMAGE.SFX_BLD_GLASS_LOOP_DAMAGE",
            "BuildingWeatherDamageStrippedSound": "/Game/FMOD/Events/SFX/D_Buildables/SFX_BLD_DST_GLASS_BREAK.SFX_BLD_DST_GLASS_BREAK",
            "BuildingWeatherUnzippingSound": "/Game/FMOD/Events/SFX/D_Buildables/SFX_BLD_UNZIP_BASE.SFX_BLD_UNZIP_BASE",
            "BuildingRepairedSound": "/Game/FMOD/Events/SFX/D_Buildables/SFX_BLD_GLASS_REPAIR.SFX_BLD_GLASS_REPAIR",
            "BuildingOcclusionValue": 0.30000001192092896
        },
        {
            "Name": "Brick",
            "BuildingPlacedSound": "/Game/FMOD/Events/SFX/D_Buildables/SFX_BLD_STONE.SFX_BLD_STONE",
            "BuildingStressDamageSound": "/Game/FMOD/Events/SFX/D_Buildables/SFX_BLD_DST_STONE_STRESS.SFX_BLD_DST_STONE_STRESS",
            "BuildingDestroyedSound": "/Game/FMOD/Events/SFX/D_Buildables/SFX_BLD_DST_STONE.SFX_BLD_DST_STONE",
            "BuildingDamagedSound": "/Game/FMOD/Events/SFX/D_Buildables/SFX_BLD_CONC_STONE_CRE_DAMAGE.SFX_BLD_CONC_STONE_CRE_DAMAGE",
            "BuildingDestructibleDamagedSound": "/Game/FMOD/Events/SFX/D_Buildables/SFX_BLD_CONC_STONE_TICK_DAMAGE.SFX_BLD_CONC_STONE_TICK_DAMAGE",
            "BuildingWeatherDamageSound": "/Game/FMOD/Events/SFX/D_Buildables/SFX_BLD_STONE_CONC_LOOP_DAMAGE.SFX_BLD_STONE_CONC_LOOP_DAMAGE",
            "BuildingWeatherDamageStrippedSound": "/Game/FMOD/Events/SFX/D_Buildables/SFX_BLD_DST_STONE.SFX_BLD_DST_STONE",
            "BuildingWeatherUnzippingSound": "/Game/FMOD/Events/SFX/D_Buildables/SFX_BLD_UNZIP_BASE.SFX_BLD_UNZIP_BASE",
            "BuildingRepairedSound": "/Game/FMOD/Events/SFX/D_Buildables/SFX_BLD_STONE_REPAIR.SFX_BLD_STONE_REPAIR",
            "BuildingOcclusionValue": 1
        }
    ]
}