{
    "RowStruct": "/Script/Icarus.CriticalHitAreaAudioData",
    "Defaults": {
        "PlayerFeedbackSound": "None",
        "bShouldCritZoneSuppressHitAudio": false
    },
    "Rows": [
        {
            "Name": "CriticalHit",
            "PlayerFeedbackSound": "/Game/FMOD/Events/UI/Generic/UI_CRITICAL_HIT.UI_CRITICAL_HIT"
        },
        {
            "Name": "LowDamageHit",
            "PlayerFeedbackSound": "/Game/FMOD/Events/UI/Generic/UI_HITINDICATOR_LOWDAMAGE.UI_HITINDICATOR_LOWDAMAGE",
            "bShouldCritZoneSuppressHitAudio": true
        }
    ]
}