{
    "RowStruct": "/Script/Icarus.TerrainZoneAudioData",
    "Defaults": {
        "Color": {
            "B": 0,
            "G": 0,
            "R": 0,
            "A": 255
        },
        "FMODParam": "Default"
    },
    "Columns": [
        {
            "Name": "Color",
            "Key": true
        }
    ],
    "Rows": [
        {
            "Name": "Default"
        },
        {
            "Name": "Canyon_Narrow",
            "Color": {
                "B": 64,
                "G": 10
            },
            "FMODParam": "Canyon_Narrow"
        },
        {
            "Name": "Canyon_Med",
            "Color": {
                "B": 128,
                "G": 19
            },
            "FMODParam": "Canyon_Med"
        },
        {
            "Name": "Canyon_Wide",
            "Color": {
                "B": 255,
                "G": 38
            },
            "FMODParam": "Canyon_Wide"
        }
    ]
}