{
    "RowStruct": "/Script/Icarus.HitableData",
    "Defaults": {
        "Behaviour": "None"
    },
    "Rows": [
        {
            "Name": "TreePrimitive",
            "Behaviour": "/Game/BP/Behaviours/Hitable/BP_HitableBehaviour_TreePrimitive.BP_HitableBehaviour_TreePrimitive_C"
        },
        {
            "Name": "ResourceNode",
            "Behaviour": "/Game/BP/Behaviours/Hitable/BP_HitableBehaviour_ResourceNode.BP_HitableBehaviour_ResourceNode_C"
        },
        {
            "Name": "AnimalCarcass",
            "Behaviour": "/Game/BP/Behaviours/Hitable/BP_Hitable_AnimalCarcass.BP_Hitable_AnimalCarcass_C"
        },
        {
            "Name": "Building",
            "Behaviour": "/Game/BP/Behaviours/Hitable/BP_HitableBehaviour_Building.BP_HitableBehaviour_Building_C"
        },
        {
            "Name": "AnimalCharacter",
            "Behaviour": "/Game/BP/Behaviours/Hitable/BP_Hitable_AnimalCharacter.BP_Hitable_AnimalCharacter_C"
        },
        {
            "Name": "Rock",
            "Behaviour": "/Script/Icarus.HitableBehaviourRock"
        }
    ]
}