{
    "RowStruct": "/Script/Icarus.RocketableData",
    "Defaults": {
        "Image": "None",
        "StatsGranted": {}
    },
    "Rows": [
        {
            "Name": "MK1_Command"
        },
        {
            "Name": "MK1_Storage"
        },
        {
            "Name": "MK1_Equipment"
        },
        {
            "Name": "MK1_Engine"
        },
        {
            "Name": "MK1_Wing"
        },
        {
            "Name": "MK1_Thruster"
        },
        {
            "Name": "MK2_Command_V1"
        },
        {
            "Name": "MK2_Command_V2"
        },
        {
            "Name": "MK2_Command_V3"
        },
        {
            "Name": "MK2_Command_V4"
        },
        {
            "Name": "MK2_Engine_V1"
        },
        {
            "Name": "MK2_Engine_V2"
        },
        {
            "Name": "MK2_Engine_V3"
        },
        {
            "Name": "MK2_Storage_V1"
        },
        {
            "Name": "MK2_Storage_V2"
        },
        {
            "Name": "MK2_Landing_V1"
        },
        {
            "Name": "MK2_Landing_V2"
        },
        {
            "Name": "MK2_Landing_V3"
        },
        {
            "Name": "MK2_ExtStorage_V1"
        },
        {
            "Name": "MK2_ExtStorage_V2"
        },
        {
            "Name": "MK2_Thruster_V1"
        },
        {
            "Name": "Test_CommandPod",
            "Image": "/Game/Assets/2DArt/UI/DropshipCreation/DropshipPart_Top_1.DropshipPart_Top_1"
        },
        {
            "Name": "Test_Engine",
            "Image": "/Game/Assets/2DArt/UI/DropshipCreation/DropshipPart_Middle_1.DropshipPart_Middle_1"
        },
        {
            "Name": "Test_LandingGear",
            "Image": "/Game/Assets/2DArt/UI/DropshipCreation/DropshipPart_Bottom_1.DropshipPart_Bottom_1"
        }
    ]
}