{
    "RowStruct": "/Script/Icarus.UsableData",
    "Defaults": {
        "Uses": [],
        "bAlwaysShowContextMenu": false
    },
    "Rows": [
        {
            "Name": "Consume",
            "Uses": [
                {
                    "Use": {
                        "RowName": "Consume",
                        "DataTableName": "D_Uses"
                    },
                    "RequiredTags": {
                        "GameplayTags": []
                    },
                    "RequiredStats": [],
                    "bMustOwnInventory": false
                }
            ]
        },
        {
            "Name": "Place",
            "Uses": [
                {
                    "Use": {
                        "RowName": "Place",
                        "DataTableName": "D_Uses"
                    },
                    "RequiredTags": {
                        "GameplayTags": []
                    },
                    "RequiredStats": [],
                    "bMustOwnInventory": true
                }
            ]
        },
        {
            "Name": "Repair",
            "Uses": [
                {
                    "Use": {
                        "RowName": "Repair",
                        "DataTableName": "D_Uses"
                    },
                    "RequiredTags": {
                        "GameplayTags": []
                    },
                    "RequiredStats": [],
                    "bMustOwnInventory": false
                }
            ],
            "bAlwaysShowContextMenu": true
        },
        {
            "Name": "Repairable_Deployable",
            "Uses": [
                {
                    "Use": {
                        "RowName": "Repair",
                        "DataTableName": "D_Uses"
                    },
                    "RequiredTags": {
                        "GameplayTags": []
                    },
                    "RequiredStats": [],
                    "bMustOwnInventory": false
                },
                {
                    "Use": {
                        "RowName": "Consume",
                        "DataTableName": "D_Uses"
                    },
                    "RequiredTags": {
                        "GameplayTags": []
                    },
                    "RequiredStats": [],
                    "bMustOwnInventory": false
                }
            ]
        },
        {
            "Name": "Consume_Stack",
            "Uses": [
                {
                    "Use": {
                        "RowName": "Consume",
                        "DataTableName": "D_Uses"
                    },
                    "RequiredTags": {
                        "GameplayTags": []
                    },
                    "RequiredStats": [],
                    "bMustOwnInventory": false
                },
                {
                    "Use": {
                        "RowName": "Consume_Stack",
                        "DataTableName": "D_Uses"
                    },
                    "RequiredTags": {
                        "GameplayTags": []
                    },
                    "RequiredStats": [],
                    "bMustOwnInventory": false
                }
            ]
        },
        {
            "Name": "Apply_Bandage",
            "Uses": [
                {
                    "Use": {
                        "RowName": "Consume_From_Menu",
                        "DataTableName": "D_Uses"
                    },
                    "RequiredTags": {
                        "GameplayTags": []
                    },
                    "RequiredStats": [],
                    "bMustOwnInventory": true
                }
            ]
        },
        {
            "Name": "Consume_Stack_Spoiled",
            "Uses": [
                {
                    "Use": {
                        "RowName": "Consume",
                        "DataTableName": "D_Uses"
                    },
                    "RequiredTags": {
                        "GameplayTags": []
                    },
                    "RequiredStats": [
                        {
                            "Stat": {
                                "Value": "CanEatSpoiledFood_?"
                            },
                            "ComparisonType": "Equals",
                            "Value": 1
                        }
                    ],
                    "bMustOwnInventory": false
                },
                {
                    "Use": {
                        "RowName": "Consume_Stack",
                        "DataTableName": "D_Uses"
                    },
                    "RequiredTags": {
                        "GameplayTags": []
                    },
                    "RequiredStats": [
                        {
                            "Stat": {
                                "Value": "CanEatSpoiledFood_?"
                            },
                            "ComparisonType": "Equals",
                            "Value": 1
                        }
                    ],
                    "bMustOwnInventory": false
                }
            ]
        },
        {
            "Name": "Consume_Stack_Food",
            "Uses": [
                {
                    "Use": {
                        "RowName": "Consume",
                        "DataTableName": "D_Uses"
                    },
                    "RequiredTags": {
                        "GameplayTags": []
                    },
                    "RequiredStats": [],
                    "bMustOwnInventory": false
                },
                {
                    "Use": {
                        "RowName": "Consume_Stack_Food",
                        "DataTableName": "D_Uses"
                    },
                    "RequiredTags": {
                        "GameplayTags": []
                    },
                    "RequiredStats": [],
                    "bMustOwnInventory": false
                }
            ]
        },
        {
            "Name": "Consume_Stack_Water",
            "Uses": [
                {
                    "Use": {
                        "RowName": "Consume",
                        "DataTableName": "D_Uses"
                    },
                    "RequiredTags": {
                        "GameplayTags": []
                    },
                    "RequiredStats": [],
                    "bMustOwnInventory": false
                },
                {
                    "Use": {
                        "RowName": "Consume_Stack_Water",
                        "DataTableName": "D_Uses"
                    },
                    "RequiredTags": {
                        "GameplayTags": []
                    },
                    "RequiredStats": [],
                    "bMustOwnInventory": false
                }
            ]
        },
        {
            "Name": "Consume_Stack_Oxygen",
            "Uses": [
                {
                    "Use": {
                        "RowName": "Consume",
                        "DataTableName": "D_Uses"
                    },
                    "RequiredTags": {
                        "GameplayTags": []
                    },
                    "RequiredStats": [],
                    "bMustOwnInventory": false
                },
                {
                    "Use": {
                        "RowName": "Consume_Stack_Oxygen",
                        "DataTableName": "D_Uses"
                    },
                    "RequiredTags": {
                        "GameplayTags": []
                    },
                    "RequiredStats": [],
                    "bMustOwnInventory": false
                }
            ]
        },
        {
            "Name": "Consume_Stack_FoodWater",
            "Uses": [
                {
                    "Use": {
                        "RowName": "Consume",
                        "DataTableName": "D_Uses"
                    },
                    "RequiredTags": {
                        "GameplayTags": []
                    },
                    "RequiredStats": [],
                    "bMustOwnInventory": false
                },
                {
                    "Use": {
                        "RowName": "Consume_Stack_FoodWater",
                        "DataTableName": "D_Uses"
                    },
                    "RequiredTags": {
                        "GameplayTags": []
                    },
                    "RequiredStats": [],
                    "bMustOwnInventory": false
                }
            ]
        },
        {
            "Name": "Consume_Tonic",
            "Uses": [
                {
                    "Use": {
                        "RowName": "Consume_From_Menu",
                        "DataTableName": "D_Uses"
                    },
                    "RequiredTags": {
                        "GameplayTags": []
                    },
                    "RequiredStats": [],
                    "bMustOwnInventory": true
                }
            ]
        }
    ]
}