{
    "RowStruct": "/Script/Icarus.TimeOfDay",
    "Defaults": {
        "StartingHour": 0,
        "EndingHour": 1
    },
    "GenerateEnum": true,
    "Rows": [
        {
            "Name": "Invalid",
            "EndingHour": 0
        },
        {
            "Name": "Night",
            "StartingHour": 18,
            "EndingHour": 6
        },
        {
            "Name": "Morning",
            "StartingHour": 6,
            "EndingHour": 10
        },
        {
            "Name": "Day",
            "StartingHour": 10,
            "EndingHour": 14
        },
        {
            "Name": "Afternoon",
            "StartingHour": 14,
            "EndingHour": 18
        }
    ]
}