{
    "RowStruct": "/Script/Icarus.BreakableRockData",
    "Defaults": {
        "ItemReward": {
            "RowName": "None",
            "DataTableName": "D_ItemRewards"
        },
        "PyriticCrustItemType": {
            "RowName": "None",
            "DataTableName": "D_ItemTemplate"
        },
        "Durable": {
            "RowName": "None",
            "DataTableName": "D_Durable"
        },
        "Tags": {
            "GameplayTags": []
        },
        "BreakSound": "None"
    },
    "Rows": [
        {
            "Name": "Default",
            "ItemReward": {
                "RowName": "GenericRock"
            },
            "Durable": {
                "RowName": "Rock"
            },
            "Tags": {
                "GameplayTags": [
                    {
                        "TagName": "Harvest.Sledgehammer"
                    }
                ]
            },
            "BreakSound": "/Game/FMOD/Events/SFX/D_Surfaces/SFX_VOXEL_FINAL_HIT.SFX_VOXEL_FINAL_HIT"
        },
        {
            "Name": "Obsidian",
            "ItemReward": {
                "RowName": "Obsidian"
            },
            "PyriticCrustItemType": {
                "RowName": "Pyritic_Crust_Obsidian"
            },
            "Durable": {
                "RowName": "Rock"
            },
            "Tags": {
                "GameplayTags": [
                    {
                        "TagName": "Harvest.Sledgehammer"
                    }
                ]
            },
            "BreakSound": "/Game/FMOD/Events/SFX/D_Surfaces/SFX_VOXEL_FINAL_HIT.SFX_VOXEL_FINAL_HIT"
        },
        {
            "Name": "Scoria",
            "ItemReward": {
                "RowName": "Scoria"
            },
            "PyriticCrustItemType": {
                "RowName": "Pyritic_Crust_Scoria"
            },
            "Durable": {
                "RowName": "Rock"
            },
            "Tags": {
                "GameplayTags": [
                    {
                        "TagName": "Harvest.Sledgehammer"
                    }
                ]
            },
            "BreakSound": "/Game/FMOD/Events/SFX/D_Surfaces/SFX_VOXEL_FINAL_HIT.SFX_VOXEL_FINAL_HIT"
        },
        {
            "Name": "Clay",
            "ItemReward": {
                "RowName": "Clay"
            },
            "PyriticCrustItemType": {
                "RowName": "Pyritic_Crust_Clay"
            },
            "Durable": {
                "RowName": "Rock"
            },
            "Tags": {
                "GameplayTags": [
                    {
                        "TagName": "Harvest.Sledgehammer"
                    }
                ]
            },
            "BreakSound": "/Game/FMOD/Events/SFX/D_Surfaces/SFX_VOXEL_FINAL_HIT.SFX_VOXEL_FINAL_HIT"
        }
    ]
}