{
    "RowStruct": "/Script/Icarus.DropGroupCosmeticData",
    "Defaults": {
        "DropGroupName": "",
        "DropGroupDescription": "",
        "DropGroupIcon": "None",
        "DropGroupBackground": "None",
        "bVisibleInDropSelectionScreen": true,
        "AssociatedTerrain": {
            "RowName": "None",
            "DataTableName": "D_Terrains"
        },
        "DropGroupIndex": -1,
        "bIsRecommended": false,
        "Temperature": "Normal",
        "Food": "Medium",
        "Water": "Medium",
        "Oxygen": "Medium",
        "Wood": "Medium",
        "Rock": "Medium",
        "Ore": "Medium",
        "AggressiveCreatures": "Medium",
        "PassiveCreatures": "Medium"
    },
    "Rows": [
        {
            "Name": "OLY_Conifer_01",
            "DropGroupName": "NSLOCTEXT(\"D_DropGroups\", \"OLY_Conifer_01-DropGroupName\", \"Conifer\")",
            "DropGroupBackground": "/Game/Assets/2DArt/UI/ProspectSelect/Images/T_Prospect_Forest_Building01_Large.T_Prospect_Forest_Building01_Large",
            "AssociatedTerrain": {
                "RowName": "Terrain_016"
            },
            "DropGroupIndex": 0,
            "bIsRecommended": true,
            "Food": "High",
            "Wood": "High",
            "Rock": "High",
            "PassiveCreatures": "High"
        },
        {
            "Name": "OLY_Conifer_02",
            "DropGroupName": "NSLOCTEXT(\"D_DropGroups\", \"OLY_Conifer_02-DropGroupName\", \"Riverlands\")",
            "DropGroupBackground": "/Game/Assets/2DArt/UI/ProspectSelect/Images/T_Prospect_Forest_Construction01_Large.T_Prospect_Forest_Construction01_Large",
            "AssociatedTerrain": {
                "RowName": "Terrain_016"
            },
            "DropGroupIndex": 12,
            "Food": "High",
            "Wood": "High",
            "Rock": "High",
            "PassiveCreatures": "High"
        },
        {
            "Name": "OLY_Desert_01",
            "DropGroupName": "NSLOCTEXT(\"D_DropGroups\", \"OLY_Desert_01-DropGroupName\", \"Desert\")",
            "DropGroupBackground": "/Game/Assets/2DArt/UI/ProspectSelect/Images/T_Prospect_Desert_Delivery01_Large.T_Prospect_Desert_Delivery01_Large",
            "AssociatedTerrain": {
                "RowName": "Terrain_016"
            },
            "DropGroupIndex": 15,
            "Temperature": "Hot",
            "Water": "Low",
            "Oxygen": "Low",
            "Wood": "Low",
            "AggressiveCreatures": "High"
        },
        {
            "Name": "OLY_Desert_02",
            "DropGroupName": "NSLOCTEXT(\"D_DropGroups\", \"OLY_Desert_02-DropGroupName\", \"Canyons\")",
            "DropGroupBackground": "/Game/Assets/2DArt/UI/ProspectSelect/Images/T_Prospect_Desert_Lurker01_Large.T_Prospect_Desert_Lurker01_Large",
            "AssociatedTerrain": {
                "RowName": "Terrain_016"
            },
            "DropGroupIndex": 27,
            "Temperature": "Hot",
            "Water": "Low",
            "Oxygen": "Low",
            "Wood": "Low",
            "AggressiveCreatures": "High"
        },
        {
            "Name": "OLY_Arctic_01",
            "DropGroupName": "NSLOCTEXT(\"D_DropGroups\", \"OLY_Arctic_01-DropGroupName\", \"Arctic\")",
            "DropGroupBackground": "/Game/Assets/2DArt/UI/ProspectSelect/Images/T_Prospect_Arctic_HeavyFog01_Large.T_Prospect_Arctic_HeavyFog01_Large",
            "AssociatedTerrain": {
                "RowName": "Terrain_016"
            },
            "DropGroupIndex": 2,
            "Temperature": "Cold",
            "Wood": "Low",
            "Rock": "Low",
            "AggressiveCreatures": "High",
            "PassiveCreatures": "Low"
        },
        {
            "Name": "STYX_Conifer_01",
            "DropGroupName": "NSLOCTEXT(\"D_DropGroups\", \"STYX_Conifer_01-DropGroupName\", \"Ring Lake\")",
            "DropGroupBackground": "/Game/Assets/2DArt/UI/ProspectSelect/Images/T_Prospect_Forest_Building01_Large.T_Prospect_Forest_Building01_Large",
            "AssociatedTerrain": {
                "RowName": "Terrain_017"
            },
            "DropGroupIndex": 15,
            "Wood": "High",
            "Rock": "High",
            "PassiveCreatures": "High"
        },
        {
            "Name": "STYX_Conifer_02",
            "DropGroupName": "NSLOCTEXT(\"D_DropGroups\", \"STYX_Conifer_02-DropGroupName\", \"Great River\")",
            "DropGroupBackground": "/Game/Assets/2DArt/UI/ProspectSelect/Images/T_Prospect_Forest_Construction01_Large.T_Prospect_Forest_Construction01_Large",
            "AssociatedTerrain": {
                "RowName": "Terrain_017"
            },
            "DropGroupIndex": 21,
            "bIsRecommended": true,
            "Wood": "High",
            "Rock": "High",
            "PassiveCreatures": "High"
        },
        {
            "Name": "STYX_Desert_01",
            "DropGroupName": "NSLOCTEXT(\"D_DropGroups\", \"STYX_Desert_01-DropGroupName\", \"Oasis\")",
            "DropGroupBackground": "/Game/Assets/2DArt/UI/ProspectSelect/Images/T_Prospect_Desert_Delivery01_Large.T_Prospect_Desert_Delivery01_Large",
            "AssociatedTerrain": {
                "RowName": "Terrain_017"
            },
            "DropGroupIndex": 12,
            "Temperature": "Hot",
            "Water": "Low",
            "Oxygen": "Low",
            "AggressiveCreatures": "High"
        },
        {
            "Name": "STYX_Desert_02",
            "DropGroupName": "NSLOCTEXT(\"D_DropGroups\", \"STYX_Desert_02-DropGroupName\", \"Dry Ridge\")",
            "DropGroupBackground": "/Game/Assets/2DArt/UI/ProspectSelect/Images/T_Prospect_Desert_Lurker01_Large.T_Prospect_Desert_Lurker01_Large",
            "AssociatedTerrain": {
                "RowName": "Terrain_017"
            },
            "DropGroupIndex": 19,
            "Temperature": "Hot",
            "Water": "Low",
            "Oxygen": "Low",
            "Wood": "Low",
            "AggressiveCreatures": "High"
        },
        {
            "Name": "STYX_Arctic_01",
            "DropGroupName": "NSLOCTEXT(\"D_DropGroups\", \"STYX_Arctic_01-DropGroupName\", \"Ice Flats\")",
            "DropGroupBackground": "/Game/Assets/2DArt/UI/ProspectSelect/Images/T_Prospect_Arctic_HeavyFog01_Large.T_Prospect_Arctic_HeavyFog01_Large",
            "AssociatedTerrain": {
                "RowName": "Terrain_017"
            },
            "DropGroupIndex": 11,
            "Temperature": "Cold",
            "Wood": "Low",
            "Rock": "Low",
            "AggressiveCreatures": "High"
        },
        {
            "Name": "STYX_Arctic_02",
            "DropGroupName": "NSLOCTEXT(\"D_DropGroups\", \"STYX_Arctic_02-DropGroupName\", \"Snowy Plateau\")",
            "DropGroupBackground": "/Game/Assets/2DArt/UI/ProspectSelect/Images/T_Prospect_Arctic_Building01_Large.T_Prospect_Arctic_Building01_Large",
            "AssociatedTerrain": {
                "RowName": "Terrain_017"
            },
            "DropGroupIndex": 6,
            "Temperature": "Cold",
            "Wood": "Low",
            "Rock": "Low",
            "AggressiveCreatures": "High"
        },
        {
            "Name": "PRO_Grass_01",
            "DropGroupName": "NSLOCTEXT(\"D_DropGroups\", \"PRO_Grass_01-DropGroupName\", \"Grassy Plains\")",
            "DropGroupBackground": "/Game/Assets/2DArt/UI/ProspectSelect/Images/T_Prospect_Forest_Farming01_Large.T_Prospect_Forest_Farming01_Large",
            "AssociatedTerrain": {
                "RowName": "Terrain_019"
            },
            "DropGroupIndex": 0,
            "bIsRecommended": true
        },
        {
            "Name": "PRO_Grass_02",
            "DropGroupName": "NSLOCTEXT(\"D_DropGroups\", \"PRO_Grass_02-DropGroupName\", \"Jagged Crater\")",
            "DropGroupBackground": "/Game/Assets/2DArt/UI/ProspectSelect/Images/T_Prospect_Forest_CrashSatellite01_Large.T_Prospect_Forest_CrashSatellite01_Large",
            "AssociatedTerrain": {
                "RowName": "Terrain_019"
            },
            "DropGroupIndex": 1,
            "bIsRecommended": true,
            "AggressiveCreatures": "High"
        },
        {
            "Name": "PRO_Arctic_01",
            "DropGroupName": "NSLOCTEXT(\"D_DropGroups\", \"PRO_Arctic_01-DropGroupName\", \"Frigid Lowlands\")",
            "DropGroupBackground": "/Game/Assets/2DArt/UI/ProspectSelect/Images/T_Prospect_Arctic_Building01_Large.T_Prospect_Arctic_Building01_Large",
            "AssociatedTerrain": {
                "RowName": "Terrain_019"
            },
            "DropGroupIndex": 3,
            "Temperature": "Cold",
            "Water": "Low",
            "Oxygen": "Low"
        },
        {
            "Name": "PRO_Arctic_02",
            "DropGroupName": "NSLOCTEXT(\"D_DropGroups\", \"PRO_Arctic_02-DropGroupName\", \"Glacial Cascade\")",
            "DropGroupBackground": "/Game/Assets/2DArt/UI/ProspectSelect/Images/T_Prospect_Arctic_Pickaxe01_Large.T_Prospect_Arctic_Pickaxe01_Large",
            "AssociatedTerrain": {
                "RowName": "Terrain_019"
            },
            "DropGroupIndex": 9,
            "Temperature": "Cold",
            "Water": "Low",
            "Oxygen": "Low",
            "AggressiveCreatures": "High"
        },
        {
            "Name": "PRO_Swamp_01",
            "DropGroupName": "NSLOCTEXT(\"D_DropGroups\", \"PRO_Swamp_01-DropGroupName\", \"Wetlands\")",
            "DropGroupBackground": "/Game/Assets/2DArt/UI/ProspectSelect/Images/T_Prospect_PROSTORY_1_Large.T_Prospect_PROSTORY_1_Large",
            "AssociatedTerrain": {
                "RowName": "Terrain_019"
            },
            "DropGroupIndex": 6,
            "Water": "High",
            "Oxygen": "High",
            "Wood": "High",
            "Rock": "Low"
        },
        {
            "Name": "PRO_Swamp_02",
            "DropGroupName": "NSLOCTEXT(\"D_DropGroups\", \"PRO_Swamp_02-DropGroupName\", \"Marshlands\")",
            "DropGroupBackground": "/Game/Assets/2DArt/UI/ProspectSelect/Images/T_Prospect_Forest_SwampSpearDeer01_Large.T_Prospect_Forest_SwampSpearDeer01_Large",
            "AssociatedTerrain": {
                "RowName": "Terrain_019"
            },
            "DropGroupIndex": 12,
            "Water": "High",
            "Oxygen": "High",
            "Wood": "High",
            "Rock": "Low"
        },
        {
            "Name": "PRO_Lava_01",
            "DropGroupName": "NSLOCTEXT(\"D_DropGroups\", \"PRO_Lava_01-DropGroupName\", \"Basalt Expanse\")",
            "DropGroupBackground": "/Game/Assets/2DArt/UI/ProspectSelect/Images/T_Prospect_PROSTORY_6_Large.T_Prospect_PROSTORY_6_Large",
            "AssociatedTerrain": {
                "RowName": "Terrain_019"
            },
            "DropGroupIndex": 15,
            "Temperature": "Hot",
            "Oxygen": "Low",
            "Wood": "Low",
            "Rock": "High",
            "Ore": "High",
            "AggressiveCreatures": "High"
        }
    ]
}