{
    "RowStruct": "/Script/Icarus.VoxelDistributionRegion",
    "Defaults": {
        "VoxelDistribution": {},
        "VoxelColor": {
            "R": 1,
            "G": 1,
            "B": 1,
            "A": 1
        },
        "Brightness": 10
    },
    "Rows": [
        {
            "Name": "DefaultPool",
            "VoxelDistribution": {
                "(RowName=\"Oxite_Normal\",DataTableName=\"D_VoxelSetupData\")": 350,
                "(RowName=\"Silica_Normal\",DataTableName=\"D_VoxelSetupData\")": 200,
                "(RowName=\"Sulfur_Normal\",DataTableName=\"D_VoxelSetupData\")": 100,
                "(RowName=\"Coal_Normal\",DataTableName=\"D_VoxelSetupData\")": 10,
                "(RowName=\"Salt_Normal\",DataTableName=\"D_VoxelSetupData\")": 50
            }
        },
        {
            "Name": "CliffPool",
            "VoxelDistribution": {
                "(RowName=\"Copper_Normal\",DataTableName=\"D_VoxelSetupData\")": 100,
                "(RowName=\"Metal_Normal\",DataTableName=\"D_VoxelSetupData\")": 350,
                "(RowName=\"Silica_Normal\",DataTableName=\"D_VoxelSetupData\")": 200,
                "(RowName=\"Sulfur_Normal\",DataTableName=\"D_VoxelSetupData\")": 150,
                "(RowName=\"Bauxite_Normal\",DataTableName=\"D_VoxelSetupData\")": 100,
                "(RowName=\"Gold_Normal\",DataTableName=\"D_VoxelSetupData\")": 10,
                "(RowName=\"Titanium_Normal\",DataTableName=\"D_VoxelSetupData\")": 5,
                "(RowName=\"Platinum_Normal\",DataTableName=\"D_VoxelSetupData\")": 5
            },
            "VoxelColor": {
                "G": 0.19618099927902222,
                "B": 0.2001579999923706
            }
        },
        {
            "Name": "RarePool",
            "VoxelDistribution": {
                "(RowName=\"Platinum_Normal\",DataTableName=\"D_VoxelSetupData\")": 25,
                "(RowName=\"Titanium_Normal\",DataTableName=\"D_VoxelSetupData\")": 25,
                "(RowName=\"Metal_Normal\",DataTableName=\"D_VoxelSetupData\")": 250,
                "(RowName=\"Gold_Normal\",DataTableName=\"D_VoxelSetupData\")": 20,
                "(RowName=\"Copper_Normal\",DataTableName=\"D_VoxelSetupData\")": 75,
                "(RowName=\"Bauxite_Normal\",DataTableName=\"D_VoxelSetupData\")": 20,
                "(RowName=\"Coal_Normal\",DataTableName=\"D_VoxelSetupData\")": 50
            },
            "VoxelColor": {
                "R": 0.5595139861106873,
                "G": 0.16484799981117249,
                "B": 0.609375
            }
        },
        {
            "Name": "Arctic_Caves_1",
            "VoxelDistribution": {
                "(RowName=\"Platinum_Normal\",DataTableName=\"D_VoxelSetupData\")": 25,
                "(RowName=\"Titanium_Normal\",DataTableName=\"D_VoxelSetupData\")": 25,
                "(RowName=\"Metal_Normal\",DataTableName=\"D_VoxelSetupData\")": 250,
                "(RowName=\"Gold_Normal\",DataTableName=\"D_VoxelSetupData\")": 20,
                "(RowName=\"Copper_Normal\",DataTableName=\"D_VoxelSetupData\")": 75,
                "(RowName=\"Bauxite_Normal\",DataTableName=\"D_VoxelSetupData\")": 20,
                "(RowName=\"Coal_Normal\",DataTableName=\"D_VoxelSetupData\")": 50
            },
            "VoxelColor": {
                "R": 0,
                "G": 0,
                "B": 0.10000000149011612
            }
        },
        {
            "Name": "Arctic_Outside_1",
            "VoxelDistribution": {
                "(RowName=\"Oxite_Normal\",DataTableName=\"D_VoxelSetupData\")": 350,
                "(RowName=\"Silica_Normal\",DataTableName=\"D_VoxelSetupData\")": 200,
                "(RowName=\"Sulfur_Normal\",DataTableName=\"D_VoxelSetupData\")": 100,
                "(RowName=\"Coal_Normal\",DataTableName=\"D_VoxelSetupData\")": 10,
                "(RowName=\"Salt_Normal\",DataTableName=\"D_VoxelSetupData\")": 50
            },
            "VoxelColor": {
                "R": 0,
                "G": 0,
                "B": 0.5
            }
        },
        {
            "Name": "Desert_Caves_1",
            "VoxelDistribution": {
                "(RowName=\"Platinum_Normal\",DataTableName=\"D_VoxelSetupData\")": 25,
                "(RowName=\"Titanium_Normal\",DataTableName=\"D_VoxelSetupData\")": 25,
                "(RowName=\"Metal_Normal\",DataTableName=\"D_VoxelSetupData\")": 250,
                "(RowName=\"Gold_Normal\",DataTableName=\"D_VoxelSetupData\")": 20,
                "(RowName=\"Copper_Normal\",DataTableName=\"D_VoxelSetupData\")": 75,
                "(RowName=\"Bauxite_Normal\",DataTableName=\"D_VoxelSetupData\")": 20,
                "(RowName=\"Coal_Normal\",DataTableName=\"D_VoxelSetupData\")": 50
            },
            "VoxelColor": {
                "G": 0.5,
                "B": 0
            }
        },
        {
            "Name": "Desert_Outside_1",
            "VoxelDistribution": {
                "(RowName=\"Oxite_Normal\",DataTableName=\"D_VoxelSetupData\")": 350,
                "(RowName=\"Silica_Normal\",DataTableName=\"D_VoxelSetupData\")": 200,
                "(RowName=\"Sulfur_Normal\",DataTableName=\"D_VoxelSetupData\")": 100,
                "(RowName=\"Coal_Normal\",DataTableName=\"D_VoxelSetupData\")": 10,
                "(RowName=\"Salt_Normal\",DataTableName=\"D_VoxelSetupData\")": 50
            },
            "VoxelColor": {
                "R": 0.5,
                "G": 0.5,
                "B": 0
            }
        },
        {
            "Name": "Conifer_Caves_1",
            "VoxelDistribution": {
                "(RowName=\"Platinum_Normal\",DataTableName=\"D_VoxelSetupData\")": 25,
                "(RowName=\"Titanium_Normal\",DataTableName=\"D_VoxelSetupData\")": 25,
                "(RowName=\"Metal_Normal\",DataTableName=\"D_VoxelSetupData\")": 250,
                "(RowName=\"Gold_Normal\",DataTableName=\"D_VoxelSetupData\")": 20,
                "(RowName=\"Copper_Normal\",DataTableName=\"D_VoxelSetupData\")": 75,
                "(RowName=\"Bauxite_Normal\",DataTableName=\"D_VoxelSetupData\")": 20,
                "(RowName=\"Coal_Normal\",DataTableName=\"D_VoxelSetupData\")": 50
            },
            "VoxelColor": {
                "R": 0,
                "G": 0.03645800054073334,
                "B": 0
            }
        },
        {
            "Name": "Conifer_Outside_1",
            "VoxelDistribution": {
                "(RowName=\"Oxite_Normal\",DataTableName=\"D_VoxelSetupData\")": 350,
                "(RowName=\"Silica_Normal\",DataTableName=\"D_VoxelSetupData\")": 200,
                "(RowName=\"Sulfur_Normal\",DataTableName=\"D_VoxelSetupData\")": 100,
                "(RowName=\"Coal_Normal\",DataTableName=\"D_VoxelSetupData\")": 10,
                "(RowName=\"Salt_Normal\",DataTableName=\"D_VoxelSetupData\")": 50
            },
            "VoxelColor": {
                "R": 0,
                "G": 0.5364580154418945,
                "B": 0.012826000340282917
            }
        },
        {
            "Name": "Exotic_Pool",
            "VoxelDistribution": {
                "(RowName=\"Exotic_Normal\",DataTableName=\"D_VoxelSetupData\")": 100
            },
            "VoxelColor": {
                "R": 0.043414998799562454,
                "G": 0,
                "B": 0.11979199945926666
            }
        },
        {
            "Name": "Prometheus_Volcanic",
            "VoxelDistribution": {
                "(RowName=\"Sulfur_Dense\",DataTableName=\"D_VoxelSetupData\")": 25,
                "(RowName=\"Coal_Dense\",DataTableName=\"D_VoxelSetupData\")": 10,
                "(RowName=\"Sulfur_Normal\",DataTableName=\"D_VoxelSetupData\")": 25,
                "(RowName=\"Metal_Normal\",DataTableName=\"D_VoxelSetupData\")": 20,
                "(RowName=\"Silica_Normal\",DataTableName=\"D_VoxelSetupData\")": 25,
                "(RowName=\"Silica_Dense\",DataTableName=\"D_VoxelSetupData\")": 5,
                "(RowName=\"Salt_Normal\",DataTableName=\"D_VoxelSetupData\")": 10,
                "(RowName=\"Coal_Normal\",DataTableName=\"D_VoxelSetupData\")": 10
            },
            "VoxelColor": {
                "G": 0,
                "B": 0
            }
        },
        {
            "Name": "Prometheus_Volcanic_Caves",
            "VoxelDistribution": {
                "(RowName=\"Metal_Dense\",DataTableName=\"D_VoxelSetupData\")": 25,
                "(RowName=\"Coal_Dense\",DataTableName=\"D_VoxelSetupData\")": 10,
                "(RowName=\"Copper_Dense\",DataTableName=\"D_VoxelSetupData\")": 5,
                "(RowName=\"Gold_Normal\",DataTableName=\"D_VoxelSetupData\")": 20,
                "(RowName=\"Bauxite_Normal\",DataTableName=\"D_VoxelSetupData\")": 20,
                "(RowName=\"Platinum_Normal\",DataTableName=\"D_VoxelSetupData\")": 15,
                "(RowName=\"Titanium_Normal\",DataTableName=\"D_VoxelSetupData\")": 15
            },
            "VoxelColor": {
                "R": 0.20000000298023224,
                "G": 0,
                "B": 0
            }
        },
        {
            "Name": "Prometheus_Swamp",
            "VoxelDistribution": {
                "(RowName=\"Oxite_Dense\",DataTableName=\"D_VoxelSetupData\")": 40,
                "(RowName=\"Silica_Normal\",DataTableName=\"D_VoxelSetupData\")": 20,
                "(RowName=\"Coal_Normal\",DataTableName=\"D_VoxelSetupData\")": 5,
                "(RowName=\"Oxite_Normal\",DataTableName=\"D_VoxelSetupData\")": 20,
                "(RowName=\"Salt_Normal\",DataTableName=\"D_VoxelSetupData\")": 10,
                "(RowName=\"Sulfur_Normal\",DataTableName=\"D_VoxelSetupData\")": 15
            },
            "VoxelColor": {
                "R": 0.800000011920929,
                "G": 0,
                "B": 0.800000011920929
            }
        },
        {
            "Name": "Prometheus_Swamp_Caves",
            "VoxelDistribution": {
                "(RowName=\"Metal_Dense\",DataTableName=\"D_VoxelSetupData\")": 10,
                "(RowName=\"Coal_Normal\",DataTableName=\"D_VoxelSetupData\")": 10,
                "(RowName=\"Copper_Dense\",DataTableName=\"D_VoxelSetupData\")": 20,
                "(RowName=\"Gold_Normal\",DataTableName=\"D_VoxelSetupData\")": 5,
                "(RowName=\"Platinum_Normal\",DataTableName=\"D_VoxelSetupData\")": 5,
                "(RowName=\"Copper_Normal\",DataTableName=\"D_VoxelSetupData\")": 10,
                "(RowName=\"Metal_Normal\",DataTableName=\"D_VoxelSetupData\")": 50
            },
            "VoxelColor": {
                "R": 0.20000000298023224,
                "G": 0,
                "B": 0.20000000298023224
            }
        },
        {
            "Name": "Prometheus_Arctic",
            "VoxelDistribution": {
                "(RowName=\"Oxite_Normal\",DataTableName=\"D_VoxelSetupData\")": 30,
                "(RowName=\"Silica_Normal\",DataTableName=\"D_VoxelSetupData\")": 10,
                "(RowName=\"Sulfur_Dense\",DataTableName=\"D_VoxelSetupData\")": 5,
                "(RowName=\"Silica_Dense\",DataTableName=\"D_VoxelSetupData\")": 30,
                "(RowName=\"Salt_Normal\",DataTableName=\"D_VoxelSetupData\")": 15,
                "(RowName=\"Coal_Dense\",DataTableName=\"D_VoxelSetupData\")": 5
            },
            "VoxelColor": {
                "R": 0,
                "G": 0
            }
        },
        {
            "Name": "Prometheus_Arctic_Caves",
            "VoxelDistribution": {
                "(RowName=\"Metal_Dense\",DataTableName=\"D_VoxelSetupData\")": 15,
                "(RowName=\"Gold_Dense\",DataTableName=\"D_VoxelSetupData\")": 5,
                "(RowName=\"Copper_Dense\",DataTableName=\"D_VoxelSetupData\")": 5,
                "(RowName=\"Gold_Normal\",DataTableName=\"D_VoxelSetupData\")": 10,
                "(RowName=\"Bauxite_Normal\",DataTableName=\"D_VoxelSetupData\")": 10,
                "(RowName=\"Platinum_Normal\",DataTableName=\"D_VoxelSetupData\")": 5,
                "(RowName=\"Titanium_Normal\",DataTableName=\"D_VoxelSetupData\")": 5,
                "(RowName=\"Bauxite_Dense\",DataTableName=\"D_VoxelSetupData\")": 5,
                "(RowName=\"Silica_Dense\",DataTableName=\"D_VoxelSetupData\")": 15
            },
            "VoxelColor": {
                "R": 0,
                "G": 0,
                "B": 0.20000000298023224
            }
        },
        {
            "Name": "Prometheus_Grasslands",
            "VoxelDistribution": {
                "(RowName=\"Oxite_Normal\",DataTableName=\"D_VoxelSetupData\")": 20,
                "(RowName=\"Silica_Normal\",DataTableName=\"D_VoxelSetupData\")": 10,
                "(RowName=\"Sulfur_Normal\",DataTableName=\"D_VoxelSetupData\")": 10,
                "(RowName=\"Coal_Normal\",DataTableName=\"D_VoxelSetupData\")": 5,
                "(RowName=\"Salt_Normal\",DataTableName=\"D_VoxelSetupData\")": 10,
                "(RowName=\"Oxite_Dense\",DataTableName=\"D_VoxelSetupData\")": 20
            },
            "VoxelColor": {
                "R": 0,
                "B": 0
            }
        },
        {
            "Name": "Prometheus_Grasslands_Caves",
            "VoxelDistribution": {
                "(RowName=\"Metal_Dense\",DataTableName=\"D_VoxelSetupData\")": 25,
                "(RowName=\"Coal_Normal\",DataTableName=\"D_VoxelSetupData\")": 10,
                "(RowName=\"Copper_Dense\",DataTableName=\"D_VoxelSetupData\")": 5,
                "(RowName=\"Gold_Normal\",DataTableName=\"D_VoxelSetupData\")": 5,
                "(RowName=\"Bauxite_Normal\",DataTableName=\"D_VoxelSetupData\")": 5,
                "(RowName=\"Copper_Normal\",DataTableName=\"D_VoxelSetupData\")": 15,
                "(RowName=\"Metal_Normal\",DataTableName=\"D_VoxelSetupData\")": 35
            },
            "VoxelColor": {
                "R": 0,
                "G": 0.20000000298023224,
                "B": 0
            }
        },
        {
            "Name": "Prometheus_NS_Volcanic_Spread",
            "VoxelDistribution": {
                "(RowName=\"Sulfur_Dense\",DataTableName=\"D_VoxelSetupData\")": 25,
                "(RowName=\"Coal_Dense\",DataTableName=\"D_VoxelSetupData\")": 10,
                "(RowName=\"Sulfur_Normal\",DataTableName=\"D_VoxelSetupData\")": 25,
                "(RowName=\"Metal_Normal\",DataTableName=\"D_VoxelSetupData\")": 20,
                "(RowName=\"Silica_Normal\",DataTableName=\"D_VoxelSetupData\")": 25,
                "(RowName=\"Silica_Dense\",DataTableName=\"D_VoxelSetupData\")": 5,
                "(RowName=\"Salt_Normal\",DataTableName=\"D_VoxelSetupData\")": 10,
                "(RowName=\"Coal_Normal\",DataTableName=\"D_VoxelSetupData\")": 10
            },
            "VoxelColor": {
                "G": 0,
                "B": 0
            }
        },
        {
            "Name": "Prometheus_NS_Volcanic_Cluster",
            "VoxelDistribution": {
                "(RowName=\"Sulfur_Dense\",DataTableName=\"D_VoxelSetupData\")": 25,
                "(RowName=\"Coal_Dense\",DataTableName=\"D_VoxelSetupData\")": 10,
                "(RowName=\"Sulfur_Normal\",DataTableName=\"D_VoxelSetupData\")": 25,
                "(RowName=\"Metal_Normal\",DataTableName=\"D_VoxelSetupData\")": 20,
                "(RowName=\"Silica_Normal\",DataTableName=\"D_VoxelSetupData\")": 25,
                "(RowName=\"Silica_Dense\",DataTableName=\"D_VoxelSetupData\")": 5,
                "(RowName=\"Salt_Normal\",DataTableName=\"D_VoxelSetupData\")": 10,
                "(RowName=\"Coal_Normal\",DataTableName=\"D_VoxelSetupData\")": 10
            },
            "VoxelColor": {
                "G": 0.8239790201187134,
                "B": 0
            }
        },
        {
            "Name": "Prometheus_NS_Volcanic_Caves",
            "VoxelDistribution": {
                "(RowName=\"Metal_Dense\",DataTableName=\"D_VoxelSetupData\")": 25,
                "(RowName=\"Coal_Dense\",DataTableName=\"D_VoxelSetupData\")": 10,
                "(RowName=\"Copper_Dense\",DataTableName=\"D_VoxelSetupData\")": 5,
                "(RowName=\"Gold_Normal\",DataTableName=\"D_VoxelSetupData\")": 20,
                "(RowName=\"Bauxite_Normal\",DataTableName=\"D_VoxelSetupData\")": 20,
                "(RowName=\"Platinum_Normal\",DataTableName=\"D_VoxelSetupData\")": 15,
                "(RowName=\"Titanium_Normal\",DataTableName=\"D_VoxelSetupData\")": 15
            },
            "VoxelColor": {
                "R": 0.20000000298023224,
                "G": 0,
                "B": 0
            }
        },
        {
            "Name": "Prometheus_NS_Abyss_Spread",
            "VoxelDistribution": {
                "(RowName=\"Oxite_Dense\",DataTableName=\"D_VoxelSetupData\")": 40,
                "(RowName=\"Silica_Normal\",DataTableName=\"D_VoxelSetupData\")": 20,
                "(RowName=\"Coal_Normal\",DataTableName=\"D_VoxelSetupData\")": 5,
                "(RowName=\"Oxite_Normal\",DataTableName=\"D_VoxelSetupData\")": 20,
                "(RowName=\"Salt_Normal\",DataTableName=\"D_VoxelSetupData\")": 10,
                "(RowName=\"Sulfur_Normal\",DataTableName=\"D_VoxelSetupData\")": 15
            },
            "VoxelColor": {
                "R": 0.800000011920929,
                "G": 0,
                "B": 0.800000011920929
            }
        },
        {
            "Name": "Prometheus_NS_Abyss_Cluster",
            "VoxelDistribution": {
                "(RowName=\"Metal_Dense\",DataTableName=\"D_VoxelSetupData\")": 45,
                "(RowName=\"Coal_Dense\",DataTableName=\"D_VoxelSetupData\")": 10,
                "(RowName=\"Copper_Dense\",DataTableName=\"D_VoxelSetupData\")": 15,
                "(RowName=\"Gold_Dense\",DataTableName=\"D_VoxelSetupData\")": 5,
                "(RowName=\"Bauxite_Dense\",DataTableName=\"D_VoxelSetupData\")": 5,
                "(RowName=\"Platinum_Normal\",DataTableName=\"D_VoxelSetupData\")": 5,
                "(RowName=\"Titanium_Normal\",DataTableName=\"D_VoxelSetupData\")": 5
            },
            "VoxelColor": {
                "R": 0.20000000298023224,
                "G": 0,
                "B": 0.20000000298023224
            }
        },
        {
            "Name": "Prometheus_NS_Arctic_Spread",
            "VoxelDistribution": {
                "(RowName=\"Oxite_Normal\",DataTableName=\"D_VoxelSetupData\")": 30,
                "(RowName=\"Silica_Normal\",DataTableName=\"D_VoxelSetupData\")": 10,
                "(RowName=\"Sulfur_Dense\",DataTableName=\"D_VoxelSetupData\")": 5,
                "(RowName=\"Silica_Dense\",DataTableName=\"D_VoxelSetupData\")": 30,
                "(RowName=\"Salt_Normal\",DataTableName=\"D_VoxelSetupData\")": 15,
                "(RowName=\"Coal_Dense\",DataTableName=\"D_VoxelSetupData\")": 5
            },
            "VoxelColor": {
                "R": 0,
                "G": 0
            }
        },
        {
            "Name": "Prometheus_NS_Arctic_Cluster",
            "VoxelDistribution": {
                "(RowName=\"Oxite_Normal\",DataTableName=\"D_VoxelSetupData\")": 30,
                "(RowName=\"Silica_Normal\",DataTableName=\"D_VoxelSetupData\")": 10,
                "(RowName=\"Sulfur_Dense\",DataTableName=\"D_VoxelSetupData\")": 5,
                "(RowName=\"Silica_Dense\",DataTableName=\"D_VoxelSetupData\")": 30,
                "(RowName=\"Salt_Normal\",DataTableName=\"D_VoxelSetupData\")": 15,
                "(RowName=\"Coal_Dense\",DataTableName=\"D_VoxelSetupData\")": 5
            },
            "VoxelColor": {
                "R": 0,
                "G": 0.9592159986495972
            }
        },
        {
            "Name": "Prometheus_NS_Arctic_Caves",
            "VoxelDistribution": {
                "(RowName=\"Metal_Dense\",DataTableName=\"D_VoxelSetupData\")": 15,
                "(RowName=\"Gold_Dense\",DataTableName=\"D_VoxelSetupData\")": 5,
                "(RowName=\"Copper_Dense\",DataTableName=\"D_VoxelSetupData\")": 5,
                "(RowName=\"Gold_Normal\",DataTableName=\"D_VoxelSetupData\")": 10,
                "(RowName=\"Bauxite_Normal\",DataTableName=\"D_VoxelSetupData\")": 10,
                "(RowName=\"Platinum_Normal\",DataTableName=\"D_VoxelSetupData\")": 5,
                "(RowName=\"Titanium_Normal\",DataTableName=\"D_VoxelSetupData\")": 5,
                "(RowName=\"Bauxite_Dense\",DataTableName=\"D_VoxelSetupData\")": 5,
                "(RowName=\"Silica_Dense\",DataTableName=\"D_VoxelSetupData\")": 15
            },
            "VoxelColor": {
                "R": 0,
                "G": 0,
                "B": 0.20000000298023224
            }
        },
        {
            "Name": "Underwater",
            "VoxelDistribution": {
                "(RowName=\"Limestone_Dense\",DataTableName=\"D_VoxelSetupData\")": 5,
                "(RowName=\"Limestone_Normal\",DataTableName=\"D_VoxelSetupData\")": 20
            },
            "VoxelColor": {
                "R": 0.862417995929718,
                "G": 0.8958330154418945,
                "B": 0.5907319784164429
            }
        }
    ]
}