{
    "RowStruct": "/Script/Icarus.TalentRank",
    "Defaults": {
        "DisplayName": "",
        "Icon": "None",
        "Investment": 0,
        "NextRank": {
            "RowName": "None",
            "DataTableName": "D_TalentRanks"
        }
    },
    "Rows": [
        {
            "Name": "Novice",
            "DisplayName": "NSLOCTEXT(\"D_TalentRanks\", \"Novice-DisplayName\", \"Novice\")",
            "Icon": "/Game/Assets/2DArt/UI/Icons/Icon_TalentRank0.Icon_TalentRank0",
            "NextRank": {
                "RowName": "Apprentice"
            }
        },
        {
            "Name": "Apprentice",
            "DisplayName": "NSLOCTEXT(\"D_TalentRanks\", \"Apprentice-DisplayName\", \"Apprentice\")",
            "Icon": "/Game/Assets/2DArt/UI/Icons/Icon_TalentRank1.Icon_TalentRank1",
            "Investment": 4,
            "NextRank": {
                "RowName": "Journeyman"
            }
        },
        {
            "Name": "Journeyman",
            "DisplayName": "NSLOCTEXT(\"D_TalentRanks\", \"Journeyman-DisplayName\", \"Journeyman\")",
            "Icon": "/Game/Assets/2DArt/UI/Icons/Icon_TalentRank2.Icon_TalentRank2",
            "Investment": 8,
            "NextRank": {
                "RowName": "Master"
            }
        },
        {
            "Name": "Master",
            "DisplayName": "NSLOCTEXT(\"D_TalentRanks\", \"Master-DisplayName\", \"Master\")",
            "Icon": "/Game/Assets/2DArt/UI/Icons/Icon_TalentRank3.Icon_TalentRank3",
            "Investment": 12
        }
    ]
}