{
    "RowStruct": "/Script/Icarus.ScriptedEventData",
    "Defaults": {
        "EventClass": "None",
        "EventName": ""
    },
    "Rows": [
        {
            "Name": "Flaming_Animal",
            "EventClass": "/Game/BP/ScriptedEvents/BP_ScriptedEvent_FlamingAnimal.BP_ScriptedEvent_FlamingAnimal_C",
            "EventName": "NSLOCTEXT(\"D_ScriptedEvents\", \"Flaming_Animal-EventName\", \"Flaming Animal\")"
        },
        {
            "Name": "Alpha_Wolf",
            "EventClass": "/Game/BP/ScriptedEvents/BP_ScriptedEvent_AlphaWolf.BP_ScriptedEvent_AlphaWolf_C",
            "EventName": "NSLOCTEXT(\"D_ScriptedEvents\", \"Alpha_Wolf-EventName\", \"Alpha Wolf\")"
        }
    ]
}