{
    "RowStruct": "/Script/Icarus.AssetReferenceData",
    "Defaults": {
        "AssetType": "Class",
        "SoftClassPtr": "None",
        "SoftObjectPtr": "None",
        "HardClassPtr": "None",
        "HardObjectPtr": "None",
        "bHardReference": false,
        "bPreload": false
    },
    "GenerateEnum": true,
    "Rows": [
        {
            "Name": "UMG_TalentTree",
            "SoftClassPtr": "/Game/BP/UI/Talents/Base/UMG_TalentTree.UMG_TalentTree_C"
        },
        {
            "Name": "UMG_TalentGraph",
            "SoftClassPtr": "/Game/BP/UI/Talents/Base/UMG_TalentGraph.UMG_TalentGraph_C"
        },
        {
            "Name": "UMG_TitleScreenInterface",
            "HardClassPtr": "WidgetBlueprintGeneratedClass'/Game/UI/UMG_UserInterface_TitleScreen.UMG_UserInterface_TitleScreen_C'",
            "bHardReference": true
        },
        {
            "Name": "UMG_LoadingScreenAssetViewer",
            "SoftClassPtr": "/Game/UI/Windows/UMG_LoadingAssetViewer.UMG_LoadingAssetViewer_C"
        },
        {
            "Name": "UMG_Discrete",
            "SoftClassPtr": "/Game/UI/Settings/UMG_SettingControl_DiscreteRange.UMG_SettingControl_DiscreteRange_C"
        },
        {
            "Name": "UMG_Switch",
            "SoftClassPtr": "/Game/UI/Settings/UMG_SettingControl_Switch.UMG_SettingControl_Switch_C"
        },
        {
            "Name": "UMG_ContinuousRange",
            "SoftClassPtr": "/Game/UI/Settings/UMG_SettingControl_Continuous.UMG_SettingControl_Continuous_C"
        },
        {
            "Name": "UMG_DisplayMode",
            "SoftClassPtr": "/Game/UI/Settings/UMG_SettingControl_DisplayMode.UMG_SettingControl_DisplayMode_C"
        },
        {
            "Name": "UMG_Languages",
            "SoftClassPtr": "/Game/UI/Settings/UMG_SettingControl_Language.UMG_SettingControl_Language_C"
        },
        {
            "Name": "UMG_Keybindings",
            "SoftClassPtr": "/Game/UI/Settings/UMG_SettingControl_Keybindings.UMG_SettingControl_Keybindings_C"
        },
        {
            "Name": "UMG_Combo",
            "SoftClassPtr": "/Game/UI/Settings/UMG_SettingControl_Combo.UMG_SettingControl_Combo_C"
        },
        {
            "Name": "PlayerTracker",
            "SoftClassPtr": "/Game/BP/Accolades/BP_PlayerTrackerListener.BP_PlayerTrackerListener_C"
        },
        {
            "Name": "W_ActorPrefabUtility",
            "SoftClassPtr": "/Game/BP/World/Prefab/W_ActorPrefabUtility.W_ActorPrefabUtility_C"
        }
    ]
}