{
    "RowStruct": "/Script/Icarus.PlayerFootstepAudioData",
    "Defaults": {
        "FootstepSound": "None",
        "JumpUpSound": "None",
        "JumpLandSound": "None"
    },
    "Rows": [
        {
            "Name": "Default",
            "FootstepSound": "/Game/FMOD/Events/SFX/Character/Footsteps/SFX_FOOTSTEP_DIRT.SFX_FOOTSTEP_DIRT",
            "JumpUpSound": "/Game/FMOD/Events/SFX/Character/Footsteps/SFX_FOOTSTEP_DRT_JUMP.SFX_FOOTSTEP_DRT_JUMP",
            "JumpLandSound": "/Game/FMOD/Events/SFX/Character/Footsteps/SFX_FOOTSTEP_DRT_LAND.SFX_FOOTSTEP_DRT_LAND"
        },
        {
            "Name": "Rock",
            "FootstepSound": "/Game/FMOD/Events/SFX/Character/Footsteps/SFX_FOOTSTEP_ROCK.SFX_FOOTSTEP_ROCK",
            "JumpUpSound": "/Game/FMOD/Events/SFX/Character/Footsteps/SFX_FOOTSTEP_ROCK_JUMP.SFX_FOOTSTEP_ROCK_JUMP",
            "JumpLandSound": "/Game/FMOD/Events/SFX/Character/Footsteps/SFX_FOOTSTEP_ROCK_LAND.SFX_FOOTSTEP_ROCK_LAND"
        },
        {
            "Name": "Water",
            "FootstepSound": "/Game/FMOD/Events/SFX/Character/Footsteps/SFX_FOOTSTEP_WATER_SWAMP.SFX_FOOTSTEP_WATER_SWAMP",
            "JumpUpSound": "/Game/FMOD/Events/SFX/Character/Footsteps/SFX_FOOTSTEP_WATER_JUMP.SFX_FOOTSTEP_WATER_JUMP",
            "JumpLandSound": "/Game/FMOD/Events/SFX/Character/Footsteps/SFX_FOOTSTEP_WATER_LAND.SFX_FOOTSTEP_WATER_LAND"
        },
        {
            "Name": "SwampWater",
            "FootstepSound": "/Game/FMOD/Events/SFX/Character/Footsteps/SFX_FOOTSTEP_WATER.SFX_FOOTSTEP_WATER",
            "JumpUpSound": "/Game/FMOD/Events/SFX/Character/Footsteps/SFX_FOOTSTEP_WATER_JUMP.SFX_FOOTSTEP_WATER_JUMP",
            "JumpLandSound": "/Game/FMOD/Events/SFX/Character/Footsteps/SFX_FOOTSTEP_WATER_LAND.SFX_FOOTSTEP_WATER_LAND"
        },
        {
            "Name": "Grass",
            "FootstepSound": "/Game/FMOD/Events/SFX/Character/Footsteps/SFX_FOOTSTEP_GRASS.SFX_FOOTSTEP_GRASS",
            "JumpUpSound": "/Game/FMOD/Events/SFX/Character/Footsteps/SFX_FOOTSTEP_GRASS_JUMP.SFX_FOOTSTEP_GRASS_JUMP",
            "JumpLandSound": "/Game/FMOD/Events/SFX/Character/Footsteps/SFX_FOOTSTEP_GRASS_LAND.SFX_FOOTSTEP_GRASS_LAND"
        },
        {
            "Name": "WoodPlank",
            "FootstepSound": "/Game/FMOD/Events/SFX/Character/Footsteps/SFX_FOOTSTEP_WOODPLANK.SFX_FOOTSTEP_WOODPLANK",
            "JumpUpSound": "/Game/FMOD/Events/SFX/Character/Footsteps/SFX_FOOTSTEP_ROCK_JUMP.SFX_FOOTSTEP_ROCK_JUMP",
            "JumpLandSound": "/Game/FMOD/Events/SFX/Character/Footsteps/SFX_FOOTSTEP_WOODPLANK_LAND.SFX_FOOTSTEP_WOODPLANK_LAND"
        },
        {
            "Name": "Sand",
            "FootstepSound": "/Game/FMOD/Events/SFX/Character/Footsteps/SFX_FOOTSTEP_SAND.SFX_FOOTSTEP_SAND",
            "JumpUpSound": "/Game/FMOD/Events/SFX/Character/Footsteps/SFX_FOOTSTEP_SAND_JUMP.SFX_FOOTSTEP_SAND_JUMP",
            "JumpLandSound": "/Game/FMOD/Events/SFX/Character/Footsteps/SFX_FOOTSTEP_SAND_LAND.SFX_FOOTSTEP_SAND_LAND"
        },
        {
            "Name": "Concrete",
            "FootstepSound": "/Game/FMOD/Events/SFX/Character/Footsteps/SFX_FOOTSTEP_CONCRETE.SFX_FOOTSTEP_CONCRETE",
            "JumpUpSound": "/Game/FMOD/Events/SFX/Character/Footsteps/SFX_FOOTSTEP_ROCK_JUMP.SFX_FOOTSTEP_ROCK_JUMP",
            "JumpLandSound": "/Game/FMOD/Events/SFX/Character/Footsteps/SFX_FOOTSTEP_CONCRETE_LAND.SFX_FOOTSTEP_CONCRETE_LAND"
        },
        {
            "Name": "Snow",
            "FootstepSound": "/Game/FMOD/Events/SFX/Character/Footsteps/SFX_FOOTSTEP_SNOW.SFX_FOOTSTEP_SNOW",
            "JumpUpSound": "/Game/FMOD/Events/SFX/Character/Footsteps/SFX_FOOTSTEP_SAND_JUMP.SFX_FOOTSTEP_SAND_JUMP",
            "JumpLandSound": "/Game/FMOD/Events/SFX/Character/Footsteps/SFX_FOOTSTEP_SNOW_LAND.SFX_FOOTSTEP_SNOW_LAND"
        },
        {
            "Name": "Ice",
            "FootstepSound": "/Game/FMOD/Events/SFX/Character/Footsteps/SFX_FOOTSTEP_ICE.SFX_FOOTSTEP_ICE",
            "JumpUpSound": "/Game/FMOD/Events/SFX/Character/Footsteps/SFX_FOOTSTEP_ROCK_JUMP.SFX_FOOTSTEP_ROCK_JUMP",
            "JumpLandSound": "/Game/FMOD/Events/SFX/Character/Footsteps/SFX_FOOTSTEP_ICE_LAND.SFX_FOOTSTEP_ICE_LAND"
        },
        {
            "Name": "Metal",
            "FootstepSound": "/Game/FMOD/Events/SFX/Character/Footsteps/SFX_FOOTSTEP_METAL_1.SFX_FOOTSTEP_METAL_1",
            "JumpUpSound": "/Game/FMOD/Events/SFX/Character/Footsteps/SFX_FOOTSTEP_ROCK_JUMP.SFX_FOOTSTEP_ROCK_JUMP",
            "JumpLandSound": "/Game/FMOD/Events/SFX/Character/Footsteps/SFX_FOOTSTEP_METAL_LAND.SFX_FOOTSTEP_METAL_LAND"
        },
        {
            "Name": "Mud",
            "FootstepSound": "/Game/FMOD/Events/SFX/Character/Footsteps/SFX_FOOTSTEP_MUD.SFX_FOOTSTEP_MUD",
            "JumpUpSound": "/Game/FMOD/Events/SFX/Character/Footsteps/SFX_FOOTSTEP_MUD_JUMP.SFX_FOOTSTEP_MUD_JUMP",
            "JumpLandSound": "/Game/FMOD/Events/SFX/Character/Footsteps/SFX_FOOTSTEP_MUD_LAND.SFX_FOOTSTEP_MUD_LAND"
        },
        {
            "Name": "Gravel",
            "FootstepSound": "/Game/FMOD/Events/SFX/Character/Footsteps/SFX_FOOTSTEP_GRAVEL.SFX_FOOTSTEP_GRAVEL",
            "JumpUpSound": "/Game/FMOD/Events/SFX/Character/Footsteps/SFX_FOOTSTEP_DRT_JUMP.SFX_FOOTSTEP_DRT_JUMP",
            "JumpLandSound": "/Game/FMOD/Events/SFX/Character/Footsteps/SFX_FOOTSTEP_GRAVEL_LAND.SFX_FOOTSTEP_GRAVEL_LAND"
        },
        {
            "Name": "Hardwood",
            "FootstepSound": "/Game/FMOD/Events/SFX/Character/Footsteps/SFX_FOOTSTEP_HARDWOOD.SFX_FOOTSTEP_HARDWOOD",
            "JumpUpSound": "/Game/FMOD/Events/SFX/Character/Footsteps/SFX_FOOTSTEP_ROCK_JUMP.SFX_FOOTSTEP_ROCK_JUMP",
            "JumpLandSound": "/Game/FMOD/Events/SFX/Character/Footsteps/SFX_FOOTSTEP_HARDWOOD_LAND.SFX_FOOTSTEP_HARDWOOD_LAND"
        },
        {
            "Name": "Thatch",
            "FootstepSound": "/Game/FMOD/Events/SFX/Character/Footsteps/SFX_FOOTSTEP_THATCH.SFX_FOOTSTEP_THATCH",
            "JumpUpSound": "/Game/FMOD/Events/SFX/Character/Footsteps/SFX_FOOTSTEP_ROCK_JUMP.SFX_FOOTSTEP_ROCK_JUMP",
            "JumpLandSound": "/Game/FMOD/Events/SFX/Character/Footsteps/SFX_FOOTSTEP_THATCH_LAND.SFX_FOOTSTEP_THATCH_LAND"
        },
        {
            "Name": "CorrugatedIron",
            "FootstepSound": "/Game/FMOD/Events/SFX/Character/Footsteps/SFX_FOOTSTEP_CORRUGATED_IRON.SFX_FOOTSTEP_CORRUGATED_IRON",
            "JumpUpSound": "/Game/FMOD/Events/SFX/Character/Footsteps/SFX_FOOTSTEP_ROCK_JUMP.SFX_FOOTSTEP_ROCK_JUMP",
            "JumpLandSound": "/Game/FMOD/Events/SFX/Character/Footsteps/SFX_FOOTSTEP_CORRUGATED_IRON_LAND.SFX_FOOTSTEP_CORRUGATED_IRON_LAND"
        },
        {
            "Name": "Glass",
            "FootstepSound": "/Game/FMOD/Events/SFX/Character/Footsteps/SFX_FOOTSTEP_GLASS.SFX_FOOTSTEP_GLASS",
            "JumpUpSound": "/Game/FMOD/Events/SFX/Character/Footsteps/SFX_FOOTSTEP_ROCK_JUMP.SFX_FOOTSTEP_ROCK_JUMP",
            "JumpLandSound": "/Game/FMOD/Events/SFX/Character/Footsteps/SFX_FOOTSTEP_GLASS_LAND.SFX_FOOTSTEP_GLASS_LAND"
        },
        {
            "Name": "Lava",
            "FootstepSound": "/Game/FMOD/Events/SFX/Character/Footsteps/SFX_FOOTSTEP_LAVA.SFX_FOOTSTEP_LAVA",
            "JumpUpSound": "/Game/FMOD/Events/SFX/Character/Footsteps/SFX_FOOTSTEP_MUD_JUMP.SFX_FOOTSTEP_MUD_JUMP",
            "JumpLandSound": "/Game/FMOD/Events/SFX/Character/Footsteps/SFX_FOOTSTEP_MUD_LAND.SFX_FOOTSTEP_MUD_LAND"
        }
    ]
}