{
    "RowStruct": "/Script/Icarus.VocalisationSetting",
    "Defaults": {
        "InterruptType": "Interrupt",
        "bCanInterruptSelf": false,
        "QueueTimeoutLength": 0.5,
        "Priority": "Medium"
    },
    "Rows": [
        {
            "Name": "Default"
        },
        {
            "Name": "Important",
            "Priority": "Highest"
        },
        {
            "Name": "Unimportant",
            "Priority": "Low"
        },
        {
            "Name": "Persistent",
            "Priority": "Lowest"
        },
        {
            "Name": "Queue",
            "InterruptType": "Queue"
        },
        {
            "Name": "PersistentLow",
            "Priority": "Low"
        },
        {
            "Name": "Lowest",
            "Priority": "Lowest"
        }
    ]
}