{
    "RowStruct": "/Script/Icarus.ArmourSetBonus",
    "Defaults": {
        "RequiredGear": 0,
        "Description": "",
        "StatsGranted": {}
    },
    "Rows": [
        {
            "Name": "Cloth_5",
            "RequiredGear": 5,
            "Description": "NSLOCTEXT(\"D_ArmourSetBonus\", \"Cloth_5-Description\", \"Cloth Armor Set\")",
            "StatsGranted": {
                "(Value=\"BaseMovementSpeed_+%\")": 5
            }
        },
        {
            "Name": "Leather_5",
            "RequiredGear": 5,
            "Description": "NSLOCTEXT(\"D_ArmourSetBonus\", \"Leather_5-Description\", \"Leather Armor Set\")",
            "StatsGranted": {
                "(Value=\"BaseHealthRegen_+%\")": 1,
                "(Value=\"BaseStaminaRegen_+%\")": 1
            }
        },
        {
            "Name": "Fur_5",
            "RequiredGear": 5,
            "Description": "NSLOCTEXT(\"D_ArmourSetBonus\", \"Fur_5-Description\", \"Fur Armor Set\")",
            "StatsGranted": {
                "(Value=\"BaseColdResistance_%\")": 5
            }
        },
        {
            "Name": "Ghillie_5",
            "RequiredGear": 5,
            "Description": "NSLOCTEXT(\"D_ArmourSetBonus\", \"Ghillie_5-Description\", \"Ghillie Armor Set\")",
            "StatsGranted": {
                "(Value=\"BaseAnimalThreatModifier_+%\")": -25,
                "(Value=\"BaseStaminaRegen_+%\")": 5
            }
        },
        {
            "Name": "Carbon_5",
            "RequiredGear": 5,
            "Description": "NSLOCTEXT(\"D_ArmourSetBonus\", \"Carbon_5-Description\", \"Naneo Armor Set\")",
            "StatsGranted": {
                "(Value=\"BaseWeightCapacity_+%\")": 10,
                "(Value=\"BaseCollisionDamageResistance_+%\")": 10,
                "(Value=\"BaseSwimSpeed_+%\")": -10,
                "(Value=\"BaseStaminaRegen_+%\")": 10,
                "(Value=\"BaseMaximumStamina_+\")": 10
            }
        },
        {
            "Name": "Composite_5",
            "RequiredGear": 5,
            "Description": "NSLOCTEXT(\"D_ArmourSetBonus\", \"Composite_5-Description\", \"Composite Armor Set\")",
            "StatsGranted": {
                "(Value=\"BaseCollisionDamageResistance_%\")": 10,
                "(Value=\"BaseStaminaRegen_+%\")": 10
            }
        },
        {
            "Name": "Polarbear_5",
            "RequiredGear": 5,
            "Description": "NSLOCTEXT(\"D_ArmourSetBonus\", \"Polarbear_5-Description\", \"Polar Bear Armor Set\")",
            "StatsGranted": {
                "(Value=\"BaseArcticMovementSpeed_+%\")": 10,
                "(Value=\"BaseAnimalThreatModifier_+%\")": -20
            }
        },
        {
            "Name": "Hunter_5",
            "RequiredGear": 5,
            "Description": "NSLOCTEXT(\"D_ArmourSetBonus\", \"Hunter_5-Description\", \"Hunter Armor Set\")",
            "StatsGranted": {
                "(Value=\"BaseCrouchSpeed_+%\")": 15,
                "(Value=\"BaseAnimalThreatModifier_+%\")": -4,
                "(Value=\"BaseStaminaRegen_+%\")": 5
            }
        },
        {
            "Name": "Scale_5",
            "RequiredGear": 5,
            "Description": "NSLOCTEXT(\"D_ArmourSetBonus\", \"Scale_5-Description\", \"Scale Armor Set\")",
            "StatsGranted": {
                "(Value=\"BasePoisonDamageResistance_+%\")": 25,
                "(Value=\"BasePoisonModifierDuration_+%\")": -50,
                "(Value=\"BaseDesertWaterConsumption_+%\")": -75
            }
        },
        {
            "Name": "Carbon_Alpha_5",
            "RequiredGear": 5,
            "Description": "NSLOCTEXT(\"D_ArmourSetBonus\", \"Carbon_Alpha_5-Description\", \"ST-700 Armor Set\")",
            "StatsGranted": {
                "(Value=\"BaseAnimalThreatModifier_+%\")": -35,
                "(Value=\"BaseCrouchSpeed_+%\")": 15,
                "(Value=\"BaseStealthDamage_+%\")": 15
            }
        },
        {
            "Name": "Carbon_Beta_5",
            "RequiredGear": 5,
            "Description": "NSLOCTEXT(\"D_ArmourSetBonus\", \"Carbon_Beta_5-Description\", \"CX-400 Armor Set\")",
            "StatsGranted": {
                "(Value=\"BaseChanceToFellTreeInstantly_%\")": 1,
                "(Value=\"BaseChanceToMineVoxelInstantly_+%\")": 1,
                "(Value=\"BaseMiningRewards_%\")": 25,
                "(Value=\"BaseFellingRewards_%\")": 25
            }
        }
    ]
}