{
    "RowStruct": "/Script/Icarus.AICreatureType",
    "Defaults": {
        "CreatureName": "",
        "Tag": {
            "TagName": "None"
        },
        "SpawnStat": {
            "Value": "None"
        },
        "SkinningXPEvent": {
            "RowName": "None",
            "DataTableName": "D_ExperienceEvents"
        },
        "ParentCreatureTag": {
            "TagName": "None"
        }
    },
    "Rows": [
        {
            "Name": "Invalid"
        },
        {
            "Name": "BabyDeer",
            "CreatureName": "NSLOCTEXT(\"D_AICreatureType\", \"BabyDeer-CreatureName\", \"Baby Deer\")",
            "Tag": {
                "TagName": "NPC.BabyDeer"
            },
            "SpawnStat": {
                "Value": "DeerSpawnRate_+%"
            },
            "SkinningXPEvent": {
                "RowName": "Skin_BabyDeer"
            }
        },
        {
            "Name": "MediumDeer",
            "CreatureName": "NSLOCTEXT(\"D_AICreatureType\", \"MediumDeer-CreatureName\", \"Deer\")",
            "Tag": {
                "TagName": "NPC.MediumDeer"
            },
            "SpawnStat": {
                "Value": "DeerSpawnRate_+%"
            },
            "SkinningXPEvent": {
                "RowName": "Skin_MediumDeer"
            }
        },
        {
            "Name": "LargeDeer",
            "CreatureName": "NSLOCTEXT(\"D_AICreatureType\", \"LargeDeer-CreatureName\", \"Large Deer\")",
            "Tag": {
                "TagName": "NPC.LargeDeer"
            },
            "SpawnStat": {
                "Value": "DeerSpawnRate_+%"
            },
            "SkinningXPEvent": {
                "RowName": "Skin_LargeDeer"
            }
        },
        {
            "Name": "Roat",
            "CreatureName": "NSLOCTEXT(\"D_AICreatureType\", \"Roat-CreatureName\", \"Roat\")",
            "Tag": {
                "TagName": "NPC.Roat"
            },
            "SpawnStat": {
                "Value": "RoatSpawnRate_+%"
            },
            "SkinningXPEvent": {
                "RowName": "Skin_Roat"
            }
        },
        {
            "Name": "Wulv",
            "CreatureName": "NSLOCTEXT(\"D_AICreatureType\", \"Wulv-CreatureName\", \"Wulv\")",
            "Tag": {
                "TagName": "NPC.Wulv"
            },
            "SpawnStat": {
                "Value": "WulvSpawnRate_+%"
            },
            "SkinningXPEvent": {
                "RowName": "Skin_Wolf"
            }
        },
        {
            "Name": "Goat",
            "CreatureName": "NSLOCTEXT(\"D_AICreatureType\", \"Goat-CreatureName\", \"Goat\")",
            "Tag": {
                "TagName": "NPC.Goat"
            },
            "SpawnStat": {
                "Value": "GoatSpawnRate_+%"
            },
            "SkinningXPEvent": {
                "RowName": "Skin_RedGoat"
            }
        },
        {
            "Name": "Wolf",
            "CreatureName": "NSLOCTEXT(\"D_AICreatureType\", \"Wolf-CreatureName\", \"Wolf\")",
            "Tag": {
                "TagName": "NPC.Wolf"
            },
            "SpawnStat": {
                "Value": "WolfSpawnRate_+%"
            },
            "SkinningXPEvent": {
                "RowName": "Skin_Wolf"
            }
        },
        {
            "Name": "SnowStriker",
            "CreatureName": "NSLOCTEXT(\"D_AICreatureType\", \"SnowStriker-CreatureName\", \"Snow Striker\")",
            "Tag": {
                "TagName": "NPC.Wolf"
            },
            "SpawnStat": {
                "Value": "WolfSpawnRate_+%"
            },
            "SkinningXPEvent": {
                "RowName": "Skin_Wolf"
            }
        },
        {
            "Name": "Bear",
            "CreatureName": "NSLOCTEXT(\"D_AICreatureType\", \"Bear-CreatureName\", \"Bear\")",
            "Tag": {
                "TagName": "NPC.Bear"
            },
            "SpawnStat": {
                "Value": "BearSpawnRate_+%"
            },
            "SkinningXPEvent": {
                "RowName": "Skin_Bear"
            }
        },
        {
            "Name": "Chamois",
            "CreatureName": "NSLOCTEXT(\"D_AICreatureType\", \"Chamois-CreatureName\", \"Chamois\")",
            "Tag": {
                "TagName": "NPC.Chamois"
            },
            "SpawnStat": {
                "Value": "ChamoisSpawnRate_+%"
            },
            "SkinningXPEvent": {
                "RowName": "Skin_Chamois"
            }
        },
        {
            "Name": "Elephant",
            "CreatureName": "NSLOCTEXT(\"D_AICreatureType\", \"Elephant-CreatureName\", \"Elephant\")",
            "Tag": {
                "TagName": "NPC.Elephant"
            },
            "SpawnStat": {
                "Value": "ElephantSpawnRate_+%"
            },
            "SkinningXPEvent": {
                "RowName": "Skin_Elephant"
            }
        },
        {
            "Name": "PolarBear",
            "CreatureName": "NSLOCTEXT(\"D_AICreatureType\", \"PolarBear-CreatureName\", \"Polar Bear\")",
            "Tag": {
                "TagName": "NPC.PolarBear"
            },
            "SpawnStat": {
                "Value": "PolarBearSpawnRate_+%"
            },
            "SkinningXPEvent": {
                "RowName": "Skin_PolarBear"
            }
        },
        {
            "Name": "Lion",
            "CreatureName": "NSLOCTEXT(\"D_AICreatureType\", \"Lion-CreatureName\", \"Cougar\")",
            "Tag": {
                "TagName": "NPC.Lion"
            },
            "SpawnStat": {
                "Value": "LionSpawnRate_+%"
            },
            "SkinningXPEvent": {
                "RowName": "Skin_Cougar"
            }
        },
        {
            "Name": "Cougar_Alpha",
            "CreatureName": "NSLOCTEXT(\"D_AICreatureType\", \"Cougar_Alpha-CreatureName\", \"Alpha Cougar\")",
            "Tag": {
                "TagName": "NPC.Lion"
            },
            "SpawnStat": {
                "Value": "LionSpawnRate_+%"
            },
            "SkinningXPEvent": {
                "RowName": "Skin_Alpha_Cat"
            }
        },
        {
            "Name": "Mammoth",
            "CreatureName": "NSLOCTEXT(\"D_AICreatureType\", \"Mammoth-CreatureName\", \"Mammoth\")",
            "Tag": {
                "TagName": "NPC.Mammoth"
            },
            "SpawnStat": {
                "Value": "MammothSpawnRate_+%"
            },
            "SkinningXPEvent": {
                "RowName": "Skin_Mammoth"
            }
        },
        {
            "Name": "Rabbit",
            "CreatureName": "NSLOCTEXT(\"D_AICreatureType\", \"Rabbit-CreatureName\", \"Rabbit\")",
            "Tag": {
                "TagName": "NPC.Rabbit"
            },
            "SpawnStat": {
                "Value": "RabbitSpawnRate_+%"
            },
            "SkinningXPEvent": {
                "RowName": "Skin_Rabbit"
            }
        },
        {
            "Name": "Snow_Rabbit",
            "CreatureName": "NSLOCTEXT(\"D_AICreatureType\", \"Snow_Rabbit-CreatureName\", \"Snow Rabbit\")",
            "Tag": {
                "TagName": "NPC.Rabbit"
            },
            "SpawnStat": {
                "Value": "RabbitSpawnRate_+%"
            },
            "SkinningXPEvent": {
                "RowName": "Skin_Rabbit"
            }
        },
        {
            "Name": "Jaguar",
            "CreatureName": "NSLOCTEXT(\"D_AICreatureType\", \"Jaguar-CreatureName\", \"Jaguar\")",
            "Tag": {
                "TagName": "NPC.Jaguar"
            },
            "SpawnStat": {
                "Value": "LionSpawnRate_+%"
            },
            "SkinningXPEvent": {
                "RowName": "Skin_Cougar"
            }
        },
        {
            "Name": "Jaguar_Black",
            "CreatureName": "NSLOCTEXT(\"D_AICreatureType\", \"Jaguar_Black-CreatureName\", \"Black Jaguar\")",
            "Tag": {
                "TagName": "NPC.Jaguar.Black"
            },
            "SpawnStat": {
                "Value": "LionSpawnRate_+%"
            },
            "SkinningXPEvent": {
                "RowName": "Skin_Cougar"
            }
        },
        {
            "Name": "Raccoon",
            "CreatureName": "NSLOCTEXT(\"D_AICreatureType\", \"Raccoon-CreatureName\", \"Raccoon\")",
            "Tag": {
                "TagName": "NPC.Racoon"
            },
            "SpawnStat": {
                "Value": "RaccoonSpawnRate_+%"
            },
            "SkinningXPEvent": {
                "RowName": "Skin_Raccoon"
            }
        },
        {
            "Name": "SnowLeopard",
            "CreatureName": "NSLOCTEXT(\"D_AICreatureType\", \"SnowLeopard-CreatureName\", \"Snow Leopard\")",
            "Tag": {
                "TagName": "NPC.SnowLeopard"
            },
            "SpawnStat": {
                "Value": "LionSpawnRate_+%"
            },
            "SkinningXPEvent": {
                "RowName": "Skin_Cougar"
            }
        },
        {
            "Name": "SnowLeopard_Alpha",
            "CreatureName": "NSLOCTEXT(\"D_AICreatureType\", \"SnowLeopard_Alpha-CreatureName\", \"Alpha Snow Leopard\")",
            "Tag": {
                "TagName": "NPC.SnowLeopard"
            },
            "SpawnStat": {
                "Value": "LionSpawnRate_+%"
            },
            "SkinningXPEvent": {
                "RowName": "Skin_Alpha_Cat"
            }
        },
        {
            "Name": "Alpha_Cat",
            "CreatureName": "NSLOCTEXT(\"D_AICreatureType\", \"Alpha_Cat-CreatureName\", \"Alpha Cat\")",
            "Tag": {
                "TagName": "NPC.Cat"
            },
            "SpawnStat": {
                "Value": "LionSpawnRate_+%"
            },
            "SkinningXPEvent": {
                "RowName": "Kill_Alpha_Cat"
            }
        },
        {
            "Name": "Hyena",
            "CreatureName": "NSLOCTEXT(\"D_AICreatureType\", \"Hyena-CreatureName\", \"Hyena\")",
            "Tag": {
                "TagName": "NPC.Hyena"
            },
            "SpawnStat": {
                "Value": "WolfSpawnRate_+%"
            },
            "SkinningXPEvent": {
                "RowName": "Skin_Hyena"
            }
        },
        {
            "Name": "Antelope",
            "CreatureName": "NSLOCTEXT(\"D_AICreatureType\", \"Antelope-CreatureName\", \"Antelope\")",
            "Tag": {
                "TagName": "NPC.MediumDeer"
            },
            "SpawnStat": {
                "Value": "DeerSpawnRate_+%"
            },
            "SkinningXPEvent": {
                "RowName": "Skin_Antelope"
            }
        },
        {
            "Name": "LargeAntelope",
            "CreatureName": "NSLOCTEXT(\"D_AICreatureType\", \"LargeAntelope-CreatureName\", \"Antelope\")",
            "Tag": {
                "TagName": "NPC.LargeDeer"
            },
            "SpawnStat": {
                "Value": "DeerSpawnRate_+%"
            },
            "SkinningXPEvent": {
                "RowName": "Skin_Antelope"
            }
        },
        {
            "Name": "Pack_Wolf",
            "CreatureName": "NSLOCTEXT(\"D_AICreatureType\", \"Pack_Wolf-CreatureName\", \"Pack Wolf\")",
            "Tag": {
                "TagName": "NPC.Wolf"
            },
            "SpawnStat": {
                "Value": "WolfSpawnRate_+%"
            },
            "SkinningXPEvent": {
                "RowName": "Skin_Pack_Wolf"
            }
        },
        {
            "Name": "Alpha_Wolf",
            "CreatureName": "NSLOCTEXT(\"D_AICreatureType\", \"Alpha_Wolf-CreatureName\", \"Alpha Wolf\")",
            "Tag": {
                "TagName": "NPC.Wolf"
            },
            "SpawnStat": {
                "Value": "WolfSpawnRate_+%"
            },
            "SkinningXPEvent": {
                "RowName": "Skin_Alpha_Wolf"
            }
        },
        {
            "Name": "Alpha_Hyena",
            "CreatureName": "NSLOCTEXT(\"D_AICreatureType\", \"Alpha_Hyena-CreatureName\", \"Alpha Hyena\")",
            "Tag": {
                "TagName": "NPC.Wolf"
            },
            "SpawnStat": {
                "Value": "WolfSpawnRate_+%"
            },
            "SkinningXPEvent": {
                "RowName": "Skin_Alpha_Wolf"
            }
        },
        {
            "Name": "Buffalo",
            "CreatureName": "NSLOCTEXT(\"D_AICreatureType\", \"Buffalo-CreatureName\", \"Buffalo\")",
            "Tag": {
                "TagName": "NPC.Buffalo"
            },
            "SpawnStat": {
                "Value": "BuffaloSpawnRate_+%"
            },
            "SkinningXPEvent": {
                "RowName": "Skin_Buffalo"
            }
        },
        {
            "Name": "Wild_Boar",
            "CreatureName": "NSLOCTEXT(\"D_AICreatureType\", \"Wild_Boar-CreatureName\", \"Boar\")",
            "Tag": {
                "TagName": "NPC.Boar"
            },
            "SpawnStat": {
                "Value": "BoarSpawnRate_+%"
            },
            "SkinningXPEvent": {
                "RowName": "Skin_Boar"
            }
        },
        {
            "Name": "Zebra",
            "CreatureName": "NSLOCTEXT(\"D_AICreatureType\", \"Zebra-CreatureName\", \"Zebra\")",
            "Tag": {
                "TagName": "NPC.Zebra"
            },
            "SpawnStat": {
                "Value": "ZebraSpawnRate_+%"
            },
            "SkinningXPEvent": {
                "RowName": "Skin_Zebra"
            }
        },
        {
            "Name": "SandWorm",
            "CreatureName": "NSLOCTEXT(\"D_AICreatureType\", \"SandWorm-CreatureName\", \"Sand Worm\")",
            "Tag": {
                "TagName": "NPC.Sandworm"
            }
        },
        {
            "Name": "SandWorm_Spitter",
            "CreatureName": "NSLOCTEXT(\"D_AICreatureType\", \"SandWorm_Spitter-CreatureName\", \"Sand Worm Spitter\")",
            "Tag": {
                "TagName": "NPC.SandWormSpitter"
            }
        },
        {
            "Name": "CaveWorm",
            "CreatureName": "NSLOCTEXT(\"D_AICreatureType\", \"CaveWorm-CreatureName\", \"Cave Worm\")",
            "Tag": {
                "TagName": "NPC.CaveWorm"
            }
        },
        {
            "Name": "Kea",
            "CreatureName": "NSLOCTEXT(\"D_AICreatureType\", \"Kea-CreatureName\", \"Kea\")",
            "Tag": {
                "TagName": "NPC.Kea"
            },
            "SkinningXPEvent": {
                "RowName": "Skin_Kea"
            }
        },
        {
            "Name": "Scorpion",
            "CreatureName": "NSLOCTEXT(\"D_AICreatureType\", \"Scorpion-CreatureName\", \"Scorpion\")",
            "Tag": {
                "TagName": "NPC.Scorpion"
            },
            "SpawnStat": {
                "Value": "ScorpionSpawnRate_+%"
            },
            "SkinningXPEvent": {
                "RowName": "Skin_Scorpion"
            }
        },
        {
            "Name": "Crocodile",
            "CreatureName": "NSLOCTEXT(\"D_AICreatureType\", \"Crocodile-CreatureName\", \"Crocodile\")",
            "Tag": {
                "TagName": "NPC.Crocodile"
            },
            "SpawnStat": {
                "Value": "CrocodileSpawnRate_+%"
            },
            "SkinningXPEvent": {
                "RowName": "Skin_Crocodile"
            }
        },
        {
            "Name": "Komodo",
            "CreatureName": "NSLOCTEXT(\"D_AICreatureType\", \"Komodo-CreatureName\", \"Komodo\")",
            "Tag": {
                "TagName": "NPC.Komodo"
            },
            "SpawnStat": {
                "Value": "KomodoSpawnRate_+%"
            },
            "SkinningXPEvent": {
                "RowName": "Skin_Komodo"
            }
        },
        {
            "Name": "PolarBearCub",
            "CreatureName": "NSLOCTEXT(\"D_AICreatureType\", \"PolarBearCub-CreatureName\", \"Polar Bear Cub\")",
            "Tag": {
                "TagName": "NPC.PolarBear"
            },
            "SpawnStat": {
                "Value": "PolarBearSpawnRate_+%"
            },
            "SkinningXPEvent": {
                "RowName": "Skin_PolarBearCub"
            }
        },
        {
            "Name": "BearCub",
            "CreatureName": "NSLOCTEXT(\"D_AICreatureType\", \"BearCub-CreatureName\", \"Bear Cub\")",
            "Tag": {
                "TagName": "NPC.BearCub"
            },
            "SpawnStat": {
                "Value": "BearSpawnRate_+%"
            },
            "SkinningXPEvent": {
                "RowName": "Skin_BearCub"
            }
        },
        {
            "Name": "Armored_Scorpian",
            "CreatureName": "NSLOCTEXT(\"D_AICreatureType\", \"Armored_Scorpian-CreatureName\", \"Armored Scorpion\")",
            "Tag": {
                "TagName": "NPC.Scorpion"
            },
            "SpawnStat": {
                "Value": "ScorpionSpawnRate_+%"
            },
            "SkinningXPEvent": {
                "RowName": "Skin_Scorpion"
            }
        },
        {
            "Name": "Moa",
            "CreatureName": "NSLOCTEXT(\"D_AICreatureType\", \"Moa-CreatureName\", \"Moa\")",
            "Tag": {
                "TagName": "NPC.Moa"
            },
            "SkinningXPEvent": {
                "RowName": "Skin_Moa"
            }
        },
        {
            "Name": "Juvenile_Moa",
            "CreatureName": "NSLOCTEXT(\"D_AICreatureType\", \"Juvenile_Moa-CreatureName\", \"Juvenile Moa\")",
            "Tag": {
                "TagName": "NPC.Juvenile.Moa"
            },
            "SkinningXPEvent": {
                "RowName": "Skin_BabyMoa"
            },
            "ParentCreatureTag": {
                "TagName": "NPC.Moa"
            }
        },
        {
            "Name": "Juvenile_Buffalo",
            "CreatureName": "NSLOCTEXT(\"D_AICreatureType\", \"Juvenile_Buffalo-CreatureName\", \"Juvenile Buffalo\")",
            "Tag": {
                "TagName": "NPC.Juvenile.Buffalo"
            },
            "SkinningXPEvent": {
                "RowName": "Skin_BabyBuffalo"
            },
            "ParentCreatureTag": {
                "TagName": "NPC.Buffalo"
            }
        },
        {
            "Name": "Bear_Contaminated",
            "CreatureName": "NSLOCTEXT(\"D_AICreatureType\", \"Bear_Contaminated-CreatureName\", \"Contaminated Bear\")",
            "Tag": {
                "TagName": "NPC.Bear"
            },
            "SpawnStat": {
                "Value": "BearSpawnRate_+%"
            },
            "SkinningXPEvent": {
                "RowName": "Skin_Bear"
            }
        },
        {
            "Name": "RockDog",
            "CreatureName": "NSLOCTEXT(\"D_AICreatureType\", \"RockDog-CreatureName\", \"Rock Dog\")",
            "Tag": {
                "TagName": "NPC.Bear"
            },
            "SpawnStat": {
                "Value": "BearSpawnRate_+%"
            },
            "SkinningXPEvent": {
                "RowName": "Skin_RockDog"
            }
        },
        {
            "Name": "BatDog",
            "CreatureName": "NSLOCTEXT(\"D_AICreatureType\", \"BatDog-CreatureName\", \"Bat Dog\")",
            "Tag": {
                "TagName": "NPC.Wolf"
            },
            "SpawnStat": {
                "Value": "WolfSpawnRate_+%"
            },
            "SkinningXPEvent": {
                "RowName": "Skin_BatDog"
            }
        },
        {
            "Name": "Needler",
            "CreatureName": "NSLOCTEXT(\"D_AICreatureType\", \"Needler-CreatureName\", \"Needler\")",
            "Tag": {
                "TagName": "NPC.Crocodile"
            },
            "SpawnStat": {
                "Value": "CrocodileSpawnRate_+%"
            },
            "SkinningXPEvent": {
                "RowName": "Skin_Needler"
            }
        },
        {
            "Name": "Deer_Variant",
            "CreatureName": "NSLOCTEXT(\"D_AICreatureType\", \"Deer_Variant-CreatureName\", \"Deer_Variant\")",
            "Tag": {
                "TagName": "NPC.MediumDeer"
            },
            "SpawnStat": {
                "Value": "DeerSpawnRate_+%"
            },
            "SkinningXPEvent": {
                "RowName": "Skin_MediumDeer"
            }
        },
        {
            "Name": "Swamp_Quadruped",
            "CreatureName": "NSLOCTEXT(\"D_AICreatureType\", \"Swamp_Quadruped-CreatureName\", \"Swamp Quadruped\")",
            "Tag": {
                "TagName": "NPC.MediumDeer"
            },
            "SpawnStat": {
                "Value": "DeerSpawnRate_+%"
            },
            "SkinningXPEvent": {
                "RowName": "Skin_MediumDeer"
            }
        },
        {
            "Name": "Swamp_Bird",
            "CreatureName": "NSLOCTEXT(\"D_AICreatureType\", \"Swamp_Bird-CreatureName\", \"Swamp_Bird\")",
            "Tag": {
                "TagName": "NPC.Moa"
            },
            "SkinningXPEvent": {
                "RowName": "Skin_Moa"
            }
        },
        {
            "Name": "Chamois_Variant",
            "CreatureName": "NSLOCTEXT(\"D_AICreatureType\", \"Chamois_Variant-CreatureName\", \"Chamois_Variant\")",
            "Tag": {
                "TagName": "NPC.Chamois"
            },
            "SpawnStat": {
                "Value": "ChamoisSpawnRate_+%"
            },
            "SkinningXPEvent": {
                "RowName": "Skin_Chamois"
            }
        },
        {
            "Name": "BlueBack",
            "CreatureName": "NSLOCTEXT(\"D_AICreatureType\", \"BlueBack-CreatureName\", \"BlueBack\")",
            "Tag": {
                "TagName": "NPC.Buffalo"
            },
            "SpawnStat": {
                "Value": "BuffaloSpawnRate_+%"
            },
            "SkinningXPEvent": {
                "RowName": "Skin_Buffalo"
            }
        },
        {
            "Name": "Roat_Swamp",
            "CreatureName": "NSLOCTEXT(\"D_AICreatureType\", \"Roat_Swamp-CreatureName\", \"Roat_Swamp\")",
            "Tag": {
                "TagName": "NPC.Roat"
            },
            "SpawnStat": {
                "Value": "RoatSpawnRate_+%"
            },
            "SkinningXPEvent": {
                "RowName": "Skin_Roat"
            }
        },
        {
            "Name": "Predator_Bird",
            "CreatureName": "NSLOCTEXT(\"D_AICreatureType\", \"Predator_Bird-CreatureName\", \"Predator Bird\")",
            "Tag": {
                "TagName": "NPC.Kea"
            },
            "SkinningXPEvent": {
                "RowName": "Skin_PredatorBird"
            }
        },
        {
            "Name": "Spider",
            "CreatureName": "NSLOCTEXT(\"D_AICreatureType\", \"Spider-CreatureName\", \"Spider\")",
            "Tag": {
                "TagName": "NPC.Wolf"
            },
            "SpawnStat": {
                "Value": "WolfSpawnRate_+%"
            },
            "SkinningXPEvent": {
                "RowName": "Skin_Wolf"
            }
        },
        {
            "Name": "Snow_Wolf",
            "CreatureName": "NSLOCTEXT(\"D_AICreatureType\", \"Snow_Wolf-CreatureName\", \"Snow Wolf\")",
            "Tag": {
                "TagName": "NPC.Wolf"
            },
            "SpawnStat": {
                "Value": "WolfSpawnRate_+%"
            },
            "SkinningXPEvent": {
                "RowName": "Skin_Wolf"
            }
        }
    ]
}