{
    "RowStruct": "/Script/Icarus.AutonomousSpawnData",
    "Defaults": {
        "AISetup": {
            "Value": "None"
        },
        "AISpawnBehaviour": "None",
        "MaxNumAroundPlayers": 3,
        "MaxSpawnCount": 10,
        "MaxDistanceToPlayers": 10000
    },
    "Rows": [
        {
            "Name": "Kea",
            "AISetup": {
                "Value": "Kea"
            },
            "AISpawnBehaviour": "/Game/BP/AI/SpawnBehaviours/BP_AISpawnBehaviour_AroundPlayers_Kea.BP_AISpawnBehaviour_AroundPlayers_Kea_C",
            "MaxSpawnCount": 15,
            "MaxDistanceToPlayers": 15000
        }
    ]
}