{
    "RowStruct": "/Script/Icarus.TamedCreatureModifier",
    "Defaults": {
        "StatRequirement": {
            "Value": "None"
        },
        "GrantedStat": {
            "Value": "None"
        },
        "Effects": "TamedCreature"
    },
    "Rows": [
        {
            "Name": "Food_Consumption",
            "StatRequirement": {
                "Value": "TamedCreatureFoodConsumption_+%"
            },
            "GrantedStat": {
                "Value": "BaseFoodConsumption_+%"
            }
        },
        {
            "Name": "Water_Consumption",
            "StatRequirement": {
                "Value": "TamedCreatureWaterConsumption_+%"
            },
            "GrantedStat": {
                "Value": "BaseWaterConsumption_+%"
            }
        },
        {
            "Name": "Health",
            "StatRequirement": {
                "Value": "TamedCreatureMaximumHealth_+%"
            },
            "GrantedStat": {
                "Value": "BaseMaximumHealth_+%"
            }
        },
        {
            "Name": "Stamina",
            "StatRequirement": {
                "Value": "TamedCreatureMaximumStamina_+%"
            },
            "GrantedStat": {
                "Value": "BaseMaximumStamina_+%"
            }
        },
        {
            "Name": "Health_Regen",
            "StatRequirement": {
                "Value": "TamedCreatureHealthRegen_+%"
            },
            "GrantedStat": {
                "Value": "BaseHealthRegen_+%"
            }
        },
        {
            "Name": "Stamina_Regen",
            "StatRequirement": {
                "Value": "TamedCreatureStaminaRegen_+%"
            },
            "GrantedStat": {
                "Value": "BaseStaminaRegen_+%"
            }
        },
        {
            "Name": "Threat",
            "StatRequirement": {
                "Value": "TamedCreatureThreatModifier_+%"
            },
            "GrantedStat": {
                "Value": "BaseAnimalThreatModifier_+%"
            }
        },
        {
            "Name": "Weight",
            "StatRequirement": {
                "Value": "TamedCreatureWeightCapacity_+%"
            },
            "GrantedStat": {
                "Value": "BaseWeightCapacity_+%"
            }
        },
        {
            "Name": "Damage",
            "StatRequirement": {
                "Value": "TamedCreatureMeleeDamage_+%"
            },
            "GrantedStat": {
                "Value": "BaseMeleeDamage_+%"
            }
        },
        {
            "Name": "Speed",
            "StatRequirement": {
                "Value": "TamedCreatureMovementSpeed_+%"
            },
            "GrantedStat": {
                "Value": "BaseMovementSpeed_+%"
            }
        },
        {
            "Name": "JuvenileMinTemp",
            "StatRequirement": {
                "Value": "JuvenileCreatureMinimumTemperatureRequirement_+%"
            },
            "GrantedStat": {
                "Value": "BaseTameMinimumDesiredTemperature_+%"
            },
            "Effects": "Juvenile"
        },
        {
            "Name": "JuvenileMaxTemp",
            "StatRequirement": {
                "Value": "JuvenileCreatureMaximumTemperatureRequirement_+%"
            },
            "GrantedStat": {
                "Value": "BaseTameMaximumDesiredTemperature_+%"
            },
            "Effects": "Juvenile"
        },
        {
            "Name": "JuvenileSleep",
            "StatRequirement": {
                "Value": "JuvenileCreatureSleepRequirement_+%"
            },
            "GrantedStat": {
                "Value": "BaseTameSleepRequirement_+%"
            },
            "Effects": "Juvenile"
        },
        {
            "Name": "JuvenileFriendly",
            "StatRequirement": {
                "Value": "JuvenileCreatureFriendlyToPredators_?"
            },
            "GrantedStat": {
                "Value": "JuvenileCreatureFriendlyToPredators_?"
            },
            "Effects": "Juvenile"
        }
    ]
}