{
    "RowStruct": "/Script/Icarus.KeyIconData",
    "Defaults": {
        "Keys": [],
        "bHideText": false,
        "IconSet": "None",
        "IconPress": "None",
        "IconHold": "None",
        "IconTint": {
            "R": 1,
            "G": 1,
            "B": 1,
            "A": 1
        },
        "TextColor": {
            "R": 0,
            "G": 0,
            "B": 0,
            "A": 1
        }
    },
    "Columns": [
        {
            "Name": "IconSet",
            "Key": true,
            "Cardinality": "Multiple",
            "Include": "DataStructs/ControllerIconSet.h"
        }
    ],
    "Rows": [
        {
            "Name": "Unbound",
            "Keys": [
                {
                    "KeyName": "None"
                }
            ],
            "IconPress": "Texture2D'/Game/Assets/2DArt/UI/Buttons/Key_Triple.Key_Triple'",
            "IconHold": "Texture2D'/Game/Assets/2DArt/UI/Buttons/Key_Triple.Key_Triple'",
            "IconTint": {
                "R": 0.006049000192433596,
                "G": 0.006049000192433596,
                "B": 0.006049000192433596
            },
            "TextColor": {
                "R": 0.1589609980583191,
                "G": 0.1589609980583191,
                "B": 0.1589609980583191
            }
        },
        {
            "Name": "Default",
            "IconSet": "Xbox",
            "IconPress": "Texture2D'/Game/Assets/2DArt/UI/Buttons/Key_Single.Key_Single'",
            "IconHold": "Texture2D'/Game/Assets/2DArt/UI/Buttons/Key_Single_Hold.Key_Single_Hold'",
            "IconTint": {
                "R": 0.6514059901237488,
                "G": 0.7835379838943481,
                "B": 0.42326799035072327
            }
        },
        {
            "Name": "Double",
            "Keys": [
                {
                    "KeyName": "Tab"
                },
                {
                    "KeyName": "BackSpace"
                },
                {
                    "KeyName": "LeftControl"
                },
                {
                    "KeyName": "RightControl"
                },
                {
                    "KeyName": "LeftAlt"
                },
                {
                    "KeyName": "RightAlt"
                }
            ],
            "IconPress": "Texture2D'/Game/Assets/2DArt/UI/Buttons/Key_Double.Key_Double'",
            "IconHold": "Texture2D'/Game/Assets/2DArt/UI/Buttons/Key_Double_Hold.Key_Double_Hold'",
            "IconTint": {
                "R": 0.6514059901237488,
                "G": 0.7835379838943481,
                "B": 0.42326799035072327
            }
        },
        {
            "Name": "Triple",
            "Keys": [
                {
                    "KeyName": "Enter"
                },
                {
                    "KeyName": "SpaceBar"
                },
                {
                    "KeyName": "LeftShift"
                },
                {
                    "KeyName": "RightShift"
                }
            ],
            "IconPress": "Texture2D'/Game/Assets/2DArt/UI/Buttons/Key_Triple.Key_Triple'",
            "IconHold": "Texture2D'/Game/Assets/2DArt/UI/Buttons/Key_Triple_Hold.Key_Triple_Hold'",
            "IconTint": {
                "R": 0.6514059901237488,
                "G": 0.7835379838943481,
                "B": 0.42326799035072327
            }
        },
        {
            "Name": "LeftMouse",
            "Keys": [
                {
                    "KeyName": "LeftMouseButton"
                }
            ],
            "bHideText": true,
            "IconPress": "Texture2D'/Game/Assets/2DArt/UI/Buttons/Key_LeftClick.Key_LeftClick'"
        },
        {
            "Name": "RightMouse",
            "Keys": [
                {
                    "KeyName": "RightMouseButton"
                }
            ],
            "bHideText": true,
            "IconPress": "Texture2D'/Game/Assets/2DArt/UI/Buttons/Key_RightClick.Key_RightClick'"
        },
        {
            "Name": "MouseAxis",
            "Keys": [
                {
                    "KeyName": "MouseWheelAxis"
                }
            ],
            "bHideText": true,
            "IconPress": "Texture2D'/Game/Assets/2DArt/UI/Buttons/Key_Mouse_Scroll.Key_Mouse_Scroll'"
        },
        {
            "Name": "MiddleMouse",
            "Keys": [
                {
                    "KeyName": "MiddleMouseButton"
                }
            ],
            "bHideText": true,
            "IconPress": "Texture2D'/Game/Assets/2DArt/UI/Buttons/Key_MiddleMouseClick.Key_MiddleMouseClick'"
        },
        {
            "Name": "MouseWheelUp",
            "Keys": [
                {
                    "KeyName": "MouseScrollUp"
                }
            ],
            "bHideText": true,
            "IconPress": "Texture2D'/Game/Assets/2DArt/UI/Buttons/Key_Mouse_ScrollUp.Key_Mouse_ScrollUp'"
        },
        {
            "Name": "MouseWheelDown",
            "Keys": [
                {
                    "KeyName": "MouseScrollDown"
                }
            ],
            "bHideText": true,
            "IconPress": "Texture2D'/Game/Assets/2DArt/UI/Buttons/Key_Mouse_ScrollDown.Key_Mouse_ScrollDown'"
        },
        {
            "Name": "Xbox_A",
            "Keys": [
                {
                    "KeyName": "Gamepad_FaceButton_Bottom"
                }
            ],
            "bHideText": true,
            "IconSet": "Xbox",
            "IconPress": "Texture2D'/Game/Assets/2DArt/UI/Buttons/Xbox/Button_Xbox_A.Button_Xbox_A'"
        },
        {
            "Name": "Xbox_B",
            "Keys": [
                {
                    "KeyName": "Gamepad_FaceButton_Right"
                }
            ],
            "bHideText": true,
            "IconSet": "Xbox",
            "IconPress": "Texture2D'/Game/Assets/2DArt/UI/Buttons/Xbox/Button_Xbox_B.Button_Xbox_B'"
        },
        {
            "Name": "Xbox_X",
            "Keys": [
                {
                    "KeyName": "Gamepad_FaceButton_Left"
                }
            ],
            "bHideText": true,
            "IconSet": "Xbox",
            "IconPress": "Texture2D'/Game/Assets/2DArt/UI/Buttons/Xbox/Button_Xbox_X.Button_Xbox_X'"
        },
        {
            "Name": "Xbox_Y",
            "Keys": [
                {
                    "KeyName": "Gamepad_FaceButton_Top"
                }
            ],
            "bHideText": true,
            "IconSet": "Xbox",
            "IconPress": "Texture2D'/Game/Assets/2DArt/UI/Buttons/Xbox/Button_Xbox_Y.Button_Xbox_Y'"
        },
        {
            "Name": "Xbox_Up",
            "Keys": [
                {
                    "KeyName": "Gamepad_DPad_Up"
                }
            ],
            "bHideText": true,
            "IconSet": "Xbox",
            "IconPress": "Texture2D'/Game/Assets/2DArt/UI/Buttons/Xbox/Button_Xbox_Dpad_Up.Button_Xbox_Dpad_Up'"
        },
        {
            "Name": "Xbox_Down",
            "Keys": [
                {
                    "KeyName": "Gamepad_DPad_Down"
                }
            ],
            "bHideText": true,
            "IconSet": "Xbox",
            "IconPress": "Texture2D'/Game/Assets/2DArt/UI/Buttons/Xbox/Button_Xbox_Dpad_Down.Button_Xbox_Dpad_Down'"
        },
        {
            "Name": "Xbox_Left",
            "Keys": [
                {
                    "KeyName": "Gamepad_DPad_Left"
                }
            ],
            "bHideText": true,
            "IconSet": "Xbox",
            "IconPress": "Texture2D'/Game/Assets/2DArt/UI/Buttons/Xbox/Button_Xbox_Dpad_Left.Button_Xbox_Dpad_Left'"
        },
        {
            "Name": "Xbox_Right",
            "Keys": [
                {
                    "KeyName": "Gamepad_DPad_Right"
                }
            ],
            "bHideText": true,
            "IconSet": "Xbox",
            "IconPress": "Texture2D'/Game/Assets/2DArt/UI/Buttons/Xbox/Button_Xbox_Dpad_Right.Button_Xbox_Dpad_Right'"
        },
        {
            "Name": "Xbox_Pause",
            "Keys": [
                {
                    "KeyName": "Gamepad_Special_Right"
                }
            ],
            "bHideText": true,
            "IconSet": "Xbox",
            "IconPress": "Texture2D'/Game/Assets/2DArt/UI/Buttons/Xbox/Button_Xbox_Pause.Button_Xbox_Pause'"
        },
        {
            "Name": "Xbox_Menu",
            "Keys": [
                {
                    "KeyName": "Gamepad_Special_Left"
                }
            ],
            "bHideText": true,
            "IconSet": "Xbox",
            "IconPress": "Texture2D'/Game/Assets/2DArt/UI/Buttons/Xbox/Button_Xbox_Menu.Button_Xbox_Menu'"
        },
        {
            "Name": "Xbox_LeftShoulder",
            "Keys": [
                {
                    "KeyName": "Gamepad_LeftShoulder"
                }
            ],
            "bHideText": true,
            "IconSet": "Xbox",
            "IconPress": "Texture2D'/Game/Assets/2DArt/UI/Buttons/Xbox/Button_Xbox_LeftBumper.Button_Xbox_LeftBumper'"
        },
        {
            "Name": "Xbox_LeftTrigger",
            "Keys": [
                {
                    "KeyName": "Gamepad_LeftTrigger"
                }
            ],
            "bHideText": true,
            "IconSet": "Xbox",
            "IconPress": "Texture2D'/Game/Assets/2DArt/UI/Buttons/Xbox/Button_Xbox_LeftTrigger.Button_Xbox_LeftTrigger'"
        },
        {
            "Name": "Xbox_RightShoulder",
            "Keys": [
                {
                    "KeyName": "Gamepad_RightShoulder"
                }
            ],
            "bHideText": true,
            "IconSet": "Xbox",
            "IconPress": "Texture2D'/Game/Assets/2DArt/UI/Buttons/Xbox/Button_Xbox_RightBumper.Button_Xbox_RightBumper'"
        },
        {
            "Name": "Xbox_RightTrigger",
            "Keys": [
                {
                    "KeyName": "Gamepad_RightTrigger"
                }
            ],
            "bHideText": true,
            "IconSet": "Xbox",
            "IconPress": "Texture2D'/Game/Assets/2DArt/UI/Buttons/Xbox/Button_Xbox_RightTrigger.Button_Xbox_RightTrigger'"
        },
        {
            "Name": "Gamepad_LeftThumbstickButton",
            "Keys": [
                {
                    "KeyName": "Gamepad_LeftThumbstick"
                }
            ],
            "bHideText": true,
            "IconPress": "Texture2D'/Game/Assets/2DArt/UI/Buttons/Xbox/Button_Xbox_LeftStickPress.Button_Xbox_LeftStickPress'"
        },
        {
            "Name": "Gamepad_RightThumbstickButton",
            "Keys": [
                {
                    "KeyName": "Gamepad_RightThumbstick"
                }
            ],
            "bHideText": true,
            "IconPress": "Texture2D'/Game/Assets/2DArt/UI/Buttons/Xbox/Button_Xbox_RightStickPress.Button_Xbox_RightStickPress'"
        },
        {
            "Name": "Gamepad_LeftThumbstick",
            "Keys": [
                {
                    "KeyName": "Gamepad_Left2D"
                }
            ],
            "bHideText": true,
            "IconPress": "Texture2D'/Game/Assets/2DArt/UI/Buttons/Xbox/Button_Xbox_LeftStick.Button_Xbox_LeftStick'"
        },
        {
            "Name": "Gamepad_RightThumbstick",
            "Keys": [
                {
                    "KeyName": "Gamepad_Right2D"
                }
            ],
            "bHideText": true,
            "IconPress": "Texture2D'/Game/Assets/2DArt/UI/Buttons/Xbox/Button_Xbox_RightStick.Button_Xbox_RightStick'"
        },
        {
            "Name": "Playstation_X",
            "Keys": [
                {
                    "KeyName": "Gamepad_FaceButton_Bottom"
                }
            ],
            "bHideText": true,
            "IconSet": "Playstation",
            "IconPress": "Texture2D'/Game/Assets/2DArt/UI/Buttons/Playstation/Button_Play_Cross.Button_Play_Cross'"
        },
        {
            "Name": "Playstation_Circle",
            "Keys": [
                {
                    "KeyName": "Gamepad_FaceButton_Right"
                }
            ],
            "bHideText": true,
            "IconSet": "Playstation",
            "IconPress": "Texture2D'/Game/Assets/2DArt/UI/Buttons/Playstation/Button_Play_Circle.Button_Play_Circle'"
        },
        {
            "Name": "Playstation_Square",
            "Keys": [
                {
                    "KeyName": "Gamepad_FaceButton_Left"
                }
            ],
            "bHideText": true,
            "IconSet": "Playstation",
            "IconPress": "Texture2D'/Game/Assets/2DArt/UI/Buttons/Playstation/Button_Play_Square.Button_Play_Square'"
        },
        {
            "Name": "Playstation_Triangle",
            "Keys": [
                {
                    "KeyName": "Gamepad_FaceButton_Top"
                }
            ],
            "bHideText": true,
            "IconSet": "Playstation",
            "IconPress": "Texture2D'/Game/Assets/2DArt/UI/Buttons/Playstation/Button_Play_Triangle.Button_Play_Triangle'"
        },
        {
            "Name": "Playstation_Up",
            "Keys": [
                {
                    "KeyName": "Gamepad_DPad_Up"
                }
            ],
            "bHideText": true,
            "IconSet": "Playstation",
            "IconPress": "Texture2D'/Game/Assets/2DArt/UI/Buttons/Playstation/Button_Play_Dpad_Up.Button_Play_Dpad_Up'"
        },
        {
            "Name": "Playstation_Down",
            "Keys": [
                {
                    "KeyName": "Gamepad_DPad_Down"
                }
            ],
            "bHideText": true,
            "IconSet": "Playstation",
            "IconPress": "Texture2D'/Game/Assets/2DArt/UI/Buttons/Playstation/Button_Play_Dpad_Down.Button_Play_Dpad_Down'"
        },
        {
            "Name": "Playstation_Left",
            "Keys": [
                {
                    "KeyName": "Gamepad_DPad_Left"
                }
            ],
            "bHideText": true,
            "IconSet": "Playstation",
            "IconPress": "Texture2D'/Game/Assets/2DArt/UI/Buttons/Playstation/Button_Play_Dpad_Left.Button_Play_Dpad_Left'"
        },
        {
            "Name": "Playstation_Right",
            "Keys": [
                {
                    "KeyName": "Gamepad_DPad_Right"
                }
            ],
            "bHideText": true,
            "IconSet": "Playstation",
            "IconPress": "Texture2D'/Game/Assets/2DArt/UI/Buttons/Playstation/Button_Play_Dpad_Right.Button_Play_Dpad_Right'"
        },
        {
            "Name": "Playstation_Share",
            "Keys": [
                {
                    "KeyName": "Gamepad_Special_Right"
                }
            ],
            "bHideText": true,
            "IconSet": "Playstation",
            "IconPress": "Texture2D'/Game/Assets/2DArt/UI/Buttons/Playstation/Button_Play_Share.Button_Play_Share'"
        },
        {
            "Name": "Playstation_Start",
            "Keys": [
                {
                    "KeyName": "Gamepad_Special_Left"
                }
            ],
            "bHideText": true,
            "IconSet": "Playstation",
            "IconPress": "Texture2D'/Game/Assets/2DArt/UI/Buttons/Playstation/Button_Play_Options.Button_Play_Options'"
        },
        {
            "Name": "Playstation_L1",
            "Keys": [
                {
                    "KeyName": "Gamepad_LeftShoulder"
                }
            ],
            "bHideText": true,
            "IconSet": "Playstation",
            "IconPress": "Texture2D'/Game/Assets/2DArt/UI/Buttons/Playstation/Button_Play_L1.Button_Play_L1'"
        },
        {
            "Name": "Playstation_L2",
            "Keys": [
                {
                    "KeyName": "Gamepad_LeftTrigger"
                }
            ],
            "bHideText": true,
            "IconSet": "Playstation",
            "IconPress": "Texture2D'/Game/Assets/2DArt/UI/Buttons/Playstation/Button_Play_L2.Button_Play_L2'"
        },
        {
            "Name": "Playstation_R1",
            "Keys": [
                {
                    "KeyName": "Gamepad_RightShoulder"
                }
            ],
            "bHideText": true,
            "IconSet": "Playstation",
            "IconPress": "Texture2D'/Game/Assets/2DArt/UI/Buttons/Playstation/Button_Play_R1.Button_Play_R1'"
        },
        {
            "Name": "Playstation_R2",
            "Keys": [
                {
                    "KeyName": "Gamepad_RightTrigger"
                }
            ],
            "bHideText": true,
            "IconSet": "Playstation",
            "IconPress": "Texture2D'/Game/Assets/2DArt/UI/Buttons/Playstation/Button_Play_R2.Button_Play_R2'"
        },
        {
            "Name": "Switch_Y",
            "Keys": [
                {
                    "KeyName": "Gamepad_FaceButton_Left"
                }
            ],
            "bHideText": true,
            "IconSet": "NintendoSwitch",
            "IconPress": "Texture2D'/Game/Assets/2DArt/UI/Buttons/NintendoSwitch/Button_Switch_Y.Button_Switch_Y'"
        },
        {
            "Name": "Switch_X",
            "Keys": [
                {
                    "KeyName": "Gamepad_FaceButton_Top"
                }
            ],
            "bHideText": true,
            "IconSet": "NintendoSwitch",
            "IconPress": "Texture2D'/Game/Assets/2DArt/UI/Buttons/NintendoSwitch/Button_Switch_X.Button_Switch_X'"
        },
        {
            "Name": "Switch_B",
            "Keys": [
                {
                    "KeyName": "Gamepad_FaceButton_Bottom"
                }
            ],
            "bHideText": true,
            "IconSet": "NintendoSwitch",
            "IconPress": "Texture2D'/Game/Assets/2DArt/UI/Buttons/NintendoSwitch/Button_Switch_B.Button_Switch_B'"
        },
        {
            "Name": "Switch_A",
            "Keys": [
                {
                    "KeyName": "Gamepad_FaceButton_Right"
                }
            ],
            "bHideText": true,
            "IconSet": "NintendoSwitch",
            "IconPress": "Texture2D'/Game/Assets/2DArt/UI/Buttons/NintendoSwitch/Button_Switch_A.Button_Switch_A'"
        },
        {
            "Name": "Switch_Left",
            "Keys": [
                {
                    "KeyName": "Gamepad_DPad_Left"
                }
            ],
            "bHideText": true,
            "IconSet": "NintendoSwitch",
            "IconPress": "Texture2D'/Game/Assets/2DArt/UI/Buttons/NintendoSwitch/Button_Switch_Dpad_Left.Button_Switch_Dpad_Left'"
        },
        {
            "Name": "Switch_Right",
            "Keys": [
                {
                    "KeyName": "Gamepad_DPad_Right"
                }
            ],
            "bHideText": true,
            "IconSet": "NintendoSwitch",
            "IconPress": "Texture2D'/Game/Assets/2DArt/UI/Buttons/NintendoSwitch/Button_Switch_Dpad_Right.Button_Switch_Dpad_Right'"
        },
        {
            "Name": "Switch_Up",
            "Keys": [
                {
                    "KeyName": "Gamepad_DPad_Up"
                }
            ],
            "bHideText": true,
            "IconSet": "NintendoSwitch",
            "IconPress": "Texture2D'/Game/Assets/2DArt/UI/Buttons/NintendoSwitch/Button_Switch_Dpad_Up.Button_Switch_Dpad_Up'"
        },
        {
            "Name": "Switch_Down",
            "Keys": [
                {
                    "KeyName": "Gamepad_DPad_Down"
                }
            ],
            "bHideText": true,
            "IconSet": "NintendoSwitch",
            "IconPress": "Texture2D'/Game/Assets/2DArt/UI/Buttons/NintendoSwitch/Button_Switch_Dpad_Down.Button_Switch_Dpad_Down'"
        },
        {
            "Name": "Switch_Left_Shoulder",
            "Keys": [
                {
                    "KeyName": "Gamepad_LeftShoulder"
                }
            ],
            "bHideText": true,
            "IconSet": "NintendoSwitch",
            "IconPress": "Texture2D'/Game/Assets/2DArt/UI/Buttons/NintendoSwitch/Button_Switch_L.Button_Switch_L'"
        },
        {
            "Name": "Switch_Right_Shoulder",
            "Keys": [
                {
                    "KeyName": "Gamepad_RightShoulder"
                }
            ],
            "bHideText": true,
            "IconSet": "NintendoSwitch",
            "IconPress": "Texture2D'/Game/Assets/2DArt/UI/Buttons/NintendoSwitch/Button_Switch_R.Button_Switch_R'"
        },
        {
            "Name": "Switch_Left_Trigger",
            "Keys": [
                {
                    "KeyName": "Gamepad_LeftTrigger"
                }
            ],
            "bHideText": true,
            "IconSet": "NintendoSwitch",
            "IconPress": "Texture2D'/Game/Assets/2DArt/UI/Buttons/NintendoSwitch/Button_Switch_ZL.Button_Switch_ZL'"
        },
        {
            "Name": "Switch_Right_Trigger",
            "Keys": [
                {
                    "KeyName": "Gamepad_RightTrigger"
                }
            ],
            "bHideText": true,
            "IconSet": "NintendoSwitch",
            "IconPress": "Texture2D'/Game/Assets/2DArt/UI/Buttons/NintendoSwitch/Button_Switch_ZR.Button_Switch_ZR'"
        },
        {
            "Name": "Switch_Special_Left",
            "Keys": [
                {
                    "KeyName": "Gamepad_Special_Left"
                }
            ],
            "bHideText": true,
            "IconSet": "NintendoSwitch",
            "IconPress": "Texture2D'/Game/Assets/2DArt/UI/Buttons/NintendoSwitch/Button_Switch_Minus.Button_Switch_Minus'"
        },
        {
            "Name": "Switch_Special_Right",
            "Keys": [
                {
                    "KeyName": "Gamepad_Special_Right"
                }
            ],
            "bHideText": true,
            "IconSet": "NintendoSwitch",
            "IconPress": "Texture2D'/Game/Assets/2DArt/UI/Buttons/NintendoSwitch/Button_Switch_Plus.Button_Switch_Plus'"
        }
    ]
}