{
    "RowStruct": "/Script/Icarus.FishData",
    "Defaults": {
        "Fish": {
            "RowName": "None",
            "DataTableName": "D_ItemTemplate"
        },
        "Image": "None",
        "Lore": "",
        "Rarity": "Common",
        "Type": "Freshwater",
        "Maps": [],
        "Biomes": [],
        "MinWeight": 500,
        "MaxWeight": 10000,
        "MinLength": 50,
        "MaxLength": 1000,
        "Lures": [],
        "CaptureStat": {
            "Value": "None"
        }
    },
    "GenerateEnum": true,
    "Rows": [
        {
            "Name": "Fish_01",
            "Fish": {
                "RowName": "Fish_01"
            },
            "Image": "/Game/Assets/2DArt/UI/FieldGuide/Fish/Fish01_Var1.Fish01_Var1",
            "Lore": "NSLOCTEXT(\"D_FishData\", \"Fish_01-Lore\", \"These fish have spots as a form of camouflage, which helps them blend in with their surroundings and avoid predators.\")",
            "Maps": [
                {
                    "RowName": "Terrain_016",
                    "DataTableName": "D_Terrains"
                },
                {
                    "RowName": "Terrain_017",
                    "DataTableName": "D_Terrains"
                }
            ],
            "Lures": [
                {
                    "RowName": "Fiber_Lure",
                    "DataTableName": "D_ItemsStatic"
                },
                {
                    "RowName": "Rotten_Meat_Lure",
                    "DataTableName": "D_ItemsStatic"
                }
            ],
            "CaptureStat": {
                "Value": "ChanceToCatchFish01_+%"
            }
        },
        {
            "Name": "Fish_01_Var2",
            "Fish": {
                "RowName": "Fish_01_Var2"
            },
            "Image": "/Game/Assets/2DArt/UI/FieldGuide/Fish/Fish01_Var2.Fish01_Var2",
            "Lore": "NSLOCTEXT(\"D_FishData\", \"Fish_01_Var2-Lore\", \"These fish have spots as a form of camouflage, which helps them blend in with their surroundings and avoid predators.\")",
            "Maps": [
                {
                    "RowName": "Terrain_016",
                    "DataTableName": "D_Terrains"
                },
                {
                    "RowName": "Terrain_017",
                    "DataTableName": "D_Terrains"
                }
            ],
            "Lures": [
                {
                    "RowName": "Fiber_Lure",
                    "DataTableName": "D_ItemsStatic"
                },
                {
                    "RowName": "Rotten_Meat_Lure",
                    "DataTableName": "D_ItemsStatic"
                }
            ],
            "CaptureStat": {
                "Value": "ChanceToCatchFish01_+%"
            }
        },
        {
            "Name": "Fish_01_Var3",
            "Fish": {
                "RowName": "Fish_01_Var3"
            },
            "Image": "/Game/Assets/2DArt/UI/FieldGuide/Fish/Fish01_Var3.Fish01_Var3",
            "Lore": "NSLOCTEXT(\"D_FishData\", \"Fish_01_Var3-Lore\", \"These fish have spots as a form of camouflage, which helps them blend in with their surroundings and avoid predators.\")",
            "Maps": [
                {
                    "RowName": "Terrain_016",
                    "DataTableName": "D_Terrains"
                },
                {
                    "RowName": "Terrain_017",
                    "DataTableName": "D_Terrains"
                }
            ],
            "Lures": [
                {
                    "RowName": "Fiber_Lure",
                    "DataTableName": "D_ItemsStatic"
                },
                {
                    "RowName": "Rotten_Meat_Lure",
                    "DataTableName": "D_ItemsStatic"
                }
            ],
            "CaptureStat": {
                "Value": "ChanceToCatchFish01_+%"
            }
        },
        {
            "Name": "Fish_01_Var4",
            "Fish": {
                "RowName": "Fish_01_Var4"
            },
            "Image": "/Game/Assets/2DArt/UI/FieldGuide/Fish/Fish01_Var4.Fish01_Var4",
            "Lore": "NSLOCTEXT(\"D_FishData\", \"Fish_01_Var4-Lore\", \"These fish have spots as a form of camouflage, which helps them blend in with their surroundings and avoid predators.\")",
            "Maps": [
                {
                    "RowName": "Terrain_016",
                    "DataTableName": "D_Terrains"
                },
                {
                    "RowName": "Terrain_017",
                    "DataTableName": "D_Terrains"
                }
            ],
            "Lures": [
                {
                    "RowName": "Fiber_Lure",
                    "DataTableName": "D_ItemsStatic"
                },
                {
                    "RowName": "Rotten_Meat_Lure",
                    "DataTableName": "D_ItemsStatic"
                }
            ],
            "CaptureStat": {
                "Value": "ChanceToCatchFish01_+%"
            }
        },
        {
            "Name": "Fish_02",
            "Fish": {
                "RowName": "Fish_02"
            },
            "Image": "/Game/Assets/2DArt/UI/FieldGuide/Fish/Fish02_Var1.Fish02_Var1",
            "Lore": "NSLOCTEXT(\"D_FishData\", \"Fish_02-Lore\", \"The coloration of this fish allows it to hide in the shadows or blend in with the sandy or rocky bottom of its habitat, especially at night.\")",
            "Maps": [
                {
                    "RowName": "Terrain_016",
                    "DataTableName": "D_Terrains"
                }
            ],
            "Lures": [
                {
                    "RowName": "Fiber_Lure",
                    "DataTableName": "D_ItemsStatic"
                },
                {
                    "RowName": "Rotten_Meat_Lure",
                    "DataTableName": "D_ItemsStatic"
                }
            ],
            "CaptureStat": {
                "Value": "ChanceToCatchFish02_+%"
            }
        },
        {
            "Name": "Fish_02_Var2",
            "Fish": {
                "RowName": "Fish_02_Var2"
            },
            "Image": "/Game/Assets/2DArt/UI/FieldGuide/Fish/Fish02_Var2.Fish02_Var2",
            "Lore": "NSLOCTEXT(\"D_FishData\", \"Fish_02_Var2-Lore\", \"The coloration of this fish allows it to hide in the shadows or blend in with the sandy or rocky bottom of its habitat, especially at night.\")",
            "Maps": [
                {
                    "RowName": "Terrain_016",
                    "DataTableName": "D_Terrains"
                }
            ],
            "Lures": [
                {
                    "RowName": "Fiber_Lure",
                    "DataTableName": "D_ItemsStatic"
                },
                {
                    "RowName": "Rotten_Meat_Lure",
                    "DataTableName": "D_ItemsStatic"
                }
            ],
            "CaptureStat": {
                "Value": "ChanceToCatchFish02_+%"
            }
        },
        {
            "Name": "Fish_02_Var3",
            "Fish": {
                "RowName": "Fish_02_Var3"
            },
            "Image": "/Game/Assets/2DArt/UI/FieldGuide/Fish/Fish02_Var3.Fish02_Var3",
            "Lore": "NSLOCTEXT(\"D_FishData\", \"Fish_02_Var3-Lore\", \"The coloration of this fish allows it to hide in the shadows or blend in with the sandy or rocky bottom of its habitat, especially at night.\")",
            "Maps": [
                {
                    "RowName": "Terrain_016",
                    "DataTableName": "D_Terrains"
                }
            ],
            "Lures": [
                {
                    "RowName": "Fiber_Lure",
                    "DataTableName": "D_ItemsStatic"
                },
                {
                    "RowName": "Rotten_Meat_Lure",
                    "DataTableName": "D_ItemsStatic"
                }
            ],
            "CaptureStat": {
                "Value": "ChanceToCatchFish02_+%"
            }
        },
        {
            "Name": "Fish_02_Var4",
            "Fish": {
                "RowName": "Fish_02_Var4"
            },
            "Image": "/Game/Assets/2DArt/UI/FieldGuide/Fish/Fish02_Var4.Fish02_Var4",
            "Lore": "NSLOCTEXT(\"D_FishData\", \"Fish_02_Var4-Lore\", \"The coloration of this fish allows it to hide in the shadows or blend in with the sandy or rocky bottom of its habitat, especially at night.\")",
            "Maps": [
                {
                    "RowName": "Terrain_016",
                    "DataTableName": "D_Terrains"
                }
            ],
            "Lures": [
                {
                    "RowName": "Fiber_Lure",
                    "DataTableName": "D_ItemsStatic"
                },
                {
                    "RowName": "Rotten_Meat_Lure",
                    "DataTableName": "D_ItemsStatic"
                }
            ],
            "CaptureStat": {
                "Value": "ChanceToCatchFish02_+%"
            }
        },
        {
            "Name": "Fish_03",
            "Fish": {
                "RowName": "Fish_03"
            },
            "Image": "/Game/Assets/2DArt/UI/FieldGuide/Fish/Fish03_Var1.Fish03_Var1",
            "Lore": "NSLOCTEXT(\"D_FishData\", \"Fish_03-Lore\", \"The reflective scales of this species can help to confuse predators or attract prey, as the shimmering appearance may be mistaken for the movement of small fish or other prey.\")",
            "Type": "Saltwater",
            "Maps": [
                {
                    "RowName": "Terrain_016",
                    "DataTableName": "D_Terrains"
                },
                {
                    "RowName": "Terrain_017",
                    "DataTableName": "D_Terrains"
                }
            ],
            "MaxLength": 750,
            "Lures": [
                {
                    "RowName": "Fiber_Lure",
                    "DataTableName": "D_ItemsStatic"
                },
                {
                    "RowName": "Rotten_Meat_Lure",
                    "DataTableName": "D_ItemsStatic"
                }
            ],
            "CaptureStat": {
                "Value": "ChanceToCatchFish03_+%"
            }
        },
        {
            "Name": "Fish_03_Var2",
            "Fish": {
                "RowName": "Fish_03_Var2"
            },
            "Image": "/Game/Assets/2DArt/UI/FieldGuide/Fish/Fish03_Var2.Fish03_Var2",
            "Lore": "NSLOCTEXT(\"D_FishData\", \"Fish_03_Var2-Lore\", \"The reflective scales of this species can help to confuse predators or attract prey, as the shimmering appearance may be mistaken for the movement of small fish or other prey.\")",
            "Type": "Saltwater",
            "Maps": [
                {
                    "RowName": "Terrain_016",
                    "DataTableName": "D_Terrains"
                },
                {
                    "RowName": "Terrain_017",
                    "DataTableName": "D_Terrains"
                }
            ],
            "MaxLength": 750,
            "Lures": [
                {
                    "RowName": "Fiber_Lure",
                    "DataTableName": "D_ItemsStatic"
                },
                {
                    "RowName": "Rotten_Meat_Lure",
                    "DataTableName": "D_ItemsStatic"
                }
            ],
            "CaptureStat": {
                "Value": "ChanceToCatchFish03_+%"
            }
        },
        {
            "Name": "Fish_03_Var3",
            "Fish": {
                "RowName": "Fish_03_Var3"
            },
            "Image": "/Game/Assets/2DArt/UI/FieldGuide/Fish/Fish03_Var3.Fish03_Var3",
            "Lore": "NSLOCTEXT(\"D_FishData\", \"Fish_03_Var3-Lore\", \"The reflective scales of this species can help to confuse predators or attract prey, as the shimmering appearance may be mistaken for the movement of small fish or other prey.\")",
            "Type": "Saltwater",
            "Maps": [
                {
                    "RowName": "Terrain_016",
                    "DataTableName": "D_Terrains"
                },
                {
                    "RowName": "Terrain_017",
                    "DataTableName": "D_Terrains"
                }
            ],
            "MaxLength": 750,
            "Lures": [
                {
                    "RowName": "Fiber_Lure",
                    "DataTableName": "D_ItemsStatic"
                },
                {
                    "RowName": "Rotten_Meat_Lure",
                    "DataTableName": "D_ItemsStatic"
                }
            ],
            "CaptureStat": {
                "Value": "ChanceToCatchFish03_+%"
            }
        },
        {
            "Name": "Fish_03_Var4",
            "Fish": {
                "RowName": "Fish_03_Var4"
            },
            "Image": "/Game/Assets/2DArt/UI/FieldGuide/Fish/Fish03_Var4.Fish03_Var4",
            "Lore": "NSLOCTEXT(\"D_FishData\", \"Fish_03_Var4-Lore\", \"The reflective scales of this species can help to confuse predators or attract prey, as the shimmering appearance may be mistaken for the movement of small fish or other prey.\")",
            "Type": "Saltwater",
            "Maps": [
                {
                    "RowName": "Terrain_016",
                    "DataTableName": "D_Terrains"
                },
                {
                    "RowName": "Terrain_017",
                    "DataTableName": "D_Terrains"
                }
            ],
            "MaxLength": 750,
            "Lures": [
                {
                    "RowName": "Fiber_Lure",
                    "DataTableName": "D_ItemsStatic"
                },
                {
                    "RowName": "Rotten_Meat_Lure",
                    "DataTableName": "D_ItemsStatic"
                }
            ],
            "CaptureStat": {
                "Value": "ChanceToCatchFish03_+%"
            }
        },
        {
            "Name": "Fish_04",
            "Fish": {
                "RowName": "Fish_04"
            },
            "Image": "/Game/Assets/2DArt/UI/FieldGuide/Fish/Fish04_Var1.Fish04_Var1",
            "Lore": "NSLOCTEXT(\"D_FishData\", \"Fish_04-Lore\", \"The Ripjaw is a fierce predator that feeds on a variety of prey items, including smaller fish and invertebrates\")",
            "Type": "Saltwater",
            "Maps": [
                {
                    "RowName": "Terrain_017",
                    "DataTableName": "D_Terrains"
                }
            ],
            "MaxLength": 750,
            "Lures": [
                {
                    "RowName": "Fiber_Lure",
                    "DataTableName": "D_ItemsStatic"
                },
                {
                    "RowName": "Rotten_Meat_Lure",
                    "DataTableName": "D_ItemsStatic"
                }
            ],
            "CaptureStat": {
                "Value": "ChanceToCatchFish04_+%"
            }
        },
        {
            "Name": "Fish_04_Var2",
            "Fish": {
                "RowName": "Fish_04_Var2"
            },
            "Image": "/Game/Assets/2DArt/UI/FieldGuide/Fish/Fish04_Var2.Fish04_Var2",
            "Lore": "NSLOCTEXT(\"D_FishData\", \"Fish_04_Var2-Lore\", \"The Ripjaw is a fierce predator that feeds on a variety of prey items, including smaller fish and invertebrates\")",
            "Type": "Saltwater",
            "Maps": [
                {
                    "RowName": "Terrain_017",
                    "DataTableName": "D_Terrains"
                }
            ],
            "MaxLength": 750,
            "Lures": [
                {
                    "RowName": "Fiber_Lure",
                    "DataTableName": "D_ItemsStatic"
                },
                {
                    "RowName": "Rotten_Meat_Lure",
                    "DataTableName": "D_ItemsStatic"
                }
            ],
            "CaptureStat": {
                "Value": "ChanceToCatchFish04_+%"
            }
        },
        {
            "Name": "Fish_04_Var3",
            "Fish": {
                "RowName": "Fish_04_Var3"
            },
            "Image": "/Game/Assets/2DArt/UI/FieldGuide/Fish/Fish04_Var3.Fish04_Var3",
            "Lore": "NSLOCTEXT(\"D_FishData\", \"Fish_04_Var3-Lore\", \"The Ripjaw is a fierce predator that feeds on a variety of prey items, including smaller fish and invertebrates\")",
            "Type": "Saltwater",
            "Maps": [
                {
                    "RowName": "Terrain_017",
                    "DataTableName": "D_Terrains"
                }
            ],
            "MaxLength": 750,
            "Lures": [
                {
                    "RowName": "Fiber_Lure",
                    "DataTableName": "D_ItemsStatic"
                },
                {
                    "RowName": "Rotten_Meat_Lure",
                    "DataTableName": "D_ItemsStatic"
                }
            ],
            "CaptureStat": {
                "Value": "ChanceToCatchFish04_+%"
            }
        },
        {
            "Name": "Fish_04_Var4",
            "Fish": {
                "RowName": "Fish_04_Var4"
            },
            "Image": "/Game/Assets/2DArt/UI/FieldGuide/Fish/Fish04_Var4.Fish04_Var4",
            "Lore": "NSLOCTEXT(\"D_FishData\", \"Fish_04_Var4-Lore\", \"The Ripjaw is a fierce predator that feeds on a variety of prey items, including smaller fish and invertebrates\")",
            "Type": "Saltwater",
            "Maps": [
                {
                    "RowName": "Terrain_017",
                    "DataTableName": "D_Terrains"
                }
            ],
            "MaxLength": 750,
            "Lures": [
                {
                    "RowName": "Fiber_Lure",
                    "DataTableName": "D_ItemsStatic"
                },
                {
                    "RowName": "Rotten_Meat_Lure",
                    "DataTableName": "D_ItemsStatic"
                }
            ],
            "CaptureStat": {
                "Value": "ChanceToCatchFish04_+%"
            }
        },
        {
            "Name": "Fish_05",
            "Fish": {
                "RowName": "Fish_05"
            },
            "Image": "/Game/Assets/2DArt/UI/FieldGuide/Fish/Fish05_Var1.Fish05_Var1",
            "Lore": "NSLOCTEXT(\"D_FishData\", \"Fish_05-Lore\", \"This fish is adapted for fast swimming and maneuverability in the open ocean with it\\'s streamlined body that allows it to move through the water with minimal resistance.\")",
            "Rarity": "Uncommon",
            "Type": "Saltwater",
            "Maps": [
                {
                    "RowName": "Terrain_017",
                    "DataTableName": "D_Terrains"
                }
            ],
            "Lures": [
                {
                    "RowName": "Refined_Wood_Lure",
                    "DataTableName": "D_ItemsStatic"
                },
                {
                    "RowName": "Iron_Lure",
                    "DataTableName": "D_ItemsStatic"
                },
                {
                    "RowName": "Advanced_Iron_Lure",
                    "DataTableName": "D_ItemsStatic"
                },
                {
                    "RowName": "Reed_Flower_Lure",
                    "DataTableName": "D_ItemsStatic"
                },
                {
                    "RowName": "Cured_Leather_Lure",
                    "DataTableName": "D_ItemsStatic"
                },
                {
                    "RowName": "Gorse_Flower_Lure",
                    "DataTableName": "D_ItemsStatic"
                },
                {
                    "RowName": "Yeast_Lure",
                    "DataTableName": "D_ItemsStatic"
                },
                {
                    "RowName": "Blue_Reed_Lure",
                    "DataTableName": "D_ItemsStatic"
                }
            ],
            "CaptureStat": {
                "Value": "ChanceToCatchFish05_+%"
            }
        },
        {
            "Name": "Fish_05_Var2",
            "Fish": {
                "RowName": "Fish_05_Var2"
            },
            "Image": "/Game/Assets/2DArt/UI/FieldGuide/Fish/Fish05_Var2.Fish05_Var2",
            "Lore": "NSLOCTEXT(\"D_FishData\", \"Fish_05_Var2-Lore\", \"This fish is adapted for fast swimming and maneuverability in the open ocean with it\\'s streamlined body that allows it to move through the water with minimal resistance.\")",
            "Rarity": "Uncommon",
            "Type": "Saltwater",
            "Maps": [
                {
                    "RowName": "Terrain_017",
                    "DataTableName": "D_Terrains"
                }
            ],
            "Lures": [
                {
                    "RowName": "Refined_Wood_Lure",
                    "DataTableName": "D_ItemsStatic"
                },
                {
                    "RowName": "Iron_Lure",
                    "DataTableName": "D_ItemsStatic"
                },
                {
                    "RowName": "Advanced_Iron_Lure",
                    "DataTableName": "D_ItemsStatic"
                },
                {
                    "RowName": "Reed_Flower_Lure",
                    "DataTableName": "D_ItemsStatic"
                },
                {
                    "RowName": "Cured_Leather_Lure",
                    "DataTableName": "D_ItemsStatic"
                },
                {
                    "RowName": "Gorse_Flower_Lure",
                    "DataTableName": "D_ItemsStatic"
                },
                {
                    "RowName": "Yeast_Lure",
                    "DataTableName": "D_ItemsStatic"
                },
                {
                    "RowName": "Blue_Reed_Lure",
                    "DataTableName": "D_ItemsStatic"
                }
            ],
            "CaptureStat": {
                "Value": "ChanceToCatchFish05_+%"
            }
        },
        {
            "Name": "Fish_05_Var3",
            "Fish": {
                "RowName": "Fish_05_Var3"
            },
            "Image": "/Game/Assets/2DArt/UI/FieldGuide/Fish/Fish05_Var3.Fish05_Var3",
            "Lore": "NSLOCTEXT(\"D_FishData\", \"Fish_05_Var3-Lore\", \"This fish is adapted for fast swimming and maneuverability in the open ocean with it\\'s streamlined body that allows it to move through the water with minimal resistance.\")",
            "Rarity": "Uncommon",
            "Type": "Saltwater",
            "Maps": [
                {
                    "RowName": "Terrain_017",
                    "DataTableName": "D_Terrains"
                }
            ],
            "Lures": [
                {
                    "RowName": "Refined_Wood_Lure",
                    "DataTableName": "D_ItemsStatic"
                },
                {
                    "RowName": "Iron_Lure",
                    "DataTableName": "D_ItemsStatic"
                },
                {
                    "RowName": "Advanced_Iron_Lure",
                    "DataTableName": "D_ItemsStatic"
                },
                {
                    "RowName": "Reed_Flower_Lure",
                    "DataTableName": "D_ItemsStatic"
                },
                {
                    "RowName": "Cured_Leather_Lure",
                    "DataTableName": "D_ItemsStatic"
                },
                {
                    "RowName": "Gorse_Flower_Lure",
                    "DataTableName": "D_ItemsStatic"
                },
                {
                    "RowName": "Yeast_Lure",
                    "DataTableName": "D_ItemsStatic"
                },
                {
                    "RowName": "Blue_Reed_Lure",
                    "DataTableName": "D_ItemsStatic"
                }
            ],
            "CaptureStat": {
                "Value": "ChanceToCatchFish05_+%"
            }
        },
        {
            "Name": "Fish_05_Var4",
            "Fish": {
                "RowName": "Fish_05_Var4"
            },
            "Image": "/Game/Assets/2DArt/UI/FieldGuide/Fish/Fish05_Var4.Fish05_Var4",
            "Lore": "NSLOCTEXT(\"D_FishData\", \"Fish_05_Var4-Lore\", \"This fish is adapted for fast swimming and maneuverability in the open ocean with it\\'s streamlined body that allows it to move through the water with minimal resistance.\")",
            "Rarity": "Uncommon",
            "Type": "Saltwater",
            "Maps": [
                {
                    "RowName": "Terrain_019",
                    "DataTableName": "D_Terrains"
                }
            ],
            "Lures": [
                {
                    "RowName": "Refined_Wood_Lure",
                    "DataTableName": "D_ItemsStatic"
                },
                {
                    "RowName": "Iron_Lure",
                    "DataTableName": "D_ItemsStatic"
                },
                {
                    "RowName": "Advanced_Iron_Lure",
                    "DataTableName": "D_ItemsStatic"
                },
                {
                    "RowName": "Reed_Flower_Lure",
                    "DataTableName": "D_ItemsStatic"
                },
                {
                    "RowName": "Cured_Leather_Lure",
                    "DataTableName": "D_ItemsStatic"
                },
                {
                    "RowName": "Gorse_Flower_Lure",
                    "DataTableName": "D_ItemsStatic"
                },
                {
                    "RowName": "Yeast_Lure",
                    "DataTableName": "D_ItemsStatic"
                },
                {
                    "RowName": "Blue_Reed_Lure",
                    "DataTableName": "D_ItemsStatic"
                }
            ],
            "CaptureStat": {
                "Value": "ChanceToCatchFish05_+%"
            },
            "Metadata": {
                "RequiredFeatureLevel": {
                    "RowName": "NewFrontiers"
                }
            }
        },
        {
            "Name": "Fish_06",
            "Fish": {
                "RowName": "Fish_06"
            },
            "Image": "/Game/Assets/2DArt/UI/FieldGuide/Fish/Fish06_Var1.Fish06_Var1",
            "Lore": "NSLOCTEXT(\"D_FishData\", \"Fish_06-Lore\", \"The Triggerfish exhibits territorial behavior and courtship displays, which help it to find and attract mates or defend its territory from other fish.\")",
            "Rarity": "Uncommon",
            "Type": "Saltwater",
            "Maps": [
                {
                    "RowName": "Terrain_017",
                    "DataTableName": "D_Terrains"
                }
            ],
            "Lures": [
                {
                    "RowName": "Refined_Wood_Lure",
                    "DataTableName": "D_ItemsStatic"
                },
                {
                    "RowName": "Iron_Lure",
                    "DataTableName": "D_ItemsStatic"
                },
                {
                    "RowName": "Advanced_Iron_Lure",
                    "DataTableName": "D_ItemsStatic"
                },
                {
                    "RowName": "Reed_Flower_Lure",
                    "DataTableName": "D_ItemsStatic"
                },
                {
                    "RowName": "Cured_Leather_Lure",
                    "DataTableName": "D_ItemsStatic"
                },
                {
                    "RowName": "Gorse_Flower_Lure",
                    "DataTableName": "D_ItemsStatic"
                },
                {
                    "RowName": "Yeast_Lure",
                    "DataTableName": "D_ItemsStatic"
                },
                {
                    "RowName": "Blue_Reed_Lure",
                    "DataTableName": "D_ItemsStatic"
                }
            ],
            "CaptureStat": {
                "Value": "ChanceToCatchFish06_+%"
            }
        },
        {
            "Name": "Fish_06_Var2",
            "Fish": {
                "RowName": "Fish_06_Var2"
            },
            "Image": "/Game/Assets/2DArt/UI/FieldGuide/Fish/Fish06_Var2.Fish06_Var2",
            "Lore": "NSLOCTEXT(\"D_FishData\", \"Fish_06_Var2-Lore\", \"The Triggerfish exhibits territorial behavior and courtship displays, which help it to find and attract mates or defend its territory from other fish.\")",
            "Rarity": "Uncommon",
            "Type": "Saltwater",
            "Maps": [
                {
                    "RowName": "Terrain_017",
                    "DataTableName": "D_Terrains"
                }
            ],
            "Lures": [
                {
                    "RowName": "Refined_Wood_Lure",
                    "DataTableName": "D_ItemsStatic"
                },
                {
                    "RowName": "Iron_Lure",
                    "DataTableName": "D_ItemsStatic"
                },
                {
                    "RowName": "Advanced_Iron_Lure",
                    "DataTableName": "D_ItemsStatic"
                },
                {
                    "RowName": "Reed_Flower_Lure",
                    "DataTableName": "D_ItemsStatic"
                },
                {
                    "RowName": "Cured_Leather_Lure",
                    "DataTableName": "D_ItemsStatic"
                },
                {
                    "RowName": "Gorse_Flower_Lure",
                    "DataTableName": "D_ItemsStatic"
                },
                {
                    "RowName": "Yeast_Lure",
                    "DataTableName": "D_ItemsStatic"
                },
                {
                    "RowName": "Blue_Reed_Lure",
                    "DataTableName": "D_ItemsStatic"
                }
            ],
            "CaptureStat": {
                "Value": "ChanceToCatchFish06_+%"
            }
        },
        {
            "Name": "Fish_06_Var3",
            "Fish": {
                "RowName": "Fish_06_Var3"
            },
            "Image": "/Game/Assets/2DArt/UI/FieldGuide/Fish/Fish06_Var3.Fish06_Var3",
            "Lore": "NSLOCTEXT(\"D_FishData\", \"Fish_06_Var3-Lore\", \"The Triggerfish exhibits territorial behavior and courtship displays, which help it to find and attract mates or defend its territory from other fish.\")",
            "Rarity": "Uncommon",
            "Type": "Saltwater",
            "Maps": [
                {
                    "RowName": "Terrain_017",
                    "DataTableName": "D_Terrains"
                }
            ],
            "Lures": [
                {
                    "RowName": "Refined_Wood_Lure",
                    "DataTableName": "D_ItemsStatic"
                },
                {
                    "RowName": "Iron_Lure",
                    "DataTableName": "D_ItemsStatic"
                },
                {
                    "RowName": "Advanced_Iron_Lure",
                    "DataTableName": "D_ItemsStatic"
                },
                {
                    "RowName": "Reed_Flower_Lure",
                    "DataTableName": "D_ItemsStatic"
                },
                {
                    "RowName": "Cured_Leather_Lure",
                    "DataTableName": "D_ItemsStatic"
                },
                {
                    "RowName": "Gorse_Flower_Lure",
                    "DataTableName": "D_ItemsStatic"
                },
                {
                    "RowName": "Yeast_Lure",
                    "DataTableName": "D_ItemsStatic"
                },
                {
                    "RowName": "Blue_Reed_Lure",
                    "DataTableName": "D_ItemsStatic"
                }
            ],
            "CaptureStat": {
                "Value": "ChanceToCatchFish06_+%"
            }
        },
        {
            "Name": "Fish_06_Var4",
            "Fish": {
                "RowName": "Fish_06_Var4"
            },
            "Image": "/Game/Assets/2DArt/UI/FieldGuide/Fish/Fish06_Var4.Fish06_Var4",
            "Lore": "NSLOCTEXT(\"D_FishData\", \"Fish_06_Var4-Lore\", \"The Triggerfish exhibits territorial behavior and courtship displays, which help it to find and attract mates or defend its territory from other fish.\")",
            "Rarity": "Uncommon",
            "Type": "Saltwater",
            "Maps": [
                {
                    "RowName": "Terrain_017",
                    "DataTableName": "D_Terrains"
                }
            ],
            "Lures": [
                {
                    "RowName": "Refined_Wood_Lure",
                    "DataTableName": "D_ItemsStatic"
                },
                {
                    "RowName": "Iron_Lure",
                    "DataTableName": "D_ItemsStatic"
                },
                {
                    "RowName": "Advanced_Iron_Lure",
                    "DataTableName": "D_ItemsStatic"
                },
                {
                    "RowName": "Reed_Flower_Lure",
                    "DataTableName": "D_ItemsStatic"
                },
                {
                    "RowName": "Cured_Leather_Lure",
                    "DataTableName": "D_ItemsStatic"
                },
                {
                    "RowName": "Gorse_Flower_Lure",
                    "DataTableName": "D_ItemsStatic"
                },
                {
                    "RowName": "Yeast_Lure",
                    "DataTableName": "D_ItemsStatic"
                },
                {
                    "RowName": "Blue_Reed_Lure",
                    "DataTableName": "D_ItemsStatic"
                }
            ],
            "CaptureStat": {
                "Value": "ChanceToCatchFish06_+%"
            }
        },
        {
            "Name": "Fish_07",
            "Fish": {
                "RowName": "Fish_07"
            },
            "Image": "/Game/Assets/2DArt/UI/FieldGuide/Fish/Fish07_Var1.Fish07_Var1",
            "Lore": "NSLOCTEXT(\"D_FishData\", \"Fish_07-Lore\", \"The shiny scales of this fish help it to blend in with the reflective and shimmering surfaces of its environment.\")",
            "Rarity": "Uncommon",
            "Maps": [
                {
                    "RowName": "Terrain_016",
                    "DataTableName": "D_Terrains"
                }
            ],
            "Lures": [
                {
                    "RowName": "Refined_Wood_Lure",
                    "DataTableName": "D_ItemsStatic"
                },
                {
                    "RowName": "Iron_Lure",
                    "DataTableName": "D_ItemsStatic"
                },
                {
                    "RowName": "Advanced_Iron_Lure",
                    "DataTableName": "D_ItemsStatic"
                },
                {
                    "RowName": "Reed_Flower_Lure",
                    "DataTableName": "D_ItemsStatic"
                },
                {
                    "RowName": "Cured_Leather_Lure",
                    "DataTableName": "D_ItemsStatic"
                },
                {
                    "RowName": "Gorse_Flower_Lure",
                    "DataTableName": "D_ItemsStatic"
                },
                {
                    "RowName": "Yeast_Lure",
                    "DataTableName": "D_ItemsStatic"
                },
                {
                    "RowName": "Blue_Reed_Lure",
                    "DataTableName": "D_ItemsStatic"
                }
            ],
            "CaptureStat": {
                "Value": "ChanceToCatchFish07_+%"
            }
        },
        {
            "Name": "Fish_07_Var2",
            "Fish": {
                "RowName": "Fish_07_Var2"
            },
            "Image": "/Game/Assets/2DArt/UI/FieldGuide/Fish/Fish07_Var2.Fish07_Var2",
            "Lore": "NSLOCTEXT(\"D_FishData\", \"Fish_07_Var2-Lore\", \"The shiny scales of this fish help it to blend in with the reflective and shimmering surfaces of its environment.\")",
            "Rarity": "Uncommon",
            "Maps": [
                {
                    "RowName": "Terrain_016",
                    "DataTableName": "D_Terrains"
                }
            ],
            "Lures": [
                {
                    "RowName": "Refined_Wood_Lure",
                    "DataTableName": "D_ItemsStatic"
                },
                {
                    "RowName": "Iron_Lure",
                    "DataTableName": "D_ItemsStatic"
                },
                {
                    "RowName": "Advanced_Iron_Lure",
                    "DataTableName": "D_ItemsStatic"
                },
                {
                    "RowName": "Reed_Flower_Lure",
                    "DataTableName": "D_ItemsStatic"
                },
                {
                    "RowName": "Cured_Leather_Lure",
                    "DataTableName": "D_ItemsStatic"
                },
                {
                    "RowName": "Gorse_Flower_Lure",
                    "DataTableName": "D_ItemsStatic"
                },
                {
                    "RowName": "Yeast_Lure",
                    "DataTableName": "D_ItemsStatic"
                },
                {
                    "RowName": "Blue_Reed_Lure",
                    "DataTableName": "D_ItemsStatic"
                }
            ],
            "CaptureStat": {
                "Value": "ChanceToCatchFish07_+%"
            }
        },
        {
            "Name": "Fish_07_Var3",
            "Fish": {
                "RowName": "Fish_07_Var3"
            },
            "Image": "/Game/Assets/2DArt/UI/FieldGuide/Fish/Fish07_Var3.Fish07_Var3",
            "Lore": "NSLOCTEXT(\"D_FishData\", \"Fish_07_Var3-Lore\", \"The shiny scales of this fish help it to blend in with the reflective and shimmering surfaces of its environment.\")",
            "Rarity": "Uncommon",
            "Maps": [
                {
                    "RowName": "Terrain_019",
                    "DataTableName": "D_Terrains"
                }
            ],
            "Lures": [
                {
                    "RowName": "Refined_Wood_Lure",
                    "DataTableName": "D_ItemsStatic"
                },
                {
                    "RowName": "Iron_Lure",
                    "DataTableName": "D_ItemsStatic"
                },
                {
                    "RowName": "Advanced_Iron_Lure",
                    "DataTableName": "D_ItemsStatic"
                },
                {
                    "RowName": "Reed_Flower_Lure",
                    "DataTableName": "D_ItemsStatic"
                },
                {
                    "RowName": "Cured_Leather_Lure",
                    "DataTableName": "D_ItemsStatic"
                },
                {
                    "RowName": "Gorse_Flower_Lure",
                    "DataTableName": "D_ItemsStatic"
                },
                {
                    "RowName": "Yeast_Lure",
                    "DataTableName": "D_ItemsStatic"
                },
                {
                    "RowName": "Blue_Reed_Lure",
                    "DataTableName": "D_ItemsStatic"
                }
            ],
            "CaptureStat": {
                "Value": "ChanceToCatchFish07_+%"
            },
            "Metadata": {
                "RequiredFeatureLevel": {
                    "RowName": "NewFrontiers"
                }
            }
        },
        {
            "Name": "Fish_07_Var4",
            "Fish": {
                "RowName": "Fish_07_Var4"
            },
            "Image": "/Game/Assets/2DArt/UI/FieldGuide/Fish/Fish07_Var4.Fish07_Var4",
            "Lore": "NSLOCTEXT(\"D_FishData\", \"Fish_07_Var4-Lore\", \"The shiny scales of this fish help it to blend in with the reflective and shimmering surfaces of its environment.\")",
            "Rarity": "Uncommon",
            "Maps": [
                {
                    "RowName": "Terrain_019",
                    "DataTableName": "D_Terrains"
                }
            ],
            "Lures": [
                {
                    "RowName": "Refined_Wood_Lure",
                    "DataTableName": "D_ItemsStatic"
                },
                {
                    "RowName": "Iron_Lure",
                    "DataTableName": "D_ItemsStatic"
                },
                {
                    "RowName": "Advanced_Iron_Lure",
                    "DataTableName": "D_ItemsStatic"
                },
                {
                    "RowName": "Reed_Flower_Lure",
                    "DataTableName": "D_ItemsStatic"
                },
                {
                    "RowName": "Cured_Leather_Lure",
                    "DataTableName": "D_ItemsStatic"
                },
                {
                    "RowName": "Gorse_Flower_Lure",
                    "DataTableName": "D_ItemsStatic"
                },
                {
                    "RowName": "Yeast_Lure",
                    "DataTableName": "D_ItemsStatic"
                },
                {
                    "RowName": "Blue_Reed_Lure",
                    "DataTableName": "D_ItemsStatic"
                }
            ],
            "CaptureStat": {
                "Value": "ChanceToCatchFish07_+%"
            },
            "Metadata": {
                "RequiredFeatureLevel": {
                    "RowName": "NewFrontiers"
                }
            }
        },
        {
            "Name": "Fish_08",
            "Fish": {
                "RowName": "Fish_08"
            },
            "Image": "/Game/Assets/2DArt/UI/FieldGuide/Fish/Fish08_Var1.Fish08_Var1",
            "Lore": "NSLOCTEXT(\"D_FishData\", \"Fish_08-Lore\", \"This fish uses it\\'s stripes to signal to other fish in its school or potential mates.\")",
            "Rarity": "Uncommon",
            "Maps": [
                {
                    "RowName": "Terrain_016",
                    "DataTableName": "D_Terrains"
                }
            ],
            "MinLength": 100,
            "Lures": [
                {
                    "RowName": "Refined_Wood_Lure",
                    "DataTableName": "D_ItemsStatic"
                },
                {
                    "RowName": "Iron_Lure",
                    "DataTableName": "D_ItemsStatic"
                },
                {
                    "RowName": "Advanced_Iron_Lure",
                    "DataTableName": "D_ItemsStatic"
                },
                {
                    "RowName": "Reed_Flower_Lure",
                    "DataTableName": "D_ItemsStatic"
                },
                {
                    "RowName": "Cured_Leather_Lure",
                    "DataTableName": "D_ItemsStatic"
                },
                {
                    "RowName": "Gorse_Flower_Lure",
                    "DataTableName": "D_ItemsStatic"
                },
                {
                    "RowName": "Yeast_Lure",
                    "DataTableName": "D_ItemsStatic"
                },
                {
                    "RowName": "Blue_Reed_Lure",
                    "DataTableName": "D_ItemsStatic"
                }
            ],
            "CaptureStat": {
                "Value": "ChanceToCatchFish08_+%"
            }
        },
        {
            "Name": "Fish_08_Var2",
            "Fish": {
                "RowName": "Fish_08_Var2"
            },
            "Image": "/Game/Assets/2DArt/UI/FieldGuide/Fish/Fish08_Var2.Fish08_Var2",
            "Lore": "NSLOCTEXT(\"D_FishData\", \"Fish_08_Var2-Lore\", \"This fish uses it\\'s stripes to signal to other fish in its school or potential mates.\")",
            "Rarity": "Uncommon",
            "Maps": [
                {
                    "RowName": "Terrain_016",
                    "DataTableName": "D_Terrains"
                }
            ],
            "MinLength": 100,
            "Lures": [
                {
                    "RowName": "Refined_Wood_Lure",
                    "DataTableName": "D_ItemsStatic"
                },
                {
                    "RowName": "Iron_Lure",
                    "DataTableName": "D_ItemsStatic"
                },
                {
                    "RowName": "Advanced_Iron_Lure",
                    "DataTableName": "D_ItemsStatic"
                },
                {
                    "RowName": "Reed_Flower_Lure",
                    "DataTableName": "D_ItemsStatic"
                },
                {
                    "RowName": "Cured_Leather_Lure",
                    "DataTableName": "D_ItemsStatic"
                },
                {
                    "RowName": "Gorse_Flower_Lure",
                    "DataTableName": "D_ItemsStatic"
                },
                {
                    "RowName": "Yeast_Lure",
                    "DataTableName": "D_ItemsStatic"
                },
                {
                    "RowName": "Blue_Reed_Lure",
                    "DataTableName": "D_ItemsStatic"
                }
            ],
            "CaptureStat": {
                "Value": "ChanceToCatchFish08_+%"
            }
        },
        {
            "Name": "Fish_08_Var3",
            "Fish": {
                "RowName": "Fish_08_Var3"
            },
            "Image": "/Game/Assets/2DArt/UI/FieldGuide/Fish/Fish08_Var3.Fish08_Var3",
            "Lore": "NSLOCTEXT(\"D_FishData\", \"Fish_08_Var3-Lore\", \"This fish uses it\\'s stripes to signal to other fish in its school or potential mates.\")",
            "Rarity": "Uncommon",
            "Maps": [
                {
                    "RowName": "Terrain_019",
                    "DataTableName": "D_Terrains"
                }
            ],
            "MinLength": 100,
            "Lures": [
                {
                    "RowName": "Refined_Wood_Lure",
                    "DataTableName": "D_ItemsStatic"
                },
                {
                    "RowName": "Iron_Lure",
                    "DataTableName": "D_ItemsStatic"
                },
                {
                    "RowName": "Advanced_Iron_Lure",
                    "DataTableName": "D_ItemsStatic"
                },
                {
                    "RowName": "Reed_Flower_Lure",
                    "DataTableName": "D_ItemsStatic"
                },
                {
                    "RowName": "Cured_Leather_Lure",
                    "DataTableName": "D_ItemsStatic"
                },
                {
                    "RowName": "Gorse_Flower_Lure",
                    "DataTableName": "D_ItemsStatic"
                },
                {
                    "RowName": "Yeast_Lure",
                    "DataTableName": "D_ItemsStatic"
                },
                {
                    "RowName": "Blue_Reed_Lure",
                    "DataTableName": "D_ItemsStatic"
                }
            ],
            "CaptureStat": {
                "Value": "ChanceToCatchFish08_+%"
            },
            "Metadata": {
                "RequiredFeatureLevel": {
                    "RowName": "NewFrontiers"
                }
            }
        },
        {
            "Name": "Fish_08_Var4",
            "Fish": {
                "RowName": "Fish_08_Var4"
            },
            "Image": "/Game/Assets/2DArt/UI/FieldGuide/Fish/Fish08_Var4.Fish08_Var4",
            "Lore": "NSLOCTEXT(\"D_FishData\", \"Fish_08_Var4-Lore\", \"This fish uses it\\'s stripes to signal to other fish in its school or potential mates.\")",
            "Rarity": "Uncommon",
            "Maps": [
                {
                    "RowName": "Terrain_019",
                    "DataTableName": "D_Terrains"
                }
            ],
            "MinLength": 100,
            "Lures": [
                {
                    "RowName": "Refined_Wood_Lure",
                    "DataTableName": "D_ItemsStatic"
                },
                {
                    "RowName": "Iron_Lure",
                    "DataTableName": "D_ItemsStatic"
                },
                {
                    "RowName": "Advanced_Iron_Lure",
                    "DataTableName": "D_ItemsStatic"
                },
                {
                    "RowName": "Reed_Flower_Lure",
                    "DataTableName": "D_ItemsStatic"
                },
                {
                    "RowName": "Cured_Leather_Lure",
                    "DataTableName": "D_ItemsStatic"
                },
                {
                    "RowName": "Gorse_Flower_Lure",
                    "DataTableName": "D_ItemsStatic"
                },
                {
                    "RowName": "Yeast_Lure",
                    "DataTableName": "D_ItemsStatic"
                },
                {
                    "RowName": "Blue_Reed_Lure",
                    "DataTableName": "D_ItemsStatic"
                }
            ],
            "CaptureStat": {
                "Value": "ChanceToCatchFish08_+%"
            },
            "Metadata": {
                "RequiredFeatureLevel": {
                    "RowName": "NewFrontiers"
                }
            }
        },
        {
            "Name": "Fish_09",
            "Fish": {
                "RowName": "Fish_09"
            },
            "Image": "/Game/Assets/2DArt/UI/FieldGuide/Fish/Fish09_Var1.Fish09_Var1",
            "Lore": "NSLOCTEXT(\"D_FishData\", \"Fish_09-Lore\", \"This fish has adapted to swim against strong currents and navigate through rocky rapids.\")",
            "Rarity": "Uncommon",
            "Maps": [
                {
                    "RowName": "Terrain_016",
                    "DataTableName": "D_Terrains"
                },
                {
                    "RowName": "Terrain_017",
                    "DataTableName": "D_Terrains"
                }
            ],
            "MinLength": 300,
            "Lures": [
                {
                    "RowName": "Refined_Wood_Lure",
                    "DataTableName": "D_ItemsStatic"
                },
                {
                    "RowName": "Iron_Lure",
                    "DataTableName": "D_ItemsStatic"
                },
                {
                    "RowName": "Advanced_Iron_Lure",
                    "DataTableName": "D_ItemsStatic"
                },
                {
                    "RowName": "Reed_Flower_Lure",
                    "DataTableName": "D_ItemsStatic"
                },
                {
                    "RowName": "Cured_Leather_Lure",
                    "DataTableName": "D_ItemsStatic"
                },
                {
                    "RowName": "Gorse_Flower_Lure",
                    "DataTableName": "D_ItemsStatic"
                },
                {
                    "RowName": "Yeast_Lure",
                    "DataTableName": "D_ItemsStatic"
                },
                {
                    "RowName": "Blue_Reed_Lure",
                    "DataTableName": "D_ItemsStatic"
                }
            ],
            "CaptureStat": {
                "Value": "ChanceToCatchFish09_+%"
            }
        },
        {
            "Name": "Fish_09_Var2",
            "Fish": {
                "RowName": "Fish_09_Var2"
            },
            "Image": "/Game/Assets/2DArt/UI/FieldGuide/Fish/Fish09_Var2.Fish09_Var2",
            "Lore": "NSLOCTEXT(\"D_FishData\", \"Fish_09_Var2-Lore\", \"This fish has adapted to swim against strong currents and navigate through rocky rapids.\")",
            "Rarity": "Uncommon",
            "Maps": [
                {
                    "RowName": "Terrain_016",
                    "DataTableName": "D_Terrains"
                },
                {
                    "RowName": "Terrain_017",
                    "DataTableName": "D_Terrains"
                }
            ],
            "MinLength": 300,
            "Lures": [
                {
                    "RowName": "Refined_Wood_Lure",
                    "DataTableName": "D_ItemsStatic"
                },
                {
                    "RowName": "Iron_Lure",
                    "DataTableName": "D_ItemsStatic"
                },
                {
                    "RowName": "Advanced_Iron_Lure",
                    "DataTableName": "D_ItemsStatic"
                },
                {
                    "RowName": "Reed_Flower_Lure",
                    "DataTableName": "D_ItemsStatic"
                },
                {
                    "RowName": "Cured_Leather_Lure",
                    "DataTableName": "D_ItemsStatic"
                },
                {
                    "RowName": "Gorse_Flower_Lure",
                    "DataTableName": "D_ItemsStatic"
                },
                {
                    "RowName": "Yeast_Lure",
                    "DataTableName": "D_ItemsStatic"
                },
                {
                    "RowName": "Blue_Reed_Lure",
                    "DataTableName": "D_ItemsStatic"
                }
            ],
            "CaptureStat": {
                "Value": "ChanceToCatchFish09_+%"
            }
        },
        {
            "Name": "Fish_09_Var3",
            "Fish": {
                "RowName": "Fish_09_Var3"
            },
            "Image": "/Game/Assets/2DArt/UI/FieldGuide/Fish/Fish09_Var3.Fish09_Var3",
            "Lore": "NSLOCTEXT(\"D_FishData\", \"Fish_09_Var3-Lore\", \"This fish has adapted to swim against strong currents and navigate through rocky rapids.\")",
            "Rarity": "Uncommon",
            "Maps": [
                {
                    "RowName": "Terrain_016",
                    "DataTableName": "D_Terrains"
                },
                {
                    "RowName": "Terrain_017",
                    "DataTableName": "D_Terrains"
                }
            ],
            "MinLength": 300,
            "Lures": [
                {
                    "RowName": "Refined_Wood_Lure",
                    "DataTableName": "D_ItemsStatic"
                },
                {
                    "RowName": "Iron_Lure",
                    "DataTableName": "D_ItemsStatic"
                },
                {
                    "RowName": "Advanced_Iron_Lure",
                    "DataTableName": "D_ItemsStatic"
                },
                {
                    "RowName": "Reed_Flower_Lure",
                    "DataTableName": "D_ItemsStatic"
                },
                {
                    "RowName": "Cured_Leather_Lure",
                    "DataTableName": "D_ItemsStatic"
                },
                {
                    "RowName": "Gorse_Flower_Lure",
                    "DataTableName": "D_ItemsStatic"
                },
                {
                    "RowName": "Yeast_Lure",
                    "DataTableName": "D_ItemsStatic"
                },
                {
                    "RowName": "Blue_Reed_Lure",
                    "DataTableName": "D_ItemsStatic"
                }
            ],
            "CaptureStat": {
                "Value": "ChanceToCatchFish09_+%"
            }
        },
        {
            "Name": "Fish_09_Var4",
            "Fish": {
                "RowName": "Fish_09_Var4"
            },
            "Image": "/Game/Assets/2DArt/UI/FieldGuide/Fish/Fish09_Var4.Fish09_Var4",
            "Lore": "NSLOCTEXT(\"D_FishData\", \"Fish_09_Var4-Lore\", \"This fish has adapted to swim against strong currents and navigate through rocky rapids.\")",
            "Rarity": "Uncommon",
            "Maps": [
                {
                    "RowName": "Terrain_016",
                    "DataTableName": "D_Terrains"
                },
                {
                    "RowName": "Terrain_017",
                    "DataTableName": "D_Terrains"
                }
            ],
            "MinLength": 300,
            "Lures": [
                {
                    "RowName": "Refined_Wood_Lure",
                    "DataTableName": "D_ItemsStatic"
                },
                {
                    "RowName": "Iron_Lure",
                    "DataTableName": "D_ItemsStatic"
                },
                {
                    "RowName": "Advanced_Iron_Lure",
                    "DataTableName": "D_ItemsStatic"
                },
                {
                    "RowName": "Reed_Flower_Lure",
                    "DataTableName": "D_ItemsStatic"
                },
                {
                    "RowName": "Cured_Leather_Lure",
                    "DataTableName": "D_ItemsStatic"
                },
                {
                    "RowName": "Gorse_Flower_Lure",
                    "DataTableName": "D_ItemsStatic"
                },
                {
                    "RowName": "Yeast_Lure",
                    "DataTableName": "D_ItemsStatic"
                },
                {
                    "RowName": "Blue_Reed_Lure",
                    "DataTableName": "D_ItemsStatic"
                }
            ],
            "CaptureStat": {
                "Value": "ChanceToCatchFish09_+%"
            }
        },
        {
            "Name": "Fish_10",
            "Fish": {
                "RowName": "Fish_10"
            },
            "Image": "/Game/Assets/2DArt/UI/FieldGuide/Fish/Fish10_Var1.Fish10_Var1",
            "Lore": "NSLOCTEXT(\"D_FishData\", \"Fish_10-Lore\", \"A small freshwater fish known for its striking coloration and active personality.\")",
            "Rarity": "Rare",
            "Maps": [
                {
                    "RowName": "Terrain_016",
                    "DataTableName": "D_Terrains"
                },
                {
                    "RowName": "Terrain_017",
                    "DataTableName": "D_Terrains"
                }
            ],
            "MinLength": 250,
            "Lures": [
                {
                    "RowName": "Dogtags_Lure",
                    "DataTableName": "D_ItemsStatic"
                },
                {
                    "RowName": "Rubber_Lure",
                    "DataTableName": "D_ItemsStatic"
                },
                {
                    "RowName": "Poison_Sack_Lure",
                    "DataTableName": "D_ItemsStatic"
                },
                {
                    "RowName": "White_Jelly_Lure",
                    "DataTableName": "D_ItemsStatic"
                }
            ],
            "CaptureStat": {
                "Value": "ChanceToCatchFish10_+%"
            }
        },
        {
            "Name": "Fish_10_Var2",
            "Fish": {
                "RowName": "Fish_10_Var2"
            },
            "Image": "/Game/Assets/2DArt/UI/FieldGuide/Fish/Fish10_Var2.Fish10_Var2",
            "Lore": "NSLOCTEXT(\"D_FishData\", \"Fish_10_Var2-Lore\", \"A small freshwater fish known for its striking coloration and active personality.\")",
            "Rarity": "Rare",
            "Maps": [
                {
                    "RowName": "Terrain_016",
                    "DataTableName": "D_Terrains"
                },
                {
                    "RowName": "Terrain_017",
                    "DataTableName": "D_Terrains"
                }
            ],
            "MinLength": 250,
            "Lures": [
                {
                    "RowName": "Dogtags_Lure",
                    "DataTableName": "D_ItemsStatic"
                },
                {
                    "RowName": "Rubber_Lure",
                    "DataTableName": "D_ItemsStatic"
                },
                {
                    "RowName": "Poison_Sack_Lure",
                    "DataTableName": "D_ItemsStatic"
                },
                {
                    "RowName": "White_Jelly_Lure",
                    "DataTableName": "D_ItemsStatic"
                }
            ],
            "CaptureStat": {
                "Value": "ChanceToCatchFish10_+%"
            }
        },
        {
            "Name": "Fish_10_Var3",
            "Fish": {
                "RowName": "Fish_10_Var3"
            },
            "Image": "/Game/Assets/2DArt/UI/FieldGuide/Fish/Fish10_Var3.Fish10_Var3",
            "Lore": "NSLOCTEXT(\"D_FishData\", \"Fish_10_Var3-Lore\", \"A small freshwater fish known for its striking coloration and active personality.\")",
            "Rarity": "Rare",
            "Maps": [
                {
                    "RowName": "Terrain_016",
                    "DataTableName": "D_Terrains"
                },
                {
                    "RowName": "Terrain_017",
                    "DataTableName": "D_Terrains"
                }
            ],
            "MinLength": 250,
            "Lures": [
                {
                    "RowName": "Dogtags_Lure",
                    "DataTableName": "D_ItemsStatic"
                },
                {
                    "RowName": "Rubber_Lure",
                    "DataTableName": "D_ItemsStatic"
                },
                {
                    "RowName": "Poison_Sack_Lure",
                    "DataTableName": "D_ItemsStatic"
                },
                {
                    "RowName": "White_Jelly_Lure",
                    "DataTableName": "D_ItemsStatic"
                }
            ],
            "CaptureStat": {
                "Value": "ChanceToCatchFish10_+%"
            }
        },
        {
            "Name": "Fish_10_Var4",
            "Fish": {
                "RowName": "Fish_10_Var4"
            },
            "Image": "/Game/Assets/2DArt/UI/FieldGuide/Fish/Fish10_Var4.Fish10_Var4",
            "Lore": "NSLOCTEXT(\"D_FishData\", \"Fish_10_Var4-Lore\", \"A small freshwater fish known for its striking coloration and active personality.\")",
            "Rarity": "Rare",
            "Maps": [
                {
                    "RowName": "Terrain_016",
                    "DataTableName": "D_Terrains"
                },
                {
                    "RowName": "Terrain_017",
                    "DataTableName": "D_Terrains"
                }
            ],
            "MinLength": 250,
            "Lures": [
                {
                    "RowName": "Dogtags_Lure",
                    "DataTableName": "D_ItemsStatic"
                },
                {
                    "RowName": "Rubber_Lure",
                    "DataTableName": "D_ItemsStatic"
                },
                {
                    "RowName": "Poison_Sack_Lure",
                    "DataTableName": "D_ItemsStatic"
                },
                {
                    "RowName": "White_Jelly_Lure",
                    "DataTableName": "D_ItemsStatic"
                }
            ],
            "CaptureStat": {
                "Value": "ChanceToCatchFish10_+%"
            }
        },
        {
            "Name": "Fish_11",
            "Fish": {
                "RowName": "Fish_11"
            },
            "Image": "/Game/Assets/2DArt/UI/FieldGuide/Fish/Fish11_Var1.Fish11_Var1",
            "Lore": "NSLOCTEXT(\"D_FishData\", \"Fish_11-Lore\", \"This species\\' firm, white flesh and mild flavor make it a favorite among seafood enthusiasts.\")",
            "Rarity": "Rare",
            "Type": "Saltwater",
            "Maps": [
                {
                    "RowName": "Terrain_016",
                    "DataTableName": "D_Terrains"
                },
                {
                    "RowName": "Terrain_017",
                    "DataTableName": "D_Terrains"
                }
            ],
            "MinLength": 200,
            "MaxLength": 700,
            "Lures": [
                {
                    "RowName": "Dogtags_Lure",
                    "DataTableName": "D_ItemsStatic"
                },
                {
                    "RowName": "Rubber_Lure",
                    "DataTableName": "D_ItemsStatic"
                },
                {
                    "RowName": "Poison_Sack_Lure",
                    "DataTableName": "D_ItemsStatic"
                },
                {
                    "RowName": "White_Jelly_Lure",
                    "DataTableName": "D_ItemsStatic"
                }
            ],
            "CaptureStat": {
                "Value": "ChanceToCatchFish11_+%"
            }
        },
        {
            "Name": "Fish_11_Var2",
            "Fish": {
                "RowName": "Fish_11_Var2"
            },
            "Image": "/Game/Assets/2DArt/UI/FieldGuide/Fish/Fish11_Var2.Fish11_Var2",
            "Lore": "NSLOCTEXT(\"D_FishData\", \"Fish_11_Var2-Lore\", \"This species\\' firm, white flesh and mild flavor make it a favorite among seafood enthusiasts.\")",
            "Rarity": "Rare",
            "Type": "Saltwater",
            "Maps": [
                {
                    "RowName": "Terrain_016",
                    "DataTableName": "D_Terrains"
                },
                {
                    "RowName": "Terrain_017",
                    "DataTableName": "D_Terrains"
                }
            ],
            "MinLength": 200,
            "MaxLength": 700,
            "Lures": [
                {
                    "RowName": "Dogtags_Lure",
                    "DataTableName": "D_ItemsStatic"
                },
                {
                    "RowName": "Rubber_Lure",
                    "DataTableName": "D_ItemsStatic"
                },
                {
                    "RowName": "Poison_Sack_Lure",
                    "DataTableName": "D_ItemsStatic"
                },
                {
                    "RowName": "White_Jelly_Lure",
                    "DataTableName": "D_ItemsStatic"
                }
            ],
            "CaptureStat": {
                "Value": "ChanceToCatchFish11_+%"
            }
        },
        {
            "Name": "Fish_11_Var3",
            "Fish": {
                "RowName": "Fish_11_Var3"
            },
            "Image": "/Game/Assets/2DArt/UI/FieldGuide/Fish/Fish11_Var3.Fish11_Var3",
            "Lore": "NSLOCTEXT(\"D_FishData\", \"Fish_11_Var3-Lore\", \"This species\\' firm, white flesh and mild flavor make it a favorite among seafood enthusiasts.\")",
            "Rarity": "Rare",
            "Type": "Saltwater",
            "Maps": [
                {
                    "RowName": "Terrain_016",
                    "DataTableName": "D_Terrains"
                },
                {
                    "RowName": "Terrain_017",
                    "DataTableName": "D_Terrains"
                }
            ],
            "MinLength": 200,
            "MaxLength": 700,
            "Lures": [
                {
                    "RowName": "Dogtags_Lure",
                    "DataTableName": "D_ItemsStatic"
                },
                {
                    "RowName": "Rubber_Lure",
                    "DataTableName": "D_ItemsStatic"
                },
                {
                    "RowName": "Poison_Sack_Lure",
                    "DataTableName": "D_ItemsStatic"
                },
                {
                    "RowName": "White_Jelly_Lure",
                    "DataTableName": "D_ItemsStatic"
                }
            ],
            "CaptureStat": {
                "Value": "ChanceToCatchFish11_+%"
            }
        },
        {
            "Name": "Fish_11_Var4",
            "Fish": {
                "RowName": "Fish_11_Var4"
            },
            "Image": "/Game/Assets/2DArt/UI/FieldGuide/Fish/Fish11_Var4.Fish11_Var4",
            "Lore": "NSLOCTEXT(\"D_FishData\", \"Fish_11_Var4-Lore\", \"This species\\' firm, white flesh and mild flavor make it a favorite among seafood enthusiasts.\")",
            "Rarity": "Rare",
            "Type": "Saltwater",
            "Maps": [
                {
                    "RowName": "Terrain_016",
                    "DataTableName": "D_Terrains"
                },
                {
                    "RowName": "Terrain_017",
                    "DataTableName": "D_Terrains"
                }
            ],
            "MinLength": 200,
            "MaxLength": 700,
            "Lures": [
                {
                    "RowName": "Dogtags_Lure",
                    "DataTableName": "D_ItemsStatic"
                },
                {
                    "RowName": "Rubber_Lure",
                    "DataTableName": "D_ItemsStatic"
                },
                {
                    "RowName": "Poison_Sack_Lure",
                    "DataTableName": "D_ItemsStatic"
                },
                {
                    "RowName": "White_Jelly_Lure",
                    "DataTableName": "D_ItemsStatic"
                }
            ],
            "CaptureStat": {
                "Value": "ChanceToCatchFish11_+%"
            }
        },
        {
            "Name": "Fish_12",
            "Fish": {
                "RowName": "Fish_12"
            },
            "Image": "/Game/Assets/2DArt/UI/FieldGuide/Fish/Fish12_Var1.Fish12_Var1",
            "Lore": "NSLOCTEXT(\"D_FishData\", \"Fish_12-Lore\", \"This fish is known for its vibrant coloration and elongated body shape.\")",
            "Rarity": "Uncommon",
            "Type": "Saltwater",
            "Maps": [
                {
                    "RowName": "Terrain_016",
                    "DataTableName": "D_Terrains"
                },
                {
                    "RowName": "Terrain_017",
                    "DataTableName": "D_Terrains"
                }
            ],
            "MinLength": 200,
            "Lures": [
                {
                    "RowName": "Refined_Wood_Lure",
                    "DataTableName": "D_ItemsStatic"
                },
                {
                    "RowName": "Iron_Lure",
                    "DataTableName": "D_ItemsStatic"
                },
                {
                    "RowName": "Advanced_Iron_Lure",
                    "DataTableName": "D_ItemsStatic"
                },
                {
                    "RowName": "Reed_Flower_Lure",
                    "DataTableName": "D_ItemsStatic"
                },
                {
                    "RowName": "Cured_Leather_Lure",
                    "DataTableName": "D_ItemsStatic"
                },
                {
                    "RowName": "Gorse_Flower_Lure",
                    "DataTableName": "D_ItemsStatic"
                },
                {
                    "RowName": "Yeast_Lure",
                    "DataTableName": "D_ItemsStatic"
                },
                {
                    "RowName": "Blue_Reed_Lure",
                    "DataTableName": "D_ItemsStatic"
                }
            ],
            "CaptureStat": {
                "Value": "ChanceToCatchFish12_+%"
            }
        },
        {
            "Name": "Fish_12_Var2",
            "Fish": {
                "RowName": "Fish_12_Var2"
            },
            "Image": "/Game/Assets/2DArt/UI/FieldGuide/Fish/Fish12_Var2.Fish12_Var2",
            "Lore": "NSLOCTEXT(\"D_FishData\", \"Fish_12_Var2-Lore\", \"This fish is known for its vibrant coloration and elongated body shape.\")",
            "Rarity": "Uncommon",
            "Type": "Saltwater",
            "Maps": [
                {
                    "RowName": "Terrain_016",
                    "DataTableName": "D_Terrains"
                },
                {
                    "RowName": "Terrain_017",
                    "DataTableName": "D_Terrains"
                }
            ],
            "MinLength": 200,
            "Lures": [
                {
                    "RowName": "Refined_Wood_Lure",
                    "DataTableName": "D_ItemsStatic"
                },
                {
                    "RowName": "Iron_Lure",
                    "DataTableName": "D_ItemsStatic"
                },
                {
                    "RowName": "Advanced_Iron_Lure",
                    "DataTableName": "D_ItemsStatic"
                },
                {
                    "RowName": "Reed_Flower_Lure",
                    "DataTableName": "D_ItemsStatic"
                },
                {
                    "RowName": "Cured_Leather_Lure",
                    "DataTableName": "D_ItemsStatic"
                },
                {
                    "RowName": "Gorse_Flower_Lure",
                    "DataTableName": "D_ItemsStatic"
                },
                {
                    "RowName": "Yeast_Lure",
                    "DataTableName": "D_ItemsStatic"
                },
                {
                    "RowName": "Blue_Reed_Lure",
                    "DataTableName": "D_ItemsStatic"
                }
            ],
            "CaptureStat": {
                "Value": "ChanceToCatchFish12_+%"
            }
        },
        {
            "Name": "Fish_12_Var3",
            "Fish": {
                "RowName": "Fish_12_Var3"
            },
            "Image": "/Game/Assets/2DArt/UI/FieldGuide/Fish/Fish12_Var3.Fish12_Var3",
            "Lore": "NSLOCTEXT(\"D_FishData\", \"Fish_12_Var3-Lore\", \"This fish is known for its vibrant coloration and elongated body shape.\")",
            "Rarity": "Uncommon",
            "Type": "Saltwater",
            "Maps": [
                {
                    "RowName": "Terrain_016",
                    "DataTableName": "D_Terrains"
                },
                {
                    "RowName": "Terrain_017",
                    "DataTableName": "D_Terrains"
                }
            ],
            "MinLength": 200,
            "Lures": [
                {
                    "RowName": "Refined_Wood_Lure",
                    "DataTableName": "D_ItemsStatic"
                },
                {
                    "RowName": "Iron_Lure",
                    "DataTableName": "D_ItemsStatic"
                },
                {
                    "RowName": "Advanced_Iron_Lure",
                    "DataTableName": "D_ItemsStatic"
                },
                {
                    "RowName": "Reed_Flower_Lure",
                    "DataTableName": "D_ItemsStatic"
                },
                {
                    "RowName": "Cured_Leather_Lure",
                    "DataTableName": "D_ItemsStatic"
                },
                {
                    "RowName": "Gorse_Flower_Lure",
                    "DataTableName": "D_ItemsStatic"
                },
                {
                    "RowName": "Yeast_Lure",
                    "DataTableName": "D_ItemsStatic"
                },
                {
                    "RowName": "Blue_Reed_Lure",
                    "DataTableName": "D_ItemsStatic"
                }
            ],
            "CaptureStat": {
                "Value": "ChanceToCatchFish12_+%"
            }
        },
        {
            "Name": "Fish_12_Var4",
            "Fish": {
                "RowName": "Fish_12_Var4"
            },
            "Image": "/Game/Assets/2DArt/UI/FieldGuide/Fish/Fish12_Var4.Fish12_Var4",
            "Lore": "NSLOCTEXT(\"D_FishData\", \"Fish_12_Var4-Lore\", \"This fish is known for its vibrant coloration and elongated body shape.\")",
            "Rarity": "Uncommon",
            "Type": "Saltwater",
            "Maps": [
                {
                    "RowName": "Terrain_016",
                    "DataTableName": "D_Terrains"
                },
                {
                    "RowName": "Terrain_017",
                    "DataTableName": "D_Terrains"
                }
            ],
            "MinLength": 200,
            "Lures": [
                {
                    "RowName": "Refined_Wood_Lure",
                    "DataTableName": "D_ItemsStatic"
                },
                {
                    "RowName": "Iron_Lure",
                    "DataTableName": "D_ItemsStatic"
                },
                {
                    "RowName": "Advanced_Iron_Lure",
                    "DataTableName": "D_ItemsStatic"
                },
                {
                    "RowName": "Reed_Flower_Lure",
                    "DataTableName": "D_ItemsStatic"
                },
                {
                    "RowName": "Cured_Leather_Lure",
                    "DataTableName": "D_ItemsStatic"
                },
                {
                    "RowName": "Gorse_Flower_Lure",
                    "DataTableName": "D_ItemsStatic"
                },
                {
                    "RowName": "Yeast_Lure",
                    "DataTableName": "D_ItemsStatic"
                },
                {
                    "RowName": "Blue_Reed_Lure",
                    "DataTableName": "D_ItemsStatic"
                }
            ],
            "CaptureStat": {
                "Value": "ChanceToCatchFish12_+%"
            }
        },
        {
            "Name": "Fish_13",
            "Fish": {
                "RowName": "Fish_13"
            },
            "Image": "/Game/Assets/2DArt/UI/FieldGuide/Fish/Fish13_Var1.Fish13_Var1",
            "Lore": "NSLOCTEXT(\"D_FishData\", \"Fish_13-Lore\", \"Anglers prize this species for its fighting spirit and delicious flesh; though its fine bones can cause issues if eaten.\")",
            "Rarity": "Rare",
            "Type": "Saltwater",
            "Maps": [
                {
                    "RowName": "Terrain_017",
                    "DataTableName": "D_Terrains"
                }
            ],
            "MinLength": 500,
            "Lures": [
                {
                    "RowName": "Dogtags_Lure",
                    "DataTableName": "D_ItemsStatic"
                },
                {
                    "RowName": "Rubber_Lure",
                    "DataTableName": "D_ItemsStatic"
                },
                {
                    "RowName": "Poison_Sack_Lure",
                    "DataTableName": "D_ItemsStatic"
                },
                {
                    "RowName": "White_Jelly_Lure",
                    "DataTableName": "D_ItemsStatic"
                }
            ],
            "CaptureStat": {
                "Value": "ChanceToCatchFish13_+%"
            }
        },
        {
            "Name": "Fish_13_Var2",
            "Fish": {
                "RowName": "Fish_13_Var2"
            },
            "Image": "/Game/Assets/2DArt/UI/FieldGuide/Fish/Fish13_Var2.Fish13_Var2",
            "Lore": "NSLOCTEXT(\"D_FishData\", \"Fish_13_Var2-Lore\", \"Anglers prize this species for its fighting spirit and delicious flesh; though its fine bones can cause issues if eaten.\")",
            "Rarity": "Rare",
            "Type": "Saltwater",
            "Maps": [
                {
                    "RowName": "Terrain_017",
                    "DataTableName": "D_Terrains"
                }
            ],
            "MinLength": 500,
            "Lures": [
                {
                    "RowName": "Dogtags_Lure",
                    "DataTableName": "D_ItemsStatic"
                },
                {
                    "RowName": "Rubber_Lure",
                    "DataTableName": "D_ItemsStatic"
                },
                {
                    "RowName": "Poison_Sack_Lure",
                    "DataTableName": "D_ItemsStatic"
                },
                {
                    "RowName": "White_Jelly_Lure",
                    "DataTableName": "D_ItemsStatic"
                }
            ],
            "CaptureStat": {
                "Value": "ChanceToCatchFish13_+%"
            }
        },
        {
            "Name": "Fish_13_Var3",
            "Fish": {
                "RowName": "Fish_13_Var3"
            },
            "Image": "/Game/Assets/2DArt/UI/FieldGuide/Fish/Fish13_Var3.Fish13_Var3",
            "Lore": "NSLOCTEXT(\"D_FishData\", \"Fish_13_Var3-Lore\", \"Anglers prize this species for its fighting spirit and delicious flesh; though its fine bones can cause issues if eaten.\")",
            "Rarity": "Rare",
            "Type": "Saltwater",
            "Maps": [
                {
                    "RowName": "Terrain_017",
                    "DataTableName": "D_Terrains"
                }
            ],
            "MinLength": 500,
            "Lures": [
                {
                    "RowName": "Dogtags_Lure",
                    "DataTableName": "D_ItemsStatic"
                },
                {
                    "RowName": "Rubber_Lure",
                    "DataTableName": "D_ItemsStatic"
                },
                {
                    "RowName": "Poison_Sack_Lure",
                    "DataTableName": "D_ItemsStatic"
                },
                {
                    "RowName": "White_Jelly_Lure",
                    "DataTableName": "D_ItemsStatic"
                }
            ],
            "CaptureStat": {
                "Value": "ChanceToCatchFish13_+%"
            }
        },
        {
            "Name": "Fish_13_Var4",
            "Fish": {
                "RowName": "Fish_13_Var4"
            },
            "Image": "/Game/Assets/2DArt/UI/FieldGuide/Fish/Fish13_Var4.Fish13_Var4",
            "Lore": "NSLOCTEXT(\"D_FishData\", \"Fish_13_Var4-Lore\", \"Anglers prize this species for its fighting spirit and delicious flesh; though its fine bones can cause issues if eaten.\")",
            "Rarity": "Rare",
            "Type": "Saltwater",
            "Maps": [
                {
                    "RowName": "Terrain_017",
                    "DataTableName": "D_Terrains"
                }
            ],
            "MinLength": 500,
            "Lures": [
                {
                    "RowName": "Dogtags_Lure",
                    "DataTableName": "D_ItemsStatic"
                },
                {
                    "RowName": "Rubber_Lure",
                    "DataTableName": "D_ItemsStatic"
                },
                {
                    "RowName": "Poison_Sack_Lure",
                    "DataTableName": "D_ItemsStatic"
                },
                {
                    "RowName": "White_Jelly_Lure",
                    "DataTableName": "D_ItemsStatic"
                }
            ],
            "CaptureStat": {
                "Value": "ChanceToCatchFish13_+%"
            }
        },
        {
            "Name": "Fish_14",
            "Fish": {
                "RowName": "Fish_14"
            },
            "Image": "/Game/Assets/2DArt/UI/FieldGuide/Fish/Fish14_Var1.Fish14_Var1",
            "Lore": "NSLOCTEXT(\"D_FishData\", \"Fish_14-Lore\", \"This fish is highly regarded for it\\'s soft and easily cooked flesh, but has been known to cause disturbing hallucinations in a few rare cases.\")",
            "Rarity": "Rare",
            "Maps": [
                {
                    "RowName": "Terrain_016",
                    "DataTableName": "D_Terrains"
                }
            ],
            "MaxLength": 800,
            "Lures": [
                {
                    "RowName": "Dogtags_Lure",
                    "DataTableName": "D_ItemsStatic"
                },
                {
                    "RowName": "Rubber_Lure",
                    "DataTableName": "D_ItemsStatic"
                },
                {
                    "RowName": "Poison_Sack_Lure",
                    "DataTableName": "D_ItemsStatic"
                },
                {
                    "RowName": "White_Jelly_Lure",
                    "DataTableName": "D_ItemsStatic"
                }
            ],
            "CaptureStat": {
                "Value": "ChanceToCatchFish14_+%"
            }
        },
        {
            "Name": "Fish_14_Var2",
            "Fish": {
                "RowName": "Fish_14_Var2"
            },
            "Image": "/Game/Assets/2DArt/UI/FieldGuide/Fish/Fish14_Var2.Fish14_Var2",
            "Lore": "NSLOCTEXT(\"D_FishData\", \"Fish_14_Var2-Lore\", \"This fish is highly regarded for it\\'s soft and easily cooked flesh, but has been known to cause disturbing hallucinations in a few rare cases.\")",
            "Rarity": "Rare",
            "Maps": [
                {
                    "RowName": "Terrain_016",
                    "DataTableName": "D_Terrains"
                }
            ],
            "MaxLength": 800,
            "Lures": [
                {
                    "RowName": "Dogtags_Lure",
                    "DataTableName": "D_ItemsStatic"
                },
                {
                    "RowName": "Rubber_Lure",
                    "DataTableName": "D_ItemsStatic"
                },
                {
                    "RowName": "Poison_Sack_Lure",
                    "DataTableName": "D_ItemsStatic"
                },
                {
                    "RowName": "White_Jelly_Lure",
                    "DataTableName": "D_ItemsStatic"
                }
            ],
            "CaptureStat": {
                "Value": "ChanceToCatchFish14_+%"
            }
        },
        {
            "Name": "Fish_14_Var3",
            "Fish": {
                "RowName": "Fish_14_Var3"
            },
            "Image": "/Game/Assets/2DArt/UI/FieldGuide/Fish/Fish14_Var3.Fish14_Var3",
            "Lore": "NSLOCTEXT(\"D_FishData\", \"Fish_14_Var3-Lore\", \"This fish is highly regarded for it\\'s soft and easily cooked flesh, but has been known to cause disturbing hallucinations in a few rare cases.\")",
            "Rarity": "Rare",
            "Maps": [
                {
                    "RowName": "Terrain_016",
                    "DataTableName": "D_Terrains"
                }
            ],
            "MaxLength": 800,
            "Lures": [
                {
                    "RowName": "Dogtags_Lure",
                    "DataTableName": "D_ItemsStatic"
                },
                {
                    "RowName": "Rubber_Lure",
                    "DataTableName": "D_ItemsStatic"
                },
                {
                    "RowName": "Poison_Sack_Lure",
                    "DataTableName": "D_ItemsStatic"
                },
                {
                    "RowName": "White_Jelly_Lure",
                    "DataTableName": "D_ItemsStatic"
                }
            ],
            "CaptureStat": {
                "Value": "ChanceToCatchFish14_+%"
            }
        },
        {
            "Name": "Fish_14_Var4",
            "Fish": {
                "RowName": "Fish_14_Var4"
            },
            "Image": "/Game/Assets/2DArt/UI/FieldGuide/Fish/Fish14_Var4.Fish14_Var4",
            "Lore": "NSLOCTEXT(\"D_FishData\", \"Fish_14_Var4-Lore\", \"This fish is highly regarded for it\\'s soft and easily cooked flesh, but has been known to cause disturbing hallucinations in a few rare cases.\")",
            "Rarity": "Rare",
            "Maps": [
                {
                    "RowName": "Terrain_016",
                    "DataTableName": "D_Terrains"
                }
            ],
            "MaxLength": 800,
            "Lures": [
                {
                    "RowName": "Dogtags_Lure",
                    "DataTableName": "D_ItemsStatic"
                },
                {
                    "RowName": "Rubber_Lure",
                    "DataTableName": "D_ItemsStatic"
                },
                {
                    "RowName": "Poison_Sack_Lure",
                    "DataTableName": "D_ItemsStatic"
                },
                {
                    "RowName": "White_Jelly_Lure",
                    "DataTableName": "D_ItemsStatic"
                }
            ],
            "CaptureStat": {
                "Value": "ChanceToCatchFish14_+%"
            }
        },
        {
            "Name": "Fish_15",
            "Fish": {
                "RowName": "Fish_15"
            },
            "Image": "/Game/Assets/2DArt/UI/FieldGuide/Fish/Fish15_Var1.Fish15_Var1",
            "Lore": "NSLOCTEXT(\"D_FishData\", \"Fish_15-Lore\", \"This elusive fish is only found in the Styx region of Icarus. The UDA advises that any contractors that catch and consume this species do so at their own risk.\")",
            "Rarity": "Unique",
            "Type": "Saltwater",
            "Maps": [
                {
                    "RowName": "Terrain_017",
                    "DataTableName": "D_Terrains"
                }
            ],
            "MinLength": 250,
            "CaptureStat": {
                "Value": "ChanceToCatchFish15_+%"
            }
        },
        {
            "Name": "Fish_16",
            "Fish": {
                "RowName": "Fish_16"
            },
            "Image": "/Game/Assets/2DArt/UI/FieldGuide/Fish/Fish16_Var1.Fish16_Var1",
            "Lore": "NSLOCTEXT(\"D_FishData\", \"Fish_16-Lore\", \"Found only in the Olympus region of Icarus, scientists are unsure if this fish is a result of exotic mutation or if it is truly native to the planet.\")",
            "Rarity": "Unique",
            "Maps": [
                {
                    "RowName": "Terrain_016",
                    "DataTableName": "D_Terrains"
                }
            ],
            "MinLength": 250,
            "CaptureStat": {
                "Value": "ChanceToCatchFish16_+%"
            }
        },
        {
            "Name": "Fish_17",
            "Fish": {
                "RowName": "Fish_17"
            },
            "Image": "/Game/Assets/2DArt/UI/FieldGuide/Fish/Fish_17_Var1.Fish_17_Var1",
            "Lore": "NSLOCTEXT(\"D_FishData\", \"Fish_17-Lore\", \"Unique to the Prometheus region, these fish are known for their elongated snouts, and extremely thin fins.\")",
            "Rarity": "Unique",
            "Type": "Saltwater",
            "Maps": [
                {
                    "RowName": "Terrain_019",
                    "DataTableName": "D_Terrains"
                }
            ],
            "MinLength": 650,
            "Metadata": {
                "RequiredFeatureLevel": {
                    "RowName": "NewFrontiers"
                }
            }
        },
        {
            "Name": "Fish_18",
            "Fish": {
                "RowName": "Fish_18"
            },
            "Image": "/Game/Assets/2DArt/UI/FieldGuide/Fish/Fish_18_Var1.Fish_18_Var1",
            "Lore": "NSLOCTEXT(\"D_FishData\", \"Fish_18-Lore\", \"These uncommon fish are known for their pockmarked scales, hazardous spikes, and bulging eyes. \")",
            "Rarity": "Uncommon",
            "Type": "Saltwater",
            "Maps": [
                {
                    "RowName": "Terrain_019",
                    "DataTableName": "D_Terrains"
                }
            ],
            "MinLength": 250,
            "Metadata": {
                "RequiredFeatureLevel": {
                    "RowName": "NewFrontiers"
                }
            }
        },
        {
            "Name": "Fish_18_Var2",
            "Fish": {
                "RowName": "Fish_18_Var2"
            },
            "Image": "/Game/Assets/2DArt/UI/FieldGuide/Fish/Fish_18_Var2.Fish_18_Var2",
            "Lore": "NSLOCTEXT(\"D_FishData\", \"Fish_18_Var2-Lore\", \"These uncommon fish are known for their pockmarked scales, hazardous spikes, and bulging eyes. \")",
            "Rarity": "Uncommon",
            "Type": "Saltwater",
            "Maps": [
                {
                    "RowName": "Terrain_019",
                    "DataTableName": "D_Terrains"
                }
            ],
            "MinLength": 250,
            "Metadata": {
                "RequiredFeatureLevel": {
                    "RowName": "NewFrontiers"
                }
            }
        },
        {
            "Name": "Fish_18_Var3",
            "Fish": {
                "RowName": "Fish_18_Var3"
            },
            "Image": "/Game/Assets/2DArt/UI/FieldGuide/Fish/Fish_18_Var3.Fish_18_Var3",
            "Lore": "NSLOCTEXT(\"D_FishData\", \"Fish_18_Var3-Lore\", \"These uncommon fish are known for their pockmarked scales, hazardous spikes, and bulging eyes. \")",
            "Rarity": "Uncommon",
            "Type": "Saltwater",
            "Maps": [
                {
                    "RowName": "Terrain_019",
                    "DataTableName": "D_Terrains"
                }
            ],
            "MinLength": 250,
            "Metadata": {
                "RequiredFeatureLevel": {
                    "RowName": "NewFrontiers"
                }
            }
        },
        {
            "Name": "Fish_18_Var4",
            "Fish": {
                "RowName": "Fish_18_Var4"
            },
            "Image": "/Game/Assets/2DArt/UI/FieldGuide/Fish/Fish_18_Var4.Fish_18_Var4",
            "Lore": "NSLOCTEXT(\"D_FishData\", \"Fish_18_Var4-Lore\", \"These uncommon fish are known for their pockmarked scales, hazardous spikes, and bulging eyes. \")",
            "Rarity": "Uncommon",
            "Type": "Saltwater",
            "Maps": [
                {
                    "RowName": "Terrain_019",
                    "DataTableName": "D_Terrains"
                }
            ],
            "MinLength": 250,
            "Metadata": {
                "RequiredFeatureLevel": {
                    "RowName": "NewFrontiers"
                }
            }
        },
        {
            "Name": "Fish_19",
            "Fish": {
                "RowName": "Fish_19"
            },
            "Image": "/Game/Assets/2DArt/UI/FieldGuide/Fish/Fish19_Var1.Fish19_Var1",
            "Lore": "NSLOCTEXT(\"D_FishData\", \"Fish_19-Lore\", \"Heavily affected by exotics, this odd looking fish is known for its tiny but extremely sharp teeth, and the strange mutation of its eyes. \")",
            "Maps": [
                {
                    "RowName": "Terrain_019",
                    "DataTableName": "D_Terrains"
                }
            ],
            "MinWeight": 400,
            "MaxWeight": 700,
            "MinLength": 250,
            "MaxLength": 750,
            "Metadata": {
                "RequiredFeatureLevel": {
                    "RowName": "NewFrontiers"
                }
            }
        },
        {
            "Name": "Fish_19_Var2",
            "Fish": {
                "RowName": "Fish_19_Var2"
            },
            "Image": "/Game/Assets/2DArt/UI/FieldGuide/Fish/Fish19_Var2.Fish19_Var2",
            "Lore": "NSLOCTEXT(\"D_FishData\", \"Fish_19_Var2-Lore\", \"Heavily affected by exotics, this odd looking fish is known for its tiny but extremely sharp teeth, and the strange mutation of its eyes. \")",
            "Maps": [
                {
                    "RowName": "Terrain_019",
                    "DataTableName": "D_Terrains"
                }
            ],
            "MinWeight": 400,
            "MaxWeight": 700,
            "MinLength": 250,
            "MaxLength": 750,
            "Metadata": {
                "RequiredFeatureLevel": {
                    "RowName": "NewFrontiers"
                }
            }
        },
        {
            "Name": "Fish_19_Var3",
            "Fish": {
                "RowName": "Fish_19_Var3"
            },
            "Image": "/Game/Assets/2DArt/UI/FieldGuide/Fish/Fish19_Var3.Fish19_Var3",
            "Lore": "NSLOCTEXT(\"D_FishData\", \"Fish_19_Var3-Lore\", \"Heavily affected by exotics, this odd looking fish is known for its tiny but extremely sharp teeth, and the strange mutation of its eyes. \")",
            "Maps": [
                {
                    "RowName": "Terrain_019",
                    "DataTableName": "D_Terrains"
                }
            ],
            "MinWeight": 400,
            "MaxWeight": 700,
            "MinLength": 250,
            "MaxLength": 750,
            "Metadata": {
                "RequiredFeatureLevel": {
                    "RowName": "NewFrontiers"
                }
            }
        },
        {
            "Name": "Fish_19_Var4",
            "Fish": {
                "RowName": "Fish_19_Var4"
            },
            "Image": "/Game/Assets/2DArt/UI/FieldGuide/Fish/Fish19_Var4.Fish19_Var4",
            "Lore": "NSLOCTEXT(\"D_FishData\", \"Fish_19_Var4-Lore\", \"Heavily affected by exotics, this odd looking fish is known for its tiny but extremely sharp teeth, and the strange mutation of its eyes. \")",
            "Maps": [
                {
                    "RowName": "Terrain_019",
                    "DataTableName": "D_Terrains"
                }
            ],
            "MinWeight": 400,
            "MaxWeight": 700,
            "MinLength": 250,
            "MaxLength": 750,
            "Metadata": {
                "RequiredFeatureLevel": {
                    "RowName": "NewFrontiers"
                }
            }
        }
    ]
}