{
    "RowStruct": "/Script/Icarus.FishSpawnZones",
    "Defaults": {
        "SpawnList": {},
        "ZoneFishQuality": 0.5
    },
    "Rows": [
        {
            "Name": "OLY_Conifer_Main",
            "SpawnList": {
                "(Value=\"Fish_01\")": 100,
                "(Value=\"Fish_02\")": 100,
                "(Value=\"Fish_07\")": 50,
                "(Value=\"Fish_07_Var2\")": 25,
                "(Value=\"Fish_10_Var2\")": 25
            },
            "ZoneFishQuality": 0.30000001192092896
        },
        {
            "Name": "OLY_Conifer_North",
            "SpawnList": {
                "(Value=\"Fish_01\")": 100,
                "(Value=\"Fish_01_Var2\")": 50,
                "(Value=\"Fish_07\")": 50,
                "(Value=\"Fish_10_Var2\")": 25
            },
            "ZoneFishQuality": 0.6000000238418579
        },
        {
            "Name": "OLY_Conifer_East",
            "SpawnList": {
                "(Value=\"Fish_01\")": 100,
                "(Value=\"Fish_01_Var3\")": 100,
                "(Value=\"Fish_08\")": 50,
                "(Value=\"Fish_10_Var3\")": 25,
                "(Value=\"Fish_16\")": 10,
                "(Value=\"Fish_07_Var2\")": 50
            },
            "ZoneFishQuality": 0.699999988079071
        },
        {
            "Name": "OLY_Conifer_West",
            "SpawnList": {
                "(Value=\"Fish_01\")": 100,
                "(Value=\"Fish_01_Var4\")": 100,
                "(Value=\"Fish_08_Var2\")": 25,
                "(Value=\"Fish_10_Var4\")": 25,
                "(Value=\"Fish_16\")": 10
            },
            "ZoneFishQuality": 0.6000000238418579
        },
        {
            "Name": "OLY_Desert_Main",
            "SpawnList": {
                "(Value=\"Fish_03\")": 100,
                "(Value=\"Fish_03_Var2\")": 100,
                "(Value=\"Fish_12\")": 50,
                "(Value=\"Fish_11\")": 25
            },
            "ZoneFishQuality": 0.30000001192092896
        },
        {
            "Name": "OLY_Desert_West",
            "SpawnList": {
                "(Value=\"Fish_03\")": 100,
                "(Value=\"Fish_03_Var2\")": 100,
                "(Value=\"Fish_12_Var2\")": 25,
                "(Value=\"Fish_12\")": 25,
                "(Value=\"Fish_11_Var2\")": 25
            },
            "ZoneFishQuality": 0.699999988079071
        },
        {
            "Name": "OLY_Canyons_Main",
            "SpawnList": {
                "(Value=\"Fish_03\")": 100,
                "(Value=\"Fish_03_Var2\")": 100,
                "(Value=\"Fish_12_Var3\")": 25,
                "(Value=\"Fish_11\")": 25
            },
            "ZoneFishQuality": 0.30000001192092896
        },
        {
            "Name": "OLY_Canyons_Central",
            "SpawnList": {
                "(Value=\"Fish_03_Var3\")": 100,
                "(Value=\"Fish_12_Var3\")": 50,
                "(Value=\"Fish_11\")": 25,
                "(Value=\"Fish_12_Var4\")": 50,
                "(Value=\"Fish_11_Var4\")": 25
            },
            "ZoneFishQuality": 0.6000000238418579
        },
        {
            "Name": "OLY_Canyons_North",
            "SpawnList": {
                "(Value=\"Fish_03_Var3\")": 100,
                "(Value=\"Fish_03_Var4\")": 100,
                "(Value=\"Fish_12_Var4\")": 25,
                "(Value=\"Fish_11_Var3\")": 25
            },
            "ZoneFishQuality": 0.699999988079071
        },
        {
            "Name": "OLY_Canyons_South",
            "SpawnList": {
                "(Value=\"Fish_03_Var3\")": 100,
                "(Value=\"Fish_12_Var4\")": 50,
                "(Value=\"Fish_11_Var3\")": 25,
                "(Value=\"Fish_11_Var4\")": 25
            },
            "ZoneFishQuality": 0.699999988079071
        },
        {
            "Name": "OLY_Riverlands_Main",
            "SpawnList": {
                "(Value=\"Fish_02_Var4\")": 100,
                "(Value=\"Fish_02\")": 100,
                "(Value=\"Fish_09\")": 50,
                "(Value=\"Fish_14\")": 25,
                "(Value=\"Fish_14_Var4\")": 25
            },
            "ZoneFishQuality": 0.30000001192092896
        },
        {
            "Name": "OLY_Riverlands_North",
            "SpawnList": {
                "(Value=\"Fish_02_Var4\")": 100,
                "(Value=\"Fish_02_Var2\")": 100,
                "(Value=\"Fish_09_Var2\")": 50,
                "(Value=\"Fish_14_Var2\")": 25,
                "(Value=\"Fish_16\")": 10,
                "(Value=\"Fish_14_Var4\")": 25
            },
            "ZoneFishQuality": 0.699999988079071
        },
        {
            "Name": "OLY_Riverlands_South",
            "SpawnList": {
                "(Value=\"Fish_02_Var4\")": 100,
                "(Value=\"Fish_02_Var3\")": 100,
                "(Value=\"Fish_09\")": 50,
                "(Value=\"Fish_09_Var3\")": 25,
                "(Value=\"Fish_14_Var3\")": 25,
                "(Value=\"Fish_02\")": 100,
                "(Value=\"Fish_14\")": 25
            },
            "ZoneFishQuality": 0.6000000238418579
        },
        {
            "Name": "OLY_SouthernGlacier_Main",
            "SpawnList": {
                "(Value=\"Fish_01\")": 100,
                "(Value=\"Fish_02\")": 100,
                "(Value=\"Fish_07\")": 50,
                "(Value=\"Fish_07_Var2\")": 25,
                "(Value=\"Fish_10_Var2\")": 25
            },
            "ZoneFishQuality": 0.30000001192092896
        },
        {
            "Name": "OLY_CentralArctic",
            "SpawnList": {
                "(Value=\"Fish_01\")": 100,
                "(Value=\"Fish_02\")": 100,
                "(Value=\"Fish_07\")": 50,
                "(Value=\"Fish_07_Var2\")": 25,
                "(Value=\"Fish_10_Var2\")": 25
            },
            "ZoneFishQuality": 0.30000001192092896
        },
        {
            "Name": "STYX_River_Main",
            "SpawnList": {
                "(Value=\"Fish_01\")": 100,
                "(Value=\"Fish_01_Var2\")": 100,
                "(Value=\"Fish_09\")": 50,
                "(Value=\"Fish_10\")": 25
            },
            "ZoneFishQuality": 0.30000001192092896
        },
        {
            "Name": "STYX_River_Central",
            "SpawnList": {
                "(Value=\"Fish_01\")": 100,
                "(Value=\"Fish_01_Var2\")": 100,
                "(Value=\"Fish_09\")": 50,
                "(Value=\"Fish_10\")": 25
            },
            "ZoneFishQuality": 0.6000000238418579
        },
        {
            "Name": "STYX_River_North",
            "SpawnList": {
                "(Value=\"Fish_01\")": 100,
                "(Value=\"Fish_01_Var3\")": 100,
                "(Value=\"Fish_09_Var2\")": 50,
                "(Value=\"Fish_10_Var2\")": 25,
                "(Value=\"Fish_10_Var4\")": 25
            },
            "ZoneFishQuality": 0.6000000238418579
        },
        {
            "Name": "STYX_River_South",
            "SpawnList": {
                "(Value=\"Fish_01\")": 100,
                "(Value=\"Fish_01_Var4\")": 100,
                "(Value=\"Fish_09_Var2\")": 50,
                "(Value=\"Fish_10_Var2\")": 25
            },
            "ZoneFishQuality": 0.699999988079071
        },
        {
            "Name": "STYX_EnclosedWood_Main",
            "SpawnList": {
                "(Value=\"Fish_01\")": 100,
                "(Value=\"Fish_01_Var3\")": 100,
                "(Value=\"Fish_09_Var3\")": 50,
                "(Value=\"Fish_10_Var3\")": 50
            },
            "ZoneFishQuality": 0.30000001192092896
        },
        {
            "Name": "STYX_VerdantTerraces_Main",
            "SpawnList": {
                "(Value=\"Fish_01\")": 100,
                "(Value=\"Fish_01_Var3\")": 100,
                "(Value=\"Fish_09_Var3\")": 50,
                "(Value=\"Fish_10_Var3\")": 50
            },
            "ZoneFishQuality": 0.30000001192092896
        },
        {
            "Name": "STYX_RingLake_Main",
            "SpawnList": {
                "(Value=\"Fish_01\")": 100,
                "(Value=\"Fish_01_Var2\")": 100,
                "(Value=\"Fish_09_Var3\")": 50,
                "(Value=\"Fish_10_Var3\")": 25
            },
            "ZoneFishQuality": 0.30000001192092896
        },
        {
            "Name": "STYX_RingLake_Ring",
            "SpawnList": {
                "(Value=\"Fish_09_Var4\")": 50,
                "(Value=\"Fish_09\")": 50,
                "(Value=\"Fish_10\")": 25,
                "(Value=\"Fish_09_Var3\")": 50,
                "(Value=\"Fish_10_Var3\")": 25
            },
            "ZoneFishQuality": 0.699999988079071
        },
        {
            "Name": "STYX_Oasis_Main",
            "SpawnList": {
                "(Value=\"Fish_03\")": 100,
                "(Value=\"Fish_03_Var2\")": 100,
                "(Value=\"Fish_05\")": 50,
                "(Value=\"Fish_12\")": 25,
                "(Value=\"Fish_13\")": 25,
                "(Value=\"Fish_06\")": 50,
                "(Value=\"Fish_13_Var2\")": 25
            },
            "ZoneFishQuality": 0.30000001192092896
        },
        {
            "Name": "STYX_Oasis_East",
            "SpawnList": {
                "(Value=\"Fish_03\")": 100,
                "(Value=\"Fish_03_Var3\")": 100,
                "(Value=\"Fish_05_Var2\")": 50,
                "(Value=\"Fish_05_Var3\")": 50,
                "(Value=\"Fish_12_Var2\")": 25,
                "(Value=\"Fish_13_Var2\")": 25,
                "(Value=\"Fish_15\")": 10,
                "(Value=\"Fish_12\")": 25
            },
            "ZoneFishQuality": 0.6000000238418579
        },
        {
            "Name": "STYX_Oasis_West",
            "SpawnList": {
                "(Value=\"Fish_03\")": 100,
                "(Value=\"Fish_03_Var4\")": 100,
                "(Value=\"Fish_06\")": 50,
                "(Value=\"Fish_13_Var2\")": 25,
                "(Value=\"Fish_15\")": 10,
                "(Value=\"Fish_05\")": 50,
                "(Value=\"Fish_13\")": 25
            },
            "ZoneFishQuality": 0.699999988079071
        },
        {
            "Name": "STYX_DustyBarrens_Main",
            "SpawnList": {
                "(Value=\"Fish_03\")": 100,
                "(Value=\"Fish_03_Var2\")": 100,
                "(Value=\"Fish_05\")": 50,
                "(Value=\"Fish_12\")": 25,
                "(Value=\"Fish_13\")": 25
            },
            "ZoneFishQuality": 0.30000001192092896
        },
        {
            "Name": "STYX_DryRidge_Main",
            "SpawnList": {
                "(Value=\"Fish_04\")": 100,
                "(Value=\"Fish_04_Var2\")": 100,
                "(Value=\"Fish_06_Var2\")": 50,
                "(Value=\"Fish_06_Var3\")": 50,
                "(Value=\"Fish_12_Var3\")": 25,
                "(Value=\"Fish_13_Var3\")": 25,
                "(Value=\"Fish_04_Var3\")": 100,
                "(Value=\"Fish_04_Var4\")": 100
            },
            "ZoneFishQuality": 0.30000001192092896
        },
        {
            "Name": "STYX_DryRidge_West",
            "SpawnList": {
                "(Value=\"Fish_04\")": 100,
                "(Value=\"Fish_04_Var3\")": 100,
                "(Value=\"Fish_04_Var4\")": 50,
                "(Value=\"Fish_06_Var4\")": 50,
                "(Value=\"Fish_13_Var4\")": 25,
                "(Value=\"Fish_04_Var2\")": 100,
                "(Value=\"Fish_06_Var2\")": 50,
                "(Value=\"Fish_06_Var3\")": 50,
                "(Value=\"Fish_13_Var3\")": 25,
                "(Value=\"Fish_15\")": 10
            },
            "ZoneFishQuality": 0.699999988079071
        },
        {
            "Name": "STYX_Grove_Main",
            "SpawnList": {
                "(Value=\"Fish_01\")": 100,
                "(Value=\"Fish_01_Var2\")": 100,
                "(Value=\"Fish_01_Var3\")": 10,
                "(Value=\"Fish_01_Var4\")": 10,
                "(Value=\"Fish_09_Var2\")": 25,
                "(Value=\"Fish_10_Var2\")": 25
            },
            "ZoneFishQuality": 0.30000001192092896
        },
        {
            "Name": "STYX_FrozenTraverse_Main",
            "SpawnList": {
                "(Value=\"Fish_01\")": 50,
                "(Value=\"Fish_01_Var4\")": 50,
                "(Value=\"Fish_01_Var3\")": 50,
                "(Value=\"Fish_09_Var4\")": 25,
                "(Value=\"Fish_10_Var4\")": 25
            },
            "ZoneFishQuality": 0.30000001192092896
        },
        {
            "Name": "STYX_IceFlats_Main",
            "SpawnList": {
                "(Value=\"Fish_01\")": 50,
                "(Value=\"Fish_01_Var4\")": 50,
                "(Value=\"Fish_01_Var3\")": 50,
                "(Value=\"Fish_09_Var4\")": 25,
                "(Value=\"Fish_10_Var4\")": 25
            },
            "ZoneFishQuality": 0.30000001192092896
        },
        {
            "Name": "STYX_AlpineValley_Main",
            "SpawnList": {
                "(Value=\"Fish_01\")": 50,
                "(Value=\"Fish_01_Var4\")": 50,
                "(Value=\"Fish_01_Var3\")": 50,
                "(Value=\"Fish_09_Var4\")": 25,
                "(Value=\"Fish_10_Var4\")": 25
            },
            "ZoneFishQuality": 0.30000001192092896
        },
        {
            "Name": "STYX_SnowyPlateau_Main",
            "SpawnList": {
                "(Value=\"Fish_01\")": 50,
                "(Value=\"Fish_01_Var4\")": 50,
                "(Value=\"Fish_01_Var3\")": 50,
                "(Value=\"Fish_09_Var4\")": 25,
                "(Value=\"Fish_10_Var4\")": 25
            },
            "ZoneFishQuality": 0.30000001192092896
        },
        {
            "Name": "STYX_TheWall_Main",
            "SpawnList": {
                "(Value=\"Fish_01\")": 50,
                "(Value=\"Fish_01_Var4\")": 50,
                "(Value=\"Fish_01_Var3\")": 50,
                "(Value=\"Fish_09_Var4\")": 25,
                "(Value=\"Fish_10_Var4\")": 25
            },
            "ZoneFishQuality": 0.30000001192092896
        },
        {
            "Name": "OP_Forest",
            "SpawnList": {
                "(Value=\"Fish_01_Var4\")": 100,
                "(Value=\"Fish_02_Var2\")": 100,
                "(Value=\"Fish_07_Var4\")": 50,
                "(Value=\"Fish_08_Var3\")": 50,
                "(Value=\"Fish_10_Var2\")": 25,
                "(Value=\"Fish_14_Var2\")": 25
            },
            "ZoneFishQuality": 0.30000001192092896
        },
        {
            "Name": "OP_Arctic",
            "SpawnList": {
                "(Value=\"Fish_01_Var2\")": 100,
                "(Value=\"Fish_02_Var3\")": 100,
                "(Value=\"Fish_07\")": 50,
                "(Value=\"Fish_07_Var2\")": 25,
                "(Value=\"Fish_10_Var3\")": 25,
                "(Value=\"Fish_14\")": 25
            },
            "ZoneFishQuality": 0.30000001192092896
        },
        {
            "Name": "OP_Forest2",
            "SpawnList": {
                "(Value=\"Fish_01_Var3\")": 100,
                "(Value=\"Fish_02_Var4\")": 100,
                "(Value=\"Fish_09\")": 50,
                "(Value=\"Fish_09_Var3\")": 50,
                "(Value=\"Fish_10_Var4\")": 25,
                "(Value=\"Fish_14\")": 25
            },
            "ZoneFishQuality": 0.30000001192092896
        },
        {
            "Name": "PRO_Main",
            "ZoneFishQuality": 0.30000001192092896
        },
        {
            "Name": "PRO_Grasslands_Main",
            "SpawnList": {
                "(Value=\"Fish_19\")": 100,
                "(Value=\"Fish_02_Var4\")": 100,
                "(Value=\"Fish_09\")": 50,
                "(Value=\"Fish_09_Var3\")": 50,
                "(Value=\"Fish_10_Var4\")": 25,
                "(Value=\"Fish_14\")": 25
            },
            "ZoneFishQuality": 0.30000001192092896
        },
        {
            "Name": "PRO_Grasslands_Upper_Stretch",
            "SpawnList": {
                "(Value=\"Fish_19\")": 100,
                "(Value=\"Fish_19_Var2\")": 100,
                "(Value=\"Fish_19_Var3\")": 100,
                "(Value=\"Fish_19_Var4\")": 100
            }
        },
        {
            "Name": "PRO_Grasslands_Small_Pools",
            "SpawnList": {
                "(Value=\"Fish_19\")": 100,
                "(Value=\"Fish_02_Var4\")": 100,
                "(Value=\"Fish_07_Var3\")": 50,
                "(Value=\"Fish_08_Var4\")": 50,
                "(Value=\"Fish_14_Var2\")": 25
            },
            "ZoneFishQuality": 0.30000001192092896
        },
        {
            "Name": "PRO_Grasslands_Small_Pools_2",
            "SpawnList": {
                "(Value=\"Fish_19_Var3\")": 100,
                "(Value=\"Fish_01_Var4\")": 100,
                "(Value=\"Fish_08_Var2\")": 50,
                "(Value=\"Fish_08_Var4\")": 50,
                "(Value=\"Fish_14_Var2\")": 25
            },
            "ZoneFishQuality": 0.6000000238418579
        },
        {
            "Name": "PRO_ThePillars",
            "SpawnList": {
                "(Value=\"Fish_03_Var4\")": 100,
                "(Value=\"Fish_18_Var3\")": 50,
                "(Value=\"Fish_06\")": 50,
                "(Value=\"Fish_11_Var4\")": 25,
                "(Value=\"Fish_13_Var2\")": 15
            },
            "ZoneFishQuality": 0.4000000059604645
        },
        {
            "Name": "PRO_Wetlands",
            "SpawnList": {
                "(Value=\"Fish_03_Var3\")": 100,
                "(Value=\"Fish_03_Var2\")": 100,
                "(Value=\"Fish_18_Var3\")": 50,
                "(Value=\"Fish_05_Var2\")": 50,
                "(Value=\"Fish_13_Var4\")": 25
            },
            "ZoneFishQuality": 0.30000001192092896
        },
        {
            "Name": "PRO_Stillwater",
            "SpawnList": {
                "(Value=\"Fish_03_Var4\")": 100,
                "(Value=\"Fish_04_Var2\")": 100,
                "(Value=\"Fish_18\")": 50,
                "(Value=\"Fish_05_Var3\")": 50,
                "(Value=\"Fish_13_Var3\")": 25,
                "(Value=\"Fish_17\")": 10
            },
            "ZoneFishQuality": 0.6000000238418579
        },
        {
            "Name": "PRO_Marshlands_Main",
            "SpawnList": {
                "(Value=\"Fish_03\")": 100,
                "(Value=\"Fish_04\")": 100,
                "(Value=\"Fish_18_Var2\")": 50,
                "(Value=\"Fish_05_Var4\")": 50,
                "(Value=\"Fish_13_Var3\")": 25
            },
            "ZoneFishQuality": 0.30000001192092896
        },
        {
            "Name": "PRO_Marshlands_Small",
            "SpawnList": {
                "(Value=\"Fish_03_Var2\")": 100,
                "(Value=\"Fish_04_Var2\")": 100,
                "(Value=\"Fish_18_Var4\")": 50,
                "(Value=\"Fish_12_Var4\")": 50,
                "(Value=\"Fish_13_Var3\")": 25,
                "(Value=\"Fish_17\")": 10
            }
        },
        {
            "Name": "PRO_GlacialCascade_Main",
            "SpawnList": {
                "(Value=\"Fish_19_Var3\")": 100,
                "(Value=\"Fish_02_Var2\")": 100,
                "(Value=\"Fish_09_Var4\")": 50,
                "(Value=\"Fish_07_Var2\")": 50,
                "(Value=\"Fish_14_Var3\")": 25
            },
            "ZoneFishQuality": 0.30000001192092896
        },
        {
            "Name": "PRO_GlacialCascade_Pool",
            "SpawnList": {
                "(Value=\"Fish_19_Var4\")": 100,
                "(Value=\"Fish_01_Var2\")": 100,
                "(Value=\"Fish_08_Var3\")": 50,
                "(Value=\"Fish_08\")": 50,
                "(Value=\"Fish_10\")": 25
            },
            "ZoneFishQuality": 0.30000001192092896
        },
        {
            "Name": "PRO_BasaltExpansion_Main",
            "SpawnList": {
                "(Value=\"Fish_04\")": 100,
                "(Value=\"Fish_04_Var2\")": 100,
                "(Value=\"Fish_06_Var2\")": 50,
                "(Value=\"Fish_18\")": 50,
                "(Value=\"Fish_12_Var3\")": 25,
                "(Value=\"Fish_13_Var3\")": 25,
                "(Value=\"Fish_04_Var3\")": 100,
                "(Value=\"Fish_04_Var4\")": 100
            },
            "ZoneFishQuality": 0.30000001192092896
        },
        {
            "Name": "PRO_BasaltExpansion_Pools",
            "SpawnList": {
                "(Value=\"Fish_18_Var4\")": 50,
                "(Value=\"Fish_12_Var4\")": 50,
                "(Value=\"Fish_13_Var3\")": 25,
                "(Value=\"Fish_17\")": 10
            },
            "ZoneFishQuality": 0.699999988079071
        },
        {
            "Name": "PRO_LavaFlows_Main",
            "SpawnList": {
                "(Value=\"Fish_03_Var2\")": 100,
                "(Value=\"Fish_04_Var2\")": 100,
                "(Value=\"Fish_06_Var4\")": 50,
                "(Value=\"Fish_05_Var4\")": 50,
                "(Value=\"Fish_13_Var4\")": 25
            },
            "ZoneFishQuality": 0.30000001192092896
        },
        {
            "Name": "PRO_LavaFlows_Terrace",
            "SpawnList": {
                "(Value=\"Fish_03\")": 100,
                "(Value=\"Fish_04_Var4\")": 100,
                "(Value=\"Fish_06_Var4\")": 50,
                "(Value=\"Fish_05_Var4\")": 50,
                "(Value=\"Fish_11_Var2\")": 25
            },
            "ZoneFishQuality": 0.6000000238418579
        }
    ]
}