{
    "RowStruct": "/Script/Icarus.Statistic",
    "Defaults": {
        "DisplayName": ""
    },
    "GenerateEnum": true,
    "Rows": [
        {
            "Name": "Trees_Chopped",
            "DisplayName": "NSLOCTEXT(\"D_Statistics\", \"Trees_Chopped-DisplayName\", \"Trees Chopped\")"
        },
        {
            "Name": "Animals_Killed",
            "DisplayName": "NSLOCTEXT(\"D_Statistics\", \"Animals_Killed-DisplayName\", \"Animals Killed\")"
        },
        {
            "Name": "Deaths",
            "DisplayName": "NSLOCTEXT(\"D_Statistics\", \"Deaths-DisplayName\", \"Deaths\")"
        },
        {
            "Name": "Times_Revived",
            "DisplayName": "NSLOCTEXT(\"D_Statistics\", \"Times_Revived-DisplayName\", \"Times Revived\")"
        },
        {
            "Name": "Revives_Performed",
            "DisplayName": "NSLOCTEXT(\"D_Statistics\", \"Revives_Performed-DisplayName\", \"Revives Performed\")"
        },
        {
            "Name": "Favourite_Item",
            "DisplayName": "NSLOCTEXT(\"D_Statistics\", \"Favourite_Item-DisplayName\", \"Favourite Item\")"
        },
        {
            "Name": "Favourite_Biome",
            "DisplayName": "NSLOCTEXT(\"D_Statistics\", \"Favourite_Biome-DisplayName\", \"Favourite Biome\")"
        },
        {
            "Name": "Experience_Earned",
            "DisplayName": "NSLOCTEXT(\"D_Statistics\", \"Experience_Earned-DisplayName\", \"Experience Earned\")"
        },
        {
            "Name": "Levels_Earned",
            "DisplayName": "NSLOCTEXT(\"D_Statistics\", \"Levels_Earned-DisplayName\", \"Levels Earned\")"
        },
        {
            "Name": "Items_Crafted",
            "DisplayName": "NSLOCTEXT(\"D_Statistics\", \"Items_Crafted-DisplayName\", \"Items Crafted\")"
        },
        {
            "Name": "Food_Consumed",
            "DisplayName": "NSLOCTEXT(\"D_Statistics\", \"Food_Consumed-DisplayName\", \"Food Consumed\")"
        },
        {
            "Name": "Projectiles_Fired",
            "DisplayName": "NSLOCTEXT(\"D_Statistics\", \"Projectiles_Fired-DisplayName\", \"Projectiles Fired\")"
        },
        {
            "Name": "Nights_Survived",
            "DisplayName": "NSLOCTEXT(\"D_Statistics\", \"Nights_Survived-DisplayName\", \"Nights Survived\")"
        },
        {
            "Name": "Distance_Travelled",
            "DisplayName": "NSLOCTEXT(\"D_Statistics\", \"Distance_Travelled-DisplayName\", \"Distance Travelled\")"
        }
    ]
}