{
    "RowStruct": "/Script/Icarus.ItemRank",
    "Defaults": {
        "TagQuery": {
            "RowName": "None",
            "DataTableName": "D_TagQueries"
        },
        "Icon": "None"
    },
    "Rows": [
        {
            "Name": "Attachment_1",
            "TagQuery": {
                "RowName": "Attachment_Rank_1"
            },
            "Icon": "/Game/Assets/2DArt/UI/Icons/Icon_Tier_1.Icon_Tier_1"
        },
        {
            "Name": "Attachment_2",
            "TagQuery": {
                "RowName": "Attachment_Rank_2"
            },
            "Icon": "/Game/Assets/2DArt/UI/Icons/Icon_Tier_2.Icon_Tier_2"
        }
    ]
}