{
    "RowStruct": "/Script/Icarus.AuraInfo",
    "Defaults": {
        "Modifier": {
            "RowName": "None",
            "DataTableName": "D_ModifierStates"
        },
        "Stat": {
            "Value": "None"
        }
    },
    "Rows": [
        {
            "Name": "AuraOxygenConsumption",
            "Modifier": {
                "RowName": "GrantedAura_ReducedOxygenConsumption"
            },
            "Stat": {
                "Value": "GrantedAuraOxygenConsumptionRate_?"
            }
        },
        {
            "Name": "AuraPhysicalResistance",
            "Modifier": {
                "RowName": "GrantedAura_AdditionalPhysicalDamageMitigation"
            },
            "Stat": {
                "Value": "GrantedAuraPhysicalDamageResistance_?"
            }
        },
        {
            "Name": "AuraWeightReduction",
            "Modifier": {
                "RowName": "Weight_Reduction_Aura"
            },
            "Stat": {
                "Value": "GrantedAuraWeightReduction_?"
            }
        },
        {
            "Name": "AuraHealing",
            "Modifier": {
                "RowName": "Healing_Modifier_Aura"
            },
            "Stat": {
                "Value": "GrantedAuraHealingAfflictions_?"
            }
        },
        {
            "Name": "AuraTaming",
            "Modifier": {
                "RowName": "GrantedAura_TamingSpeed"
            },
            "Stat": {
                "Value": "GrantedAuraTamingSpeed_?"
            }
        },
        {
            "Name": "AuraSulfurPool",
            "Modifier": {
                "RowName": "GrantedAura_SulfurPool"
            },
            "Stat": {
                "Value": "GrantedAuraSulfurPool_?"
            }
        },
        {
            "Name": "AuraHealthRegen",
            "Modifier": {
                "RowName": "GrantedAura_HealthRegen"
            },
            "Stat": {
                "Value": "GrantedAuraHealthRegen_?"
            }
        },
        {
            "Name": "AuraMovementSpeed",
            "Modifier": {
                "RowName": "GrantedAura_MovementSpeed"
            },
            "Stat": {
                "Value": "GrantedAuraMovementSpeed_?"
            }
        },
        {
            "Name": "AuraHyperthermiaResistance",
            "Modifier": {
                "RowName": "GrantedAura_HyperthermiaResistance"
            },
            "Stat": {
                "Value": "GrantedAuraHyperthermiaResistance_?"
            }
        },
        {
            "Name": "AuraHypothermiaResistance",
            "Modifier": {
                "RowName": "GrantedAura_HypothermiaResistance"
            },
            "Stat": {
                "Value": "GrantedAuraHypothermiaResistance_?"
            }
        }
    ]
}