{
    "RowStruct": "/Script/Icarus.MetaCurrency",
    "Defaults": {
        "DisplayName": "",
        "Icon": "None",
        "Color": {
            "B": 0,
            "G": 0,
            "R": 0,
            "A": 0
        },
        "Description": "",
        "ItemStaticData": {
            "RowName": "None",
            "DataTableName": "D_ItemsStatic"
        },
        "DecoratorText": "",
        "DecoratorImage": "",
        "bDisplayOnMainScreen": false
    },
    "GenerateEnum": true,
    "Rows": [
        {
            "Name": "Credits",
            "DisplayName": "INVTEXT(\"[DNT] Ren\")",
            "Icon": "/Game/Assets/2DArt/UI/Icons/Icon_RenCurrency.Icon_RenCurrency",
            "Color": {
                "B": 68,
                "G": 201,
                "R": 248,
                "A": 255
            },
            "DecoratorText": "Ren",
            "DecoratorImage": "Ren",
            "bDisplayOnMainScreen": true
        },
        {
            "Name": "Exotic1",
            "DisplayName": "INVTEXT(\"[DNT] Exotics\")",
            "Icon": "/Game/Assets/2DArt/UI/Icons/Icon_MetaExotic.Icon_MetaExotic",
            "Color": {
                "B": 239,
                "G": 189,
                "R": 218,
                "A": 255
            },
            "Description": "NSLOCTEXT(\"D_MetaCurrency\", \"Exotic1-Description\", \"The most valuable substance in existence, by lightyears.\")",
            "ItemStaticData": {
                "RowName": "MetaResource"
            },
            "DecoratorText": "Exotic",
            "DecoratorImage": "Exotic",
            "bDisplayOnMainScreen": true
        },
        {
            "Name": "Refund",
            "DisplayName": "NSLOCTEXT(\"D_MetaCurrency\", \"Refund-DisplayName\", \"Respec Point\")",
            "Icon": "/Game/Assets/2DArt/UI/Icons/Icon_RetrainingPoints.Icon_RetrainingPoints",
            "Color": {
                "B": 39,
                "G": 186,
                "R": 255,
                "A": 255
            },
            "DecoratorText": "Retrain",
            "DecoratorImage": "Retrain"
        },
        {
            "Name": "Exotic_Red",
            "DisplayName": "INVTEXT(\"[DNT] Red Exotics\")",
            "Icon": "/Game/Assets/2DArt/UI/Icons/T_ICON_RedExotic.T_ICON_RedExotic",
            "Color": {
                "G": 26,
                "R": 239,
                "A": 255
            },
            "Description": "NSLOCTEXT(\"D_MetaCurrency\", \"Exotic_Red-Description\", \"The most valuable substance in existence, by lightyears.\")",
            "ItemStaticData": {
                "RowName": "Exotic_Red"
            },
            "DecoratorText": "RedExotics",
            "DecoratorImage": "RedExotics",
            "bDisplayOnMainScreen": true,
            "Metadata": {
                "RequiredFeatureLevel": {
                    "RowName": "NewFrontiers"
                }
            }
        }
    ]
}