{
    "RowStruct": "/Script/Icarus.ToolDamage",
    "Defaults": {
        "Melee_Damage": 0,
        "DamageVariationPercentage": 0,
        "Felling_Damage": 0,
        "Felling_Efficiency": 0,
        "Mining_Radius": 0,
        "Mining_Efficiency": 0,
        "Skinning_Efficiency": 0,
        "Reaping_Efficiency": 0
    },
    "Rows": [
        {
            "Name": "Stone_Axe",
            "Melee_Damage": 30,
            "DamageVariationPercentage": 10,
            "Felling_Damage": 25,
            "Felling_Efficiency": 1
        },
        {
            "Name": "Meta_Axe_Printed",
            "Melee_Damage": 35,
            "DamageVariationPercentage": 5,
            "Felling_Damage": 30,
            "Felling_Efficiency": 1.25
        },
        {
            "Name": "Metal_Axe",
            "Melee_Damage": 40,
            "DamageVariationPercentage": 10,
            "Felling_Damage": 50,
            "Felling_Efficiency": 1.25
        },
        {
            "Name": "Meta_Axe_Shengong",
            "Melee_Damage": 40,
            "DamageVariationPercentage": 5,
            "Felling_Damage": 50,
            "Felling_Efficiency": 1.25
        },
        {
            "Name": "Meta_Axe_Inaris",
            "Melee_Damage": 45,
            "DamageVariationPercentage": 5,
            "Felling_Damage": 60,
            "Felling_Efficiency": 1.5
        },
        {
            "Name": "Meta_Axe",
            "Melee_Damage": 40,
            "DamageVariationPercentage": 5,
            "Felling_Damage": 50,
            "Felling_Efficiency": 1.25
        },
        {
            "Name": "Steel_Axe",
            "Melee_Damage": 45,
            "DamageVariationPercentage": 10,
            "Felling_Damage": 50,
            "Felling_Efficiency": 1.2999999523162842
        },
        {
            "Name": "Platnium_Axe",
            "Melee_Damage": 50,
            "DamageVariationPercentage": 10,
            "Felling_Damage": 75,
            "Felling_Efficiency": 1.3300000429153442
        },
        {
            "Name": "Meta_Axe_Larkwell",
            "Melee_Damage": 50,
            "DamageVariationPercentage": 5,
            "Felling_Damage": 70,
            "Felling_Efficiency": 2
        },
        {
            "Name": "Titanium_Axe",
            "Melee_Damage": 55,
            "DamageVariationPercentage": 10,
            "Felling_Damage": 80,
            "Felling_Efficiency": 1.399999976158142
        },
        {
            "Name": "Stone_Pickaxe",
            "Melee_Damage": 30,
            "DamageVariationPercentage": 10,
            "Mining_Radius": 50,
            "Mining_Efficiency": 1
        },
        {
            "Name": "Meta_Pickaxe_Printed",
            "Melee_Damage": 35,
            "DamageVariationPercentage": 5,
            "Mining_Radius": 55,
            "Mining_Efficiency": 1.149999976158142
        },
        {
            "Name": "Metal_Pickaxe",
            "Melee_Damage": 40,
            "DamageVariationPercentage": 10,
            "Mining_Radius": 60,
            "Mining_Efficiency": 1.25
        },
        {
            "Name": "Meta_Pickaxe_Shengong",
            "Melee_Damage": 40,
            "DamageVariationPercentage": 5,
            "Mining_Radius": 60,
            "Mining_Efficiency": 1.25
        },
        {
            "Name": "Meta_Pickaxe_Inaris",
            "Melee_Damage": 45,
            "DamageVariationPercentage": 5,
            "Mining_Radius": 75,
            "Mining_Efficiency": 1.5
        },
        {
            "Name": "Steel_Pickaxe",
            "Melee_Damage": 40,
            "DamageVariationPercentage": 10,
            "Mining_Radius": 65,
            "Mining_Efficiency": 1.2999999523162842
        },
        {
            "Name": "Platnium_Pickaxe",
            "Melee_Damage": 50,
            "DamageVariationPercentage": 10,
            "Mining_Radius": 70,
            "Mining_Efficiency": 1.3300000429153442
        },
        {
            "Name": "Meta_Pickaxe_Larkwell",
            "Melee_Damage": 60,
            "DamageVariationPercentage": 5,
            "Mining_Radius": 90,
            "Mining_Efficiency": 2
        },
        {
            "Name": "Titanium_Pickaxe",
            "Melee_Damage": 55,
            "DamageVariationPercentage": 10,
            "Mining_Radius": 75,
            "Mining_Efficiency": 1.399999976158142
        },
        {
            "Name": "Meta_Pickaxe",
            "Melee_Damage": 40,
            "DamageVariationPercentage": 5,
            "Mining_Radius": 60,
            "Mining_Efficiency": 1.5
        },
        {
            "Name": "Stone_Knife",
            "Melee_Damage": 50,
            "DamageVariationPercentage": 10,
            "Skinning_Efficiency": 1
        },
        {
            "Name": "Meta_Knife_Printed",
            "Melee_Damage": 52,
            "DamageVariationPercentage": 5,
            "Skinning_Efficiency": 1.5
        },
        {
            "Name": "Bone_Knife",
            "Melee_Damage": 55,
            "DamageVariationPercentage": 10,
            "Skinning_Efficiency": 1.5
        },
        {
            "Name": "Caveworm_Knife",
            "Melee_Damage": 55,
            "DamageVariationPercentage": 10,
            "Skinning_Efficiency": 1.75
        },
        {
            "Name": "Metal_Knife",
            "Melee_Damage": 60,
            "DamageVariationPercentage": 10,
            "Skinning_Efficiency": 2
        },
        {
            "Name": "Meta_Knife_Shengong",
            "Melee_Damage": 60,
            "DamageVariationPercentage": 5,
            "Skinning_Efficiency": 2
        },
        {
            "Name": "Sandworm_Knife",
            "Melee_Damage": 65,
            "DamageVariationPercentage": 10,
            "Skinning_Efficiency": 1.75
        },
        {
            "Name": "Meta_Knife_Inaris",
            "Melee_Damage": 65,
            "DamageVariationPercentage": 5,
            "Skinning_Efficiency": 2.5
        },
        {
            "Name": "Steel_Knife",
            "Melee_Damage": 65,
            "DamageVariationPercentage": 10,
            "Skinning_Efficiency": 2
        },
        {
            "Name": "Combat_Knife",
            "Melee_Damage": 85,
            "DamageVariationPercentage": 10,
            "Skinning_Efficiency": 2
        },
        {
            "Name": "Machete",
            "Melee_Damage": 100,
            "DamageVariationPercentage": 8,
            "Skinning_Efficiency": 1.75,
            "Reaping_Efficiency": 1.75
        },
        {
            "Name": "Meta_Knife_Larkwell",
            "Melee_Damage": 95,
            "DamageVariationPercentage": 5,
            "Skinning_Efficiency": 3
        },
        {
            "Name": "Platinum_Knife",
            "Melee_Damage": 70,
            "DamageVariationPercentage": 5,
            "Skinning_Efficiency": 2
        },
        {
            "Name": "Titanium_Knife",
            "Melee_Damage": 75,
            "DamageVariationPercentage": 5,
            "Skinning_Efficiency": 2.25
        },
        {
            "Name": "Meta_Knife",
            "Melee_Damage": 55,
            "DamageVariationPercentage": 5,
            "Skinning_Efficiency": 2
        },
        {
            "Name": "Wood_Spear",
            "Melee_Damage": 50,
            "DamageVariationPercentage": 10
        },
        {
            "Name": "Bone_Spear",
            "Melee_Damage": 55,
            "DamageVariationPercentage": 10
        },
        {
            "Name": "Caveworm_Spear",
            "Melee_Damage": 55,
            "DamageVariationPercentage": 10
        },
        {
            "Name": "Meta_Spear_Printed",
            "Melee_Damage": 55,
            "DamageVariationPercentage": 5
        },
        {
            "Name": "Metal_Spear",
            "Melee_Damage": 60,
            "DamageVariationPercentage": 10
        },
        {
            "Name": "Sandworm_Spear",
            "Melee_Damage": 60,
            "DamageVariationPercentage": 10
        },
        {
            "Name": "Meta_Spear_Shengong",
            "Melee_Damage": 60,
            "DamageVariationPercentage": 5
        },
        {
            "Name": "Meta_Spear_Inaris",
            "Melee_Damage": 65,
            "DamageVariationPercentage": 5
        },
        {
            "Name": "Steel_Spear",
            "Melee_Damage": 65,
            "DamageVariationPercentage": 10
        },
        {
            "Name": "Platinum_Spear",
            "Melee_Damage": 70,
            "DamageVariationPercentage": 5
        },
        {
            "Name": "Titanium_Spear",
            "Melee_Damage": 75,
            "DamageVariationPercentage": 5
        },
        {
            "Name": "Carbon_Spear",
            "Melee_Damage": 75,
            "DamageVariationPercentage": 10
        },
        {
            "Name": "Composite_Spear",
            "Melee_Damage": 80,
            "DamageVariationPercentage": 10
        },
        {
            "Name": "Meta_Spear_Larkwell",
            "Melee_Damage": 85,
            "DamageVariationPercentage": 5
        },
        {
            "Name": "Player_Fist",
            "Melee_Damage": 5,
            "DamageVariationPercentage": 10
        },
        {
            "Name": "Jackhammer",
            "Melee_Damage": 10,
            "DamageVariationPercentage": 10,
            "Mining_Radius": 25,
            "Mining_Efficiency": 1
        },
        {
            "Name": "Bone_Sickle",
            "Melee_Damage": 40,
            "DamageVariationPercentage": 10,
            "Reaping_Efficiency": 1
        },
        {
            "Name": "Meta_Sickle_Printed",
            "Melee_Damage": 40,
            "DamageVariationPercentage": 10,
            "Reaping_Efficiency": 1.5
        },
        {
            "Name": "Meta_Sickle_Larkwell",
            "Melee_Damage": 55,
            "DamageVariationPercentage": 5,
            "Reaping_Efficiency": 2.5
        },
        {
            "Name": "Metal_Sickle",
            "Melee_Damage": 50,
            "DamageVariationPercentage": 10,
            "Reaping_Efficiency": 1.5
        },
        {
            "Name": "Platnium_Sickle",
            "Melee_Damage": 60,
            "DamageVariationPercentage": 10,
            "Reaping_Efficiency": 1.75
        },
        {
            "Name": "Titanium_Sickle",
            "Melee_Damage": 65,
            "DamageVariationPercentage": 10,
            "Reaping_Efficiency": 1.850000023841858
        },
        {
            "Name": "Chainsaw",
            "Melee_Damage": 30,
            "DamageVariationPercentage": 25,
            "Felling_Damage": 5,
            "Felling_Efficiency": 1
        }
    ]
}