{
    "RowStruct": "/Script/Icarus.ArmourSetBonus",
    "Defaults": {
        "RequiredGear": 0,
        "Description": "",
        "StatsGranted": {}
    },
    "Rows": [
        {
            "Name": "Cloth_5",
            "RequiredGear": 5,
            "Description": "NSLOCTEXT(\"D_ArmourSetBonus\", \"Cloth_5-Description\", \"Cloth Armor Set\")",
            "StatsGranted": {
                "(Value=\"BaseMovementSpeed_+%\")": 10,
                "(Value=\"BaseExposureResistance_+%\")": 5
            }
        },
        {
            "Name": "Leather_5",
            "RequiredGear": 5,
            "Description": "NSLOCTEXT(\"D_ArmourSetBonus\", \"Leather_5-Description\", \"Leather Armor Set\")",
            "StatsGranted": {
                "(Value=\"BaseMaximumHealth_+\")": 50,
                "(Value=\"BaseMaximumStamina_+\")": 50,
                "(Value=\"BaseExposureResistance_+%\")": 15
            }
        },
        {
            "Name": "Fur_5",
            "RequiredGear": 5,
            "Description": "NSLOCTEXT(\"D_ArmourSetBonus\", \"Fur_5-Description\", \"Fur Armor Set\")",
            "StatsGranted": {
                "(Value=\"BaseColdResistance_%\")": 20,
                "(Value=\"BaseExposureResistance_+%\")": 15
            }
        },
        {
            "Name": "Ghillie_5",
            "RequiredGear": 5,
            "Description": "NSLOCTEXT(\"D_ArmourSetBonus\", \"Ghillie_5-Description\", \"Ghillie Armor Set\")",
            "StatsGranted": {
                "(Value=\"BaseAnimalThreatModifier_+%\")": -25,
                "(Value=\"BaseCrouchSpeed_+%\")": 15,
                "(Value=\"BaseStaminaRegen_+%\")": 15
            }
        },
        {
            "Name": "Carbon_5",
            "RequiredGear": 5,
            "Description": "NSLOCTEXT(\"D_ArmourSetBonus\", \"Carbon_5-Description\", \"Naneo Armor Set\")",
            "StatsGranted": {
                "(Value=\"BaseWeightCapacity_+%\")": 20,
                "(Value=\"BaseCollisionDamageResistance_+%\")": 15,
                "(Value=\"BaseMovementSpeed_+%\")": 15,
                "(Value=\"BaseExposureResistance_+%\")": 15,
                "(Value=\"BaseMaximumHealth_+\")": 200,
                "(Value=\"BaseMaximumStamina_+\")": 200
            }
        },
        {
            "Name": "Composite_5",
            "RequiredGear": 5,
            "Description": "NSLOCTEXT(\"D_ArmourSetBonus\", \"Composite_5-Description\", \"Composite Armor Set\")",
            "StatsGranted": {
                "(Value=\"BaseWeightCapacity_+%\")": 25,
                "(Value=\"BaseCollisionDamageResistance_+%\")": 20,
                "(Value=\"BaseMovementSpeed_+%\")": 20,
                "(Value=\"BaseExposureResistance_+%\")": 25,
                "(Value=\"BaseMaximumHealth_+\")": 250,
                "(Value=\"BaseMaximumStamina_+\")": 250
            }
        },
        {
            "Name": "Polarbear_5",
            "RequiredGear": 5,
            "Description": "NSLOCTEXT(\"D_ArmourSetBonus\", \"Polarbear_5-Description\", \"Polar Bear Armor Set\")",
            "StatsGranted": {
                "(Value=\"BaseColdResistance_%\")": 25,
                "(Value=\"BaseArcticMovementSpeed_+%\")": 15,
                "(Value=\"BaseExposureResistance_+%\")": 25,
                "(Value=\"BaseAnimalThreatModifier_+%\")": -25

            }
        },
        {
            "Name": "Hunter_5",
            "RequiredGear": 5,
            "Description": "NSLOCTEXT(\"D_ArmourSetBonus\", \"Hunter_5-Description\", \"Hunter Armor Set\")",
            "StatsGranted": {
                "(Value=\"BaseCrouchSpeed_+%\")": 25,
                "(Value=\"BaseMovementSpeed_+%\")": 10,
                "(Value=\"BaseAnimalThreatModifier_+%\")": -10,
                "(Value=\"BaseExposureResistance_+%\")": 15,
                "(Value=\"BaseJumpingStaminaActionCost_+%\")": -75,
                "(Value=\"BaseMaximumStamina_+\")": 150
            }
        },
        {
            "Name": "Scale_5",
            "RequiredGear": 5,
            "Description": "NSLOCTEXT(\"D_ArmourSetBonus\", \"Scale_5-Description\", \"Scale Armor Set\")",
            "StatsGranted": {
                "(Value=\"BasePoisonDamageResistance_+%\")": 25,
                "(Value=\"BasePoisonModifierDuration_+%\")": -50,
                "(Value=\"BaseDesertWaterConsumption_+%\")": -75
            }
        },
        {
            "Name": "Scorpion_5",
            "RequiredGear": 5,
            "Description": "NSLOCTEXT(\"D_ArmourSetBonus\", \"Scorpion_5-Description\", \"Scorpion Armor Set\")",
            "StatsGranted": {
                "(Value=\"BaseProjectileDamageResistance_+%\")": 30,
                "(Value=\"BaseCollisionDamageResistance_+%\")": 10
            }
        },
        {
            "Name": "Carbon_Alpha_5",
            "RequiredGear": 5,
            "Description": "NSLOCTEXT(\"D_ArmourSetBonus\", \"Carbon_Alpha_5-Description\", \"ST-700 Armor Set\")",
            "StatsGranted": {
                "(Value=\"BaseAnimalThreatModifier_+%\")": -35,
                "(Value=\"BaseMovementSpeed_+%\")": 25,
                "(Value=\"BaseHealthRegenPerMinute_+\")": 60,
                "(Value=\"BaseMaximumHealth_+\")": 200,
                "(Value=\"BaseMaximumStamina_+\")": 200,
                "(Value=\"BaseCrouchSpeed_+%\")": 50,
                "(Value=\"BaseStealthDamage_+%\")": 75
            }
        },
        {
            "Name": "Carbon_Beta_5",
            "RequiredGear": 5,
            "Description": "NSLOCTEXT(\"D_ArmourSetBonus\", \"Carbon_Beta_5-Description\", \"CX-400 Armor Set\")",
            "StatsGranted": {
                "(Value=\"BaseWeightCapacity_+%\")": 75,
                "(Value=\"BaseChanceToFellTreeInstantly_%\")": 25,
                "(Value=\"BaseChanceToMineVoxelInstantly_+%\")": 25,
                "(Value=\"BaseMaximumHealth_+\")": 200,
                "(Value=\"BaseMaximumStamina_+\")": 200,
                "(Value=\"BaseMiningRewards_%\")": 50,
                "(Value=\"BaseFellingRewards_%\")": 50
            }
        }
    ]
}