{
    "RowStruct": "/Script/Icarus.LanguagesData",
    "Defaults": {
        "bEnabled": false,
        "Coverage": 0
    },
    "Rows": [
        {
            "Name": "en",
            "bEnabled": true,
            "Coverage": 100
        },
        {
            "Name": "fr-FR",
            "bEnabled": true,
            "Coverage": 90
        },
        {
            "Name": "es-419",
            "bEnabled": true,
            "Coverage": 78
        },
        {
            "Name": "pt-BR",
            "bEnabled": true,
            "Coverage": 78
        },
        {
            "Name": "de-DE",
            "bEnabled": true,
            "Coverage": 96
        },
        {
            "Name": "ru-RU",
            "bEnabled": true,
            "Coverage": 86
        },
        {
            "Name": "zh-Hans",
            "bEnabled": true,
            "Coverage": 99
        },
        {
            "Name": "zh-Hant",
            "bEnabled": true,
            "Coverage": 99
        },
        {
            "Name": "ja-JP",
            "bEnabled": true,
            "Coverage": 99
        },
        {
            "Name": "ko-KR",
            "bEnabled": true,
            "Coverage": 99
        }
    ]
}