{
    "RowStruct": "/Script/Icarus.FillableData",
    "Defaults": {
        "Behaviour": "None",
        "ResourceTypes": [],
        "MaximumStoredUnits": 0
    },
    "Rows": [
        {
            "Name": "WaterSkin",
            "Behaviour": "/Game/BP/Behaviours/Fillable/BP_FillableComponent.BP_FillableComponent_C",
            "ResourceTypes": [
                "Water"
            ],
            "MaximumStoredUnits": 1000
        },
        {
            "Name": "Canteen",
            "Behaviour": "/Game/BP/Behaviours/Fillable/BP_FillableComponent.BP_FillableComponent_C",
            "ResourceTypes": [
                "Water"
            ],
            "MaximumStoredUnits": 5000
        },
        {
            "Name": "Canteen_Shengong",
            "Behaviour": "/Game/BP/Behaviours/Fillable/BP_FillableComponent.BP_FillableComponent_C",
            "ResourceTypes": [
                "Water"
            ],
            "MaximumStoredUnits": 6500
        },
        {
            "Name": "WaterBarrel",
            "Behaviour": "/Game/BP/Behaviours/Fillable/BP_FillableComponent.BP_FillableComponent_C",
            "ResourceTypes": [
                "Water"
            ],
            "MaximumStoredUnits": 20000
        },
        {
            "Name": "OxygenBladder",
            "Behaviour": "/Game/BP/Behaviours/Fillable/BP_FillableComponent.BP_FillableComponent_C",
            "ResourceTypes": [
                "Oxygen"
            ],
            "MaximumStoredUnits": 1000
        },
        {
            "Name": "OxygenTank",
            "Behaviour": "/Game/BP/Behaviours/Fillable/BP_FillableComponent.BP_FillableComponent_C",
            "ResourceTypes": [
                "Oxygen"
            ],
            "MaximumStoredUnits": 5000
        },
        {
            "Name": "Oxygen_Tank_Shengong",
            "Behaviour": "/Game/BP/Behaviours/Fillable/BP_FillableComponent.BP_FillableComponent_C",
            "ResourceTypes": [
                "Oxygen"
            ],
            "MaximumStoredUnits": 6500
        },
        {
            "Name": "Battery",
            "Behaviour": "/Game/BP/Behaviours/Fillable/BP_FillableComponent.BP_FillableComponent_C",
            "ResourceTypes": [
                "Energy"
            ],
            "MaximumStoredUnits": 10000
        },
        {
            "Name": "Sponge",
            "Behaviour": "/Game/BP/Behaviours/Fillable/BP_FillableComponent.BP_FillableComponent_C",
            "ResourceTypes": [
                "Water"
            ],
            "MaximumStoredUnits": 500
        },
        {
            "Name": "Beer_Bottle",
            "Behaviour": "/Game/BP/Behaviours/Fillable/BP_FillableComponent.BP_FillableComponent_C",
            "ResourceTypes": [
                "Water"
            ],
            "MaximumStoredUnits": 1000
        },
        {
            "Name": "Wine_Bottle",
            "Behaviour": "/Game/BP/Behaviours/Fillable/BP_FillableComponent.BP_FillableComponent_C",
            "ResourceTypes": [
                "Water"
            ],
            "MaximumStoredUnits": 1000
        },
        {
            "Name": "Thermos",
            "Behaviour": "/Game/BP/Behaviours/Fillable/BP_FillableComponent.BP_FillableComponent_C",
            "ResourceTypes": [
                "Water"
            ],
            "MaximumStoredUnits": 5000
        },
        {
            "Name": "Jerrycan",
            "Behaviour": "/Game/BP/Behaviours/Fillable/BP_FillableComponent.BP_FillableComponent_C",
            "ResourceTypes": [
                "Fuel"
            ],
            "MaximumStoredUnits": 10000
        },
        {
            "Name": "Lantern",
            "Behaviour": "/Game/BP/Behaviours/Fillable/BP_FillableComponent.BP_FillableComponent_C",
            "ResourceTypes": [
                "Fuel"
            ],
            "MaximumStoredUnits": 1000
        },
        {
            "Name": "Biofuel_Lamp",
            "Behaviour": "/Game/BP/Behaviours/Fillable/BP_FillableComponent.BP_FillableComponent_C",
            "ResourceTypes": [
                "Fuel"
            ],
            "MaximumStoredUnits": 2000
        },
        {
            "Name": "Rain_Reservoir",
            "Behaviour": "/Game/BP/Behaviours/Fillable/BP_FillableComponent.BP_FillableComponent_C",
            "ResourceTypes": [
                "Water"
            ],
            "MaximumStoredUnits": 100000
        },
        {
            "Name": "BasicOxiteDissolver",
            "Behaviour": "/Game/BP/Behaviours/Fillable/BP_FillableComponent.BP_FillableComponent_C",
            "ResourceTypes": [
                "Oxygen"
            ],
            "MaximumStoredUnits": 1000
        },
        {
            "Name": "Composter",
            "Behaviour": "/Game/BP/Behaviours/Fillable/BP_FillableComponent.BP_FillableComponent_C",
            "ResourceTypes": [
                "Water"
            ],
            "MaximumStoredUnits": 10000
        },
        {
            "Name": "Water_Pump",
            "Behaviour": "/Game/BP/Behaviours/Fillable/BP_FillableComponent.BP_FillableComponent_C",
            "ResourceTypes": [
                "Water"
            ],
            "MaximumStoredUnits": 10000
        },
        {
            "Name": "Powered_Device",
            "Behaviour": "/Game/BP/Behaviours/Fillable/BP_FillableComponent.BP_FillableComponent_C",
            "ResourceTypes": [
                "Energy"
            ],
            "MaximumStoredUnits": 10000
        },
        {
            "Name": "Glass_Jar",
            "Behaviour": "/Game/BP/Behaviours/Fillable/BP_FillableComponent.BP_FillableComponent_C",
            "ResourceTypes": [
                "Water"
            ],
            "MaximumStoredUnits": 2500
        },
        {
            "Name": "Mission_Ship",
            "Behaviour": "/Game/BP/Behaviours/Fillable/BP_FillableComponent.BP_FillableComponent_C",
            "ResourceTypes": [
                "Energy"
            ],
            "MaximumStoredUnits": 3600000
        },
        {
            "Name": "Meta_Biofuel_Can",
            "Behaviour": "/Game/BP/Behaviours/Fillable/BP_FillableComponent.BP_FillableComponent_C",
            "ResourceTypes": [
                "Fuel"
            ],
            "MaximumStoredUnits": 10000
        },
        {
            "Name": "Meta_Power_Source",
            "Behaviour": "/Game/BP/Behaviours/Fillable/BP_FillableComponent.BP_FillableComponent_C",
            "ResourceTypes": [
                "Energy"
            ],
            "MaximumStoredUnits": 45000
        },
        {
            "Name": "Mission_OxiteBomb",
            "Behaviour": "/Game/BP/Behaviours/Fillable/BP_FillableComponent.BP_FillableComponent_C",
            "ResourceTypes": [
                "Oxygen"
            ],
            "MaximumStoredUnits": 2000
        },
        {
            "Name": "Water_Trough",
            "Behaviour": "/Game/BP/Behaviours/Fillable/BP_FillableComponent.BP_FillableComponent_C",
            "ResourceTypes": [
                "Water"
            ],
            "MaximumStoredUnits": 15000
        }
    ]
}