{
    "RowStruct": "/Script/Icarus.FloatableData",
    "Defaults": {
        "Behaviour": "None",
        "MeshDensity": 600,
        "FluidDensity": 1025,
        "FluidLinearDamping": 1,
        "FluidAngularDamping": 1,
        "bClampMaxVelocity": false,
        "MaxUnderwaterVelocity": 1000
    },
    "Rows": [
        {
            "Name": "Player",
            "Behaviour": "/Game/Prototypes/WaterSystems/BP_SwimmingComponent.BP_SwimmingComponent_C"
        },
        {
            "Name": "Items",
            "Behaviour": "/Game/Prototypes/WaterSystems/BP_BuoyancyComponent.BP_BuoyancyComponent_C"
        },
        {
            "Name": "LightItem",
            "Behaviour": "/Game/Prototypes/WaterSystems/BP_BuoyancyComponent.BP_BuoyancyComponent_C"
        },
        {
            "Name": "HeavyItem",
            "Behaviour": "/Game/Prototypes/WaterSystems/BP_BuoyancyComponent.BP_BuoyancyComponent_C",
            "MeshDensity": 1200
        },
        {
            "Name": "Fish",
            "Behaviour": "/Game/Prototypes/WaterSystems/BP_BuoyancyComponent.BP_BuoyancyComponent_C",
            "FluidLinearDamping": 10,
            "FluidAngularDamping": 50,
            "MaxUnderwaterVelocity": 75
        },
        {
            "Name": "Fish_Small",
            "Behaviour": "/Game/Prototypes/WaterSystems/BP_BuoyancyComponent.BP_BuoyancyComponent_C",
            "MeshDensity": 450,
            "FluidLinearDamping": 10,
            "FluidAngularDamping": 50,
            "MaxUnderwaterVelocity": 75
        }
    ]
}