{
    "RowStruct": "/Script/Icarus.FuelData",
    "Defaults": {
        "Provider": false,
        "Receiver": false,
        "AutoActivate": false,
        "ResourceFlowRate": 1000
    },
    "Rows": [
        {
            "Name": "Composter",
            "Provider": true,
            "AutoActivate": true,
            "ResourceFlowRate": 10
        },
        {
            "Name": "Generator",
            "Receiver": true,
            "ResourceFlowRate": 10
        }
    ]
}