{
    "RowStruct": "/Script/Icarus.GameplayConfig",
    "Defaults": {
        "FloatValue": 0
    },
    "GenerateEnum": true,
    "Rows": [
        {
            "Name": "ArmorDamagePercent",
            "FloatValue": 1
        },
        {
            "Name": "DynamicQuestCancelDelay",
            "FloatValue": 600
        },
        {
            "Name": "MaxProspectAssociatedMembers",
            "FloatValue": 50
        },
        {
            "Name": "BaseMinFishingTime",
            "FloatValue": 25
        },
        {
            "Name": "BaseMaxFishingTime",
            "FloatValue": 30
        },
        {
            "Name": "ExoticReplenishEnabled",
            "FloatValue": 1
        },
        {
            "Name": "ExFieldGuideEnabled"
        },
        {
            "Name": "ComfortLevelRange",
            "FloatValue": 2000
        },
        {
            "Name": "SeedPloughInterval",
            "FloatValue": 0.5
        }
    ]
}