{
    "RowStruct": "/Script/Icarus.DynamicQuest",
    "Defaults": {
        "DisplayName": "",
        "Description": "",
        "Icon": "None",
        "Quest": {
            "RowName": "None",
            "DataTableName": "D_FactionMissions"
        },
        "Weighting": 100
    },
    "Rows": [
        {
            "Name": "Boss",
            "DisplayName": "NSLOCTEXT(\"D_DynamicQuests\", \"Boss-DisplayName\", \"SMPL3: Crazed Creature\")",
            "Description": "NSLOCTEXT(\"D_DynamicQuests\", \"Boss-Description\", \"Hunt down a creature driven mad by the terraforming process.\")",
            "Icon": "/Game/Assets/2DArt/UI/ProspectSelect/Images/T_Prospect_Arctic_BearBow01_Large.T_Prospect_Arctic_BearBow01_Large",
            "Quest": {
                "RowName": "DYN_Boss"
            },
            "Weighting": 110
        },
        {
            "Name": "Mine",
            "DisplayName": "NSLOCTEXT(\"D_DynamicQuests\", \"Mine-DisplayName\", \"SMPL3: Mining\")",
            "Description": "NSLOCTEXT(\"D_DynamicQuests\", \"Mine-Description\", \"Find and mine some ore for delivery to the UDA.\")",
            "Icon": "/Game/Assets/2DArt/UI/ProspectSelect/Images/T_Prospect_Arctic_Pickaxe01_Large.T_Prospect_Arctic_Pickaxe01_Large",
            "Quest": {
                "RowName": "DYN_Mine"
            }
        },
        {
            "Name": "Grow",
            "DisplayName": "NSLOCTEXT(\"D_DynamicQuests\", \"Grow-DisplayName\", \"SMPL3: Farming\")",
            "Description": "NSLOCTEXT(\"D_DynamicQuests\", \"Grow-Description\", \"Grow some crops to deliver to the UDA.\")",
            "Icon": "/Game/Assets/2DArt/UI/ProspectSelect/Images/T_Prospect_Forest_Farming01_Large.T_Prospect_Forest_Farming01_Large",
            "Quest": {
                "RowName": "DYN_Grow"
            }
        },
        {
            "Name": "Cache",
            "DisplayName": "NSLOCTEXT(\"D_DynamicQuests\", \"Cache-DisplayName\", \"SMPL3: Hidden Cache\")",
            "Description": "NSLOCTEXT(\"D_DynamicQuests\", \"Cache-Description\", \"Find a Cache within an area left behind by other prospectors.\")",
            "Icon": "/Game/Assets/2DArt/UI/ProspectSelect/Images/T_Prospect_Forest_ExpeditionSpear01_Large.T_Prospect_Forest_ExpeditionSpear01_Large",
            "Quest": {
                "RowName": "DYN_Cache"
            },
            "Weighting": 50
        },
        {
            "Name": "Collect",
            "DisplayName": "NSLOCTEXT(\"D_DynamicQuests\", \"Collect-DisplayName\", \"SMPL3: Collection\")",
            "Description": "NSLOCTEXT(\"D_DynamicQuests\", \"Collect-Description\", \"Find the bodies of a prospector team killed while on Icarus, and deliver their ID\\'s to the UDA.\")",
            "Icon": "/Game/Assets/2DArt/UI/ProspectSelect/Images/T_Prospect_Arctic_PolarbearDeath01_Large.T_Prospect_Arctic_PolarbearDeath01_Large",
            "Quest": {
                "RowName": "DYN_Collect"
            },
            "Weighting": 50
        },
        {
            "Name": "Hunt",
            "DisplayName": "NSLOCTEXT(\"D_DynamicQuests\", \"Hunt-DisplayName\", \"SMPL3: Hunt\")",
            "Description": "NSLOCTEXT(\"D_DynamicQuests\", \"Hunt-Description\", \"Hunt some nearby creatures in the current area to help make the area safe for other prospectors.\")",
            "Icon": "/Game/Assets/2DArt/UI/ProspectSelect/Images/T_Prospect_Forest_Crossbow01_Large.T_Prospect_Forest_Crossbow01_Large",
            "Quest": {
                "RowName": "DYN_Hunt"
            },
            "Weighting": 110
        },
        {
            "Name": "Scan",
            "DisplayName": "NSLOCTEXT(\"D_DynamicQuests\", \"Scan-DisplayName\", \"SMPL3: Scan\")",
            "Description": "NSLOCTEXT(\"D_DynamicQuests\", \"Scan-Description\", \"Collect a Radar and Perform a simple scan for the UDA.\")",
            "Icon": "/Game/Assets/2DArt/UI/ProspectSelect/Images/T_Prospect_Forest_TransmitterDefense01_Large.T_Prospect_Forest_TransmitterDefense01_Large",
            "Quest": {
                "RowName": "DYN_Scan"
            }
        },
        {
            "Name": "Tools",
            "DisplayName": "NSLOCTEXT(\"D_DynamicQuests\", \"Tools-DisplayName\", \"SMPL3: Crafting Tools\")",
            "Description": "NSLOCTEXT(\"D_DynamicQuests\", \"Tools-Description\", \"Craft some tools to help out a new prospector in need, to be delivered by the UDA.\")",
            "Icon": "/Game/Assets/2DArt/UI/ProspectSelect/Images/T_Prospect_Forest_Construction01_Large.T_Prospect_Forest_Construction01_Large",
            "Quest": {
                "RowName": "DYN_Tools"
            },
            "Weighting": 10
        },
        {
            "Name": "Build",
            "DisplayName": "NSLOCTEXT(\"D_DynamicQuests\", \"Build-DisplayName\", \"SMPL3: Build\")",
            "Description": "NSLOCTEXT(\"D_DynamicQuests\", \"Build-Description\", \"Build a Watchtower and place a beacon to mark the location on the map for future UDA use.\")",
            "Icon": "/Game/Assets/2DArt/UI/ProspectSelect/Images/T_Prospect_Forest_Lumberjack01_Large.T_Prospect_Forest_Lumberjack01_Large",
            "Quest": {
                "RowName": "DYN_Build"
            },
            "Weighting": 20
        },
        {
            "Name": "Drone",
            "DisplayName": "NSLOCTEXT(\"D_DynamicQuests\", \"Drone-DisplayName\", \"SMPL3: Downed Drone\")",
            "Description": "NSLOCTEXT(\"D_DynamicQuests\", \"Drone-Description\", \"Locate a Downed Drone and Protect it while it uploads its Data. Time Sensitive.\")",
            "Icon": "/Game/Assets/2DArt/UI/ProspectSelect/Images/T_Prospect_Arctic_Recovery01_Large.T_Prospect_Arctic_Recovery01_Large",
            "Quest": {
                "RowName": "DYN_Drone"
            },
            "Weighting": 20
        },
        {
            "Name": "Lost",
            "DisplayName": "NSLOCTEXT(\"D_DynamicQuests\", \"Lost-DisplayName\", \"SMPL3: Lost\")",
            "Description": "NSLOCTEXT(\"D_DynamicQuests\", \"Lost-Description\", \"Locate an Abandoned Base and search it for the UDA\")",
            "Icon": "/Game/Assets/2DArt/UI/ProspectSelect/Images/T_SMPL3_Lost_Large.T_SMPL3_Lost_Large",
            "Quest": {
                "RowName": "DYN_Lost"
            },
            "Weighting": 75
        }
    ]
}