{
    "RowStruct": "/Script/Icarus.AIRelationshipData",
    "Defaults": {
        "HostileRelationships": [],
        "NeutralRelationships": [],
        "FriendlyRelationships": []
    },
    "GenerateEnum": true,
    "Rows": [
        {
            "Name": "FriendlyAll"
        },
        {
            "Name": "Player",
            "HostileRelationships": [
                {
                    "RowName": "EnemyAll",
                    "DataTableName": "D_AIRelationships"
                },
                {
                    "RowName": "DefaultLargeCarnivore",
                    "DataTableName": "D_AIRelationships"
                },
                {
                    "RowName": "DefaultMediumCarnivore",
                    "DataTableName": "D_AIRelationships"
                },
                {
                    "RowName": "DefaultSmallCarnivore",
                    "DataTableName": "D_AIRelationships"
                },
                {
                    "RowName": "EnemyPlayerOnly",
                    "DataTableName": "D_AIRelationships"
                }
            ],
            "NeutralRelationships": [
                {
                    "RowName": "NeutralLargeHerbivore",
                    "DataTableName": "D_AIRelationships"
                },
                {
                    "RowName": "NeutralMediumCarnivore",
                    "DataTableName": "D_AIRelationships"
                },
                {
                    "RowName": "NeutralMediumHerbivore",
                    "DataTableName": "D_AIRelationships"
                }
            ],
            "FriendlyRelationships": [
                {
                    "RowName": "FriendlyAll",
                    "DataTableName": "D_AIRelationships"
                }
            ]
        },
        {
            "Name": "DefaultLargeHerbivore",
            "HostileRelationships": [
                {
                    "RowName": "DefaultLargeCarnivore",
                    "DataTableName": "D_AIRelationships"
                },
                {
                    "RowName": "DefaultMediumCarnivore",
                    "DataTableName": "D_AIRelationships"
                },
                {
                    "RowName": "EnemyAll",
                    "DataTableName": "D_AIRelationships"
                }
            ],
            "FriendlyRelationships": [
                {
                    "RowName": "FriendlyAll",
                    "DataTableName": "D_AIRelationships"
                },
                {
                    "RowName": "DefaultLargeHerbivore",
                    "DataTableName": "D_AIRelationships"
                },
                {
                    "RowName": "DefaultMediumHerbivore",
                    "DataTableName": "D_AIRelationships"
                },
                {
                    "RowName": "DefaultSmallHerbivore",
                    "DataTableName": "D_AIRelationships"
                },
                {
                    "RowName": "NeutralLargeHerbivore",
                    "DataTableName": "D_AIRelationships"
                },
                {
                    "RowName": "NeutralMediumHerbivore",
                    "DataTableName": "D_AIRelationships"
                }
            ]
        },
        {
            "Name": "DefaultMediumHerbivore",
            "HostileRelationships": [
                {
                    "RowName": "Player",
                    "DataTableName": "D_AIRelationships"
                },
                {
                    "RowName": "DefaultLargeCarnivore",
                    "DataTableName": "D_AIRelationships"
                },
                {
                    "RowName": "DefaultMediumCarnivore",
                    "DataTableName": "D_AIRelationships"
                },
                {
                    "RowName": "NeutralMediumCarnivore",
                    "DataTableName": "D_AIRelationships"
                },
                {
                    "RowName": "EnemyAll",
                    "DataTableName": "D_AIRelationships"
                }
            ],
            "FriendlyRelationships": [
                {
                    "RowName": "FriendlyAll",
                    "DataTableName": "D_AIRelationships"
                },
                {
                    "RowName": "DefaultLargeHerbivore",
                    "DataTableName": "D_AIRelationships"
                },
                {
                    "RowName": "DefaultMediumHerbivore",
                    "DataTableName": "D_AIRelationships"
                },
                {
                    "RowName": "DefaultSmallHerbivore",
                    "DataTableName": "D_AIRelationships"
                },
                {
                    "RowName": "NeutralLargeHerbivore",
                    "DataTableName": "D_AIRelationships"
                },
                {
                    "RowName": "NeutralMediumHerbivore",
                    "DataTableName": "D_AIRelationships"
                }
            ]
        },
        {
            "Name": "DefaultSmallHerbivore",
            "HostileRelationships": [
                {
                    "RowName": "Player",
                    "DataTableName": "D_AIRelationships"
                },
                {
                    "RowName": "DefaultMediumCarnivore",
                    "DataTableName": "D_AIRelationships"
                },
                {
                    "RowName": "DefaultSmallCarnivore",
                    "DataTableName": "D_AIRelationships"
                },
                {
                    "RowName": "NeutralMediumCarnivore",
                    "DataTableName": "D_AIRelationships"
                },
                {
                    "RowName": "EnemyAll",
                    "DataTableName": "D_AIRelationships"
                }
            ],
            "FriendlyRelationships": [
                {
                    "RowName": "FriendlyAll",
                    "DataTableName": "D_AIRelationships"
                },
                {
                    "RowName": "DefaultLargeHerbivore",
                    "DataTableName": "D_AIRelationships"
                },
                {
                    "RowName": "DefaultMediumHerbivore",
                    "DataTableName": "D_AIRelationships"
                },
                {
                    "RowName": "DefaultSmallHerbivore",
                    "DataTableName": "D_AIRelationships"
                },
                {
                    "RowName": "NeutralLargeHerbivore",
                    "DataTableName": "D_AIRelationships"
                },
                {
                    "RowName": "NeutralMediumHerbivore",
                    "DataTableName": "D_AIRelationships"
                }
            ]
        },
        {
            "Name": "DefaultLargeCarnivore",
            "HostileRelationships": [
                {
                    "RowName": "Player",
                    "DataTableName": "D_AIRelationships"
                },
                {
                    "RowName": "EnemyAll",
                    "DataTableName": "D_AIRelationships"
                }
            ],
            "FriendlyRelationships": [
                {
                    "RowName": "FriendlyAll",
                    "DataTableName": "D_AIRelationships"
                },
                {
                    "RowName": "DefaultLargeCarnivore",
                    "DataTableName": "D_AIRelationships"
                }
            ]
        },
        {
            "Name": "DefaultMediumCarnivore",
            "HostileRelationships": [
                {
                    "RowName": "Player",
                    "DataTableName": "D_AIRelationships"
                },
                {
                    "RowName": "EnemyAll",
                    "DataTableName": "D_AIRelationships"
                }
            ],
            "FriendlyRelationships": [
                {
                    "RowName": "FriendlyAll",
                    "DataTableName": "D_AIRelationships"
                },
                {
                    "RowName": "DefaultMediumCarnivore",
                    "DataTableName": "D_AIRelationships"
                }
            ]
        },
        {
            "Name": "DefaultSmallCarnivore",
            "HostileRelationships": [
                {
                    "RowName": "Player",
                    "DataTableName": "D_AIRelationships"
                },
                {
                    "RowName": "EnemyAll",
                    "DataTableName": "D_AIRelationships"
                }
            ],
            "FriendlyRelationships": [
                {
                    "RowName": "FriendlyAll",
                    "DataTableName": "D_AIRelationships"
                },
                {
                    "RowName": "DefaultSmallCarnivore",
                    "DataTableName": "D_AIRelationships"
                }
            ]
        },
        {
            "Name": "NeutralMediumHerbivore",
            "HostileRelationships": [
                {
                    "RowName": "EnemyAll",
                    "DataTableName": "D_AIRelationships"
                }
            ],
            "NeutralRelationships": [
                {
                    "RowName": "Player",
                    "DataTableName": "D_AIRelationships"
                }
            ],
            "FriendlyRelationships": [
                {
                    "RowName": "FriendlyAll",
                    "DataTableName": "D_AIRelationships"
                },
                {
                    "RowName": "DefaultLargeCarnivore",
                    "DataTableName": "D_AIRelationships"
                },
                {
                    "RowName": "DefaultLargeHerbivore",
                    "DataTableName": "D_AIRelationships"
                },
                {
                    "RowName": "DefaultMediumCarnivore",
                    "DataTableName": "D_AIRelationships"
                },
                {
                    "RowName": "DefaultMediumHerbivore",
                    "DataTableName": "D_AIRelationships"
                },
                {
                    "RowName": "DefaultSmallCarnivore",
                    "DataTableName": "D_AIRelationships"
                },
                {
                    "RowName": "DefaultSmallHerbivore",
                    "DataTableName": "D_AIRelationships"
                },
                {
                    "RowName": "NeutralLargeHerbivore",
                    "DataTableName": "D_AIRelationships"
                },
                {
                    "RowName": "NeutralMediumCarnivore",
                    "DataTableName": "D_AIRelationships"
                },
                {
                    "RowName": "NeutralMediumHerbivore",
                    "DataTableName": "D_AIRelationships"
                }
            ]
        },
        {
            "Name": "NeutralMediumCarnivore",
            "HostileRelationships": [
                {
                    "RowName": "EnemyAll",
                    "DataTableName": "D_AIRelationships"
                }
            ],
            "NeutralRelationships": [
                {
                    "RowName": "Player",
                    "DataTableName": "D_AIRelationships"
                }
            ],
            "FriendlyRelationships": [
                {
                    "RowName": "FriendlyAll",
                    "DataTableName": "D_AIRelationships"
                },
                {
                    "RowName": "DefaultLargeCarnivore",
                    "DataTableName": "D_AIRelationships"
                },
                {
                    "RowName": "DefaultLargeHerbivore",
                    "DataTableName": "D_AIRelationships"
                },
                {
                    "RowName": "DefaultMediumCarnivore",
                    "DataTableName": "D_AIRelationships"
                },
                {
                    "RowName": "DefaultMediumHerbivore",
                    "DataTableName": "D_AIRelationships"
                },
                {
                    "RowName": "DefaultSmallCarnivore",
                    "DataTableName": "D_AIRelationships"
                },
                {
                    "RowName": "DefaultSmallHerbivore",
                    "DataTableName": "D_AIRelationships"
                },
                {
                    "RowName": "NeutralLargeHerbivore",
                    "DataTableName": "D_AIRelationships"
                },
                {
                    "RowName": "NeutralMediumCarnivore",
                    "DataTableName": "D_AIRelationships"
                },
                {
                    "RowName": "NeutralMediumHerbivore",
                    "DataTableName": "D_AIRelationships"
                }
            ]
        },
        {
            "Name": "NeutralLargeHerbivore",
            "HostileRelationships": [
                {
                    "RowName": "EnemyAll",
                    "DataTableName": "D_AIRelationships"
                }
            ],
            "NeutralRelationships": [
                {
                    "RowName": "Player",
                    "DataTableName": "D_AIRelationships"
                }
            ],
            "FriendlyRelationships": [
                {
                    "RowName": "FriendlyAll",
                    "DataTableName": "D_AIRelationships"
                },
                {
                    "RowName": "DefaultLargeCarnivore",
                    "DataTableName": "D_AIRelationships"
                },
                {
                    "RowName": "DefaultLargeHerbivore",
                    "DataTableName": "D_AIRelationships"
                },
                {
                    "RowName": "DefaultMediumCarnivore",
                    "DataTableName": "D_AIRelationships"
                },
                {
                    "RowName": "DefaultMediumHerbivore",
                    "DataTableName": "D_AIRelationships"
                },
                {
                    "RowName": "DefaultSmallCarnivore",
                    "DataTableName": "D_AIRelationships"
                },
                {
                    "RowName": "DefaultSmallHerbivore",
                    "DataTableName": "D_AIRelationships"
                },
                {
                    "RowName": "NeutralLargeHerbivore",
                    "DataTableName": "D_AIRelationships"
                },
                {
                    "RowName": "NeutralMediumCarnivore",
                    "DataTableName": "D_AIRelationships"
                },
                {
                    "RowName": "NeutralMediumHerbivore",
                    "DataTableName": "D_AIRelationships"
                }
            ]
        },
        {
            "Name": "EnemyAll",
            "HostileRelationships": [
                {
                    "RowName": "Player",
                    "DataTableName": "D_AIRelationships"
                },
                {
                    "RowName": "DefaultLargeCarnivore",
                    "DataTableName": "D_AIRelationships"
                },
                {
                    "RowName": "DefaultMediumCarnivore",
                    "DataTableName": "D_AIRelationships"
                }
            ],
            "FriendlyRelationships": [
                {
                    "RowName": "FriendlyAll",
                    "DataTableName": "D_AIRelationships"
                }
            ]
        },
        {
            "Name": "EnemyPlayerOnly",
            "HostileRelationships": [
                {
                    "RowName": "Player",
                    "DataTableName": "D_AIRelationships"
                }
            ],
            "FriendlyRelationships": [
                {
                    "RowName": "FriendlyAll",
                    "DataTableName": "D_AIRelationships"
                },
                {
                    "RowName": "EnemyAll",
                    "DataTableName": "D_AIRelationships"
                }
            ]
        }
    ]
}