{
    "RowStruct": "/Script/Icarus.AISpawnConfigData",
    "Defaults": {
        "AISpawnRules": {},
        "SpawnMap": "None",
        "SpawnZones": []
    },
    "Rows": [
        {
            "Name": "Olympus",
            "AISpawnRules": {
                "(Value=\"Bear\")": {
                    "SpawnRules": [
                        {
                            "Value": "Away_From_Dropships"
                        },
                        {
                            "Value": "Bear_Population"
                        }
                    ]
                },
                "(Value=\"Polar_Bear\")": {
                    "SpawnRules": [
                        {
                            "Value": "Away_From_Dropships"
                        },
                        {
                            "Value": "PolarBear_Population"
                        }
                    ]
                },
                "(Value=\"Mammoth_Arctic\")": {
                    "SpawnRules": [
                        {
                            "Value": "MammothArctic_Population"
                        }
                    ]
                },
                "(Value=\"Mammoth_Desert\")": {
                    "SpawnRules": [
                        {
                            "Value": "MammothDesert_Population"
                        }
                    ]
                }
            },
            "SpawnMap": "/Game/Heatmaps/Terrain_016_OLY/GT_Terrain016_AISpawnMap.GT_Terrain016_AISpawnMap",
            "SpawnZones": [
                {
                    "Color": {
                        "B": 144,
                        "G": 255,
                        "R": 0,
                        "A": 255
                    },
                    "SpawnZone": {
                        "RowName": "OLY_Conifer_Hard",
                        "DataTableName": "D_AISpawnZones"
                    }
                },
                {
                    "Color": {
                        "B": 70,
                        "G": 127,
                        "R": 0,
                        "A": 255
                    },
                    "SpawnZone": {
                        "RowName": "OLY_Conifer_Super_Hard",
                        "DataTableName": "D_AISpawnZones"
                    }
                },
                {
                    "Color": {
                        "B": 0,
                        "G": 255,
                        "R": 76,
                        "A": 255
                    },
                    "SpawnZone": {
                        "RowName": "OLY_Conifer_Easy",
                        "DataTableName": "D_AISpawnZones"
                    }
                },
                {
                    "Color": {
                        "B": 0,
                        "G": 127,
                        "R": 38,
                        "A": 255
                    },
                    "SpawnZone": {
                        "RowName": "OLY_Conifer_Medium",
                        "DataTableName": "D_AISpawnZones"
                    }
                },
                {
                    "Color": {
                        "B": 0,
                        "G": 229,
                        "R": 255,
                        "A": 255
                    },
                    "SpawnZone": {
                        "RowName": "OLY_Desert_Easy",
                        "DataTableName": "D_AISpawnZones"
                    }
                },
                {
                    "Color": {
                        "B": 0,
                        "G": 106,
                        "R": 127,
                        "A": 255
                    },
                    "SpawnZone": {
                        "RowName": "OLY_Desert_Medium",
                        "DataTableName": "D_AISpawnZones"
                    }
                },
                {
                    "Color": {
                        "B": 0,
                        "G": 106,
                        "R": 255,
                        "A": 255
                    },
                    "SpawnZone": {
                        "RowName": "OLY_Desert_Hard",
                        "DataTableName": "D_AISpawnZones"
                    }
                },
                {
                    "Color": {
                        "B": 0,
                        "G": 51,
                        "R": 127,
                        "A": 255
                    },
                    "SpawnZone": {
                        "RowName": "OLY_Desert_Super_Hard",
                        "DataTableName": "D_AISpawnZones"
                    }
                },
                {
                    "Color": {
                        "B": 255,
                        "G": 148,
                        "R": 0,
                        "A": 255
                    },
                    "SpawnZone": {
                        "RowName": "Arctic_Transition_Easy",
                        "DataTableName": "D_AISpawnZones"
                    }
                },
                {
                    "Color": {
                        "B": 127,
                        "G": 74,
                        "R": 0,
                        "A": 255
                    },
                    "SpawnZone": {
                        "RowName": "Arctic_Transition_Hard",
                        "DataTableName": "D_AISpawnZones"
                    }
                },
                {
                    "Color": {
                        "B": 255,
                        "G": 38,
                        "R": 0,
                        "A": 255
                    },
                    "SpawnZone": {
                        "RowName": "Arctic_Bear_Easy",
                        "DataTableName": "D_AISpawnZones"
                    }
                },
                {
                    "Color": {
                        "B": 127,
                        "G": 19,
                        "R": 0,
                        "A": 255
                    },
                    "SpawnZone": {
                        "RowName": "Arctic_Bear_Hard",
                        "DataTableName": "D_AISpawnZones"
                    }
                }
            ]
        },
        {
            "Name": "Styx",
            "AISpawnRules": {
                "(Value=\"Bear\")": {
                    "SpawnRules": [
                        {
                            "Value": "Away_From_Dropships"
                        },
                        {
                            "Value": "Bear_Population"
                        }
                    ]
                },
                "(Value=\"Polar_Bear\")": {
                    "SpawnRules": [
                        {
                            "Value": "Away_From_Dropships"
                        },
                        {
                            "Value": "PolarBear_Population"
                        }
                    ]
                },
                "(Value=\"Mammoth_Arctic\")": {
                    "SpawnRules": [
                        {
                            "Value": "MammothArctic_Population"
                        }
                    ]
                },
                "(Value=\"Mammoth_Desert\")": {
                    "SpawnRules": [
                        {
                            "Value": "MammothDesert_Population"
                        }
                    ]
                }
            },
            "SpawnMap": "/Game/Heatmaps/Terrain_017_STYX/GT_Terrain017_AISpawnMap.GT_Terrain017_AISpawnMap",
            "SpawnZones": [
                {
                    "Color": {
                        "B": 144,
                        "G": 255,
                        "R": 0,
                        "A": 255
                    },
                    "SpawnZone": {
                        "RowName": "STYX_Conifer_Hard",
                        "DataTableName": "D_AISpawnZones"
                    }
                },
                {
                    "Color": {
                        "B": 70,
                        "G": 127,
                        "R": 0,
                        "A": 255
                    },
                    "SpawnZone": {
                        "RowName": "STYX_Conifer_Super_Hard",
                        "DataTableName": "D_AISpawnZones"
                    }
                },
                {
                    "Color": {
                        "B": 0,
                        "G": 255,
                        "R": 76,
                        "A": 255
                    },
                    "SpawnZone": {
                        "RowName": "STYX_Conifer_Easy",
                        "DataTableName": "D_AISpawnZones"
                    }
                },
                {
                    "Color": {
                        "B": 0,
                        "G": 127,
                        "R": 38,
                        "A": 255
                    },
                    "SpawnZone": {
                        "RowName": "STYX_Conifer_Medium",
                        "DataTableName": "D_AISpawnZones"
                    }
                },
                {
                    "Color": {
                        "B": 0,
                        "G": 229,
                        "R": 255,
                        "A": 255
                    },
                    "SpawnZone": {
                        "RowName": "STYX_Desert_Easy",
                        "DataTableName": "D_AISpawnZones"
                    }
                },
                {
                    "Color": {
                        "B": 0,
                        "G": 106,
                        "R": 127,
                        "A": 255
                    },
                    "SpawnZone": {
                        "RowName": "STYX_Desert_Medium",
                        "DataTableName": "D_AISpawnZones"
                    }
                },
                {
                    "Color": {
                        "B": 0,
                        "G": 106,
                        "R": 255,
                        "A": 255
                    },
                    "SpawnZone": {
                        "RowName": "STYX_Desert_Hard",
                        "DataTableName": "D_AISpawnZones"
                    }
                },
                {
                    "Color": {
                        "B": 0,
                        "G": 51,
                        "R": 127,
                        "A": 255
                    },
                    "SpawnZone": {
                        "RowName": "STYX_Desert_Super_Hard",
                        "DataTableName": "D_AISpawnZones"
                    }
                },
                {
                    "Color": {
                        "B": 255,
                        "G": 148,
                        "R": 0,
                        "A": 255
                    },
                    "SpawnZone": {
                        "RowName": "Arctic_Transition_Easy",
                        "DataTableName": "D_AISpawnZones"
                    }
                },
                {
                    "Color": {
                        "B": 127,
                        "G": 74,
                        "R": 0,
                        "A": 255
                    },
                    "SpawnZone": {
                        "RowName": "Arctic_Transition_Hard",
                        "DataTableName": "D_AISpawnZones"
                    }
                },
                {
                    "Color": {
                        "B": 255,
                        "G": 38,
                        "R": 0,
                        "A": 255
                    },
                    "SpawnZone": {
                        "RowName": "Arctic_Bear_Easy",
                        "DataTableName": "D_AISpawnZones"
                    }
                },
                {
                    "Color": {
                        "B": 127,
                        "G": 19,
                        "R": 0,
                        "A": 255
                    },
                    "SpawnZone": {
                        "RowName": "Arctic_Bear_Hard",
                        "DataTableName": "D_AISpawnZones"
                    }
                },
                {
                    "Color": {
                        "B": 0,
                        "G": 29,
                        "R": 72,
                        "A": 255
                    },
                    "SpawnZone": {
                        "RowName": "STYX_Desert_Super_Hard_Crocs",
                        "DataTableName": "D_AISpawnZones"
                    }
                },
                {
                    "Color": {
                        "B": 0,
                        "G": 68,
                        "R": 82,
                        "A": 255
                    },
                    "SpawnZone": {
                        "RowName": "STYX_Desert_Medium_Crocs",
                        "DataTableName": "D_AISpawnZones"
                    }
                },
                {
                    "Color": {
                        "B": 0,
                        "G": 78,
                        "R": 23,
                        "A": 255
                    },
                    "SpawnZone": {
                        "RowName": "STYX_Conifer_Medium_Crocs",
                        "DataTableName": "D_AISpawnZones"
                    }
                },
                {
                    "Color": {
                        "B": 34,
                        "G": 62,
                        "R": 0,
                        "A": 255
                    },
                    "SpawnZone": {
                        "RowName": "STYX_Conifer_Super_Hard_Crocs",
                        "DataTableName": "D_AISpawnZones"
                    }
                }
            ]
        },
        {
            "Name": "Styx_C_Extermination",
            "AISpawnRules": {
                "(Value=\"Bear\")": {
                    "SpawnRules": [
                        {
                            "Value": "Away_From_Dropships"
                        },
                        {
                            "Value": "Bear_Population"
                        }
                    ]
                },
                "(Value=\"Polar_Bear\")": {
                    "SpawnRules": [
                        {
                            "Value": "Away_From_Dropships"
                        },
                        {
                            "Value": "PolarBear_Population"
                        }
                    ]
                },
                "(Value=\"Mammoth_Arctic\")": {
                    "SpawnRules": [
                        {
                            "Value": "MammothArctic_Population"
                        }
                    ]
                },
                "(Value=\"Mammoth_Desert\")": {
                    "SpawnRules": [
                        {
                            "Value": "MammothDesert_Population"
                        }
                    ]
                }
            },
            "SpawnMap": "/Game/Heatmaps/Terrain_017_STYX/GT_Terrain017_AISpawnMap.GT_Terrain017_AISpawnMap",
            "SpawnZones": [
                {
                    "Color": {
                        "B": 144,
                        "G": 255,
                        "R": 0,
                        "A": 255
                    },
                    "SpawnZone": {
                        "RowName": "STYX_Conifer_Hard",
                        "DataTableName": "D_AISpawnZones"
                    }
                },
                {
                    "Color": {
                        "B": 70,
                        "G": 127,
                        "R": 0,
                        "A": 255
                    },
                    "SpawnZone": {
                        "RowName": "STYX_Conifer_Super_Hard",
                        "DataTableName": "D_AISpawnZones"
                    }
                },
                {
                    "Color": {
                        "B": 0,
                        "G": 255,
                        "R": 76,
                        "A": 255
                    },
                    "SpawnZone": {
                        "RowName": "STYX_Conifer_Easy",
                        "DataTableName": "D_AISpawnZones"
                    }
                },
                {
                    "Color": {
                        "B": 0,
                        "G": 127,
                        "R": 38,
                        "A": 255
                    },
                    "SpawnZone": {
                        "RowName": "STYX_Conifer_Medium",
                        "DataTableName": "D_AISpawnZones"
                    }
                },
                {
                    "Color": {
                        "B": 0,
                        "G": 229,
                        "R": 255,
                        "A": 255
                    },
                    "SpawnZone": {
                        "RowName": "STYX_Desert_Easy",
                        "DataTableName": "D_AISpawnZones"
                    }
                },
                {
                    "Color": {
                        "B": 0,
                        "G": 106,
                        "R": 127,
                        "A": 255
                    },
                    "SpawnZone": {
                        "RowName": "STYX_Desert_Medium",
                        "DataTableName": "D_AISpawnZones"
                    }
                },
                {
                    "Color": {
                        "B": 0,
                        "G": 106,
                        "R": 255,
                        "A": 255
                    },
                    "SpawnZone": {
                        "RowName": "STYX_Desert_C_Extermination",
                        "DataTableName": "D_AISpawnZones"
                    }
                },
                {
                    "Color": {
                        "B": 0,
                        "G": 51,
                        "R": 127,
                        "A": 255
                    },
                    "SpawnZone": {
                        "RowName": "STYX_Desert_C_Extermination",
                        "DataTableName": "D_AISpawnZones"
                    }
                },
                {
                    "Color": {
                        "B": 255,
                        "G": 148,
                        "R": 0,
                        "A": 255
                    },
                    "SpawnZone": {
                        "RowName": "Arctic_Transition_Easy",
                        "DataTableName": "D_AISpawnZones"
                    }
                },
                {
                    "Color": {
                        "B": 127,
                        "G": 74,
                        "R": 0,
                        "A": 255
                    },
                    "SpawnZone": {
                        "RowName": "Arctic_Transition_Hard",
                        "DataTableName": "D_AISpawnZones"
                    }
                },
                {
                    "Color": {
                        "B": 255,
                        "G": 38,
                        "R": 0,
                        "A": 255
                    },
                    "SpawnZone": {
                        "RowName": "Arctic_Bear_Easy",
                        "DataTableName": "D_AISpawnZones"
                    }
                },
                {
                    "Color": {
                        "B": 127,
                        "G": 19,
                        "R": 0,
                        "A": 255
                    },
                    "SpawnZone": {
                        "RowName": "Arctic_Bear_Hard",
                        "DataTableName": "D_AISpawnZones"
                    }
                },
                {
                    "Color": {
                        "B": 0,
                        "G": 29,
                        "R": 72,
                        "A": 255
                    },
                    "SpawnZone": {
                        "RowName": "STYX_Desert_Super_Hard_Crocs",
                        "DataTableName": "D_AISpawnZones"
                    }
                },
                {
                    "Color": {
                        "B": 0,
                        "G": 68,
                        "R": 82,
                        "A": 255
                    },
                    "SpawnZone": {
                        "RowName": "STYX_Desert_Medium_Crocs",
                        "DataTableName": "D_AISpawnZones"
                    }
                },
                {
                    "Color": {
                        "B": 0,
                        "G": 78,
                        "R": 23,
                        "A": 255
                    },
                    "SpawnZone": {
                        "RowName": "STYX_Conifer_Medium_Crocs",
                        "DataTableName": "D_AISpawnZones"
                    }
                },
                {
                    "Color": {
                        "B": 34,
                        "G": 62,
                        "R": 0,
                        "A": 255
                    },
                    "SpawnZone": {
                        "RowName": "STYX_Conifer_Super_Hard_Crocs",
                        "DataTableName": "D_AISpawnZones"
                    }
                }
            ]
        },
        {
            "Name": "Desert_Recovery",
            "AISpawnRules": {
                "(Value=\"Bear\")": {
                    "SpawnRules": [
                        {
                            "Value": "Away_From_Dropships"
                        },
                        {
                            "Value": "Bear_Population"
                        }
                    ]
                },
                "(Value=\"Polar_Bear\")": {
                    "SpawnRules": [
                        {
                            "Value": "Away_From_Dropships"
                        },
                        {
                            "Value": "PolarBear_Population"
                        }
                    ]
                },
                "(Value=\"Mammoth_Arctic\")": {
                    "SpawnRules": [
                        {
                            "Value": "MammothArctic_Population"
                        }
                    ]
                },
                "(Value=\"Mammoth_Desert\")": {
                    "SpawnRules": [
                        {
                            "Value": "MammothDesert_Population"
                        }
                    ]
                }
            },
            "SpawnMap": "/Game/Heatmaps/Terrain_016_OLY/GT_Terrain016_AISpawnMap_BW6Recovery.GT_Terrain016_AISpawnMap_BW6Recovery",
            "SpawnZones": [
                {
                    "Color": {
                        "B": 0,
                        "G": 255,
                        "R": 222,
                        "A": 255
                    },
                    "SpawnZone": {
                        "RowName": "OLY_Desert_Easy",
                        "DataTableName": "D_AISpawnZones"
                    }
                },
                {
                    "Color": {
                        "B": 0,
                        "G": 183,
                        "R": 255,
                        "A": 255
                    },
                    "SpawnZone": {
                        "RowName": "OLY_Desert_Medium",
                        "DataTableName": "D_AISpawnZones"
                    }
                },
                {
                    "Color": {
                        "B": 0,
                        "G": 89,
                        "R": 255,
                        "A": 255
                    },
                    "SpawnZone": {
                        "RowName": "OLY_Desert_Hard",
                        "DataTableName": "D_AISpawnZones"
                    }
                },
                {
                    "Color": {
                        "B": 0,
                        "G": 0,
                        "R": 255,
                        "A": 255
                    },
                    "SpawnZone": {
                        "RowName": "OLY_Desert_Super_Hard",
                        "DataTableName": "D_AISpawnZones"
                    }
                }
            ]
        },
        {
            "Name": "Bw6_Research",
            "AISpawnRules": {
                "(Value=\"Bear\")": {
                    "SpawnRules": [
                        {
                            "Value": "Away_From_Dropships"
                        },
                        {
                            "Value": "Bear_Population"
                        }
                    ]
                },
                "(Value=\"Polar_Bear\")": {
                    "SpawnRules": [
                        {
                            "Value": "Away_From_Dropships"
                        },
                        {
                            "Value": "PolarBear_Population"
                        }
                    ]
                },
                "(Value=\"Mammoth_Arctic\")": {
                    "SpawnRules": [
                        {
                            "Value": "MammothArctic_Population"
                        }
                    ]
                },
                "(Value=\"Mammoth_Desert\")": {
                    "SpawnRules": [
                        {
                            "Value": "MammothDesert_Population"
                        }
                    ]
                }
            },
            "SpawnMap": "/Game/Heatmaps/Terrain_016_OLY/GT_Terrain016_AISpawnMap_BW4.GT_Terrain016_AISpawnMap_BW4",
            "SpawnZones": [
                {
                    "Color": {
                        "B": 0,
                        "G": 0,
                        "R": 255,
                        "A": 255
                    },
                    "SpawnZone": {
                        "RowName": "OLY_Conifer_Hard",
                        "DataTableName": "D_AISpawnZones"
                    }
                },
                {
                    "Color": {
                        "B": 127,
                        "G": 0,
                        "R": 128,
                        "A": 255
                    },
                    "SpawnZone": {
                        "RowName": "Arctic_Hard",
                        "DataTableName": "D_AISpawnZones"
                    }
                },
                {
                    "Color": {
                        "B": 0,
                        "G": 138,
                        "R": 255,
                        "A": 255
                    },
                    "SpawnZone": {
                        "RowName": "OLY_Conifer_Medium",
                        "DataTableName": "D_AISpawnZones"
                    }
                },
                {
                    "Color": {
                        "B": 0,
                        "G": 0,
                        "R": 123,
                        "A": 255
                    },
                    "SpawnZone": {
                        "RowName": "OLY_Conifer_Super_Hard",
                        "DataTableName": "D_AISpawnZones"
                    }
                },
                {
                    "Color": {
                        "B": 131,
                        "G": 123,
                        "R": 0,
                        "A": 255
                    },
                    "SpawnZone": {
                        "RowName": "Arctic_Hard",
                        "DataTableName": "D_AISpawnZones"
                    }
                },
                {
                    "Color": {
                        "B": 252,
                        "G": 0,
                        "R": 255,
                        "A": 255
                    },
                    "SpawnZone": {
                        "RowName": "Arctic_Hard",
                        "DataTableName": "D_AISpawnZones"
                    }
                },
                {
                    "Color": {
                        "B": 255,
                        "G": 0,
                        "R": 0,
                        "A": 255
                    },
                    "SpawnZone": {
                        "RowName": "OLY_Conifer_Hard",
                        "DataTableName": "D_AISpawnZones"
                    }
                },
                {
                    "Color": {
                        "B": 125,
                        "G": 0,
                        "R": 0,
                        "A": 255
                    },
                    "SpawnZone": {
                        "RowName": "OLY_Conifer_Hard",
                        "DataTableName": "D_AISpawnZones"
                    }
                },
                {
                    "Color": {
                        "B": 255,
                        "G": 240,
                        "R": 0,
                        "A": 255
                    },
                    "SpawnZone": {
                        "RowName": "Arctic_Transition_Hard",
                        "DataTableName": "D_AISpawnZones"
                    }
                }
            ]
        },
        {
            "Name": "Bw6_Extermination",
            "AISpawnRules": {
                "(Value=\"Bear\")": {
                    "SpawnRules": [
                        {
                            "Value": "Away_From_Dropships"
                        },
                        {
                            "Value": "Bear_Population"
                        }
                    ]
                }
            },
            "SpawnMap": "/Game/Heatmaps/Terrain_016_OLY/GT_Terrain016_Bounds_BW6_Ex.GT_Terrain016_Bounds_BW6_Ex",
            "SpawnZones": [
                {
                    "Color": {
                        "B": 0,
                        "G": 0,
                        "R": 0,
                        "A": 0
                    },
                    "SpawnZone": {
                        "RowName": "Conifer_Extermination",
                        "DataTableName": "D_AISpawnZones"
                    }
                },
                {
                    "Color": {
                        "B": 111,
                        "G": 255,
                        "R": 0,
                        "A": 255
                    },
                    "SpawnZone": {
                        "RowName": "Conifer_Extermination",
                        "DataTableName": "D_AISpawnZones"
                    }
                }
            ]
        },
        {
            "Name": "Outpost_Forest",
            "SpawnMap": "/Game/Heatmaps/Generic/GT_Generic_Bounds_Full.GT_Generic_Bounds_Full",
            "SpawnZones": [
                {
                    "Color": {
                        "B": 111,
                        "G": 255,
                        "R": 0,
                        "A": 255
                    },
                    "SpawnZone": {
                        "RowName": "Outpost_Forest_Full",
                        "DataTableName": "D_AISpawnZones"
                    }
                }
            ]
        },
        {
            "Name": "Outpost_Arctic",
            "SpawnMap": "/Game/Heatmaps/Generic/GT_Generic_Bounds_Full.GT_Generic_Bounds_Full",
            "SpawnZones": [
                {
                    "Color": {
                        "B": 111,
                        "G": 255,
                        "R": 0,
                        "A": 255
                    },
                    "SpawnZone": {
                        "RowName": "Outpost_Arctic_Full",
                        "DataTableName": "D_AISpawnZones"
                    }
                }
            ]
        },
        {
            "Name": "Desert_Research_IncreasedScorpions",
            "AISpawnRules": {
                "(Value=\"Bear\")": {
                    "SpawnRules": [
                        {
                            "Value": "Away_From_Dropships"
                        },
                        {
                            "Value": "Bear_Population"
                        }
                    ]
                },
                "(Value=\"Polar_Bear\")": {
                    "SpawnRules": [
                        {
                            "Value": "Away_From_Dropships"
                        },
                        {
                            "Value": "PolarBear_Population"
                        }
                    ]
                },
                "(Value=\"Mammoth_Arctic\")": {
                    "SpawnRules": [
                        {
                            "Value": "MammothArctic_Population"
                        }
                    ]
                },
                "(Value=\"Mammoth_Desert\")": {
                    "SpawnRules": [
                        {
                            "Value": "MammothDesert_Population"
                        }
                    ]
                }
            },
            "SpawnMap": "/Game/Heatmaps/Terrain_016_OLY/GT_Terrain016_AISpawnMap.GT_Terrain016_AISpawnMap",
            "SpawnZones": [
                {
                    "Color": {
                        "B": 144,
                        "G": 255,
                        "R": 0,
                        "A": 255
                    },
                    "SpawnZone": {
                        "RowName": "OLY_Conifer_Hard",
                        "DataTableName": "D_AISpawnZones"
                    }
                },
                {
                    "Color": {
                        "B": 70,
                        "G": 127,
                        "R": 0,
                        "A": 255
                    },
                    "SpawnZone": {
                        "RowName": "OLY_Conifer_Super_Hard",
                        "DataTableName": "D_AISpawnZones"
                    }
                },
                {
                    "Color": {
                        "B": 0,
                        "G": 255,
                        "R": 76,
                        "A": 255
                    },
                    "SpawnZone": {
                        "RowName": "OLY_Conifer_Easy",
                        "DataTableName": "D_AISpawnZones"
                    }
                },
                {
                    "Color": {
                        "B": 0,
                        "G": 127,
                        "R": 38,
                        "A": 255
                    },
                    "SpawnZone": {
                        "RowName": "OLY_Conifer_Medium",
                        "DataTableName": "D_AISpawnZones"
                    }
                },
                {
                    "Color": {
                        "B": 0,
                        "G": 229,
                        "R": 255,
                        "A": 255
                    },
                    "SpawnZone": {
                        "RowName": "Desert_IncreasedScorpions",
                        "DataTableName": "D_AISpawnZones"
                    }
                },
                {
                    "Color": {
                        "B": 0,
                        "G": 106,
                        "R": 127,
                        "A": 255
                    },
                    "SpawnZone": {
                        "RowName": "Desert_Medium_IncreasedScorpions",
                        "DataTableName": "D_AISpawnZones"
                    }
                },
                {
                    "Color": {
                        "B": 0,
                        "G": 106,
                        "R": 255,
                        "A": 255
                    },
                    "SpawnZone": {
                        "RowName": "OLY_Desert_Hard",
                        "DataTableName": "D_AISpawnZones"
                    }
                },
                {
                    "Color": {
                        "B": 0,
                        "G": 51,
                        "R": 127,
                        "A": 255
                    },
                    "SpawnZone": {
                        "RowName": "OLY_Desert_Super_Hard",
                        "DataTableName": "D_AISpawnZones"
                    }
                },
                {
                    "Color": {
                        "B": 255,
                        "G": 148,
                        "R": 0,
                        "A": 255
                    },
                    "SpawnZone": {
                        "RowName": "Arctic_Transition_Easy",
                        "DataTableName": "D_AISpawnZones"
                    }
                },
                {
                    "Color": {
                        "B": 127,
                        "G": 74,
                        "R": 0,
                        "A": 255
                    },
                    "SpawnZone": {
                        "RowName": "Arctic_Transition_Hard",
                        "DataTableName": "D_AISpawnZones"
                    }
                },
                {
                    "Color": {
                        "B": 255,
                        "G": 38,
                        "R": 0,
                        "A": 255
                    },
                    "SpawnZone": {
                        "RowName": "Arctic_Bear_Easy",
                        "DataTableName": "D_AISpawnZones"
                    }
                },
                {
                    "Color": {
                        "B": 127,
                        "G": 19,
                        "R": 0,
                        "A": 255
                    },
                    "SpawnZone": {
                        "RowName": "Arctic_Bear_Hard",
                        "DataTableName": "D_AISpawnZones"
                    }
                }
            ]
        }
    ]
}