{
    "RowStruct": "/Script/Icarus.AIGrowth",
    "Defaults": {
        "Base": {},
        "Health": "None",
        "MeleeDamage": "None",
        "MovementSpeed": "None",
        "CustomStats": [],
        "ExperienceMultiplier": "None",
        "ProtectiveThreatOverDistance": "None"
    },
    "Rows": [
        {
            "Name": "Bear",
            "Base": {
                "(Value=\"BaseSwimSpeed_+\")": 300,
                "(Value=\"BaseHealthRegenPerMinute_+\")": 50,
                "(Value=\"BaseMinimumFallDamage_%\")": 1,
                "(Value=\"BaseMaximumFallDamage_%\")": 100,
                "(Value=\"BaseMinimumFallDamageVelocity_+\")": 1250,
                "(Value=\"BaseMaximumFallDamageVelocity_+\")": 1950,
                "(Value=\"BaseAIPerceptionMaxAge_+\")": 3,
                "(Value=\"BaseAIPerceptionSightRadius_+\")": 4000,
                "(Value=\"BaseAIPerceptionLoseSightRadius_+\")": 4500,
                "(Value=\"BaseAIPerceptionPeripheralVisionAngle_+\")": 115,
                "(Value=\"BaseAIPerceptionSoundRadius_+\")": 1500,
                "(Value=\"BaseCharacterMass_+\")": 600,
                "(Value=\"BaseNPCAttackRadius_+\")": 400,
                "(Value=\"CanNPCDamageDurableActors_?\")": 1,
                "(Value=\"CanNPCDamageVoxels_?\")": 1,
                "(Value=\"BaseMiningRadius_+\")": 100,
                "(Value=\"BaseHealthRegenDelay_+\")": 2,
                "(Value=\"BaseSlowResistance_%\")": 33,
                "(Value=\"BaseImmobiliseResistance_%\")": 33
            },
            "Health": "CurveFloat'/Game/Data/AI/C_BearHealth.C_BearHealth'",
            "MeleeDamage": "CurveFloat'/Game/Data/AI/C_BearMeleeDamage.C_BearMeleeDamage'",
            "MovementSpeed": "CurveFloat'/Game/Data/AI/C_BearMovementSpeed.C_BearMovementSpeed'",
            "CustomStats": [
                {
                    "Stat": {
                        "Value": "BaseAttacksCauseDeepWound_%"
                    },
                    "Curve": "CurveFloat'/Game/Data/AI/C_BeerDeepWoundChance.C_BeerDeepWoundChance'"
                }
            ],
            "ExperienceMultiplier": "CurveFloat'/Game/Data/AI/C_AggressiveExperience.C_AggressiveExperience'"
        },
        {
            "Name": "Deer",
            "Base": {
                "(Value=\"BaseMovementSpeed_+\")": 220,
                "(Value=\"BaseSwimSpeed_+\")": 300,
                "(Value=\"BaseHealthRegenPerMinute_+\")": 10,
                "(Value=\"BaseMinimumFallDamage_%\")": 1,
                "(Value=\"BaseMaximumFallDamage_%\")": 100,
                "(Value=\"BaseMinimumFallDamageVelocity_+\")": 1250,
                "(Value=\"BaseMaximumFallDamageVelocity_+\")": 1950,
                "(Value=\"BaseAIPerceptionMaxAge_+\")": 3,
                "(Value=\"BaseAIPerceptionSightRadius_+\")": 5000,
                "(Value=\"BaseAIPerceptionLoseSightRadius_+\")": 7500,
                "(Value=\"BaseAIPerceptionPeripheralVisionAngle_+\")": 115,
                "(Value=\"BaseAIPerceptionSoundRadius_+\")": 2500,
                "(Value=\"BaseCharacterMass_+\")": 175,
                "(Value=\"BaseHealthRegenDelay_+\")": 2
            },
            "Health": "CurveFloat'/Game/Data/AI/C_MediumDeerHealth.C_MediumDeerHealth'",
            "ExperienceMultiplier": "CurveFloat'/Game/Data/AI/C_GenericExperience.C_GenericExperience'"
        },
        {
            "Name": "Roat",
            "Base": {
                "(Value=\"BaseMovementSpeed_+\")": 220,
                "(Value=\"BaseSwimSpeed_+\")": 220,
                "(Value=\"BaseMaximumHealth_+\")": 25,
                "(Value=\"BaseHealthRegenPerMinute_+\")": 3,
                "(Value=\"BaseMinimumFallDamage_%\")": 1,
                "(Value=\"BaseMaximumFallDamage_%\")": 100,
                "(Value=\"BaseMinimumFallDamageVelocity_+\")": 1250,
                "(Value=\"BaseMaximumFallDamageVelocity_+\")": 1950,
                "(Value=\"BaseAIPerceptionMaxAge_+\")": 3,
                "(Value=\"BaseAIPerceptionSightRadius_+\")": 5000,
                "(Value=\"BaseAIPerceptionLoseSightRadius_+\")": 7500,
                "(Value=\"BaseAIPerceptionPeripheralVisionAngle_+\")": 115,
                "(Value=\"BaseAIPerceptionSoundRadius_+\")": 2500,
                "(Value=\"BaseCharacterMass_+\")": 20
            },
            "ExperienceMultiplier": "CurveFloat'/Game/Data/AI/C_GenericExperience.C_GenericExperience'"
        },
        {
            "Name": "Wulv",
            "Base": {
                "(Value=\"BaseMeleeDamage_+\")": 50,
                "(Value=\"BaseMovementSpeed_+\")": 220,
                "(Value=\"BaseSwimSpeed_+\")": 220,
                "(Value=\"BaseMaximumHealth_+\")": 100,
                "(Value=\"BaseHealthRegenPerMinute_+\")": 10,
                "(Value=\"BaseMinimumFallDamage_%\")": 1,
                "(Value=\"BaseMaximumFallDamage_%\")": 100,
                "(Value=\"BaseMinimumFallDamageVelocity_+\")": 1250,
                "(Value=\"BaseMaximumFallDamageVelocity_+\")": 1950,
                "(Value=\"BaseAIPerceptionMaxAge_+\")": 3,
                "(Value=\"BaseAIPerceptionSightRadius_+\")": 5000,
                "(Value=\"BaseAIPerceptionLoseSightRadius_+\")": 7500,
                "(Value=\"BaseAIPerceptionPeripheralVisionAngle_+\")": 115,
                "(Value=\"BaseAIPerceptionSoundRadius_+\")": 2500,
                "(Value=\"BaseCharacterMass_+\")": 175,
                "(Value=\"BaseNPCAttackRadius_+\")": 500,
                "(Value=\"CanNPCDamageDurableActors_?\")": 1
            },
            "ExperienceMultiplier": "CurveFloat'/Game/Data/AI/C_GenericExperience.C_GenericExperience'"
        },
        {
            "Name": "Red_Goat",
            "Base": {
                "(Value=\"BaseMovementSpeed_+\")": 75,
                "(Value=\"BaseSwimSpeed_+\")": 150,
                "(Value=\"BaseMaximumHealth_+\")": 100,
                "(Value=\"BaseHealthRegenPerMinute_+\")": 10,
                "(Value=\"BaseMinimumFallDamage_%\")": 1,
                "(Value=\"BaseMaximumFallDamage_%\")": 100,
                "(Value=\"BaseMinimumFallDamageVelocity_+\")": 1250,
                "(Value=\"BaseMaximumFallDamageVelocity_+\")": 1950,
                "(Value=\"BaseAIPerceptionMaxAge_+\")": 3,
                "(Value=\"BaseAIPerceptionSightRadius_+\")": 5000,
                "(Value=\"BaseAIPerceptionLoseSightRadius_+\")": 7500,
                "(Value=\"BaseAIPerceptionPeripheralVisionAngle_+\")": 115,
                "(Value=\"BaseAIPerceptionSoundRadius_+\")": 2500,
                "(Value=\"BaseCharacterMass_+\")": 200
            },
            "ExperienceMultiplier": "CurveFloat'/Game/Data/AI/C_GenericExperience.C_GenericExperience'"
        },
        {
            "Name": "Snow_Wolf",
            "Base": {
                "(Value=\"BaseSwimSpeed_+\")": 300,
                "(Value=\"BaseHealthRegenPerMinute_+\")": 20,
                "(Value=\"BaseMinimumFallDamage_%\")": 1,
                "(Value=\"BaseMaximumFallDamage_%\")": 100,
                "(Value=\"BaseMinimumFallDamageVelocity_+\")": 1250,
                "(Value=\"BaseMaximumFallDamageVelocity_+\")": 1950,
                "(Value=\"BaseAIPerceptionMaxAge_+\")": 3,
                "(Value=\"BaseAIPerceptionSightRadius_+\")": 6000,
                "(Value=\"BaseAIPerceptionLoseSightRadius_+\")": 6750,
                "(Value=\"BaseAIPerceptionPeripheralVisionAngle_+\")": 115,
                "(Value=\"BaseAIPerceptionSoundRadius_+\")": 2500,
                "(Value=\"BaseGOAPMotivationProtectiveDistanceMinimumThreat_+\")": 4500,
                "(Value=\"BaseGOAPMotivationProtectiveDistanceMaximumThreat_+\")": 500,
                "(Value=\"BaseCharacterMass_+\")": 100,
                "(Value=\"BaseNPCAttackRadius_+\")": 500,
                "(Value=\"CanNPCDamageDurableActors_?\")": 1,
                "(Value=\"BaseHealthRegenDelay_+\")": 2,
                "(Value=\"BaseSlowResistance_%\")": 10,
                "(Value=\"BaseImmobiliseResistance_%\")": 10
            },
            "Health": "CurveFloat'/Game/Data/AI/C_WolfHealth.C_WolfHealth'",
            "MeleeDamage": "CurveFloat'/Game/Data/AI/C_WolfMeleeDamage.C_WolfMeleeDamage'",
            "MovementSpeed": "CurveFloat'/Game/Data/AI/C_WolfMovementSpeed.C_WolfMovementSpeed'",
            "CustomStats": [
                {
                    "Stat": {
                        "Value": "BaseAttacksCauseWound_%"
                    },
                    "Curve": "CurveFloat'/Game/Data/AI/C_WolfWoundChance.C_WolfWoundChance'"
                }
            ],
            "ExperienceMultiplier": "CurveFloat'/Game/Data/AI/C_AggressiveExperience.C_AggressiveExperience'"
        },
        {
            "Name": "Elephant",
            "Base": {
                "(Value=\"BaseMovementSpeed_+\")": 175,
                "(Value=\"BaseSwimSpeed_+\")": 300,
                "(Value=\"BaseHealthRegenPerMinute_+\")": 130,
                "(Value=\"BaseMinimumFallDamage_%\")": 1,
                "(Value=\"BaseMaximumFallDamage_%\")": 100,
                "(Value=\"BaseMinimumFallDamageVelocity_+\")": 1250,
                "(Value=\"BaseMaximumFallDamageVelocity_+\")": 1950,
                "(Value=\"BaseAIPerceptionMaxAge_+\")": 3,
                "(Value=\"BaseAIPerceptionSightRadius_+\")": 5000,
                "(Value=\"BaseAIPerceptionLoseSightRadius_+\")": 7500,
                "(Value=\"BaseAIPerceptionPeripheralVisionAngle_+\")": 115,
                "(Value=\"BaseAIPerceptionSoundRadius_+\")": 2500,
                "(Value=\"BaseCharacterMass_+\")": 1000,
                "(Value=\"BaseNPCAttackRadius_+\")": 750,
                "(Value=\"CanNPCDamageDurableActors_?\")": 1,
                "(Value=\"CanNPCDamageVoxels_?\")": 1,
                "(Value=\"BaseMiningRadius_+\")": 150,
                "(Value=\"BaseHealthRegenDelay_+\")": 2,
                "(Value=\"BaseSlowResistance_%\")": 33,
                "(Value=\"BaseImmobiliseResistance_%\")": 33
            },
            "Health": "CurveFloat'/Game/Data/AI/C_ElephantHealth.C_ElephantHealth'",
            "MeleeDamage": "CurveFloat'/Game/Data/AI/C_ElephantDamage.C_ElephantDamage'",
            "ExperienceMultiplier": "CurveFloat'/Game/Data/AI/C_GenericExperience.C_GenericExperience'"
        },
        {
            "Name": "Baby_Deer",
            "Base": {
                "(Value=\"BaseMovementSpeed_+\")": 200,
                "(Value=\"BaseSwimSpeed_+\")": 300,
                "(Value=\"BaseHealthRegenPerMinute_+\")": 3,
                "(Value=\"BaseMinimumFallDamage_%\")": 1,
                "(Value=\"BaseMaximumFallDamage_%\")": 100,
                "(Value=\"BaseMinimumFallDamageVelocity_+\")": 1250,
                "(Value=\"BaseMaximumFallDamageVelocity_+\")": 1950,
                "(Value=\"BaseAIPerceptionMaxAge_+\")": 3,
                "(Value=\"BaseAIPerceptionSightRadius_+\")": 5000,
                "(Value=\"BaseAIPerceptionLoseSightRadius_+\")": 7500,
                "(Value=\"BaseAIPerceptionPeripheralVisionAngle_+\")": 115,
                "(Value=\"BaseAIPerceptionSoundRadius_+\")": 2500,
                "(Value=\"BaseCharacterMass_+\")": 75,
                "(Value=\"BaseHealthRegenDelay_+\")": 2
            },
            "Health": "CurveFloat'/Game/Data/AI/C_BabyDeerHealth.C_BabyDeerHealth'",
            "ExperienceMultiplier": "CurveFloat'/Game/Data/AI/C_GenericExperience.C_GenericExperience'"
        },
        {
            "Name": "Polar_Bear",
            "Base": {
                "(Value=\"BaseSwimSpeed_+\")": 300,
                "(Value=\"BaseHealthRegenPerMinute_+\")": 100,
                "(Value=\"BaseMinimumFallDamage_%\")": 1,
                "(Value=\"BaseMaximumFallDamage_%\")": 100,
                "(Value=\"BaseMinimumFallDamageVelocity_+\")": 1250,
                "(Value=\"BaseMaximumFallDamageVelocity_+\")": 1950,
                "(Value=\"BaseAIPerceptionMaxAge_+\")": 3,
                "(Value=\"BaseAIPerceptionSightRadius_+\")": 5000,
                "(Value=\"BaseAIPerceptionLoseSightRadius_+\")": 7500,
                "(Value=\"BaseAIPerceptionPeripheralVisionAngle_+\")": 115,
                "(Value=\"BaseAIPerceptionSoundRadius_+\")": 2500,
                "(Value=\"BaseCharacterMass_+\")": 1000,
                "(Value=\"BaseNPCAttackRadius_+\")": 600,
                "(Value=\"CanNPCDamageDurableActors_?\")": 1,
                "(Value=\"CanNPCDamageVoxels_?\")": 1,
                "(Value=\"BaseMiningRadius_+\")": 100,
                "(Value=\"BaseHealthRegenDelay_+\")": 2,
                "(Value=\"BaseSlowResistance_%\")": 50,
                "(Value=\"BaseImmobiliseResistance_%\")": 50
            },
            "Health": "CurveFloat'/Game/Data/AI/C_PolarBearHealth.C_PolarBearHealth'",
            "MeleeDamage": "CurveFloat'/Game/Data/AI/C_PolarBearMeleeDamage.C_PolarBearMeleeDamage'",
            "MovementSpeed": "CurveFloat'/Game/Data/AI/C_PolarBearMovementSpeed.C_PolarBearMovementSpeed'",
            "CustomStats": [
                {
                    "Stat": {
                        "Value": "BaseAttacksCauseDeepWound_%"
                    },
                    "Curve": "CurveFloat'/Game/Data/AI/C_BeerDeepWoundChance.C_BeerDeepWoundChance'"
                }
            ],
            "ExperienceMultiplier": "CurveFloat'/Game/Data/AI/C_AggressiveExperience.C_AggressiveExperience'"
        },
        {
            "Name": "Polar_Bear_Boss",
            "Base": {
                "(Value=\"BaseSwimSpeed_+\")": 300,
                "(Value=\"BaseHealthRegenPerMinute_+\")": 100,
                "(Value=\"BaseMinimumFallDamage_%\")": 1,
                "(Value=\"BaseMaximumFallDamage_%\")": 100,
                "(Value=\"BaseMinimumFallDamageVelocity_+\")": 1250,
                "(Value=\"BaseMaximumFallDamageVelocity_+\")": 1950,
                "(Value=\"BaseAIPerceptionMaxAge_+\")": 3,
                "(Value=\"BaseAIPerceptionSightRadius_+\")": 5000,
                "(Value=\"BaseAIPerceptionLoseSightRadius_+\")": 7500,
                "(Value=\"BaseAIPerceptionPeripheralVisionAngle_+\")": 115,
                "(Value=\"BaseAIPerceptionSoundRadius_+\")": 2500,
                "(Value=\"BaseCharacterMass_+\")": 1000,
                "(Value=\"BaseNPCAttackRadius_+\")": 600,
                "(Value=\"CanNPCDamageDurableActors_?\")": 1,
                "(Value=\"CanNPCDamageVoxels_?\")": 1,
                "(Value=\"BaseMiningRadius_+\")": 100,
                "(Value=\"BaseHealthRegenDelay_+\")": 2,
                "(Value=\"BaseSlowResistance_%\")": 100,
                "(Value=\"BaseImmobiliseResistance_%\")": 100
            },
            "Health": "CurveFloat'/Game/Data/AI/C_PolarBearBossHealth.C_PolarBearBossHealth'",
            "MeleeDamage": "CurveFloat'/Game/Data/AI/C_PolarBearBossMeleeDamage.C_PolarBearBossMeleeDamage'",
            "MovementSpeed": "CurveFloat'/Game/Data/AI/C_PolarBearMovementSpeed.C_PolarBearMovementSpeed'",
            "CustomStats": [
                {
                    "Stat": {
                        "Value": "BaseAttacksCauseDeepWound_%"
                    },
                    "Curve": "CurveFloat'/Game/Data/AI/C_BeerDeepWoundChance.C_BeerDeepWoundChance'"
                }
            ],
            "ExperienceMultiplier": "CurveFloat'/Game/Data/AI/C_AggressiveExperience.C_AggressiveExperience'"
        },
        {
            "Name": "Lion_F",
            "Base": {
                "(Value=\"BaseMovementSpeed_+\")": 175,
                "(Value=\"BaseSwimSpeed_+\")": 300,
                "(Value=\"BaseHealthRegenPerMinute_+\")": 20,
                "(Value=\"BaseMinimumFallDamage_%\")": 1,
                "(Value=\"BaseMaximumFallDamage_%\")": 100,
                "(Value=\"BaseMinimumFallDamageVelocity_+\")": 1250,
                "(Value=\"BaseMaximumFallDamageVelocity_+\")": 1950,
                "(Value=\"BaseAIPerceptionMaxAge_+\")": 3,
                "(Value=\"BaseAIPerceptionSightRadius_+\")": 5000,
                "(Value=\"BaseAIPerceptionLoseSightRadius_+\")": 7500,
                "(Value=\"BaseAIPerceptionPeripheralVisionAngle_+\")": 115,
                "(Value=\"BaseAIPerceptionSoundRadius_+\")": 2500,
                "(Value=\"BaseCharacterMass_+\")": 200,
                "(Value=\"BaseNPCAttackRadius_+\")": 500,
                "(Value=\"CanNPCDamageDurableActors_?\")": 1,
                "(Value=\"BaseHealthRegenDelay_+\")": 2,
                "(Value=\"BaseSlowResistance_%\")": 15,
                "(Value=\"BaseImmobiliseResistance_%\")": 15
            },
            "Health": "CurveFloat'/Game/Data/AI/C_JaguarHealth.C_JaguarHealth'",
            "MeleeDamage": "CurveFloat'/Game/Data/AI/C_JaguarMeleeDamage.C_JaguarMeleeDamage'",
            "CustomStats": [
                {
                    "Stat": {
                        "Value": "BaseAttacksCauseWound_%"
                    },
                    "Curve": "CurveFloat'/Game/Data/AI/C_JaguarWoundChance.C_JaguarWoundChance'"
                }
            ],
            "ExperienceMultiplier": "CurveFloat'/Game/Data/AI/C_GenericExperience.C_GenericExperience'"
        },
        {
            "Name": "Chamois_M",
            "Base": {
                "(Value=\"BaseMovementSpeed_+\")": 220,
                "(Value=\"BaseSwimSpeed_+\")": 300,
                "(Value=\"BaseMaximumHealth_+\")": 100,
                "(Value=\"BaseHealthRegenPerMinute_+\")": 10,
                "(Value=\"BaseMinimumFallDamage_%\")": 1,
                "(Value=\"BaseMaximumFallDamage_%\")": 100,
                "(Value=\"BaseMinimumFallDamageVelocity_+\")": 1250,
                "(Value=\"BaseMaximumFallDamageVelocity_+\")": 1950,
                "(Value=\"BaseAIPerceptionMaxAge_+\")": 3,
                "(Value=\"BaseAIPerceptionSightRadius_+\")": 5000,
                "(Value=\"BaseAIPerceptionLoseSightRadius_+\")": 7500,
                "(Value=\"BaseAIPerceptionPeripheralVisionAngle_+\")": 115,
                "(Value=\"BaseAIPerceptionSoundRadius_+\")": 2500,
                "(Value=\"BaseCharacterMass_+\")": 125,
                "(Value=\"BaseHealthRegenDelay_+\")": 2
            },
            "ExperienceMultiplier": "CurveFloat'/Game/Data/AI/C_GenericExperience.C_GenericExperience'"
        },
        {
            "Name": "Raccoon",
            "Base": {
                "(Value=\"BaseMovementSpeed_+\")": 220,
                "(Value=\"BaseSwimSpeed_+\")": 220,
                "(Value=\"BaseMaximumHealth_+\")": 25,
                "(Value=\"BaseHealthRegenPerMinute_+\")": 3,
                "(Value=\"BaseMinimumFallDamage_%\")": 1,
                "(Value=\"BaseMaximumFallDamage_%\")": 100,
                "(Value=\"BaseMinimumFallDamageVelocity_+\")": 1250,
                "(Value=\"BaseMaximumFallDamageVelocity_+\")": 1950,
                "(Value=\"BaseAIPerceptionMaxAge_+\")": 3,
                "(Value=\"BaseAIPerceptionSightRadius_+\")": 5000,
                "(Value=\"BaseAIPerceptionLoseSightRadius_+\")": 7500,
                "(Value=\"BaseAIPerceptionPeripheralVisionAngle_+\")": 115,
                "(Value=\"BaseAIPerceptionSoundRadius_+\")": 2500,
                "(Value=\"BaseCharacterMass_+\")": 40
            },
            "ExperienceMultiplier": "CurveFloat'/Game/Data/AI/C_GenericExperience.C_GenericExperience'"
        },
        {
            "Name": "Mammoth",
            "Base": {
                "(Value=\"BaseMovementSpeed_+\")": 175,
                "(Value=\"BaseSwimSpeed_+\")": 300,
                "(Value=\"BaseHealthRegenPerMinute_+\")": 130,
                "(Value=\"BaseMinimumFallDamage_%\")": 1,
                "(Value=\"BaseMaximumFallDamage_%\")": 100,
                "(Value=\"BaseMinimumFallDamageVelocity_+\")": 1250,
                "(Value=\"BaseMaximumFallDamageVelocity_+\")": 1950,
                "(Value=\"BaseAIPerceptionMaxAge_+\")": 3,
                "(Value=\"BaseAIPerceptionSightRadius_+\")": 5000,
                "(Value=\"BaseAIPerceptionLoseSightRadius_+\")": 7500,
                "(Value=\"BaseAIPerceptionPeripheralVisionAngle_+\")": 115,
                "(Value=\"BaseAIPerceptionSoundRadius_+\")": 2500,
                "(Value=\"BaseCharacterMass_+\")": 1000,
                "(Value=\"BaseGOAPMotivationProtectiveDistanceMinimumThreat_+\")": 1500,
                "(Value=\"BaseGOAPMotivationProtectiveDistanceMaximumThreat_+\")": 200,
                "(Value=\"BaseNPCAttackRadius_+\")": 750,
                "(Value=\"CanNPCDamageDurableActors_?\")": 1,
                "(Value=\"CanNPCDamageVoxels_?\")": 1,
                "(Value=\"BaseMiningRadius_+\")": 150,
                "(Value=\"BaseHealthRegenDelay_+\")": 2,
                "(Value=\"BaseSlowResistance_%\")": 40,
                "(Value=\"BaseImmobiliseResistance_%\")": 40
            },
            "Health": "CurveFloat'/Game/Data/AI/C_MammothHealth.C_MammothHealth'",
            "MeleeDamage": "CurveFloat'/Game/Data/AI/C_MammothDamage.C_MammothDamage'",
            "ExperienceMultiplier": "CurveFloat'/Game/Data/AI/C_AggressiveExperience.C_AggressiveExperience'"
        },
        {
            "Name": "Alpha_Wolf",
            "Base": {
                "(Value=\"BaseSwimSpeed_+\")": 300,
                "(Value=\"BaseHealthRegenPerMinute_+\")": 20,
                "(Value=\"BaseMinimumFallDamage_%\")": 1,
                "(Value=\"BaseMaximumFallDamage_%\")": 100,
                "(Value=\"BaseMinimumFallDamageVelocity_+\")": 1250,
                "(Value=\"BaseMaximumFallDamageVelocity_+\")": 1950,
                "(Value=\"BaseAIPerceptionMaxAge_+\")": 3,
                "(Value=\"BaseAIPerceptionSightRadius_+\")": 5000,
                "(Value=\"BaseAIPerceptionLoseSightRadius_+\")": 7500,
                "(Value=\"BaseAIPerceptionPeripheralVisionAngle_+\")": 115,
                "(Value=\"BaseAIPerceptionSoundRadius_+\")": 2500,
                "(Value=\"BaseGOAPMotivationProtectiveDistanceMinimumThreat_+\")": 1500,
                "(Value=\"BaseGOAPMotivationProtectiveDistanceMaximumThreat_+\")": 200,
                "(Value=\"BaseCharacterMass_+\")": 100,
                "(Value=\"BaseNPCAttackRadius_+\")": 500,
                "(Value=\"BaseAttacksCauseWound_%\")": 50,
                "(Value=\"CanNPCDamageDurableActors_?\")": 1,
                "(Value=\"CanNPCDamageVoxels_?\")": 1,
                "(Value=\"BaseMiningRadius_+\")": 50,
                "(Value=\"BaseGOAPMotivationPreservationRetreatRegen_%\")": 30,
                "(Value=\"BaseGOAPMotivationPreservationRetreatThreshold_%\")": 50,
                "(Value=\"BaseHealthRegenDelay_+\")": 2,
                "(Value=\"BaseSlowResistance_%\")": 75,
                "(Value=\"BaseImmobiliseResistance_%\")": 75
            },
            "Health": "CurveFloat'/Game/Data/AI/C_AlphaWolfHealth.C_AlphaWolfHealth'",
            "MeleeDamage": "CurveFloat'/Game/Data/AI/C_AlphaWolfMeleeDamage.C_AlphaWolfMeleeDamage'",
            "MovementSpeed": "CurveFloat'/Game/Data/AI/C_WolfMovementSpeed.C_WolfMovementSpeed'",
            "ExperienceMultiplier": "CurveFloat'/Game/Data/AI/C_AggressiveExperience.C_AggressiveExperience'"
        },
        {
            "Name": "Conifer_Wolf",
            "Base": {
                "(Value=\"BaseSwimSpeed_+\")": 300,
                "(Value=\"BaseHealthRegenPerMinute_+\")": 20,
                "(Value=\"BaseMinimumFallDamage_%\")": 1,
                "(Value=\"BaseMaximumFallDamage_%\")": 100,
                "(Value=\"BaseMinimumFallDamageVelocity_+\")": 1250,
                "(Value=\"BaseMaximumFallDamageVelocity_+\")": 1950,
                "(Value=\"BaseAIPerceptionMaxAge_+\")": 3,
                "(Value=\"BaseAIPerceptionSightRadius_+\")": 4000,
                "(Value=\"BaseAIPerceptionLoseSightRadius_+\")": 4500,
                "(Value=\"BaseAIPerceptionPeripheralVisionAngle_+\")": 115,
                "(Value=\"BaseAIPerceptionSoundRadius_+\")": 2500,
                "(Value=\"BaseGOAPMotivationProtectiveDistanceMinimumThreat_+\")": 1500,
                "(Value=\"BaseGOAPMotivationProtectiveDistanceMaximumThreat_+\")": 200,
                "(Value=\"BaseCharacterMass_+\")": 100,
                "(Value=\"BaseNPCAttackRadius_+\")": 500,
                "(Value=\"CanNPCDamageDurableActors_?\")": 1,
                "(Value=\"BaseHealthRegenDelay_+\")": 2,
                "(Value=\"BaseSlowResistance_%\")": 10,
                "(Value=\"BaseImmobiliseResistance_%\")": 10
            },
            "Health": "CurveFloat'/Game/Data/AI/C_WolfHealth.C_WolfHealth'",
            "MeleeDamage": "CurveFloat'/Game/Data/AI/C_WolfMeleeDamage.C_WolfMeleeDamage'",
            "MovementSpeed": "CurveFloat'/Game/Data/AI/C_WolfMovementSpeed.C_WolfMovementSpeed'",
            "CustomStats": [
                {
                    "Stat": {
                        "Value": "BaseAttacksCauseWound_%"
                    },
                    "Curve": "CurveFloat'/Game/Data/AI/C_WolfWoundChance.C_WolfWoundChance'"
                }
            ],
            "ExperienceMultiplier": "CurveFloat'/Game/Data/AI/C_AggressiveExperience.C_AggressiveExperience'"
        },
        {
            "Name": "Mammoth_Boss",
            "Base": {
                "(Value=\"BaseSwimSpeed_+\")": 300,
                "(Value=\"BaseHealthRegenPerMinute_+\")": 130,
                "(Value=\"BaseMinimumFallDamage_%\")": 1,
                "(Value=\"BaseMaximumFallDamage_%\")": 100,
                "(Value=\"BaseMinimumFallDamageVelocity_+\")": 1250,
                "(Value=\"BaseMaximumFallDamageVelocity_+\")": 1950,
                "(Value=\"BaseAIPerceptionMaxAge_+\")": 3,
                "(Value=\"BaseAIPerceptionSightRadius_+\")": 5000,
                "(Value=\"BaseAIPerceptionLoseSightRadius_+\")": 7500,
                "(Value=\"BaseAIPerceptionPeripheralVisionAngle_+\")": 115,
                "(Value=\"BaseAIPerceptionSoundRadius_+\")": 2500,
                "(Value=\"BaseCharacterMass_+\")": 1000,
                "(Value=\"BaseGOAPMotivationProtectiveDistanceMinimumThreat_+\")": 1500,
                "(Value=\"BaseGOAPMotivationProtectiveDistanceMaximumThreat_+\")": 200,
                "(Value=\"BaseNPCAttackRadius_+\")": 1000,
                "(Value=\"BaseNPCStompAttackRadius_+\")": 1000,
                "(Value=\"BaseMeleeDamageAgainstBuildings_+%\")": 500,
                "(Value=\"BaseImmobiliseResistance_%\")": 100,
                "(Value=\"BaseSlowResistance_%\")": 100,
                "(Value=\"CanNPCDamageDurableActors_?\")": 1,
                "(Value=\"CanNPCDamageVoxels_?\")": 1,
                "(Value=\"BaseMiningRadius_+\")": 150,
                "(Value=\"BaseHealthRegenDelay_+\")": 2
            },
            "Health": "CurveFloat'/Game/Data/AI/C_MammothBossHealth.C_MammothBossHealth'",
            "MeleeDamage": "CurveFloat'/Game/Data/AI/C_MammothBossDamage.C_MammothBossDamage'",
            "MovementSpeed": "CurveFloat'/Game/Data/AI/C_MammothBossMovementSpeed.C_MammothBossMovementSpeed'",
            "ExperienceMultiplier": "CurveFloat'/Game/Data/AI/C_AggressiveExperience.C_AggressiveExperience'"
        },
        {
            "Name": "Rabbit",
            "Base": {
                "(Value=\"BaseMovementSpeed_+\")": 220,
                "(Value=\"BaseSwimSpeed_+\")": 220,
                "(Value=\"BaseMaximumHealth_+\")": 25,
                "(Value=\"BaseHealthRegenPerMinute_+\")": 3,
                "(Value=\"BaseMinimumFallDamage_%\")": 1,
                "(Value=\"BaseMaximumFallDamage_%\")": 100,
                "(Value=\"BaseMinimumFallDamageVelocity_+\")": 1250,
                "(Value=\"BaseMaximumFallDamageVelocity_+\")": 1950,
                "(Value=\"BaseAIPerceptionMaxAge_+\")": 3,
                "(Value=\"BaseAIPerceptionSightRadius_+\")": 5000,
                "(Value=\"BaseAIPerceptionLoseSightRadius_+\")": 7500,
                "(Value=\"BaseAIPerceptionPeripheralVisionAngle_+\")": 115,
                "(Value=\"BaseAIPerceptionSoundRadius_+\")": 2500,
                "(Value=\"BaseCharacterMass_+\")": 40,
                "(Value=\"BaseHealthRegenDelay_+\")": 2
            },
            "ExperienceMultiplier": "CurveFloat'/Game/Data/AI/C_GenericExperience.C_GenericExperience'"
        },
        {
            "Name": "Jaguar",
            "Base": {
                "(Value=\"BaseMovementSpeed_+\")": 175,
                "(Value=\"BaseSwimSpeed_+\")": 300,
                "(Value=\"BaseHealthRegenPerMinute_+\")": 20,
                "(Value=\"BaseMinimumFallDamage_%\")": 1,
                "(Value=\"BaseMaximumFallDamage_%\")": 100,
                "(Value=\"BaseMinimumFallDamageVelocity_+\")": 1250,
                "(Value=\"BaseMaximumFallDamageVelocity_+\")": 1950,
                "(Value=\"BaseAIPerceptionMaxAge_+\")": 3,
                "(Value=\"BaseAIPerceptionSightRadius_+\")": 5000,
                "(Value=\"BaseAIPerceptionLoseSightRadius_+\")": 7500,
                "(Value=\"BaseAIPerceptionPeripheralVisionAngle_+\")": 115,
                "(Value=\"BaseAIPerceptionSoundRadius_+\")": 2500,
                "(Value=\"BaseCharacterMass_+\")": 200,
                "(Value=\"BaseNPCAttackRadius_+\")": 500,
                "(Value=\"CanNPCDamageDurableActors_?\")": 1,
                "(Value=\"BaseHealthRegenDelay_+\")": 2,
                "(Value=\"BaseSlowResistance_%\")": 15,
                "(Value=\"BaseImmobiliseResistance_%\")": 15
            },
            "Health": "CurveFloat'/Game/Data/AI/C_JaguarHealth.C_JaguarHealth'",
            "MeleeDamage": "CurveFloat'/Game/Data/AI/C_JaguarMeleeDamage.C_JaguarMeleeDamage'",
            "CustomStats": [
                {
                    "Stat": {
                        "Value": "BaseAttacksCauseWound_%"
                    },
                    "Curve": "CurveFloat'/Game/Data/AI/C_JaguarWoundChance.C_JaguarWoundChance'"
                }
            ],
            "ExperienceMultiplier": "CurveFloat'/Game/Data/AI/C_GenericExperience.C_GenericExperience'"
        },
        {
            "Name": "Snow_Leopard",
            "Base": {
                "(Value=\"BaseMovementSpeed_+\")": 175,
                "(Value=\"BaseSwimSpeed_+\")": 300,
                "(Value=\"BaseHealthRegenPerMinute_+\")": 20,
                "(Value=\"BaseMinimumFallDamage_%\")": 1,
                "(Value=\"BaseMaximumFallDamage_%\")": 100,
                "(Value=\"BaseMinimumFallDamageVelocity_+\")": 1250,
                "(Value=\"BaseMaximumFallDamageVelocity_+\")": 1950,
                "(Value=\"BaseAIPerceptionMaxAge_+\")": 3,
                "(Value=\"BaseAIPerceptionSightRadius_+\")": 5000,
                "(Value=\"BaseAIPerceptionLoseSightRadius_+\")": 7500,
                "(Value=\"BaseAIPerceptionPeripheralVisionAngle_+\")": 115,
                "(Value=\"BaseAIPerceptionSoundRadius_+\")": 2500,
                "(Value=\"BaseCharacterMass_+\")": 200,
                "(Value=\"BaseNPCAttackRadius_+\")": 500,
                "(Value=\"CanNPCDamageDurableActors_?\")": 1,
                "(Value=\"BaseHealthRegenDelay_+\")": 2,
                "(Value=\"BaseSlowResistance_%\")": 15,
                "(Value=\"BaseImmobiliseResistance_%\")": 15
            },
            "Health": "CurveFloat'/Game/Data/AI/C_JaguarHealth.C_JaguarHealth'",
            "MeleeDamage": "CurveFloat'/Game/Data/AI/C_JaguarMeleeDamage.C_JaguarMeleeDamage'",
            "CustomStats": [
                {
                    "Stat": {
                        "Value": "BaseAttacksCauseWound_%"
                    },
                    "Curve": "CurveFloat'/Game/Data/AI/C_JaguarWoundChance.C_JaguarWoundChance'"
                }
            ],
            "ExperienceMultiplier": "CurveFloat'/Game/Data/AI/C_GenericExperience.C_GenericExperience'"
        },
        {
            "Name": "Jaguar_Black",
            "Base": {
                "(Value=\"BaseMovementSpeed_+\")": 125,
                "(Value=\"BaseSwimSpeed_+\")": 300,
                "(Value=\"BaseHealthRegenPerMinute_+\")": 20,
                "(Value=\"BaseMinimumFallDamage_%\")": 1,
                "(Value=\"BaseMaximumFallDamage_%\")": 100,
                "(Value=\"BaseMinimumFallDamageVelocity_+\")": 1250,
                "(Value=\"BaseMaximumFallDamageVelocity_+\")": 1950,
                "(Value=\"BaseAIPerceptionMaxAge_+\")": 3,
                "(Value=\"BaseAIPerceptionSightRadius_+\")": 5000,
                "(Value=\"BaseAIPerceptionLoseSightRadius_+\")": 7500,
                "(Value=\"BaseAIPerceptionPeripheralVisionAngle_+\")": 115,
                "(Value=\"BaseAIPerceptionSoundRadius_+\")": 2500,
                "(Value=\"BaseCharacterMass_+\")": 400,
                "(Value=\"BaseNPCAttackRadius_+\")": 500,
                "(Value=\"CanNPCDamageDurableActors_?\")": 1,
                "(Value=\"BaseHealthRegenDelay_+\")": 2,
                "(Value=\"BaseSlowResistance_%\")": 75,
                "(Value=\"BaseImmobiliseResistance_%\")": 75
            },
            "Health": "CurveFloat'/Game/Data/AI/C_JaguarBlackHealth.C_JaguarBlackHealth'",
            "MeleeDamage": "CurveFloat'/Game/Data/AI/C_JaguarBlackMeleeDamage.C_JaguarBlackMeleeDamage'",
            "ExperienceMultiplier": "CurveFloat'/Game/Data/AI/C_GenericExperience.C_GenericExperience'"
        },
        {
            "Name": "Pack_Wolf",
            "Base": {
                "(Value=\"BaseSwimSpeed_+\")": 300,
                "(Value=\"BaseHealthRegenPerMinute_+\")": 20,
                "(Value=\"BaseMinimumFallDamage_%\")": 1,
                "(Value=\"BaseMaximumFallDamage_%\")": 100,
                "(Value=\"BaseMinimumFallDamageVelocity_+\")": 1250,
                "(Value=\"BaseMaximumFallDamageVelocity_+\")": 1950,
                "(Value=\"BaseAIPerceptionMaxAge_+\")": 3,
                "(Value=\"BaseAIPerceptionSightRadius_+\")": 6000,
                "(Value=\"BaseAIPerceptionLoseSightRadius_+\")": 6750,
                "(Value=\"BaseAIPerceptionPeripheralVisionAngle_+\")": 115,
                "(Value=\"BaseAIPerceptionSoundRadius_+\")": 2500,
                "(Value=\"BaseGOAPMotivationProtectiveDistanceMinimumThreat_+\")": 4500,
                "(Value=\"BaseGOAPMotivationProtectiveDistanceMaximumThreat_+\")": 500,
                "(Value=\"BaseCharacterMass_+\")": 100,
                "(Value=\"BaseNPCAttackRadius_+\")": 500,
                "(Value=\"CanNPCDamageDurableActors_?\")": 1,
                "(Value=\"BaseHealthRegenDelay_+\")": 2
            },
            "Health": "CurveFloat'/Game/Data/AI/C_PackWolfHealth.C_PackWolfHealth'",
            "MeleeDamage": "CurveFloat'/Game/Data/AI/C_PackWolfMeleeDamage.C_PackWolfMeleeDamage'",
            "MovementSpeed": "CurveFloat'/Game/Data/AI/C_WolfMovementSpeed.C_WolfMovementSpeed'",
            "CustomStats": [
                {
                    "Stat": {
                        "Value": "BaseAttacksCauseWound_%"
                    },
                    "Curve": "CurveFloat'/Game/Data/AI/C_WolfWoundChance.C_WolfWoundChance'"
                }
            ],
            "ExperienceMultiplier": "CurveFloat'/Game/Data/AI/C_GenericExperience.C_GenericExperience'"
        },
        {
            "Name": "Alpha_Wolf_Boss",
            "Base": {
                "(Value=\"BaseSwimSpeed_+\")": 300,
                "(Value=\"BaseHealthRegenPerMinute_+\")": 20,
                "(Value=\"BaseMinimumFallDamage_%\")": 1,
                "(Value=\"BaseMaximumFallDamage_%\")": 100,
                "(Value=\"BaseMinimumFallDamageVelocity_+\")": 1250,
                "(Value=\"BaseMaximumFallDamageVelocity_+\")": 1950,
                "(Value=\"BaseAIPerceptionMaxAge_+\")": 3,
                "(Value=\"BaseAIPerceptionSightRadius_+\")": 5000,
                "(Value=\"BaseAIPerceptionLoseSightRadius_+\")": 7500,
                "(Value=\"BaseAIPerceptionPeripheralVisionAngle_+\")": 115,
                "(Value=\"BaseAIPerceptionSoundRadius_+\")": 2500,
                "(Value=\"BaseGOAPMotivationProtectiveDistanceMinimumThreat_+\")": 1500,
                "(Value=\"BaseGOAPMotivationProtectiveDistanceMaximumThreat_+\")": 200,
                "(Value=\"BaseCharacterMass_+\")": 100,
                "(Value=\"BaseNPCAttackRadius_+\")": 500,
                "(Value=\"BaseAttacksCauseWound_%\")": 50,
                "(Value=\"CanNPCDamageDurableActors_?\")": 1,
                "(Value=\"CanNPCDamageVoxels_?\")": 1,
                "(Value=\"BaseMiningRadius_+\")": 50,
                "(Value=\"BaseGOAPMotivationPreservationRetreatRegen_%\")": 20,
                "(Value=\"BaseGOAPMotivationPreservationRetreatThreshold_%\")": 50,
                "(Value=\"BaseMeleeDamageAgainstBuildings_+%\")": 750,
                "(Value=\"BaseHealthRegenDelay_+\")": 2,
                "(Value=\"BaseSlowResistance_%\")": 75,
                "(Value=\"BaseImmobiliseResistance_%\")": 75
            },
            "Health": "CurveFloat'/Game/Data/AI/C_AlphaWolfBossHealth.C_AlphaWolfBossHealth'",
            "MeleeDamage": "CurveFloat'/Game/Data/AI/C_AlphaWolfBossMeleeDamage.C_AlphaWolfBossMeleeDamage'",
            "MovementSpeed": "CurveFloat'/Game/Data/AI/C_WolfMovementSpeed.C_WolfMovementSpeed'",
            "ExperienceMultiplier": "CurveFloat'/Game/Data/AI/C_AggressiveExperience.C_AggressiveExperience'"
        },
        {
            "Name": "Buffalo",
            "Base": {
                "(Value=\"BaseMovementSpeed_+\")": 130,
                "(Value=\"BaseSwimSpeed_+\")": 300,
                "(Value=\"BaseHealthRegenPerMinute_+\")": 10,
                "(Value=\"BaseMinimumFallDamage_%\")": 1,
                "(Value=\"BaseMaximumFallDamage_%\")": 100,
                "(Value=\"BaseMinimumFallDamageVelocity_+\")": 1250,
                "(Value=\"BaseMaximumFallDamageVelocity_+\")": 1950,
                "(Value=\"BaseAIPerceptionMaxAge_+\")": 3,
                "(Value=\"BaseAIPerceptionSightRadius_+\")": 5000,
                "(Value=\"BaseAIPerceptionLoseSightRadius_+\")": 7500,
                "(Value=\"BaseAIPerceptionPeripheralVisionAngle_+\")": 115,
                "(Value=\"BaseAIPerceptionSoundRadius_+\")": 2500,
                "(Value=\"BaseCharacterMass_+\")": 500,
                "(Value=\"BaseHealthRegenDelay_+\")": 2,
                "(Value=\"BaseNPCAttackRadius_+\")": 500,
                "(Value=\"CanNPCDamageDurableActors_?\")": 1,
                "(Value=\"BaseNPCMinTargetDistanceForCharge_+\")": 300,
                "(Value=\"BaseNPCMaxTargetDistanceForCharge_+\")": 1500,
                "(Value=\"BaseNPCChargeAttackCooldown_+\")": 10,
                "(Value=\"CanNPCDamageVoxels_?\")": 1,
                "(Value=\"BaseMiningRadius_+\")": 100
            },
            "Health": "CurveFloat'/Game/Data/AI/C_MediumDeerHealth.C_MediumDeerHealth'",
            "MeleeDamage": "CurveFloat'/Game/Data/AI/C_BuffaloMeleeDamage.C_BuffaloMeleeDamage'",
            "ExperienceMultiplier": "CurveFloat'/Game/Data/AI/C_GenericExperience.C_GenericExperience'"
        },
        {
            "Name": "WildBoar",
            "Base": {
                "(Value=\"BaseSwimSpeed_+\")": 300,
                "(Value=\"BaseHealthRegenPerMinute_+\")": 20,
                "(Value=\"BaseMinimumFallDamage_%\")": 1,
                "(Value=\"BaseMaximumFallDamage_%\")": 100,
                "(Value=\"BaseMinimumFallDamageVelocity_+\")": 1250,
                "(Value=\"BaseMaximumFallDamageVelocity_+\")": 1950,
                "(Value=\"BaseAIPerceptionMaxAge_+\")": 3,
                "(Value=\"BaseAIPerceptionSightRadius_+\")": 1000,
                "(Value=\"BaseAIPerceptionLoseSightRadius_+\")": 2000,
                "(Value=\"BaseAIPerceptionPeripheralVisionAngle_+\")": 115,
                "(Value=\"BaseAIPerceptionSoundRadius_+\")": 1500,
                "(Value=\"BaseGOAPMotivationProtectiveDistanceMinimumThreat_+\")": 1250,
                "(Value=\"BaseGOAPMotivationProtectiveDistanceMaximumThreat_+\")": 10,
                "(Value=\"BaseCharacterMass_+\")": 100,
                "(Value=\"BaseNPCAttackRadius_+\")": 500,
                "(Value=\"CanNPCDamageDurableActors_?\")": 1,
                "(Value=\"BaseGOAPMotivationProtectiveIncreaseRate_+%\")": -50,
                "(Value=\"BaseMovementSpeed_+\")": 190,
                "(Value=\"BaseHealthRegenDelay_+\")": 2
            },
            "Health": "CurveFloat'/Game/Data/AI/C_BoarHealth.C_BoarHealth'",
            "MeleeDamage": "CurveFloat'/Game/Data/AI/C_BoarMeleeDamage.C_BoarMeleeDamage'",
            "CustomStats": [
                {
                    "Stat": {
                        "Value": "BaseAttacksCauseWound_%"
                    },
                    "Curve": "CurveFloat'/Game/Data/AI/C_WolfWoundChance.C_WolfWoundChance'"
                }
            ],
            "ExperienceMultiplier": "CurveFloat'/Game/Data/AI/C_AggressiveExperience.C_AggressiveExperience'"
        },
        {
            "Name": "Zebra",
            "Base": {
                "(Value=\"BaseMovementSpeed_+\")": 190,
                "(Value=\"BaseSwimSpeed_+\")": 300,
                "(Value=\"BaseHealthRegenPerMinute_+\")": 10,
                "(Value=\"BaseMinimumFallDamage_%\")": 1,
                "(Value=\"BaseMaximumFallDamage_%\")": 100,
                "(Value=\"BaseMinimumFallDamageVelocity_+\")": 1250,
                "(Value=\"BaseMaximumFallDamageVelocity_+\")": 1950,
                "(Value=\"BaseAIPerceptionMaxAge_+\")": 3,
                "(Value=\"BaseAIPerceptionSightRadius_+\")": 5000,
                "(Value=\"BaseAIPerceptionLoseSightRadius_+\")": 7500,
                "(Value=\"BaseAIPerceptionPeripheralVisionAngle_+\")": 115,
                "(Value=\"BaseAIPerceptionSoundRadius_+\")": 2500,
                "(Value=\"BaseCharacterMass_+\")": 175,
                "(Value=\"BaseHealthRegenDelay_+\")": 2
            },
            "Health": "CurveFloat'/Game/Data/AI/C_MediumDeerHealth.C_MediumDeerHealth'",
            "ExperienceMultiplier": "CurveFloat'/Game/Data/AI/C_GenericExperience.C_GenericExperience'"
        },
        {
            "Name": "SandWorm",
            "Base": {
                "(Value=\"BaseMeleeDamage_+\")": 150,
                "(Value=\"BaseMaximumHealth_+\")": 12000,
                "(Value=\"BaseNPCStompAttackRadius_+\")": 1000,
                "(Value=\"CanNPCDamageDurableActors_?\")": 1,
                "(Value=\"CanNPCDamageVoxels_?\")": 1,
                "(Value=\"BaseMiningRadius_+\")": 500,
                "(Value=\"BaseMeleeDamageAgainstBuildings_+%\")": 1000,
                "(Value=\"BaseFireDamageResistance_%\")": -2000,
                "(Value=\"BaseProjectileDamageAgainstBuildings_+%\")": 1000,
                "(Value=\"BaseHealthPerConnectedPlayer_+\")": 5000,
                "(Value=\"BaseProjectileDamageResistance_%\")": 33
            }
        },
        {
            "Name": "SandWorm_Spitter",
            "Base": {
                "(Value=\"BaseMeleeDamage_+\")": 150,
                "(Value=\"BaseMaximumHealth_+\")": 12000,
                "(Value=\"BaseNPCStompAttackRadius_+\")": 1000,
                "(Value=\"CanNPCDamageDurableActors_?\")": 1,
                "(Value=\"CanNPCDamageVoxels_?\")": 1,
                "(Value=\"BaseMiningRadius_+\")": 500,
                "(Value=\"BaseMeleeDamageAgainstBuildings_+%\")": 1000,
                "(Value=\"BaseFireDamageResistance_%\")": -2000,
                "(Value=\"BaseProjectileDamageAgainstBuildings_+%\")": 1000,
                "(Value=\"BaseHealthPerConnectedPlayer_+\")": 5000
            }
        },
        {
            "Name": "CaveWorm",
            "Base": {
                "(Value=\"BaseMeleeDamage_+\")": 70,
                "(Value=\"BaseMaximumHealth_+\")": 300,
                "(Value=\"BaseNPCStompAttackRadius_+\")": 1000,
                "(Value=\"CanNPCDamageDurableActors_?\")": 1,
                "(Value=\"CanNPCDamageVoxels_?\")": 1,
                "(Value=\"BaseMiningRadius_+\")": 500,
                "(Value=\"BaseMeleeDamageAgainstBuildings_+%\")": 300,
                "(Value=\"BaseFireDamageResistance_%\")": -2000,
                "(Value=\"BaseProjectileDamageAgainstBuildings_+%\")": 1500,
                "(Value=\"BaseHealthPerConnectedPlayer_+\")": 50
            }
        },
        {
            "Name": "Kea",
            "Base": {
                "(Value=\"BaseHealthRegenPerMinute_+\")": 20,
                "(Value=\"BaseAIPerceptionMaxAge_+\")": 3,
                "(Value=\"BaseAIPerceptionSightRadius_+\")": 4000,
                "(Value=\"BaseAIPerceptionLoseSightRadius_+\")": 4500,
                "(Value=\"BaseAIPerceptionPeripheralVisionAngle_+\")": 115,
                "(Value=\"BaseAIPerceptionSoundRadius_+\")": 2500,
                "(Value=\"BaseMaximumHealth_+\")": 25,
                "(Value=\"BaseCharacterMass_+\")": 10,
                "(Value=\"BaseHealthRegenDelay_+\")": 2,
                "(Value=\"BaseMovementSpeed_+\")": 50
            },
            "ExperienceMultiplier": "CurveFloat'/Game/Data/AI/C_GenericExperience.C_GenericExperience'"
        },
        {
            "Name": "Scorpion",
            "Base": {
                "(Value=\"BaseSwimSpeed_+\")": 300,
                "(Value=\"BaseHealthRegenPerMinute_+\")": 20,
                "(Value=\"BaseMinimumFallDamage_%\")": 1,
                "(Value=\"BaseMaximumFallDamage_%\")": 100,
                "(Value=\"BaseMinimumFallDamageVelocity_+\")": 1250,
                "(Value=\"BaseMaximumFallDamageVelocity_+\")": 1950,
                "(Value=\"BaseAIPerceptionMaxAge_+\")": 3,
                "(Value=\"BaseAIPerceptionSightRadius_+\")": 6000,
                "(Value=\"BaseAIPerceptionLoseSightRadius_+\")": 6750,
                "(Value=\"BaseAIPerceptionPeripheralVisionAngle_+\")": 115,
                "(Value=\"BaseAIPerceptionSoundRadius_+\")": 2500,
                "(Value=\"BaseGOAPMotivationProtectiveDistanceMinimumThreat_+\")": 4500,
                "(Value=\"BaseGOAPMotivationProtectiveDistanceMaximumThreat_+\")": 500,
                "(Value=\"BaseCharacterMass_+\")": 100,
                "(Value=\"BaseNPCAttackRadius_+\")": 350,
                "(Value=\"CanNPCDamageDurableActors_?\")": 1,
                "(Value=\"BaseHealthRegenDelay_+\")": 2,
                "(Value=\"BaseMovementSpeed_+\")": 90,
                "(Value=\"BaseNPCMeleeAttacksPerMinute_+\")": 60,
                "(Value=\"BaseGOAPMotivationDormancyIncreaseRate_+\")": 10,
                "(Value=\"BaseGOAPMotivationDormancyIncreaseRateDayTime_+%\")": 2000,
                "(Value=\"CanScorpionUseStingAttack_?\")": 1,
                "(Value=\"BaseSlowResistance_%\")": 25,
                "(Value=\"BaseImmobiliseResistance_%\")": 25
            },
            "Health": "CurveFloat'/Game/Data/AI/C_ScorpionHealth.C_ScorpionHealth'",
            "MeleeDamage": "CurveFloat'/Game/Data/AI/C_ScorpionMeleeDamage.C_ScorpionMeleeDamage'",
            "ExperienceMultiplier": "CurveFloat'/Game/Data/AI/C_AggressiveExperience.C_AggressiveExperience'"
        },
        {
            "Name": "Scorpion_Boss",
            "Base": {
                "(Value=\"BaseSwimSpeed_+\")": 300,
                "(Value=\"BaseHealthRegenPerMinute_+\")": 20,
                "(Value=\"BaseMinimumFallDamage_%\")": 1,
                "(Value=\"BaseMaximumFallDamage_%\")": 100,
                "(Value=\"BaseMinimumFallDamageVelocity_+\")": 1250,
                "(Value=\"BaseMaximumFallDamageVelocity_+\")": 1950,
                "(Value=\"BaseAIPerceptionMaxAge_+\")": 3,
                "(Value=\"BaseAIPerceptionSightRadius_+\")": 6000,
                "(Value=\"BaseAIPerceptionLoseSightRadius_+\")": 6750,
                "(Value=\"BaseAIPerceptionPeripheralVisionAngle_+\")": 115,
                "(Value=\"BaseAIPerceptionSoundRadius_+\")": 2500,
                "(Value=\"BaseCharacterMass_+\")": 1250,
                "(Value=\"BaseNPCAttackRadius_+\")": 350,
                "(Value=\"CanNPCDamageDurableActors_?\")": 1,
                "(Value=\"BaseHealthRegenDelay_+\")": 2,
                "(Value=\"BaseMovementSpeed_+\")": 900,
                "(Value=\"BaseMeleeDamageAgainstBuildings_+%\")": 400,
                "(Value=\"BaseHealthPerConnectedPlayer_+\")": 10000,
                "(Value=\"IsKnockbackResisted_?\")": 1,
                "(Value=\"BaseSlowResistance_%\")": 100,
                "(Value=\"BaseImmobiliseResistance_%\")": 100
            },
            "Health": "CurveFloat'/Game/Data/AI/C_ScorpionBossHealth.C_ScorpionBossHealth'",
            "MeleeDamage": "CurveFloat'/Game/Data/AI/C_ScorpionBossMeleeDamage.C_ScorpionBossMeleeDamage'",
            "ExperienceMultiplier": "CurveFloat'/Game/Data/AI/C_AggressiveExperience.C_AggressiveExperience'"
        },
        {
            "Name": "Scorpion_summon",
            "Base": {
                "(Value=\"BaseSwimSpeed_+\")": 300,
                "(Value=\"BaseHealthRegenPerMinute_+\")": 5,
                "(Value=\"BaseMinimumFallDamage_%\")": 1,
                "(Value=\"BaseMaximumFallDamage_%\")": 100,
                "(Value=\"BaseMinimumFallDamageVelocity_+\")": 1250,
                "(Value=\"BaseMaximumFallDamageVelocity_+\")": 1950,
                "(Value=\"BaseAIPerceptionMaxAge_+\")": 3,
                "(Value=\"BaseAIPerceptionSightRadius_+\")": 6000,
                "(Value=\"BaseAIPerceptionLoseSightRadius_+\")": 6750,
                "(Value=\"BaseAIPerceptionPeripheralVisionAngle_+\")": 115,
                "(Value=\"BaseAIPerceptionSoundRadius_+\")": 2500,
                "(Value=\"BaseGOAPMotivationProtectiveDistanceMinimumThreat_+\")": 4500,
                "(Value=\"BaseGOAPMotivationProtectiveDistanceMaximumThreat_+\")": 500,
                "(Value=\"BaseCharacterMass_+\")": 100,
                "(Value=\"BaseNPCAttackRadius_+\")": 350,
                "(Value=\"CanNPCDamageDurableActors_?\")": 1,
                "(Value=\"BaseHealthRegenDelay_+\")": 2,
                "(Value=\"BaseMovementSpeed_+\")": 90,
                "(Value=\"BaseNPCMeleeAttacksPerMinute_+\")": 85,
                "(Value=\"BaseGOAPMotivationDormancyIncreaseRate_+\")": 10,
                "(Value=\"BaseGOAPMotivationDormancyIncreaseRateDayTime_+%\")": 2000,
                "(Value=\"CanScorpionUseStingAttack_?\")": 1,
                "(Value=\"BaseMeleeDamageAgainstBuildings_+%\")": 400
            },
            "Health": "CurveFloat'/Game/Data/AI/C_ScorpionSummon_Health.C_ScorpionSummon_Health'",
            "MeleeDamage": "CurveFloat'/Game/Data/AI/C_ScorpionSummon_MeleeDamage.C_ScorpionSummon_MeleeDamage'",
            "ExperienceMultiplier": "CurveFloat'/Game/Data/AI/C_ScorpionSummon_Experience.C_ScorpionSummon_Experience'"
        },
        {
            "Name": "Crocodile",
            "Base": {
                "(Value=\"BaseSwimSpeed_+\")": 100,
                "(Value=\"BaseHealthRegenPerMinute_+\")": 20,
                "(Value=\"BaseMinimumFallDamage_%\")": 1,
                "(Value=\"BaseMaximumFallDamage_%\")": 100,
                "(Value=\"BaseMinimumFallDamageVelocity_+\")": 1250,
                "(Value=\"BaseMaximumFallDamageVelocity_+\")": 1950,
                "(Value=\"BaseAIPerceptionMaxAge_+\")": 3,
                "(Value=\"BaseAIPerceptionSightRadius_+\")": 4000,
                "(Value=\"BaseAIPerceptionLoseSightRadius_+\")": 4500,
                "(Value=\"BaseAIPerceptionPeripheralVisionAngle_+\")": 115,
                "(Value=\"BaseAIPerceptionSoundRadius_+\")": 2500,
                "(Value=\"CanNPCDamageVoxels_?\")": 1,
                "(Value=\"BaseCharacterMass_+\")": 400,
                "(Value=\"BaseNPCAttackRadius_+\")": 350,
                "(Value=\"CanNPCDamageDurableActors_?\")": 1,
                "(Value=\"BaseHealthRegenDelay_+\")": 2,
                "(Value=\"BaseMovementSpeed_+\")": 75,
                "(Value=\"BaseGOAPActionWanderMinDistance_+\")": 150,
                "(Value=\"BaseGOAPActionWanderMaxDistance_+\")": 800,
                "(Value=\"BaseGOAPMotivationProtectiveDistanceMinimumThreat_+\")": 2750,
                "(Value=\"BaseGOAPMotivationProtectiveDistanceMaximumThreat_+\")": 750,
                "(Value=\"BaseProjectileDamageResistance_%\")": 33,
                "(Value=\"BaseMeleeDamageAgainstBuildings_+%\")": 20,
                "(Value=\"BaseSlowResistance_%\")": 40,
                "(Value=\"BaseImmobiliseResistance_%\")": 40
            },
            "Health": "CurveFloat'/Game/Data/AI/C_CrocodileHealth.C_CrocodileHealth'",
            "MeleeDamage": "CurveFloat'/Game/Data/AI/C_CrocodileMeleeDamage.C_CrocodileMeleeDamage'",
            "CustomStats": [
                {
                    "Stat": {
                        "Value": "BaseAttacksCauseDeepWound_%"
                    },
                    "Curve": "CurveFloat'/Game/Data/AI/C_CrocodileDeepWoundChance.C_CrocodileDeepWoundChance'"
                }
            ],
            "ExperienceMultiplier": "CurveFloat'/Game/Data/AI/C_AggressiveExperience.C_AggressiveExperience'"
        },
        {
            "Name": "Komodo",
            "Base": {
                "(Value=\"BaseSwimSpeed_+\")": 300,
                "(Value=\"BaseHealthRegenPerMinute_+\")": 20,
                "(Value=\"BaseMinimumFallDamage_%\")": 1,
                "(Value=\"BaseMaximumFallDamage_%\")": 100,
                "(Value=\"BaseMinimumFallDamageVelocity_+\")": 1250,
                "(Value=\"BaseMaximumFallDamageVelocity_+\")": 1950,
                "(Value=\"BaseAIPerceptionMaxAge_+\")": 3,
                "(Value=\"BaseAIPerceptionSightRadius_+\")": 4000,
                "(Value=\"BaseAIPerceptionLoseSightRadius_+\")": 4500,
                "(Value=\"BaseAIPerceptionPeripheralVisionAngle_+\")": 115,
                "(Value=\"BaseAIPerceptionSoundRadius_+\")": 2500,
                "(Value=\"BaseCharacterMass_+\")": 100,
                "(Value=\"BaseNPCAttackRadius_+\")": 200,
                "(Value=\"CanNPCDamageDurableActors_?\")": 1,
                "(Value=\"BaseHealthRegenDelay_+\")": 2,
                "(Value=\"BaseMovementSpeed_+\")": 50,
                "(Value=\"BaseGOAPMotivationHungerIncreaseRatePerMinute_+\")": 500,
                "(Value=\"BaseGOAPMotivationProtectiveDistanceMinimumThreat_+\")": 250,
                "(Value=\"BaseGOAPMotivationProtectiveDistanceMaximumThreat_+\")": 0,
                "(Value=\"BaseGOAPMotivationProtectiveIncreaseRate_+%\")": 50,
                "(Value=\"BaseGOAPActionWanderMinDistance_+\")": 100,
                "(Value=\"BaseGOAPActionWanderMaxDistance_+\")": 850,
                "(Value=\"BaseNPCMeleeAttacksPerMinute_+\")": 50,
                "(Value=\"BaseSlowResistance_%\")": 10,
                "(Value=\"BaseImmobiliseResistance_%\")": 10
            },
            "Health": "CurveFloat'/Game/Data/AI/C_KomodoHealth.C_KomodoHealth'",
            "MeleeDamage": "CurveFloat'/Game/Data/AI/C_KomodoMeleeDamage.C_KomodoMeleeDamage'",
            "CustomStats": [
                {
                    "Stat": {
                        "Value": "BaseAttacksCauseKomodoBite_%"
                    },
                    "Curve": "CurveFloat'/Game/Data/AI/C_KomodoBiteChance.C_KomodoBiteChance'"
                }
            ],
            "ExperienceMultiplier": "CurveFloat'/Game/Data/AI/C_AggressiveExperience.C_AggressiveExperience'"
        },
        {
            "Name": "Teenage_Caveworm",
            "Base": {
                "(Value=\"BaseMeleeDamage_+\")": 150,
                "(Value=\"BaseMaximumHealth_+\")": 1000,
                "(Value=\"BaseNPCStompAttackRadius_+\")": 1000,
                "(Value=\"CanNPCDamageDurableActors_?\")": 1,
                "(Value=\"CanNPCDamageVoxels_?\")": 1,
                "(Value=\"BaseMiningRadius_+\")": 500,
                "(Value=\"BaseMeleeDamageAgainstBuildings_+%\")": 300,
                "(Value=\"BaseFireDamageResistance_%\")": -2000,
                "(Value=\"BaseProjectileDamageAgainstBuildings_+%\")": 1500,
                "(Value=\"BaseHealthPerConnectedPlayer_+\")": 100
            }
        },
        {
            "Name": "Polar_Bear_Cub",
            "Base": {
                "(Value=\"BaseSwimSpeed_+\")": 300,
                "(Value=\"BaseHealthRegenPerMinute_+\")": 100,
                "(Value=\"BaseMinimumFallDamage_%\")": 1,
                "(Value=\"BaseMaximumFallDamage_%\")": 100,
                "(Value=\"BaseMinimumFallDamageVelocity_+\")": 1250,
                "(Value=\"BaseMaximumFallDamageVelocity_+\")": 1950,
                "(Value=\"BaseAIPerceptionMaxAge_+\")": 3,
                "(Value=\"BaseAIPerceptionSightRadius_+\")": 5000,
                "(Value=\"BaseAIPerceptionLoseSightRadius_+\")": 7500,
                "(Value=\"BaseAIPerceptionPeripheralVisionAngle_+\")": 115,
                "(Value=\"BaseAIPerceptionSoundRadius_+\")": 2500,
                "(Value=\"BaseCharacterMass_+\")": 500,
                "(Value=\"BaseNPCAttackRadius_+\")": 300,
                "(Value=\"CanNPCDamageDurableActors_?\")": 1,
                "(Value=\"CanNPCDamageVoxels_?\")": 1,
                "(Value=\"BaseMiningRadius_+\")": 100,
                "(Value=\"BaseHealthRegenDelay_+\")": 2
            },
            "Health": "CurveFloat'/Game/Data/AI/C_PolarBearCubHealth.C_PolarBearCubHealth'",
            "MeleeDamage": "CurveFloat'/Game/Data/AI/C_PolarBearCubMeleeDamage.C_PolarBearCubMeleeDamage'",
            "MovementSpeed": "CurveFloat'/Game/Data/AI/C_PolarBearCubMovementSpeed.C_PolarBearCubMovementSpeed'",
            "CustomStats": [
                {
                    "Stat": {
                        "Value": "BaseAttacksCauseDeepWound_%"
                    },
                    "Curve": "CurveFloat'/Game/Data/AI/C_BeerDeepWoundChance.C_BeerDeepWoundChance'"
                }
            ],
            "ExperienceMultiplier": "CurveFloat'/Game/Data/AI/C_AggressiveExperience.C_AggressiveExperience'"
        },
        {
            "Name": "BearCub",
            "Base": {
                "(Value=\"BaseSwimSpeed_+\")": 150,
                "(Value=\"BaseHealthRegenPerMinute_+\")": 20,
                "(Value=\"BaseMinimumFallDamage_%\")": 1,
                "(Value=\"BaseMaximumFallDamage_%\")": 100,
                "(Value=\"BaseMinimumFallDamageVelocity_+\")": 1250,
                "(Value=\"BaseMaximumFallDamageVelocity_+\")": 1950,
                "(Value=\"BaseAIPerceptionMaxAge_+\")": 3,
                "(Value=\"BaseAIPerceptionSightRadius_+\")": 4000,
                "(Value=\"BaseAIPerceptionLoseSightRadius_+\")": 4500,
                "(Value=\"BaseAIPerceptionPeripheralVisionAngle_+\")": 115,
                "(Value=\"BaseAIPerceptionSoundRadius_+\")": 2500,
                "(Value=\"BaseCharacterMass_+\")": 100,
                "(Value=\"BaseNPCAttackRadius_+\")": 500,
                "(Value=\"CanNPCDamageDurableActors_?\")": 1,
                "(Value=\"BaseHealthRegenDelay_+\")": 2,
                "(Value=\"BaseMovementSpeed_+\")": 70,
                "(Value=\"BaseGOAPActionWanderMinDistance_+\")": 100,
                "(Value=\"BaseGOAPActionWanderMaxDistance_+\")": 500
            },
            "Health": "CurveFloat'/Game/Data/AI/C_BearCubHealth.C_BearCubHealth'",
            "MeleeDamage": "CurveFloat'/Game/Data/AI/C_BearCubMeleeDamage.C_BearCubMeleeDamage'",
            "ExperienceMultiplier": "CurveFloat'/Game/Data/AI/C_AggressiveExperience.C_AggressiveExperience'"
        },
        {
            "Name": "Mount_Buffalo",
            "Base": {
                "(Value=\"BaseMovementSpeed_+\")": 140,
                "(Value=\"BaseSwimSpeed_+\")": 300,
                "(Value=\"BaseHealthRegenPerMinute_+\")": 30,
                "(Value=\"BaseMinimumFallDamage_%\")": 1,
                "(Value=\"BaseMaximumFallDamage_%\")": 100,
                "(Value=\"BaseMinimumFallDamageVelocity_+\")": 1250,
                "(Value=\"BaseMaximumFallDamageVelocity_+\")": 1950,
                "(Value=\"BaseAIPerceptionMaxAge_+\")": 3,
                "(Value=\"BaseAIPerceptionSightRadius_+\")": 5000,
                "(Value=\"BaseAIPerceptionLoseSightRadius_+\")": 7500,
                "(Value=\"BaseAIPerceptionPeripheralVisionAngle_+\")": 115,
                "(Value=\"BaseAIPerceptionSoundRadius_+\")": 2500,
                "(Value=\"BaseCharacterMass_+\")": 500,
                "(Value=\"BaseHealthRegenDelay_+\")": 2,
                "(Value=\"BaseNPCAttackRadius_+\")": 500,
                "(Value=\"CanNPCDamageDurableActors_?\")": 1,
                "(Value=\"BaseNPCMinTargetDistanceForCharge_+\")": 300,
                "(Value=\"BaseNPCMaxTargetDistanceForCharge_+\")": 1500,
                "(Value=\"BaseNPCChargeAttackCooldown_+\")": 10,
                "(Value=\"CanNPCDamageVoxels_?\")": 0,
                "(Value=\"BaseMiningRadius_+\")": 0,
                "(Value=\"BaseMaximumStamina_+\")": 400,
                "(Value=\"BaseStaminaRegenPerMinute_+\")": 1600,
                "(Value=\"BaseStaminaRegenFromEmptyDelay_+\")": 6000,
                "(Value=\"BaseStaminaRegenDelay_+\")": 3000,
                "(Value=\"BaseWeightCapacity_+\")": 300,
                "(Value=\"BaseMaximumOxygen_+\")": 300,
                "(Value=\"BaseMaximumFood_+\")": 300,
                "(Value=\"BaseMaximumWater_+\")": 300,
                "(Value=\"BaseStaminaConsumed_+%\")": 0,
                "(Value=\"BaseFoodConsumptionPerMinute_+\")": 4,
                "(Value=\"BaseWaterConsumptionPerMinute_+\")": 2,
                "(Value=\"BaseOxygenConsumptionPerMinute_+\")": 0,
                "(Value=\"BaseWaterConsumedPerStaminaUsed_+%\")": 0,
                "(Value=\"BaseOxygenConsumedPerStaminaUsed_+%\")": 0,
                "(Value=\"BaseMountCargoSlots_+\")": 4,
                "(Value=\"BasePhysicalDamageResistance_%\")": 30
            },
            "Health": "CurveFloat'/Game/Data/AI/C_Mount_Buffalo_Health.C_Mount_Buffalo_Health'",
            "MeleeDamage": "CurveFloat'/Game/Data/AI/C_BuffaloMeleeDamage.C_BuffaloMeleeDamage'",
            "ExperienceMultiplier": "CurveFloat'/Game/Data/AI/C_GenericExperience.C_GenericExperience'"
        },
        {
            "Name": "Scorpion_Armored",
            "Base": {
                "(Value=\"BaseSwimSpeed_+\")": 300,
                "(Value=\"BaseHealthRegenPerMinute_+\")": 20,
                "(Value=\"BaseMinimumFallDamage_%\")": 1,
                "(Value=\"BaseMaximumFallDamage_%\")": 100,
                "(Value=\"BaseMinimumFallDamageVelocity_+\")": 1250,
                "(Value=\"BaseMaximumFallDamageVelocity_+\")": 1950,
                "(Value=\"BaseAIPerceptionMaxAge_+\")": 3,
                "(Value=\"BaseAIPerceptionSightRadius_+\")": 6000,
                "(Value=\"BaseAIPerceptionLoseSightRadius_+\")": 6750,
                "(Value=\"BaseAIPerceptionPeripheralVisionAngle_+\")": 115,
                "(Value=\"BaseAIPerceptionSoundRadius_+\")": 2500,
                "(Value=\"BaseGOAPMotivationProtectiveDistanceMinimumThreat_+\")": 4500,
                "(Value=\"BaseGOAPMotivationProtectiveDistanceMaximumThreat_+\")": 500,
                "(Value=\"BaseCharacterMass_+\")": 100,
                "(Value=\"BaseNPCAttackRadius_+\")": 350,
                "(Value=\"CanNPCDamageDurableActors_?\")": 1,
                "(Value=\"BaseHealthRegenDelay_+\")": 2,
                "(Value=\"BaseMovementSpeed_+\")": 90,
                "(Value=\"BaseNPCMeleeAttacksPerMinute_+\")": 60,
                "(Value=\"BaseGOAPMotivationDormancyIncreaseRate_+\")": 10,
                "(Value=\"BaseGOAPMotivationDormancyIncreaseRateDayTime_+%\")": 2000,
                "(Value=\"CanScorpionUseStingAttack_?\")": 1,
                "(Value=\"BaseSlowResistance_%\")": 25,
                "(Value=\"BaseImmobiliseResistance_%\")": 25,
                "(Value=\"BaseProjectileDamageResistance_%\")": 80
            },
            "Health": "CurveFloat'/Game/Data/AI/C_ScorpionHealth.C_ScorpionHealth'",
            "MeleeDamage": "CurveFloat'/Game/Data/AI/C_ScorpionMeleeDamage.C_ScorpionMeleeDamage'",
            "ExperienceMultiplier": "CurveFloat'/Game/Data/AI/C_AggressiveExperience.C_AggressiveExperience'"
        },
        {
            "Name": "Moa",
            "Base": {
                "(Value=\"BaseSwimSpeed_+\")": 300,
                "(Value=\"BaseHealthRegenPerMinute_+\")": 20,
                "(Value=\"BaseMinimumFallDamage_%\")": 1,
                "(Value=\"BaseMaximumFallDamage_%\")": 100,
                "(Value=\"BaseMinimumFallDamageVelocity_+\")": 1250,
                "(Value=\"BaseMaximumFallDamageVelocity_+\")": 1950,
                "(Value=\"BaseAIPerceptionMaxAge_+\")": 3,
                "(Value=\"BaseAIPerceptionSightRadius_+\")": 4000,
                "(Value=\"BaseAIPerceptionLoseSightRadius_+\")": 4500,
                "(Value=\"BaseAIPerceptionPeripheralVisionAngle_+\")": 115,
                "(Value=\"BaseAIPerceptionSoundRadius_+\")": 2500,
                "(Value=\"BaseMaximumHealth_+\")": 300,
                "(Value=\"BaseCharacterMass_+\")": 100,
                "(Value=\"BaseNPCAttackRadius_+\")": 500,
                "(Value=\"CanNPCDamageDurableActors_?\")": 1,
                "(Value=\"BaseHealthRegenDelay_+\")": 2,
                "(Value=\"BaseMovementSpeed_+\")": 180,
                "(Value=\"BaseGOAPMotivationProtectiveDistanceMinimumThreat_+\")": 1000,
                "(Value=\"BaseGOAPMotivationProtectiveDistanceMaximumThreat_+\")": 250,
                "(Value=\"BaseGOAPMotivationProtectiveIncreaseRate_+%\")": 50
            },
            "MeleeDamage": "CurveFloat'/Game/Data/AI/C_MoaMeleeDamage.C_MoaMeleeDamage'",
            "ExperienceMultiplier": "CurveFloat'/Game/Data/AI/C_AggressiveExperience.C_AggressiveExperience'"
        },
        {
            "Name": "Mount_Moa",
            "Base": {
                "(Value=\"BaseMovementSpeed_+\")": 180,
                "(Value=\"BaseSwimSpeed_+\")": 300,
                "(Value=\"BaseHealthRegenPerMinute_+\")": 10,
                "(Value=\"BaseMinimumFallDamage_%\")": 1,
                "(Value=\"BaseMaximumFallDamage_%\")": 100,
                "(Value=\"BaseMinimumFallDamageVelocity_+\")": 1250,
                "(Value=\"BaseMaximumFallDamageVelocity_+\")": 1950,
                "(Value=\"BaseAIPerceptionMaxAge_+\")": 3,
                "(Value=\"BaseAIPerceptionSightRadius_+\")": 5000,
                "(Value=\"BaseAIPerceptionLoseSightRadius_+\")": 7500,
                "(Value=\"BaseAIPerceptionPeripheralVisionAngle_+\")": 115,
                "(Value=\"BaseAIPerceptionSoundRadius_+\")": 2500,
                "(Value=\"BaseCharacterMass_+\")": 500,
                "(Value=\"BaseHealthRegenDelay_+\")": 2,
                "(Value=\"BaseNPCAttackRadius_+\")": 500,
                "(Value=\"CanNPCDamageDurableActors_?\")": 1,
                "(Value=\"BaseNPCMinTargetDistanceForCharge_+\")": 300,
                "(Value=\"BaseNPCMaxTargetDistanceForCharge_+\")": 1500,
                "(Value=\"BaseNPCChargeAttackCooldown_+\")": 10,
                "(Value=\"CanNPCDamageVoxels_?\")": 0,
                "(Value=\"BaseMiningRadius_+\")": 0,
                "(Value=\"BaseMaximumStamina_+\")": 300,
                "(Value=\"BaseStaminaRegenPerMinute_+\")": 2100,
                "(Value=\"BaseStaminaRegenFromEmptyDelay_+\")": 5000,
                "(Value=\"BaseStaminaRegenDelay_+\")": 2000,
                "(Value=\"BaseWeightCapacity_+\")": 100,
                "(Value=\"BaseMaximumOxygen_+\")": 300,
                "(Value=\"BaseMaximumFood_+\")": 300,
                "(Value=\"BaseMaximumWater_+\")": 300,
                "(Value=\"BaseStaminaConsumed_+%\")": 0,
                "(Value=\"BaseFoodConsumptionPerMinute_+\")": 4,
                "(Value=\"BaseWaterConsumptionPerMinute_+\")": 2,
                "(Value=\"BaseOxygenConsumptionPerMinute_+\")": 0,
                "(Value=\"BaseWaterConsumedPerStaminaUsed_+%\")": 0,
                "(Value=\"BaseOxygenConsumedPerStaminaUsed_+%\")": 0,
                "(Value=\"BasePhysicalDamageResistance_%\")": 30
            },
            "Health": "CurveFloat'/Game/Data/AI/C_Mount_Moa_Health.C_Mount_Moa_Health'",
            "MeleeDamage": "CurveFloat'/Game/Data/AI/C_BuffaloMeleeDamage.C_BuffaloMeleeDamage'",
            "ExperienceMultiplier": "CurveFloat'/Game/Data/AI/C_GenericExperience.C_GenericExperience'"
        },
        {
            "Name": "Juvenile_Moa",
            "Base": {
                "(Value=\"BaseMovementSpeed_+\")": 144,
                "(Value=\"BaseSwimSpeed_+\")": 125,
                "(Value=\"BaseHealthRegenPerMinute_+\")": 3,
                "(Value=\"BaseMinimumFallDamage_%\")": 1,
                "(Value=\"BaseMaximumFallDamage_%\")": 100,
                "(Value=\"BaseMinimumFallDamageVelocity_+\")": 1250,
                "(Value=\"BaseMaximumFallDamageVelocity_+\")": 1950,
                "(Value=\"BaseAIPerceptionMaxAge_+\")": 3,
                "(Value=\"BaseAIPerceptionSightRadius_+\")": 5000,
                "(Value=\"BaseAIPerceptionLoseSightRadius_+\")": 7500,
                "(Value=\"BaseAIPerceptionPeripheralVisionAngle_+\")": 115,
                "(Value=\"BaseAIPerceptionSoundRadius_+\")": 2500,
                "(Value=\"BaseCharacterMass_+\")": 75,
                "(Value=\"BaseHealthRegenDelay_+\")": 2,
                "(Value=\"BaseMaximumHealth_+\")": 150,
                "(Value=\"BaseGOAPActionWanderMinDistance_+\")": 250,
                "(Value=\"BaseGOAPActionWanderMaxDistance_+\")": 850,
                "(Value=\"BaseMaximumFood_+\")": 100,
                "(Value=\"BaseMaximumWater_+\")": 100,
                "(Value=\"BaseFoodConsumptionPerMinute_+\")": 20,
                "(Value=\"BaseWaterConsumptionPerMinute_+\")": 0
            },
            "ExperienceMultiplier": "CurveFloat'/Game/Data/AI/C_GenericExperience.C_GenericExperience'"
        },
        {
            "Name": "Juvenile_Buffalo",
            "Base": {
                "(Value=\"BaseMovementSpeed_+\")": 86,
                "(Value=\"BaseSwimSpeed_+\")": 150,
                "(Value=\"BaseHealthRegenPerMinute_+\")": 3,
                "(Value=\"BaseMinimumFallDamage_%\")": 1,
                "(Value=\"BaseMaximumFallDamage_%\")": 100,
                "(Value=\"BaseMinimumFallDamageVelocity_+\")": 1250,
                "(Value=\"BaseMaximumFallDamageVelocity_+\")": 1950,
                "(Value=\"BaseAIPerceptionMaxAge_+\")": 3,
                "(Value=\"BaseAIPerceptionSightRadius_+\")": 5000,
                "(Value=\"BaseAIPerceptionLoseSightRadius_+\")": 7500,
                "(Value=\"BaseAIPerceptionPeripheralVisionAngle_+\")": 115,
                "(Value=\"BaseAIPerceptionSoundRadius_+\")": 2500,
                "(Value=\"BaseCharacterMass_+\")": 333,
                "(Value=\"BaseHealthRegenDelay_+\")": 2,
                "(Value=\"BaseMaximumHealth_+\")": 300,
                "(Value=\"BaseGOAPActionWanderMinDistance_+\")": 250,
                "(Value=\"BaseGOAPActionWanderMaxDistance_+\")": 850,
                "(Value=\"BaseMaximumFood_+\")": 100,
                "(Value=\"BaseMaximumWater_+\")": 100,
                "(Value=\"BaseFoodConsumptionPerMinute_+\")": 20,
                "(Value=\"BaseWaterConsumptionPerMinute_+\")": 0
            },
            "ExperienceMultiplier": "CurveFloat'/Game/Data/AI/C_GenericExperience.C_GenericExperience'"
        },
        {
            "Name": "RockDog",
            "Base": {
                "(Value=\"BaseSwimSpeed_+\")": 300,
                "(Value=\"BaseHealthRegenPerMinute_+\")": 50,
                "(Value=\"BaseMinimumFallDamage_%\")": 1,
                "(Value=\"BaseMaximumFallDamage_%\")": 100,
                "(Value=\"BaseMinimumFallDamageVelocity_+\")": 1250,
                "(Value=\"BaseMaximumFallDamageVelocity_+\")": 1950,
                "(Value=\"BaseAIPerceptionMaxAge_+\")": 3,
                "(Value=\"BaseAIPerceptionSightRadius_+\")": 4000,
                "(Value=\"BaseAIPerceptionLoseSightRadius_+\")": 4500,
                "(Value=\"BaseAIPerceptionPeripheralVisionAngle_+\")": 115,
                "(Value=\"BaseAIPerceptionSoundRadius_+\")": 1500,
                "(Value=\"BaseCharacterMass_+\")": 600,
                "(Value=\"BaseNPCAttackRadius_+\")": 400,
                "(Value=\"CanNPCDamageDurableActors_?\")": 1,
                "(Value=\"CanNPCDamageVoxels_?\")": 1,
                "(Value=\"BaseMiningRadius_+\")": 100,
                "(Value=\"BaseHealthRegenDelay_+\")": 2,
                "(Value=\"BaseSlowResistance_%\")": 33,
                "(Value=\"BaseImmobiliseResistance_%\")": 33
            },
            "Health": "CurveFloat'/Game/Data/AI/C_RockDog_Health.C_RockDog_Health'",
            "MeleeDamage": "CurveFloat'/Game/Data/AI/C_RockDog_MeleeDamage.C_RockDog_MeleeDamage'",
            "MovementSpeed": "CurveFloat'/Game/Data/AI/C_RockDogMovementSpeed.C_RockDogMovementSpeed'",
            "CustomStats": [
                {
                    "Stat": {
                        "Value": "BaseAttacksCauseDeepWound_%"
                    },
                    "Curve": "CurveFloat'/Game/Data/AI/C_BeerDeepWoundChance.C_BeerDeepWoundChance'"
                }
            ],
            "ExperienceMultiplier": "CurveFloat'/Game/Data/AI/C_AggressiveExperience.C_AggressiveExperience'"
        },
        {
            "Name": "BatDog_Growth",
            "Base": {
                "(Value=\"BaseSwimSpeed_+\")": 300,
                "(Value=\"BaseHealthRegenPerMinute_+\")": 20,
                "(Value=\"BaseMinimumFallDamage_%\")": 1,
                "(Value=\"BaseMaximumFallDamage_%\")": 100,
                "(Value=\"BaseMinimumFallDamageVelocity_+\")": 1250,
                "(Value=\"BaseMaximumFallDamageVelocity_+\")": 1950,
                "(Value=\"BaseAIPerceptionMaxAge_+\")": 3,
                "(Value=\"BaseAIPerceptionSightRadius_+\")": 4000,
                "(Value=\"BaseAIPerceptionLoseSightRadius_+\")": 4500,
                "(Value=\"BaseAIPerceptionPeripheralVisionAngle_+\")": 115,
                "(Value=\"BaseAIPerceptionSoundRadius_+\")": 2500,
                "(Value=\"BaseGOAPMotivationProtectiveDistanceMinimumThreat_+\")": 1500,
                "(Value=\"BaseGOAPMotivationProtectiveDistanceMaximumThreat_+\")": 200,
                "(Value=\"BaseCharacterMass_+\")": 100,
                "(Value=\"BaseNPCAttackRadius_+\")": 500,
                "(Value=\"CanNPCDamageDurableActors_?\")": 1,
                "(Value=\"BaseHealthRegenDelay_+\")": 2,
                "(Value=\"BaseSlowResistance_%\")": 10,
                "(Value=\"BaseImmobiliseResistance_%\")": 10
            },
            "Health": "CurveFloat'/Game/Data/AI/C_BatDog_Health.C_BatDog_Health'",
            "MeleeDamage": "CurveFloat'/Game/Data/AI/C_BatDog_MeleeDamage.C_BatDog_MeleeDamage'",
            "MovementSpeed": "CurveFloat'/Game/Data/AI/C_BatDog_MovementSpeed.C_BatDog_MovementSpeed'",
            "CustomStats": [
                {
                    "Stat": {
                        "Value": "BaseAttacksCauseWound_%"
                    },
                    "Curve": "CurveFloat'/Game/Data/AI/C_BatDog_WoundChance.C_BatDog_WoundChance'"
                }
            ],
            "ExperienceMultiplier": "CurveFloat'/Game/Data/AI/C_AggressiveExperience.C_AggressiveExperience'"
        },
        {
            "Name": "Needler",
            "Base": {
                "(Value=\"BaseSwimSpeed_+\")": 100,
                "(Value=\"BaseHealthRegenPerMinute_+\")": 20,
                "(Value=\"BaseMinimumFallDamage_%\")": 1,
                "(Value=\"BaseMaximumFallDamage_%\")": 100,
                "(Value=\"BaseMinimumFallDamageVelocity_+\")": 1250,
                "(Value=\"BaseMaximumFallDamageVelocity_+\")": 1950,
                "(Value=\"BaseAIPerceptionMaxAge_+\")": 3,
                "(Value=\"BaseAIPerceptionSightRadius_+\")": 4000,
                "(Value=\"BaseAIPerceptionLoseSightRadius_+\")": 4500,
                "(Value=\"BaseAIPerceptionPeripheralVisionAngle_+\")": 115,
                "(Value=\"BaseAIPerceptionSoundRadius_+\")": 2500,
                "(Value=\"CanNPCDamageVoxels_?\")": 1,
                "(Value=\"BaseCharacterMass_+\")": 400,
                "(Value=\"BaseNPCAttackRadius_+\")": 350,
                "(Value=\"CanNPCDamageDurableActors_?\")": 1,
                "(Value=\"BaseHealthRegenDelay_+\")": 2,
                "(Value=\"BaseMovementSpeed_+\")": 75,
                "(Value=\"BaseGOAPActionWanderMinDistance_+\")": 150,
                "(Value=\"BaseGOAPActionWanderMaxDistance_+\")": 800,
                "(Value=\"BaseGOAPMotivationProtectiveDistanceMinimumThreat_+\")": 2750,
                "(Value=\"BaseGOAPMotivationProtectiveDistanceMaximumThreat_+\")": 750,
                "(Value=\"BaseProjectileDamageResistance_%\")": 33,
                "(Value=\"BaseMeleeDamageAgainstBuildings_+%\")": 20,
                "(Value=\"BaseSlowResistance_%\")": 40,
                "(Value=\"BaseImmobiliseResistance_%\")": 40
            },
            "Health": "CurveFloat'/Game/Data/AI/C_NeedlerHealth.C_NeedlerHealth'",
            "MeleeDamage": "CurveFloat'/Game/Data/AI/C_NeedlerMeleeDamage.C_NeedlerMeleeDamage'",
            "CustomStats": [
                {
                    "Stat": {
                        "Value": "BaseAttacksCauseDeepWound_%"
                    },
                    "Curve": "CurveFloat'/Game/Data/AI/C_CrocodileDeepWoundChance.C_CrocodileDeepWoundChance'"
                }
            ],
            "ExperienceMultiplier": "CurveFloat'/Game/Data/AI/C_AggressiveExperience.C_AggressiveExperience'"
        },
        {
            "Name": "SwampBird",
            "Base": {
                "(Value=\"BaseSwimSpeed_+\")": 300,
                "(Value=\"BaseHealthRegenPerMinute_+\")": 20,
                "(Value=\"BaseMinimumFallDamage_%\")": 1,
                "(Value=\"BaseMaximumFallDamage_%\")": 100,
                "(Value=\"BaseMinimumFallDamageVelocity_+\")": 1250,
                "(Value=\"BaseMaximumFallDamageVelocity_+\")": 1950,
                "(Value=\"BaseAIPerceptionMaxAge_+\")": 3,
                "(Value=\"BaseAIPerceptionSightRadius_+\")": 4000,
                "(Value=\"BaseAIPerceptionLoseSightRadius_+\")": 4500,
                "(Value=\"BaseAIPerceptionPeripheralVisionAngle_+\")": 115,
                "(Value=\"BaseAIPerceptionSoundRadius_+\")": 2500,
                "(Value=\"BaseMaximumHealth_+\")": 300,
                "(Value=\"BaseCharacterMass_+\")": 100,
                "(Value=\"BaseNPCAttackRadius_+\")": 500,
                "(Value=\"CanNPCDamageDurableActors_?\")": 1,
                "(Value=\"BaseHealthRegenDelay_+\")": 2,
                "(Value=\"BaseMovementSpeed_+\")": 180,
                "(Value=\"BaseGOAPMotivationProtectiveDistanceMinimumThreat_+\")": 1000,
                "(Value=\"BaseGOAPMotivationProtectiveDistanceMaximumThreat_+\")": 250,
                "(Value=\"BaseGOAPMotivationProtectiveIncreaseRate_+%\")": 50
            },
            "MeleeDamage": "CurveFloat'/Game/Data/AI/C_SwampBirdMeleeDamage.C_SwampBirdMeleeDamage'",
            "ExperienceMultiplier": "CurveFloat'/Game/Data/AI/C_AggressiveExperience.C_AggressiveExperience'"
        },
        {
            "Name": "Mount_SwampBird",
            "Base": {
                "(Value=\"BaseMovementSpeed_+\")": 180,
                "(Value=\"BaseSwimSpeed_+\")": 300,
                "(Value=\"BaseHealthRegenPerMinute_+\")": 10,
                "(Value=\"BaseMinimumFallDamage_%\")": 1,
                "(Value=\"BaseMaximumFallDamage_%\")": 100,
                "(Value=\"BaseMinimumFallDamageVelocity_+\")": 1250,
                "(Value=\"BaseMaximumFallDamageVelocity_+\")": 1950,
                "(Value=\"BaseAIPerceptionMaxAge_+\")": 3,
                "(Value=\"BaseAIPerceptionSightRadius_+\")": 5000,
                "(Value=\"BaseAIPerceptionLoseSightRadius_+\")": 7500,
                "(Value=\"BaseAIPerceptionPeripheralVisionAngle_+\")": 115,
                "(Value=\"BaseAIPerceptionSoundRadius_+\")": 2500,
                "(Value=\"BaseCharacterMass_+\")": 500,
                "(Value=\"BaseHealthRegenDelay_+\")": 2,
                "(Value=\"BaseNPCAttackRadius_+\")": 500,
                "(Value=\"CanNPCDamageDurableActors_?\")": 1,
                "(Value=\"BaseNPCMinTargetDistanceForCharge_+\")": 300,
                "(Value=\"BaseNPCMaxTargetDistanceForCharge_+\")": 1500,
                "(Value=\"BaseNPCChargeAttackCooldown_+\")": 10,
                "(Value=\"CanNPCDamageVoxels_?\")": 0,
                "(Value=\"BaseMiningRadius_+\")": 0,
                "(Value=\"BaseMaximumStamina_+\")": 300,
                "(Value=\"BaseStaminaRegenPerMinute_+\")": 2100,
                "(Value=\"BaseStaminaRegenFromEmptyDelay_+\")": 5000,
                "(Value=\"BaseStaminaRegenDelay_+\")": 2000,
                "(Value=\"BaseWeightCapacity_+\")": 100,
                "(Value=\"BaseMaximumOxygen_+\")": 300,
                "(Value=\"BaseMaximumFood_+\")": 300,
                "(Value=\"BaseMaximumWater_+\")": 300,
                "(Value=\"BaseStaminaConsumed_+%\")": 0,
                "(Value=\"BaseFoodConsumptionPerMinute_+\")": 4,
                "(Value=\"BaseWaterConsumptionPerMinute_+\")": 2,
                "(Value=\"BaseOxygenConsumptionPerMinute_+\")": 0,
                "(Value=\"BaseWaterConsumedPerStaminaUsed_+%\")": 0,
                "(Value=\"BaseOxygenConsumedPerStaminaUsed_+%\")": 0,
                "(Value=\"BasePhysicalDamageResistance_%\")": 30
            },
            "Health": "CurveFloat'/Game/Data/AI/C_Mount_Moa_Health.C_Mount_Moa_Health'",
            "MeleeDamage": "CurveFloat'/Game/Data/AI/C_BuffaloMeleeDamage.C_BuffaloMeleeDamage'",
            "ExperienceMultiplier": "CurveFloat'/Game/Data/AI/C_GenericExperience.C_GenericExperience'"
        },
        {
            "Name": "BlueBack",
            "Base": {
                "(Value=\"BaseMovementSpeed_+\")": 130,
                "(Value=\"BaseSwimSpeed_+\")": 300,
                "(Value=\"BaseHealthRegenPerMinute_+\")": 10,
                "(Value=\"BaseMinimumFallDamage_%\")": 1,
                "(Value=\"BaseMaximumFallDamage_%\")": 100,
                "(Value=\"BaseMinimumFallDamageVelocity_+\")": 1250,
                "(Value=\"BaseMaximumFallDamageVelocity_+\")": 1950,
                "(Value=\"BaseAIPerceptionMaxAge_+\")": 3,
                "(Value=\"BaseAIPerceptionSightRadius_+\")": 5000,
                "(Value=\"BaseAIPerceptionLoseSightRadius_+\")": 7500,
                "(Value=\"BaseAIPerceptionPeripheralVisionAngle_+\")": 115,
                "(Value=\"BaseAIPerceptionSoundRadius_+\")": 2500,
                "(Value=\"BaseCharacterMass_+\")": 500,
                "(Value=\"BaseHealthRegenDelay_+\")": 2,
                "(Value=\"BaseNPCAttackRadius_+\")": 500,
                "(Value=\"CanNPCDamageDurableActors_?\")": 1,
                "(Value=\"BaseNPCMinTargetDistanceForCharge_+\")": 300,
                "(Value=\"BaseNPCMaxTargetDistanceForCharge_+\")": 1500,
                "(Value=\"BaseNPCChargeAttackCooldown_+\")": 10,
                "(Value=\"CanNPCDamageVoxels_?\")": 1,
                "(Value=\"BaseMiningRadius_+\")": 100
            },
            "Health": "CurveFloat'/Game/Data/AI/C_MediumDeerHealth.C_MediumDeerHealth'",
            "MeleeDamage": "CurveFloat'/Game/Data/AI/C_BuffaloMeleeDamage.C_BuffaloMeleeDamage'",
            "ExperienceMultiplier": "CurveFloat'/Game/Data/AI/C_GenericExperience.C_GenericExperience'"
        },
        {
            "Name": "Roat_Swamp",
            "Base": {
                "(Value=\"BaseMovementSpeed_+\")": 220,
                "(Value=\"BaseSwimSpeed_+\")": 220,
                "(Value=\"BaseMaximumHealth_+\")": 25,
                "(Value=\"BaseHealthRegenPerMinute_+\")": 3,
                "(Value=\"BaseMinimumFallDamage_%\")": 1,
                "(Value=\"BaseMaximumFallDamage_%\")": 100,
                "(Value=\"BaseMinimumFallDamageVelocity_+\")": 1250,
                "(Value=\"BaseMaximumFallDamageVelocity_+\")": 1950,
                "(Value=\"BaseAIPerceptionMaxAge_+\")": 3,
                "(Value=\"BaseAIPerceptionSightRadius_+\")": 5000,
                "(Value=\"BaseAIPerceptionLoseSightRadius_+\")": 7500,
                "(Value=\"BaseAIPerceptionPeripheralVisionAngle_+\")": 115,
                "(Value=\"BaseAIPerceptionSoundRadius_+\")": 2500,
                "(Value=\"BaseCharacterMass_+\")": 40,
                "(Value=\"BaseHealthRegenDelay_+\")": 2
            },
            "ExperienceMultiplier": "CurveFloat'/Game/Data/AI/C_GenericExperience.C_GenericExperience'"
        },
        {
            "Name": "PredatorBird",
            "Base": {
                "(Value=\"BaseHealthRegenPerMinute_+\")": 20,
                "(Value=\"BaseAIPerceptionMaxAge_+\")": 3,
                "(Value=\"BaseAIPerceptionSightRadius_+\")": 4000,
                "(Value=\"BaseAIPerceptionLoseSightRadius_+\")": 4500,
                "(Value=\"BaseAIPerceptionPeripheralVisionAngle_+\")": 115,
                "(Value=\"BaseAIPerceptionSoundRadius_+\")": 2500,
                "(Value=\"BaseMaximumHealth_+\")": 25,
                "(Value=\"BaseCharacterMass_+\")": 10,
                "(Value=\"BaseHealthRegenDelay_+\")": 2,
                "(Value=\"BaseMovementSpeed_+\")": 50
            },
            "MeleeDamage": "CurveFloat'/Game/Data/AI/C_AlphaWolfMeleeDamage.C_AlphaWolfMeleeDamage'",
            "ExperienceMultiplier": "CurveFloat'/Game/Data/AI/C_GenericExperience.C_GenericExperience'"
        },
        {
            "Name": "Spider",
            "Base": {
                "(Value=\"BaseSwimSpeed_+\")": 300,
                "(Value=\"BaseHealthRegenPerMinute_+\")": 20,
                "(Value=\"BaseMinimumFallDamage_%\")": 1,
                "(Value=\"BaseMaximumFallDamage_%\")": 100,
                "(Value=\"BaseMinimumFallDamageVelocity_+\")": 1250,
                "(Value=\"BaseMaximumFallDamageVelocity_+\")": 1950,
                "(Value=\"BaseAIPerceptionMaxAge_+\")": 3,
                "(Value=\"BaseAIPerceptionSightRadius_+\")": 4000,
                "(Value=\"BaseAIPerceptionLoseSightRadius_+\")": 4500,
                "(Value=\"BaseAIPerceptionPeripheralVisionAngle_+\")": 115,
                "(Value=\"BaseAIPerceptionSoundRadius_+\")": 2500,
                "(Value=\"BaseGOAPMotivationProtectiveDistanceMinimumThreat_+\")": 1500,
                "(Value=\"BaseGOAPMotivationProtectiveDistanceMaximumThreat_+\")": 200,
                "(Value=\"BaseCharacterMass_+\")": 100,
                "(Value=\"BaseNPCAttackRadius_+\")": 500,
                "(Value=\"CanNPCDamageDurableActors_?\")": 1,
                "(Value=\"BaseHealthRegenDelay_+\")": 2,
                "(Value=\"BaseSlowResistance_%\")": 10,
                "(Value=\"BaseImmobiliseResistance_%\")": 10,
                "(Value=\"BaseMovementSpeed_+\")": 500
            },
            "Health": "CurveFloat'/Game/Data/AI/C_WolfHealth.C_WolfHealth'",
            "MeleeDamage": "CurveFloat'/Game/Data/AI/C_WolfMeleeDamage.C_WolfMeleeDamage'",
            "CustomStats": [
                {
                    "Stat": {
                        "Value": "BaseAttacksCauseWound_%"
                    },
                    "Curve": "CurveFloat'/Game/Data/AI/C_WolfWoundChance.C_WolfWoundChance'"
                }
            ],
            "ExperienceMultiplier": "CurveFloat'/Game/Data/AI/C_AggressiveExperience.C_AggressiveExperience'"
        },
        {
            "Name": "Striker",
            "Base": {
                "(Value=\"BaseSwimSpeed_+\")": 300,
                "(Value=\"BaseHealthRegenPerMinute_+\")": 20,
                "(Value=\"BaseMinimumFallDamage_%\")": 1,
                "(Value=\"BaseMaximumFallDamage_%\")": 100,
                "(Value=\"BaseMinimumFallDamageVelocity_+\")": 1250,
                "(Value=\"BaseMaximumFallDamageVelocity_+\")": 1950,
                "(Value=\"BaseAIPerceptionMaxAge_+\")": 3,
                "(Value=\"BaseAIPerceptionSightRadius_+\")": 6000,
                "(Value=\"BaseAIPerceptionLoseSightRadius_+\")": 6750,
                "(Value=\"BaseAIPerceptionPeripheralVisionAngle_+\")": 115,
                "(Value=\"BaseAIPerceptionSoundRadius_+\")": 2500,
                "(Value=\"BaseGOAPMotivationProtectiveDistanceMinimumThreat_+\")": 4500,
                "(Value=\"BaseGOAPMotivationProtectiveDistanceMaximumThreat_+\")": 500,
                "(Value=\"BaseCharacterMass_+\")": 100,
                "(Value=\"BaseNPCAttackRadius_+\")": 500,
                "(Value=\"CanNPCDamageDurableActors_?\")": 1,
                "(Value=\"BaseHealthRegenDelay_+\")": 2,
                "(Value=\"BaseSlowResistance_%\")": 10,
                "(Value=\"BaseImmobiliseResistance_%\")": 10,
                "(Value=\"BaseMovementSpeed_+\")": 110
            },
            "Health": "CurveFloat'/Game/Data/AI/C_WolfHealth.C_WolfHealth'",
            "MeleeDamage": "CurveFloat'/Game/Data/AI/C_WolfMeleeDamage.C_WolfMeleeDamage'",
            "CustomStats": [
                {
                    "Stat": {
                        "Value": "BaseAttacksCauseWound_%"
                    },
                    "Curve": "CurveFloat'/Game/Data/AI/C_WolfWoundChance.C_WolfWoundChance'"
                }
            ],
            "ExperienceMultiplier": "CurveFloat'/Game/Data/AI/C_AggressiveExperience.C_AggressiveExperience'"
        },
        {
            "Name": "Mount_SwampQuad",
            "Base": {
                "(Value=\"BaseMovementSpeed_+\")": 180,
                "(Value=\"BaseSwimSpeed_+\")": 800,
                "(Value=\"BaseHealthRegenPerMinute_+\")": 10,
                "(Value=\"BaseMinimumFallDamage_%\")": 1,
                "(Value=\"BaseMaximumFallDamage_%\")": 100,
                "(Value=\"BaseMinimumFallDamageVelocity_+\")": 1250,
                "(Value=\"BaseMaximumFallDamageVelocity_+\")": 1950,
                "(Value=\"BaseAIPerceptionMaxAge_+\")": 3,
                "(Value=\"BaseAIPerceptionSightRadius_+\")": 5000,
                "(Value=\"BaseAIPerceptionLoseSightRadius_+\")": 7500,
                "(Value=\"BaseAIPerceptionPeripheralVisionAngle_+\")": 115,
                "(Value=\"BaseAIPerceptionSoundRadius_+\")": 2500,
                "(Value=\"BaseCharacterMass_+\")": 500,
                "(Value=\"BaseHealthRegenDelay_+\")": 2,
                "(Value=\"BaseNPCAttackRadius_+\")": 500,
                "(Value=\"CanNPCDamageDurableActors_?\")": 1,
                "(Value=\"BaseNPCMinTargetDistanceForCharge_+\")": 300,
                "(Value=\"BaseNPCMaxTargetDistanceForCharge_+\")": 1500,
                "(Value=\"BaseNPCChargeAttackCooldown_+\")": 10,
                "(Value=\"CanNPCDamageVoxels_?\")": 0,
                "(Value=\"BaseMiningRadius_+\")": 0,
                "(Value=\"BaseMaximumStamina_+\")": 300,
                "(Value=\"BaseStaminaRegenPerMinute_+\")": 2100,
                "(Value=\"BaseStaminaRegenFromEmptyDelay_+\")": 5000,
                "(Value=\"BaseStaminaRegenDelay_+\")": 2000,
                "(Value=\"BaseWeightCapacity_+\")": 100,
                "(Value=\"BaseMaximumOxygen_+\")": 300,
                "(Value=\"BaseMaximumFood_+\")": 300,
                "(Value=\"BaseMaximumWater_+\")": 300,
                "(Value=\"BaseStaminaConsumed_+%\")": 0,
                "(Value=\"BaseFoodConsumptionPerMinute_+\")": 4,
                "(Value=\"BaseWaterConsumptionPerMinute_+\")": 2,
                "(Value=\"BaseOxygenConsumptionPerMinute_+\")": 0,
                "(Value=\"BaseWaterConsumedPerStaminaUsed_+%\")": 0,
                "(Value=\"BaseOxygenConsumedPerStaminaUsed_+%\")": 0,
                "(Value=\"BasePhysicalDamageResistance_%\")": 30
            },
            "Health": "CurveFloat'/Game/Data/AI/C_Mount_Moa_Health.C_Mount_Moa_Health'",
            "MeleeDamage": "CurveFloat'/Game/Data/AI/C_BuffaloMeleeDamage.C_BuffaloMeleeDamage'",
            "ExperienceMultiplier": "CurveFloat'/Game/Data/AI/C_GenericExperience.C_GenericExperience'"
        },
        {
            "Name": "Mount_Snow_Striker",
            "Base": {
                "(Value=\"BaseMovementSpeed_+\")": 180,
                "(Value=\"BaseSwimSpeed_+\")": 300,
                "(Value=\"BaseHealthRegenPerMinute_+\")": 10,
                "(Value=\"BaseMinimumFallDamage_%\")": 1,
                "(Value=\"BaseMaximumFallDamage_%\")": 100,
                "(Value=\"BaseMinimumFallDamageVelocity_+\")": 1250,
                "(Value=\"BaseMaximumFallDamageVelocity_+\")": 1950,
                "(Value=\"BaseAIPerceptionMaxAge_+\")": 3,
                "(Value=\"BaseAIPerceptionSightRadius_+\")": 5000,
                "(Value=\"BaseAIPerceptionLoseSightRadius_+\")": 7500,
                "(Value=\"BaseAIPerceptionPeripheralVisionAngle_+\")": 115,
                "(Value=\"BaseAIPerceptionSoundRadius_+\")": 2500,
                "(Value=\"BaseCharacterMass_+\")": 500,
                "(Value=\"BaseHealthRegenDelay_+\")": 2,
                "(Value=\"BaseNPCAttackRadius_+\")": 500,
                "(Value=\"CanNPCDamageDurableActors_?\")": 1,
                "(Value=\"BaseNPCMinTargetDistanceForCharge_+\")": 300,
                "(Value=\"BaseNPCMaxTargetDistanceForCharge_+\")": 1500,
                "(Value=\"BaseNPCChargeAttackCooldown_+\")": 10,
                "(Value=\"CanNPCDamageVoxels_?\")": 0,
                "(Value=\"BaseMiningRadius_+\")": 0,
                "(Value=\"BaseMaximumStamina_+\")": 300,
                "(Value=\"BaseStaminaRegenPerMinute_+\")": 2100,
                "(Value=\"BaseStaminaRegenFromEmptyDelay_+\")": 5000,
                "(Value=\"BaseStaminaRegenDelay_+\")": 2000,
                "(Value=\"BaseWeightCapacity_+\")": 100,
                "(Value=\"BaseMaximumOxygen_+\")": 300,
                "(Value=\"BaseMaximumFood_+\")": 300,
                "(Value=\"BaseMaximumWater_+\")": 300,
                "(Value=\"BaseStaminaConsumed_+%\")": 0,
                "(Value=\"BaseFoodConsumptionPerMinute_+\")": 4,
                "(Value=\"BaseWaterConsumptionPerMinute_+\")": 2,
                "(Value=\"BaseOxygenConsumptionPerMinute_+\")": 0,
                "(Value=\"BaseWaterConsumedPerStaminaUsed_+%\")": 0,
                "(Value=\"BaseOxygenConsumedPerStaminaUsed_+%\")": 0,
                "(Value=\"BasePhysicalDamageResistance_%\")": 30
            },
            "Health": "CurveFloat'/Game/Data/AI/C_Mount_Moa_Health.C_Mount_Moa_Health'",
            "MeleeDamage": "CurveFloat'/Game/Data/AI/C_BuffaloMeleeDamage.C_BuffaloMeleeDamage'",
            "ExperienceMultiplier": "CurveFloat'/Game/Data/AI/C_GenericExperience.C_GenericExperience'"
        }
    ]
}