{
    "RowStruct": "/Script/Icarus.EpicCreatures",
    "Defaults": {
        "CreatureNames": [],
        "AISetup": {
            "RowName": "None",
            "DataTableName": "D_AISetup"
        },
        "AdditionalStats": {}
    },
    "GenerateEnum": true,
    "Rows": [
        {
            "Name": "Invalid",
            "CreatureNames": [
                ""
            ]
        },
        {
            "Name": "Mammoth_Boss",
            "CreatureNames": [
                "NSLOCTEXT(\"D_EpicCreatures\", \"Mammoth_Boss-CreatureNames-0\", \"Exctoris\")",
                "NSLOCTEXT(\"D_EpicCreatures\", \"Mammoth_Boss-CreatureNames-1\", \"Ankhar\")",
                "NSLOCTEXT(\"D_EpicCreatures\", \"Mammoth_Boss-CreatureNames-2\", \"Archytus\")"
            ],
            "AISetup": {
                "RowName": "Mammoth_Boss"
            }
        },
        {
            "Name": "PolarBear_Boss",
            "CreatureNames": [
                "NSLOCTEXT(\"D_EpicCreatures\", \"PolarBear_Boss-CreatureNames-0\", \"Polaris\")",
                "NSLOCTEXT(\"D_EpicCreatures\", \"PolarBear_Boss-CreatureNames-1\", \"Blanco\")",
                "NSLOCTEXT(\"D_EpicCreatures\", \"PolarBear_Boss-CreatureNames-2\", \"Makknus\")"
            ],
            "AISetup": {
                "RowName": "Polar_Bear_Boss"
            }
        },
        {
            "Name": "Bear_Boss",
            "CreatureNames": [
                "NSLOCTEXT(\"D_EpicCreatures\", \"Bear_Boss-CreatureNames-0\", \"Brutus\")",
                "NSLOCTEXT(\"D_EpicCreatures\", \"Bear_Boss-CreatureNames-1\", \"Grute\")"
            ],
            "AISetup": {
                "RowName": "Bear"
            }
        },
        {
            "Name": "Jaguar_Boss",
            "CreatureNames": [
                "NSLOCTEXT(\"D_EpicCreatures\", \"Jaguar_Boss-CreatureNames-0\", \"Suku\")",
                "NSLOCTEXT(\"D_EpicCreatures\", \"Jaguar_Boss-CreatureNames-1\", \"Galatea\")",
                "NSLOCTEXT(\"D_EpicCreatures\", \"Jaguar_Boss-CreatureNames-2\", \"Zenet\")"
            ],
            "AISetup": {
                "RowName": "Jaguar_Boss"
            }
        },
        {
            "Name": "Sandworm_Boss",
            "CreatureNames": [
                "NSLOCTEXT(\"D_EpicCreatures\", \"Sandworm_Boss-CreatureNames-0\", \"\\'Memory in Water\\'\")",
                "NSLOCTEXT(\"D_EpicCreatures\", \"Sandworm_Boss-CreatureNames-1\", \"\\'Song of Sand\\'\")",
                "NSLOCTEXT(\"D_EpicCreatures\", \"Sandworm_Boss-CreatureNames-2\", \"\\'Ancient Shade\\'\")",
                "NSLOCTEXT(\"D_EpicCreatures\", \"Sandworm_Boss-CreatureNames-3\", \"\\'Shatters Stone\\'\")"
            ]
        },
        {
            "Name": "Sandworm_WorldBoss",
            "CreatureNames": [
                "NSLOCTEXT(\"D_EpicCreatures\", \"Sandworm_WorldBoss-CreatureNames-0\", \"\\'Memory in Water\\'\")",
                "NSLOCTEXT(\"D_EpicCreatures\", \"Sandworm_WorldBoss-CreatureNames-1\", \"\\'Song of Sand\\'\")",
                "NSLOCTEXT(\"D_EpicCreatures\", \"Sandworm_WorldBoss-CreatureNames-2\", \"\\'Ancient Shade\\'\")",
                "NSLOCTEXT(\"D_EpicCreatures\", \"Sandworm_WorldBoss-CreatureNames-3\", \"\\'Shatters Stone\\'\")"
            ],
            "AdditionalStats": {
                "(Value=\"BaseSandWormInitialDetectionRadius_+\")": 6500
            }
        },
        {
            "Name": "AlphaWolf_Boss",
            "CreatureNames": [
                "NSLOCTEXT(\"D_EpicCreatures\", \"AlphaWolf_Boss-CreatureNames-0\", \"Bakan the Guardian\")",
                "NSLOCTEXT(\"D_EpicCreatures\", \"AlphaWolf_Boss-CreatureNames-1\", \"Shakur the Sleeper\")",
                "NSLOCTEXT(\"D_EpicCreatures\", \"AlphaWolf_Boss-CreatureNames-2\", \"Kanis the Victor\")"
            ],
            "AISetup": {
                "RowName": "Alpha_Wolf_Boss"
            },
            "AdditionalStats": {
                "(Value=\"BaseAttacksCauseHemorrhage_%\")": 15
            }
        },
        {
            "Name": "Scorpion_Boss",
            "CreatureNames": [
                "NSLOCTEXT(\"D_EpicCreatures\", \"Scorpion_Boss-CreatureNames-0\", \"Zorum\")",
                "NSLOCTEXT(\"D_EpicCreatures\", \"Scorpion_Boss-CreatureNames-1\", \"Xiatau\")"
            ]
        },
        {
            "Name": "Crocodile_Boss",
            "CreatureNames": [
                "NSLOCTEXT(\"D_EpicCreatures\", \"Crocodile_Boss-CreatureNames-0\", \"Broken Tooth\")",
                "NSLOCTEXT(\"D_EpicCreatures\", \"Crocodile_Boss-CreatureNames-1\", \"Snapping Jaw\")"
            ],
            "AISetup": {
                "RowName": "Crocodile"
            }
        },
        {
            "Name": "PolarBear_Mother",
            "CreatureNames": [
                "NSLOCTEXT(\"D_EpicCreatures\", \"PolarBear_Mother-CreatureNames-0\", \"Den Mother\")"
            ],
            "AISetup": {
                "RowName": "Polar_Bear_Boss"
            },
            "AdditionalStats": {
                "(Value=\"BaseAttacksCauseSlow_%\")": 25
            }
        },
        {
            "Name": "Scorpian_Armored",
            "CreatureNames": [
                "NSLOCTEXT(\"D_EpicCreatures\", \"Scorpian_Armored-CreatureNames-0\", \"Armored BloodClaw\")"
            ],
            "AISetup": {
                "RowName": "Scorpion_Armored_Boss"
            },
            "AdditionalStats": {
                "(Value=\"BaseAttacksCauseSlow_%\")": 25,
                "(Value=\"BaseAttacksCausePoisonSting_%\")": 75,
                "(Value=\"BaseMaximumHealth_+%\")": 500,
                "(Value=\"BaseMovementSpeed_+%\")": 50
            }
        },
        {
            "Name": "Follower_Wolf",
            "CreatureNames": [
                "NSLOCTEXT(\"D_EpicCreatures\", \"Follower_Wolf-CreatureNames-0\", \"Mature Pack Wolf\")"
            ],
            "AISetup": {
                "RowName": "Wolf_Anchored"
            }
        },
        {
            "Name": "Poison_Bear",
            "CreatureNames": [
                "NSLOCTEXT(\"D_EpicCreatures\", \"Poison_Bear-CreatureNames-0\", \"Contaminated Hermit\")"
            ],
            "AISetup": {
                "RowName": "Bear_Poison_Anchored"
            }
        },
        {
            "Name": "Mystery_Creature",
            "CreatureNames": [
                "INVTEXT(\"?????\")"
            ],
            "AISetup": {
                "RowName": "Bat_Dog"
            }
        },
        {
            "Name": "Group15_Killer",
            "CreatureNames": [
                "NSLOCTEXT(\"D_EpicCreatures\", \"Group15_Killer-CreatureNames-0\", \"Enraged Elder\")"
            ],
            "AISetup": {
                "RowName": "Needler"
            },
            "AdditionalStats": {
                "(Value=\"BaseMovementSpeed_+%\")": 25,
                "(Value=\"BaseMeleeDamage_+%\")": 25
            }
        },
        {
            "Name": "Roaming_Bear",
            "CreatureNames": [
                "NSLOCTEXT(\"D_EpicCreatures\", \"Roaming_Bear-CreatureNames-0\", \"Roaming Beast\")"
            ],
            "AISetup": {
                "RowName": "Bear"
            },
            "AdditionalStats": {
                "(Value=\"CreatureDisplayBossMapIcon_?\")": 1,
                "(Value=\"BaseHealthRegen_+%\")": 25,
                "(Value=\"BaseMaximumHealth_+%\")": 300,
                "(Value=\"BaseMeleeDamage_+%\")": 25,
                "(Value=\"BasePhysicalDamageResistance_%\")": 25
            }
        },
        {
            "Name": "Roaming_BlackWolf",
            "CreatureNames": [
                "NSLOCTEXT(\"D_EpicCreatures\", \"Roaming_BlackWolf-CreatureNames-0\", \"Roaming Beast\")"
            ],
            "AISetup": {
                "RowName": "Alpha_Wolf"
            },
            "AdditionalStats": {
                "(Value=\"CreatureDisplayBossMapIcon_?\")": 1,
                "(Value=\"BaseHealthRegen_+%\")": 25,
                "(Value=\"BaseMaximumHealth_+%\")": 300,
                "(Value=\"BaseMeleeDamage_+%\")": 25,
                "(Value=\"BasePhysicalDamageResistance_%\")": 25
            }
        },
        {
            "Name": "Roaming_PolarBear",
            "CreatureNames": [
                "NSLOCTEXT(\"D_EpicCreatures\", \"Roaming_PolarBear-CreatureNames-0\", \"Roaming Beast\")"
            ],
            "AISetup": {
                "RowName": "Polar_Bear"
            },
            "AdditionalStats": {
                "(Value=\"CreatureDisplayBossMapIcon_?\")": 1,
                "(Value=\"BaseHealthRegen_+%\")": 25,
                "(Value=\"BaseMaximumHealth_+%\")": 100,
                "(Value=\"BaseMeleeDamage_+%\")": 25,
                "(Value=\"BasePhysicalDamageResistance_%\")": 25
            }
        },
        {
            "Name": "Roaming_Mammoth",
            "CreatureNames": [
                "NSLOCTEXT(\"D_EpicCreatures\", \"Roaming_Mammoth-CreatureNames-0\", \"Roaming Beast\")"
            ],
            "AISetup": {
                "RowName": "Mammoth_Arctic"
            },
            "AdditionalStats": {
                "(Value=\"CreatureDisplayBossMapIcon_?\")": 1,
                "(Value=\"BaseHealthRegen_+%\")": 25,
                "(Value=\"BaseMaximumHealth_+%\")": 100,
                "(Value=\"BaseMeleeDamage_+%\")": 25,
                "(Value=\"BasePhysicalDamageResistance_%\")": 25
            }
        },
        {
            "Name": "Roaming_Scorpian",
            "CreatureNames": [
                "NSLOCTEXT(\"D_EpicCreatures\", \"Roaming_Scorpian-CreatureNames-0\", \"Roaming Beast\")"
            ],
            "AISetup": {
                "RowName": "Scorpion_Armored_Boss"
            },
            "AdditionalStats": {
                "(Value=\"CreatureDisplayBossMapIcon_?\")": 1,
                "(Value=\"BaseHealthRegen_+%\")": 25,
                "(Value=\"BaseMaximumHealth_+%\")": 100,
                "(Value=\"BaseMeleeDamage_+%\")": 25,
                "(Value=\"BaseAttacksCauseBleed_%\")": 25
            }
        },
        {
            "Name": "Roaming_Jaguar",
            "CreatureNames": [
                "NSLOCTEXT(\"D_EpicCreatures\", \"Roaming_Jaguar-CreatureNames-0\", \"Roaming Beast\")"
            ],
            "AISetup": {
                "RowName": "Jaguar"
            },
            "AdditionalStats": {
                "(Value=\"CreatureDisplayBossMapIcon_?\")": 1,
                "(Value=\"BaseHealthRegen_+%\")": 25,
                "(Value=\"BaseMaximumHealth_+%\")": 100,
                "(Value=\"BaseMeleeDamage_+%\")": 25,
                "(Value=\"BasePhysicalDamageResistance_%\")": 25
            }
        },
        {
            "Name": "Roaming_Needler",
            "CreatureNames": [
                "NSLOCTEXT(\"D_EpicCreatures\", \"Roaming_Needler-CreatureNames-0\", \"Roaming Beast\")"
            ],
            "AISetup": {
                "RowName": "Needler"
            },
            "AdditionalStats": {
                "(Value=\"CreatureDisplayBossMapIcon_?\")": 1,
                "(Value=\"BaseHealthRegen_+%\")": 25,
                "(Value=\"BaseMaximumHealth_+%\")": 100,
                "(Value=\"BaseMeleeDamage_+%\")": 25,
                "(Value=\"BasePhysicalDamageResistance_%\")": 25
            }
        },
        {
            "Name": "Roaming_Batdog",
            "CreatureNames": [
                "NSLOCTEXT(\"D_EpicCreatures\", \"Roaming_Batdog-CreatureNames-0\", \"Roaming Beast\")"
            ],
            "AISetup": {
                "RowName": "Bat_Dog"
            },
            "AdditionalStats": {
                "(Value=\"CreatureDisplayBossMapIcon_?\")": 1,
                "(Value=\"BaseHealthRegen_+%\")": 25,
                "(Value=\"BaseMaximumHealth_+%\")": 100,
                "(Value=\"BaseMeleeDamage_+%\")": 25,
                "(Value=\"BasePhysicalDamageResistance_%\")": 25
            }
        }
    ]
}