{
    "RowStruct": "/Script/Icarus.HuntingSetup",
    "Defaults": {
        "HuntingClues": []
    },
    "Rows": [
        {
            "Name": "Deer",
            "HuntingClues": [
                {
                    "RowName": "DeerFootprints",
                    "DataTableName": "D_HuntingClueSetup"
                },
                {
                    "RowName": "DeerBlood",
                    "DataTableName": "D_HuntingClueSetup"
                }
            ]
        },
        {
            "Name": "Roat",
            "HuntingClues": [
                {
                    "RowName": "RoatFootprints",
                    "DataTableName": "D_HuntingClueSetup"
                }
            ]
        },
        {
            "Name": "Wulv",
            "HuntingClues": [
                {
                    "RowName": "WulvFootprints",
                    "DataTableName": "D_HuntingClueSetup"
                }
            ]
        },
        {
            "Name": "Bounder",
            "HuntingClues": [
                {
                    "RowName": "BounderFootprints",
                    "DataTableName": "D_HuntingClueSetup"
                }
            ]
        },
        {
            "Name": "RedGoat",
            "HuntingClues": [
                {
                    "RowName": "RedGoatFootprints",
                    "DataTableName": "D_HuntingClueSetup"
                }
            ]
        }
    ]
}