{
    "RowStruct": "/Script/Icarus.SaddleData",
    "Defaults": {
        "SaddleTag": {
            "TagName": "None"
        },
        "SupportedMount": {
            "RowName": "None",
            "DataTableName": "D_Mounts"
        },
        "SkeletalMesh": "None",
        "SaddleAnimBlueprint": "None",
        "AttachSocket": "None",
        "FurCullMask": "None"
    },
    "Rows": [
        {
            "Name": "Saddle_Moa_Standard",
            "SaddleTag": {
                "TagName": "Item.Mount.Saddle.Standard"
            },
            "SupportedMount": {
                "RowName": "Moa"
            },
            "SkeletalMesh": "/Game/ASS/ITM/SK_ITM_Saddle_Moa.SK_ITM_Saddle_Moa",
            "SaddleAnimBlueprint": "/Game/ASS/ITM/SK_ITM_Saddle_Moa_Skeleton_AnimBlueprint.SK_ITM_Saddle_Moa_Skeleton_AnimBlueprint_C",
            "AttachSocket": "RigRoot"
        },
        {
            "Name": "Saddle_Buffalo_Standard",
            "SaddleTag": {
                "TagName": "Item.Mount.Saddle.Standard"
            },
            "SupportedMount": {
                "RowName": "Buffalo"
            },
            "SkeletalMesh": "/Game/ASS/ITM/SK_ITM_Saddle_Buffalo.SK_ITM_Saddle_Buffalo",
            "SaddleAnimBlueprint": "/Game/ASS/ITM/SK_ITM_Saddle_Buffalo_Skeleton_AnimBlueprint.SK_ITM_Saddle_Buffalo_Skeleton_AnimBlueprint_C",
            "AttachSocket": "RigRoot"
        },
        {
            "Name": "Saddle_Buffalo_Cargo",
            "SaddleTag": {
                "TagName": "Item.Mount.Saddle.Cargo"
            },
            "SupportedMount": {
                "RowName": "Buffalo"
            },
            "SkeletalMesh": "/Game/ASS/ITM/SK_ITM_Harness_Pack_Buffalo.SK_ITM_Harness_Pack_Buffalo",
            "SaddleAnimBlueprint": "/Game/ASS/ITM/SK_ITM_Harness_Pack_Buffalo_Skeleton_AnimBlueprint.SK_ITM_Harness_Pack_Buffalo_Skeleton_AnimBlueprint_C",
            "AttachSocket": "RigRoot"
        },
        {
            "Name": "Saddle_Buffalo_Cart",
            "SaddleTag": {
                "TagName": "Item.Mount.Saddle.Cart"
            },
            "SupportedMount": {
                "RowName": "Buffalo"
            },
            "SkeletalMesh": "/Game/ASS/ITM/SK_ITM_Cart_Wood.SK_ITM_Cart_Wood",
            "SaddleAnimBlueprint": "/Game/ASS/ITM/SK_ITM_Cart_Wood_AnimBP.SK_ITM_Cart_Wood_AnimBP_C",
            "AttachSocket": "RigRoot"
        }
    ]
}