{
    "RowStruct": "/Script/Icarus.IcarusDeployableType",
    "Defaults": {
        "TagQuery": {
            "RowName": "None",
            "DataTableName": "D_TagQueries"
        }
    },
    "GenerateEnum": true,
    "Rows": [
        {
            "Name": "Invalid"
        },
        {
            "Name": "Furnace",
            "TagQuery": {
                "RowName": "Any_Furnace"
            }
        },
        {
            "Name": "CraftingBench"
        }
    ]
}