{
    "RowStruct": "/Script/Icarus.DLCPackageData",
    "Defaults": {
        "PackageID": -1,
        "DLCName": "",
        "WebsiteAddress": "",
        "Icon": "None"
    },
    "GenerateEnum": true,
    "Rows": [
        {
            "Name": "Deluxe_Edition_Envirosuit",
            "PackageID": 1648531,
            "DLCName": "NSLOCTEXT(\"D_DLCPackageData\", \"Deluxe_Edition_Envirosuit-DLCName\", \"Supporters Edition\")",
            "Icon": "/Game/Assets/2DArt/UI/Icons/T_ICON_Money_Symbol_Double.T_ICON_Money_Symbol_Double"
        },
        {
            "Name": "Preorder_Content",
            "PackageID": 1648530,
            "DLCName": "NSLOCTEXT(\"D_DLCPackageData\", \"Preorder_Content-DLCName\", \"Preorder Content\")",
            "Icon": "/Game/Assets/2DArt/UI/Icons/T_ICON_Money_Symbol_Double.T_ICON_Money_Symbol_Double"
        },
        {
            "Name": "New_Frontiers",
            "PackageID": 1648532,
            "DLCName": "NSLOCTEXT(\"D_DLCPackageData\", \"New_Frontiers-DLCName\", \"New Frontiers Expansion\")",
            "WebsiteAddress": "https://store.steampowered.com/app/1648532/Icarus_New_Frontiers/",
            "Icon": "/Game/Assets/2DArt/UI/Icons/T_FeatureLevelIcon_NewFrontiers3.T_FeatureLevelIcon_NewFrontiers3"
        },
        {
            "Name": "Dangerous_Horizons",
            "PackageID": 1648533,
            "DLCName": "NSLOCTEXT(\"D_DLCPackageData\", \"Dangerous_Horizons-DLCName\", \"Dangerous Horizons\")",
            "Icon": "/Game/Assets/2DArt/UI/Icons/T_ICON_Money_Symbol_Double.T_ICON_Money_Symbol_Double"
        },
        {
            "Name": "Styx_Map",
            "PackageID": 1995690,
            "DLCName": "NSLOCTEXT(\"D_DLCPackageData\", \"Styx_Map-DLCName\", \"Styx Expansion\")",
            "WebsiteAddress": "https://store.steampowered.com/app/1995690/Icarus_Styx_Map__Missions_Pack/",
            "Icon": "/Game/Assets/2DArt/UI/Icons/T_ICON_Money_Symbol_Double.T_ICON_Money_Symbol_Double"
        },
        {
            "Name": "Decorations_Pack_1",
            "PackageID": 2445280,
            "DLCName": "NSLOCTEXT(\"D_DLCPackageData\", \"Decorations_Pack_1-DLCName\", \"Interior Decorations Pack\")",
            "WebsiteAddress": "https://store.steampowered.com/app/2445280/Icarus_Interior_Decorations_Pack/",
            "Icon": "/Game/Assets/2DArt/UI/Icons/T_ICON_Money_Symbol_Double.T_ICON_Money_Symbol_Double"
        },
        {
            "Name": "Outpost_003_Arctic",
            "PackageID": 1648541,
            "DLCName": "NSLOCTEXT(\"D_DLCPackageData\", \"Outpost_003_Arctic-DLCName\", \"Iceholm Outpost Pack\")",
            "WebsiteAddress": "https://store.steampowered.com/app/1648541/Icarus_Iceholm_Outpost/",
            "Icon": "/Game/Assets/2DArt/UI/Icons/T_ICON_Money_Symbol_Double.T_ICON_Money_Symbol_Double"
        },
        {
            "Name": "Outpost_004_Desert",
            "PackageID": 2536360,
            "DLCName": "NSLOCTEXT(\"D_DLCPackageData\", \"Outpost_004_Desert-DLCName\", \"Tecton Outpost Pack\")",
            "WebsiteAddress": "https://store.steampowered.com/app/2536360/Icarus_Tecton_Outpost/",
            "Icon": "/Game/Assets/2DArt/UI/Icons/T_ICON_Money_Symbol_Double.T_ICON_Money_Symbol_Double"
        },
        {
            "Name": "Outpost_005_Forest",
            "PackageID": 1648540,
            "DLCName": "NSLOCTEXT(\"D_DLCPackageData\", \"Outpost_005_Forest-DLCName\", \"Holdfast Outpost Pack\")",
            "WebsiteAddress": "https://store.steampowered.com/app/1648540/Icarus_Holdfast_Outpost/",
            "Icon": "/Game/Assets/2DArt/UI/Icons/T_ICON_Money_Symbol_Double.T_ICON_Money_Symbol_Double"
        },
        {
            "Name": "Outpost_006_Forest",
            "PackageID": 2536370,
            "DLCName": "NSLOCTEXT(\"D_DLCPackageData\", \"Outpost_006_Forest-DLCName\", \"Everbark Outpost Pack\")",
            "WebsiteAddress": "https://store.steampowered.com/app/2536370/Icarus_Everbark_Outpost/",
            "Icon": "/Game/Assets/2DArt/UI/Icons/T_ICON_Money_Symbol_Double.T_ICON_Money_Symbol_Double"
        },
        {
            "Name": "Outpost_007_Desert",
            "PackageID": 2536380,
            "DLCName": "NSLOCTEXT(\"D_DLCPackageData\", \"Outpost_007_Desert-DLCName\", \"Cactus Outpost Pack\")",
            "WebsiteAddress": "https://store.steampowered.com/app/2536380/Icarus_Cactus_Outpost/",
            "Icon": "/Game/Assets/2DArt/UI/Icons/T_ICON_Money_Symbol_Double.T_ICON_Money_Symbol_Double"
        },
        {
            "Name": "Outpost_008_Arctic",
            "PackageID": 2536390,
            "DLCName": "NSLOCTEXT(\"D_DLCPackageData\", \"Outpost_008_Arctic-DLCName\", \"Arcticus Outpost Pack\")",
            "WebsiteAddress": "https://store.steampowered.com/app/2536390/Icarus_Arcticus_Outpost/",
            "Icon": "/Game/Assets/2DArt/UI/Icons/T_ICON_Money_Symbol_Double.T_ICON_Money_Symbol_Double"
        },
        {
            "Name": "Bone_Armor_Head",
            "PackageID": 2544770,
            "DLCName": "NSLOCTEXT(\"D_DLCPackageData\", \"Bone_Armor_Head-DLCName\", \"Bone Armor Head Twitch Drop\")",
            "Icon": "/Game/Assets/2DArt/UI/Icons/T_ICON_Money_Symbol_Double.T_ICON_Money_Symbol_Double"
        },
        {
            "Name": "Bone_Armor_Chest",
            "PackageID": 2544780,
            "DLCName": "NSLOCTEXT(\"D_DLCPackageData\", \"Bone_Armor_Chest-DLCName\", \"Bone Armor Chest Twitch Drop\")",
            "Icon": "/Game/Assets/2DArt/UI/Icons/T_ICON_Money_Symbol_Double.T_ICON_Money_Symbol_Double"
        },
        {
            "Name": "Bone_Armor_Arms",
            "PackageID": 2544790,
            "DLCName": "NSLOCTEXT(\"D_DLCPackageData\", \"Bone_Armor_Arms-DLCName\", \"Bone Armor Arm Twitch Drop\")",
            "Icon": "/Game/Assets/2DArt/UI/Icons/T_ICON_Money_Symbol_Double.T_ICON_Money_Symbol_Double"
        },
        {
            "Name": "Bone_Armor_Legs",
            "PackageID": 2544800,
            "DLCName": "NSLOCTEXT(\"D_DLCPackageData\", \"Bone_Armor_Legs-DLCName\", \"Bone Armor Legs Twitch Drop\")",
            "Icon": "/Game/Assets/2DArt/UI/Icons/T_ICON_Money_Symbol_Double.T_ICON_Money_Symbol_Double"
        },
        {
            "Name": "Bone_Armor_Feet",
            "PackageID": 2544810,
            "DLCName": "NSLOCTEXT(\"D_DLCPackageData\", \"Bone_Armor_Feet-DLCName\", \"Bone Armor Feet Twitch Drop\")",
            "Icon": "/Game/Assets/2DArt/UI/Icons/T_ICON_Money_Symbol_Double.T_ICON_Money_Symbol_Double"
        },
        {
            "Name": "Industrial_Furniture_Pack",
            "PackageID": 2679990,
            "DLCName": "NSLOCTEXT(\"D_DLCPackageData\", \"Industrial_Furniture_Pack-DLCName\", \"Industrial Furniture Pack\")",
            "WebsiteAddress": "https://store.steampowered.com/app/2679990/Icarus_Industrial_Furniture_Pack/",
            "Icon": "/Game/Assets/2DArt/UI/Icons/T_ICON_Money_Symbol_Double.T_ICON_Money_Symbol_Double"
        },
        {
            "Name": "Art_Deco_Pack",
            "PackageID": 2686540,
            "DLCName": "NSLOCTEXT(\"D_DLCPackageData\", \"Art_Deco_Pack-DLCName\", \"Art Deco Pack\")",
            "WebsiteAddress": "https://store.steampowered.com/app/2686540/Icarus_Art_Deco_Furniture_Pack/",
            "Icon": "/Game/Assets/2DArt/UI/Icons/T_ICON_Money_Symbol_Double.T_ICON_Money_Symbol_Double"
        },
        {
            "Name": "Creature_Comforts",
            "PackageID": 2790990,
            "DLCName": "NSLOCTEXT(\"D_DLCPackageData\", \"Creature_Comforts-DLCName\", \"Creature Comforts Pack\")",
            "WebsiteAddress": "https://store.steampowered.com/app/2790990/Icarus_Creature_Comforts_Pack/",
            "Icon": "/Game/Assets/2DArt/UI/Icons/T_ICON_Paws.T_ICON_Paws",
            "Metadata": {
                "RequiredFeatureLevel": {
                    "RowName": "Laika"
                }
            }
        },
        {
            "Name": "Pet_Companions",
            "PackageID": 2923820,
            "DLCName": "NSLOCTEXT(\"D_DLCPackageData\", \"Pet_Companions-DLCName\", \"Pet Companions\")",
            "WebsiteAddress": "https://store.steampowered.com/app/2923820/Icarus_Pet_Companions_Pack/",
            "Icon": "/Game/Assets/2DArt/UI/Icons/T_ICON_Paws.T_ICON_Paws",
            "Metadata": {
                "RequiredFeatureLevel": {
                    "RowName": "Laika"
                }
            }
        },
        {
            "Name": "Zebra_Rescue_Mission",
            "PackageID": 2923830,
            "DLCName": "NSLOCTEXT(\"D_DLCPackageData\", \"Zebra_Rescue_Mission-DLCName\", \"Zebra Rescue Mission\")",
            "WebsiteAddress": "https://store.steampowered.com/bundle/40692/",
            "Icon": "/Game/Assets/2DArt/UI/Icons/T_ICON_Paws.T_ICON_Paws",
            "Metadata": {
                "RequiredFeatureLevel": {
                    "RowName": "Laika"
                }
            }
        }
    ]
}