{
    "RowStruct": "/Script/Icarus.LanguagesData",
    "Defaults": {
        "bEnabled": false,
        "Coverage": 0
    },
    "Rows": [
        {
            "Name": "en",
            "bEnabled": true,
            "Coverage": 100
        },
        {
            "Name": "fr-FR",
            "bEnabled": true,
            "Coverage": 91
        },
        {
            "Name": "es-419",
            "bEnabled": true,
            "Coverage": 74
        },
        {
            "Name": "pt-BR",
            "bEnabled": true,
            "Coverage": 60
        },
        {
            "Name": "de-DE",
            "bEnabled": true,
            "Coverage": 80
        },
        {
            "Name": "ru-RU",
            "bEnabled": true,
            "Coverage": 81
        },
        {
            "Name": "zh-Hans",
            "bEnabled": true,
            "Coverage": 91
        },
        {
            "Name": "zh-Hant",
            "bEnabled": true,
            "Coverage": 91
        },
        {
            "Name": "ja-JP",
            "bEnabled": true,
            "Coverage": 91
        },
        {
            "Name": "ko-KR",
            "bEnabled": true,
            "Coverage": 91
        }
    ]
}