{
    "RowStruct": "/Script/Icarus.ValidInteractQuery",
    "Defaults": {
        "Icon": "None",
        "Source": {
            "RowName": "None",
            "DataTableName": "D_TagQueries"
        },
        "Target": {
            "RowName": "None",
            "DataTableName": "D_TagQueries"
        }
    },
    "Rows": [
        {
            "Name": "Axe",
            "Icon": "/Game/Assets/2DArt/UI/Icons/Icon_ContextChop.Icon_ContextChop",
            "Source": {
                "RowName": "Deals_Felling_Damage"
            },
            "Target": {
                "RowName": "Any_Tree"
            }
        },
        {
            "Name": "Pickaxe_T1",
            "Icon": "/Game/Assets/2DArt/UI/Icons/Icon_ContextMine_1.Icon_ContextMine_1",
            "Source": {
                "RowName": "T1_Pickaxe"
            },
            "Target": {
                "RowName": "T1_Voxel"
            }
        },
        {
            "Name": "Pickaxe_T2",
            "Icon": "/Game/Assets/2DArt/UI/Icons/Icon_ContextMine_2.Icon_ContextMine_2",
            "Source": {
                "RowName": "T2_Pickaxe"
            },
            "Target": {
                "RowName": "T2_Voxel"
            }
        },
        {
            "Name": "Knife_T1",
            "Icon": "/Game/Assets/2DArt/UI/Icons/Icon_ContextSkin_1.Icon_ContextSkin_1",
            "Source": {
                "RowName": "T1_Knife"
            },
            "Target": {
                "RowName": "Harvest_Carcass_T1"
            }
        },
        {
            "Name": "Knife_T2",
            "Icon": "/Game/Assets/2DArt/UI/Icons/Icon_ContextSkin_2.Icon_ContextSkin_2",
            "Source": {
                "RowName": "T2_Knife"
            },
            "Target": {
                "RowName": "Harvest_Carcass_T2"
            }
        },
        {
            "Name": "Sledgehammer",
            "Icon": "/Game/Assets/2DArt/UI/Icons/Icon_SledgehammerNodes.Icon_SledgehammerNodes",
            "Source": {
                "RowName": "Sledgehammer"
            },
            "Target": {
                "RowName": "Harvest_Sledgehammer"
            }
        },
        {
            "Name": "Harvest",
            "Icon": "/Game/Assets/2DArt/UI/Icons/Icon_ContextGrab.Icon_ContextGrab",
            "Source": {
                "RowName": "Anything"
            },
            "Target": {
                "RowName": "Harvest_Grab"
            }
        },
        {
            "Name": "Sickle",
            "Icon": "/Game/Assets/2DArt/UI/Icons/Icon_ContextSickle.Icon_ContextSickle",
            "Source": {
                "RowName": "Any_Sickle"
            },
            "Target": {
                "RowName": "Harvest_Sickle_Only"
            }
        }
    ]
}