{
    "RowStruct": "/Script/Icarus.AIDescriptor",
    "Defaults": {
        "Tags": {
            "GameplayTags": []
        },
        "DescriptorStats": []
    },
    "Rows": [
        {
            "Name": "Aggressive",
            "Tags": {
                "GameplayTags": [
                    {
                        "TagName": "NPC.Behaviour.Agressive"
                    }
                ]
            },
            "DescriptorStats": [
                {
                    "Value": "IsNPCAggressive_?"
                }
            ]
        },
        {
            "Name": "Neutral",
            "Tags": {
                "GameplayTags": [
                    {
                        "TagName": "NPC.Behaviour.Neutral"
                    }
                ]
            },
            "DescriptorStats": [
                {
                    "Value": "IsNPCNeutral_?"
                }
            ]
        },
        {
            "Name": "Passive",
            "Tags": {
                "GameplayTags": [
                    {
                        "TagName": "NPC.Behaviour.Passive"
                    }
                ]
            },
            "DescriptorStats": [
                {
                    "Value": "IsNPCPassive_?"
                }
            ]
        },
        {
            "Name": "Carnivore",
            "Tags": {
                "GameplayTags": [
                    {
                        "TagName": "GOAP.Behaviour.Appetite.Carnivore"
                    }
                ]
            },
            "DescriptorStats": [
                {
                    "Value": "IsNPCCarnivore_?"
                }
            ]
        },
        {
            "Name": "Herbivore",
            "Tags": {
                "GameplayTags": [
                    {
                        "TagName": "GOAP.Behaviour.Appetite.Herbivore"
                    }
                ]
            },
            "DescriptorStats": [
                {
                    "Value": "IsNPCHerbivore_?"
                }
            ]
        }
    ]
}