{
    "RowStruct": "/Script/Icarus.AICreatureType",
    "Defaults": {
        "CreatureName": "",
        "Tag": {
            "TagName": "None"
        },
        "SpawnStat": {
            "Value": "None"
        },
        "SkinningXPEvent": {
            "RowName": "None",
            "DataTableName": "D_ExperienceEvents"
        }
    },
    "Rows": [
        {
            "Name": "Invalid"
        },
        {
            "Name": "BabyDeer",
            "CreatureName": "NSLOCTEXT(\"D_AICreatureType\", \"BabyDeer-CreatureName\", \"Baby Deer\")",
            "Tag": {
                "TagName": "NPC.BabyDeer"
            },
            "SpawnStat": {
                "Value": "DeerSpawnRate_+%"
            },
            "SkinningXPEvent": {
                "RowName": "Skin_BabyDeer"
            }
        },
        {
            "Name": "MediumDeer",
            "CreatureName": "NSLOCTEXT(\"D_AICreatureType\", \"MediumDeer-CreatureName\", \"Deer\")",
            "Tag": {
                "TagName": "NPC.MediumDeer"
            },
            "SpawnStat": {
                "Value": "DeerSpawnRate_+%"
            },
            "SkinningXPEvent": {
                "RowName": "Skin_MediumDeer"
            }
        },
        {
            "Name": "LargeDeer",
            "CreatureName": "NSLOCTEXT(\"D_AICreatureType\", \"LargeDeer-CreatureName\", \"Large Deer\")",
            "Tag": {
                "TagName": "NPC.LargeDeer"
            },
            "SpawnStat": {
                "Value": "DeerSpawnRate_+%"
            },
            "SkinningXPEvent": {
                "RowName": "Skin_LargeDeer"
            }
        },
        {
            "Name": "Roat",
            "CreatureName": "NSLOCTEXT(\"D_AICreatureType\", \"Roat-CreatureName\", \"Roat\")",
            "Tag": {
                "TagName": "NPC.Roat"
            },
            "SpawnStat": {
                "Value": "RoatSpawnRate_+%"
            },
            "SkinningXPEvent": {
                "RowName": "Skin_Roat"
            }
        },
        {
            "Name": "Wulv",
            "CreatureName": "NSLOCTEXT(\"D_AICreatureType\", \"Wulv-CreatureName\", \"Wulv\")",
            "Tag": {
                "TagName": "NPC.Wulv"
            },
            "SpawnStat": {
                "Value": "WulvSpawnRate_+%"
            },
            "SkinningXPEvent": {
                "RowName": "Skin_Wolf"
            }
        },
        {
            "Name": "Goat",
            "CreatureName": "NSLOCTEXT(\"D_AICreatureType\", \"Goat-CreatureName\", \"Goat\")",
            "Tag": {
                "TagName": "NPC.Goat"
            },
            "SpawnStat": {
                "Value": "GoatSpawnRate_+%"
            },
            "SkinningXPEvent": {
                "RowName": "Skin_RedGoat"
            }
        },
        {
            "Name": "Wolf",
            "CreatureName": "NSLOCTEXT(\"D_AICreatureType\", \"Wolf-CreatureName\", \"Wolf\")",
            "Tag": {
                "TagName": "NPC.Wolf"
            },
            "SpawnStat": {
                "Value": "WolfSpawnRate_+%"
            },
            "SkinningXPEvent": {
                "RowName": "Skin_Wolf"
            }
        },
        {
            "Name": "Bear",
            "CreatureName": "NSLOCTEXT(\"D_AICreatureType\", \"Bear-CreatureName\", \"Bear\")",
            "Tag": {
                "TagName": "NPC.Bear"
            },
            "SpawnStat": {
                "Value": "BearSpawnRate_+%"
            },
            "SkinningXPEvent": {
                "RowName": "Skin_Bear"
            }
        },
        {
            "Name": "Chamois",
            "CreatureName": "NSLOCTEXT(\"D_AICreatureType\", \"Chamois-CreatureName\", \"Chamois\")",
            "Tag": {
                "TagName": "NPC.Chamois"
            },
            "SpawnStat": {
                "Value": "ChamoisSpawnRate_+%"
            },
            "SkinningXPEvent": {
                "RowName": "Skin_Chamois"
            }
        },
        {
            "Name": "Elephant",
            "CreatureName": "NSLOCTEXT(\"D_AICreatureType\", \"Elephant-CreatureName\", \"Elephant\")",
            "Tag": {
                "TagName": "NPC.Elephant"
            },
            "SpawnStat": {
                "Value": "ElephantSpawnRate_+%"
            },
            "SkinningXPEvent": {
                "RowName": "Skin_Elephant"
            }
        },
        {
            "Name": "PolarBear",
            "CreatureName": "NSLOCTEXT(\"D_AICreatureType\", \"PolarBear-CreatureName\", \"Polar Bear\")",
            "Tag": {
                "TagName": "NPC.PolarBear"
            },
            "SpawnStat": {
                "Value": "PolarBearSpawnRate_+%"
            },
            "SkinningXPEvent": {
                "RowName": "Skin_PolarBear"
            }
        },
        {
            "Name": "Lion",
            "CreatureName": "NSLOCTEXT(\"D_AICreatureType\", \"Lion-CreatureName\", \"Cougar\")",
            "Tag": {
                "TagName": "NPC.Lion"
            },
            "SpawnStat": {
                "Value": "LionSpawnRate_+%"
            },
            "SkinningXPEvent": {
                "RowName": "Skin_Cougar"
            }
        },
        {
            "Name": "Mammoth",
            "CreatureName": "NSLOCTEXT(\"D_AICreatureType\", \"Mammoth-CreatureName\", \"Mammoth\")",
            "Tag": {
                "TagName": "NPC.Mammoth"
            },
            "SpawnStat": {
                "Value": "MammothSpawnRate_+%"
            },
            "SkinningXPEvent": {
                "RowName": "Skin_Mammoth"
            }
        },
        {
            "Name": "Rabbit",
            "CreatureName": "NSLOCTEXT(\"D_AICreatureType\", \"Rabbit-CreatureName\", \"Rabbit\")",
            "Tag": {
                "TagName": "NPC.Rabbit"
            },
            "SpawnStat": {
                "Value": "RabbitSpawnRate_+%"
            },
            "SkinningXPEvent": {
                "RowName": "Skin_Rabbit"
            }
        },
        {
            "Name": "Snow_Rabbit",
            "CreatureName": "NSLOCTEXT(\"D_AICreatureType\", \"Snow_Rabbit-CreatureName\", \"Snow Rabbit\")",
            "Tag": {
                "TagName": "NPC.Rabbit"
            },
            "SpawnStat": {
                "Value": "RabbitSpawnRate_+%"
            },
            "SkinningXPEvent": {
                "RowName": "Skin_Rabbit"
            }
        },
        {
            "Name": "Jaguar",
            "CreatureName": "NSLOCTEXT(\"D_AICreatureType\", \"Jaguar-CreatureName\", \"Jaguar\")",
            "Tag": {
                "TagName": "NPC.Jaguar"
            },
            "SpawnStat": {
                "Value": "LionSpawnRate_+%"
            },
            "SkinningXPEvent": {
                "RowName": "Skin_Cougar"
            }
        },
        {
            "Name": "Jaguar_Black",
            "CreatureName": "NSLOCTEXT(\"D_AICreatureType\", \"Jaguar_Black-CreatureName\", \"Black Jaguar\")",
            "Tag": {
                "TagName": "NPC.Jaguar.Black"
            },
            "SpawnStat": {
                "Value": "LionSpawnRate_+%"
            },
            "SkinningXPEvent": {
                "RowName": "Skin_Cougar"
            }
        },
        {
            "Name": "Raccoon",
            "CreatureName": "NSLOCTEXT(\"D_AICreatureType\", \"Raccoon-CreatureName\", \"Raccoon\")",
            "Tag": {
                "TagName": "NPC.Racoon"
            },
            "SpawnStat": {
                "Value": "RaccoonSpawnRate_+%"
            },
            "SkinningXPEvent": {
                "RowName": "Skin_Raccoon"
            }
        },
        {
            "Name": "SnowLeopard",
            "CreatureName": "NSLOCTEXT(\"D_AICreatureType\", \"SnowLeopard-CreatureName\", \"Snow Leopard\")",
            "Tag": {
                "TagName": "NPC.SnowLeopard"
            },
            "SpawnStat": {
                "Value": "LionSpawnRate_+%"
            },
            "SkinningXPEvent": {
                "RowName": "Skin_Cougar"
            }
        },
        {
            "Name": "Hyena",
            "CreatureName": "NSLOCTEXT(\"D_AICreatureType\", \"Hyena-CreatureName\", \"Hyena\")",
            "Tag": {
                "TagName": "NPC.Hyena"
            },
            "SpawnStat": {
                "Value": "WolfSpawnRate_+%"
            },
            "SkinningXPEvent": {
                "RowName": "Skin_Hyena"
            }
        },
        {
            "Name": "Antelope",
            "CreatureName": "NSLOCTEXT(\"D_AICreatureType\", \"Antelope-CreatureName\", \"Antelope\")",
            "Tag": {
                "TagName": "NPC.MediumDeer"
            },
            "SpawnStat": {
                "Value": "DeerSpawnRate_+%"
            },
            "SkinningXPEvent": {
                "RowName": "Skin_Antelope"
            }
        },
        {
            "Name": "LargeAntelope",
            "CreatureName": "NSLOCTEXT(\"D_AICreatureType\", \"LargeAntelope-CreatureName\", \"Antelope\")",
            "Tag": {
                "TagName": "NPC.LargeDeer"
            },
            "SpawnStat": {
                "Value": "DeerSpawnRate_+%"
            },
            "SkinningXPEvent": {
                "RowName": "Skin_Antelope"
            }
        },
        {
            "Name": "Pack_Wolf",
            "CreatureName": "NSLOCTEXT(\"D_AICreatureType\", \"Pack_Wolf-CreatureName\", \"Pack Wolf\")",
            "Tag": {
                "TagName": "NPC.Wolf"
            },
            "SpawnStat": {
                "Value": "WolfSpawnRate_+%"
            },
            "SkinningXPEvent": {
                "RowName": "Skin_Pack_Wolf"
            }
        },
        {
            "Name": "Alpha_Wolf",
            "CreatureName": "NSLOCTEXT(\"D_AICreatureType\", \"Alpha_Wolf-CreatureName\", \"Alpha Wolf\")",
            "Tag": {
                "TagName": "NPC.Wolf"
            },
            "SpawnStat": {
                "Value": "WolfSpawnRate_+%"
            },
            "SkinningXPEvent": {
                "RowName": "Skin_Alpha_Wolf"
            }
        },
        {
            "Name": "Buffalo",
            "CreatureName": "NSLOCTEXT(\"D_AICreatureType\", \"Buffalo-CreatureName\", \"Buffalo\")",
            "Tag": {
                "TagName": "NPC.Buffalo"
            },
            "SpawnStat": {
                "Value": "BuffaloSpawnRate_+%"
            },
            "SkinningXPEvent": {
                "RowName": "Skin_Buffalo"
            }
        },
        {
            "Name": "Wild_Boar",
            "CreatureName": "NSLOCTEXT(\"D_AICreatureType\", \"Wild_Boar-CreatureName\", \"Boar\")",
            "Tag": {
                "TagName": "NPC.Boar"
            },
            "SpawnStat": {
                "Value": "BoarSpawnRate_+%"
            },
            "SkinningXPEvent": {
                "RowName": "Skin_Boar"
            }
        },
        {
            "Name": "Zebra",
            "CreatureName": "NSLOCTEXT(\"D_AICreatureType\", \"Zebra-CreatureName\", \"Zebra\")",
            "Tag": {
                "TagName": "NPC.Zebra"
            },
            "SkinningXPEvent": {
                "RowName": "Skin_Zebra"
            }
        },
        {
            "Name": "SandWorm",
            "CreatureName": "NSLOCTEXT(\"D_AICreatureType\", \"SandWorm-CreatureName\", \"Sand Worm\")",
            "Tag": {
                "TagName": "NPC.Sandworm"
            }
        },
        {
            "Name": "SandWorm_Spitter",
            "CreatureName": "NSLOCTEXT(\"D_AICreatureType\", \"SandWorm_Spitter-CreatureName\", \"Sand Worm Spitter\")",
            "Tag": {
                "TagName": "NPC.SandWormSpitter"
            }
        },
        {
            "Name": "CaveWorm",
            "CreatureName": "NSLOCTEXT(\"D_AICreatureType\", \"CaveWorm-CreatureName\", \"Cave Worm\")",
            "Tag": {
                "TagName": "NPC.CaveWorm"
            }
        },
        {
            "Name": "Kea",
            "CreatureName": "NSLOCTEXT(\"D_AICreatureType\", \"Kea-CreatureName\", \"Kea\")",
            "Tag": {
                "TagName": "NPC.Kea"
            },
            "SkinningXPEvent": {
                "RowName": "Skin_Kea"
            }
        },
        {
            "Name": "Scorpion",
            "CreatureName": "NSLOCTEXT(\"D_AICreatureType\", \"Scorpion-CreatureName\", \"Scorpion\")",
            "Tag": {
                "TagName": "NPC.Scorpion"
            },
            "SpawnStat": {
                "Value": "ScorpionSpawnRate_+%"
            },
            "SkinningXPEvent": {
                "RowName": "Skin_Scorpion"
            }
        },
        {
            "Name": "Crocodile",
            "CreatureName": "NSLOCTEXT(\"D_AICreatureType\", \"Crocodile-CreatureName\", \"Crocodile\")",
            "Tag": {
                "TagName": "NPC.Crocodile"
            },
            "SkinningXPEvent": {
                "RowName": "Skin_Crocodile"
            }
        },
        {
            "Name": "Komodo",
            "CreatureName": "NSLOCTEXT(\"D_AICreatureType\", \"Komodo-CreatureName\", \"Komodo\")",
            "Tag": {
                "TagName": "NPC.Komodo"
            },
            "SkinningXPEvent": {
                "RowName": "Skin_Komodo"
            }
        },
        {
            "Name": "PolarBearCub",
            "CreatureName": "NSLOCTEXT(\"D_AICreatureType\", \"PolarBearCub-CreatureName\", \"Polar Bear Cub\")",
            "Tag": {
                "TagName": "NPC.PolarBear"
            },
            "SkinningXPEvent": {
                "RowName": "Skin_PolarBearCub"
            }
        },
        {
            "Name": "BearCub",
            "CreatureName": "NSLOCTEXT(\"D_AICreatureType\", \"BearCub-CreatureName\", \"Bear Cub\")",
            "Tag": {
                "TagName": "NPC.BearCub"
            },
            "SkinningXPEvent": {
                "RowName": "Skin_BearCub"
            }
        }
    ]
}