{
    "RowStruct": "/Script/Icarus.AISpawnZones",
    "Defaults": {
        "Creatures": {
            "SpawnList": {},
            "BiomeSpawnDensity": 15,
            "RelevantAutonomousSpawners": []
        },
        "MinLevel": 1,
        "MedianLevel": 5,
        "MaxLevel": 10
    },
    "Rows": [
        {
            "Name": "Conifer_Start",
            "Creatures": {
                "SpawnList": {
                    "(Value=\"Rabbit\")": 10,
                    "(Value=\"Deer\")": 10,
                    "(Value=\"Chamois_M\")": 10
                }
            }
        },
        {
            "Name": "Conifer_Easy",
            "Creatures": {
                "SpawnList": {
                    "(Value=\"Rabbit\")": 10,
                    "(Value=\"Deer\")": 6,
                    "(Value=\"Conifer_Wolf\")": 8,
                    "(Value=\"Deer_Conifer_Large\")": 5,
                    "(Value=\"Chamois_M\")": 10
                }
            },
            "MedianLevel": 15,
            "MaxLevel": 30
        },
        {
            "Name": "STYX_Conifer_Easy",
            "Creatures": {
                "SpawnList": {
                    "(Value=\"Rabbit\")": 10,
                    "(Value=\"Deer\")": 6,
                    "(Value=\"Conifer_Wolf\")": 8,
                    "(Value=\"Deer_Conifer_Large\")": 5,
                    "(Value=\"Chamois_M\")": 10,
                    "(Value=\"Komodo\")": 3,
                    "(Value=\"Jaguar\")": 2,
                    "(Value=\"Bear\")": 1
                },
                "RelevantAutonomousSpawners": [
                    {
                        "RowName": "Kea",
                        "DataTableName": "D_AutonomousSpawns"
                    }
                ]
            },
            "MedianLevel": 15,
            "MaxLevel": 30
        },
        {
            "Name": "Conifer_Medium",
            "Creatures": {
                "SpawnList": {
                    "(Value=\"Rabbit\")": 5,
                    "(Value=\"Deer\")": 8,
                    "(Value=\"Deer_Conifer_Large\")": 5,
                    "(Value=\"Conifer_Wolf\")": 7,
                    "(Value=\"Bear\")": 2,
                    "(Value=\"Chamois_M\")": 8,
                    "(Value=\"Buffalo\")": 2,
                    "(Value=\"Wild_Boar\")": 1
                }
            },
            "MedianLevel": 25,
            "MaxLevel": 50
        },
        {
            "Name": "STYX_Conifer_Medium",
            "Creatures": {
                "SpawnList": {
                    "(Value=\"Rabbit\")": 5,
                    "(Value=\"Deer\")": 8,
                    "(Value=\"Deer_Conifer_Large\")": 5,
                    "(Value=\"Conifer_Wolf\")": 7,
                    "(Value=\"Bear\")": 2,
                    "(Value=\"Chamois_M\")": 8,
                    "(Value=\"Buffalo\")": 2,
                    "(Value=\"Wild_Boar\")": 1,
                    "(Value=\"Komodo\")": 5
                },
                "RelevantAutonomousSpawners": [
                    {
                        "RowName": "Kea",
                        "DataTableName": "D_AutonomousSpawns"
                    }
                ]
            },
            "MedianLevel": 25,
            "MaxLevel": 50
        },
        {
            "Name": "STYX_Conifer_Medium_Crocs",
            "Creatures": {
                "SpawnList": {
                    "(Value=\"Deer\")": 1,
                    "(Value=\"Deer_Conifer_Large\")": 2,
                    "(Value=\"Conifer_Wolf\")": 2,
                    "(Value=\"Bear\")": 1,
                    "(Value=\"Buffalo\")": 1,
                    "(Value=\"Komodo\")": 4,
                    "(Value=\"Crocodile\")": 7
                },
                "RelevantAutonomousSpawners": [
                    {
                        "RowName": "Kea",
                        "DataTableName": "D_AutonomousSpawns"
                    }
                ]
            },
            "MedianLevel": 25,
            "MaxLevel": 50
        },
        {
            "Name": "Conifer_Hard",
            "Creatures": {
                "SpawnList": {
                    "(Value=\"Rabbit\")": 3,
                    "(Value=\"Deer\")": 5,
                    "(Value=\"Deer_Conifer_Large\")": 5,
                    "(Value=\"Conifer_Wolf\")": 8,
                    "(Value=\"Bear\")": 2,
                    "(Value=\"Chamois_M\")": 5,
                    "(Value=\"Buffalo\")": 3,
                    "(Value=\"Wild_Boar\")": 2
                }
            },
            "MinLevel": 60,
            "MedianLevel": 70,
            "MaxLevel": 80
        },
        {
            "Name": "STYX_Conifer_Hard",
            "Creatures": {
                "SpawnList": {
                    "(Value=\"Rabbit\")": 3,
                    "(Value=\"Deer\")": 5,
                    "(Value=\"Deer_Conifer_Large\")": 5,
                    "(Value=\"Conifer_Wolf\")": 8,
                    "(Value=\"Bear\")": 2,
                    "(Value=\"Buffalo\")": 3,
                    "(Value=\"Komodo\")": 3,
                    "(Value=\"Jaguar\")": 4
                },
                "RelevantAutonomousSpawners": [
                    {
                        "RowName": "Kea",
                        "DataTableName": "D_AutonomousSpawns"
                    }
                ]
            },
            "MinLevel": 60,
            "MedianLevel": 70,
            "MaxLevel": 80
        },
        {
            "Name": "Conifer_Super_Hard",
            "Creatures": {
                "SpawnList": {
                    "(Value=\"Rabbit\")": 2,
                    "(Value=\"Deer\")": 4,
                    "(Value=\"Deer_Conifer_Large\")": 5,
                    "(Value=\"Conifer_Wolf\")": 5,
                    "(Value=\"Bear\")": 5,
                    "(Value=\"Chamois_M\")": 3,
                    "(Value=\"Buffalo\")": 2,
                    "(Value=\"Wild_Boar\")": 3
                }
            },
            "MinLevel": 60,
            "MedianLevel": 90,
            "MaxLevel": 120
        },
        {
            "Name": "STYX_Conifer_Super_Hard",
            "Creatures": {
                "SpawnList": {
                    "(Value=\"Komodo\")": 4,
                    "(Value=\"Deer\")": 4,
                    "(Value=\"Deer_Conifer_Large\")": 5,
                    "(Value=\"Conifer_Wolf\")": 5,
                    "(Value=\"Bear\")": 5,
                    "(Value=\"Buffalo\")": 2,
                    "(Value=\"Wild_Boar\")": 3,
                    "(Value=\"Jaguar\")": 5
                },
                "RelevantAutonomousSpawners": [
                    {
                        "RowName": "Kea",
                        "DataTableName": "D_AutonomousSpawns"
                    }
                ]
            },
            "MinLevel": 60,
            "MedianLevel": 90,
            "MaxLevel": 120
        },
        {
            "Name": "STYX_Conifer_Super_Hard_Crocs",
            "Creatures": {
                "SpawnList": {
                    "(Value=\"Komodo\")": 3,
                    "(Value=\"Deer_Conifer_Large\")": 2,
                    "(Value=\"Conifer_Wolf\")": 1,
                    "(Value=\"Bear\")": 2,
                    "(Value=\"Crocodile\")": 8,
                    "(Value=\"Buffalo\")": 1,
                    "(Value=\"Jaguar\")": 2
                },
                "RelevantAutonomousSpawners": [
                    {
                        "RowName": "Kea",
                        "DataTableName": "D_AutonomousSpawns"
                    }
                ]
            },
            "MinLevel": 60,
            "MedianLevel": 90,
            "MaxLevel": 120
        },
        {
            "Name": "Arctic_Transition_Easy",
            "Creatures": {
                "SpawnList": {
                    "(Value=\"Snow_Wolf\")": 10,
                    "(Value=\"Snow_Rabbit\")": 5
                }
            },
            "MinLevel": 10,
            "MedianLevel": 25,
            "MaxLevel": 40
        },
        {
            "Name": "Arctic_Easy",
            "Creatures": {
                "SpawnList": {
                    "(Value=\"Polar_Bear\")": 0,
                    "(Value=\"Snow_Wolf\")": 10,
                    "(Value=\"Snow_Rabbit\")": 6,
                    "(Value=\"SnowLeopard\")": 1
                }
            },
            "MinLevel": 30,
            "MedianLevel": 40,
            "MaxLevel": 60
        },
        {
            "Name": "Arctic_Hard",
            "Creatures": {
                "SpawnList": {
                    "(Value=\"Polar_Bear\")": 1,
                    "(Value=\"Snow_Wolf\")": 10,
                    "(Value=\"Mammoth_Arctic\")": 1,
                    "(Value=\"Snow_Rabbit\")": 4,
                    "(Value=\"SnowLeopard\")": 2
                },
                "BiomeSpawnDensity": 10
            },
            "MinLevel": 60,
            "MedianLevel": 80,
            "MaxLevel": 100
        },
        {
            "Name": "Arctic_Bear_Easy",
            "Creatures": {
                "SpawnList": {
                    "(Value=\"Polar_Bear\")": 2
                }
            },
            "MinLevel": 20,
            "MedianLevel": 50,
            "MaxLevel": 80
        },
        {
            "Name": "Arctic_Transition_Hard",
            "Creatures": {
                "SpawnList": {
                    "(Value=\"Snow_Wolf\")": 10,
                    "(Value=\"Snow_Rabbit\")": 2,
                    "(Value=\"SnowLeopard\")": 1
                }
            },
            "MinLevel": 20,
            "MedianLevel": 40,
            "MaxLevel": 60
        },
        {
            "Name": "Arctic_Bear_Hard",
            "Creatures": {
                "SpawnList": {
                    "(Value=\"Polar_Bear\")": 2
                }
            },
            "MinLevel": 60,
            "MedianLevel": 90,
            "MaxLevel": 120
        },
        {
            "Name": "Desert_Easy",
            "Creatures": {
                "SpawnList": {
                    "(Value=\"Deer_Desert_Large\")": 10,
                    "(Value=\"Deer_Desert_Medium\")": 10,
                    "(Value=\"Chamois_M\")": 5,
                    "(Value=\"Zebra\")": 5
                }
            },
            "MinLevel": 30,
            "MedianLevel": 40,
            "MaxLevel": 50
        },
        {
            "Name": "STYX_Desert_Easy",
            "Creatures": {
                "SpawnList": {
                    "(Value=\"Deer_Desert_Large\")": 10,
                    "(Value=\"Deer_Desert_Medium\")": 10,
                    "(Value=\"Chamois_M\")": 5,
                    "(Value=\"Zebra\")": 5
                }
            },
            "MinLevel": 30,
            "MedianLevel": 40,
            "MaxLevel": 50
        },
        {
            "Name": "Desert_Medium",
            "Creatures": {
                "SpawnList": {
                    "(Value=\"Deer_Desert_Medium\")": 7,
                    "(Value=\"Deer_Desert_Large\")": 8,
                    "(Value=\"Elephant\")": 2,
                    "(Value=\"Desert_Wolf\")": 5,
                    "(Value=\"Chamois_M\")": 4,
                    "(Value=\"Lion_F\")": 2,
                    "(Value=\"Zebra\")": 2,
                    "(Value=\"Wild_Boar\")": 1,
                    "(Value=\"Scorpion\")": 3
                }
            },
            "MinLevel": 40,
            "MedianLevel": 50,
            "MaxLevel": 60
        },
        {
            "Name": "STYX_Desert_Medium",
            "Creatures": {
                "SpawnList": {
                    "(Value=\"Deer_Desert_Medium\")": 7,
                    "(Value=\"Deer_Desert_Large\")": 8,
                    "(Value=\"Elephant\")": 2,
                    "(Value=\"Desert_Wolf\")": 5,
                    "(Value=\"Chamois_M\")": 4,
                    "(Value=\"Lion_F\")": 2,
                    "(Value=\"Zebra\")": 2,
                    "(Value=\"Wild_Boar\")": 1,
                    "(Value=\"Scorpion\")": 3
                }
            },
            "MinLevel": 40,
            "MedianLevel": 50,
            "MaxLevel": 60
        },
        {
            "Name": "STYX_Desert_Medium_Crocs",
            "Creatures": {
                "SpawnList": {
                    "(Value=\"Crocodile\")": 6,
                    "(Value=\"Desert_Wolf\")": 2,
                    "(Value=\"Zebra\")": 2,
                    "(Value=\"Deer_Desert_Large\")": 1,
                    "(Value=\"Lion_F\")": 1
                },
                "BiomeSpawnDensity": 10
            },
            "MinLevel": 40,
            "MedianLevel": 50,
            "MaxLevel": 60
        },
        {
            "Name": "Desert_Hard",
            "Creatures": {
                "SpawnList": {
                    "(Value=\"Deer_Desert_Medium\")": 4,
                    "(Value=\"Deer_Desert_Large\")": 4,
                    "(Value=\"Elephant\")": 2,
                    "(Value=\"Desert_Wolf\")": 5,
                    "(Value=\"Chamois_M\")": 3,
                    "(Value=\"Lion_F\")": 5,
                    "(Value=\"Zebra\")": 3,
                    "(Value=\"Wild_Boar\")": 3,
                    "(Value=\"Scorpion\")": 5
                }
            },
            "MinLevel": 50,
            "MedianLevel": 70,
            "MaxLevel": 80
        },
        {
            "Name": "STYX_Desert_Hard",
            "Creatures": {
                "SpawnList": {
                    "(Value=\"Deer_Desert_Medium\")": 4,
                    "(Value=\"Deer_Desert_Large\")": 4,
                    "(Value=\"Elephant\")": 2,
                    "(Value=\"Desert_Wolf\")": 5,
                    "(Value=\"Chamois_M\")": 3,
                    "(Value=\"Lion_F\")": 5,
                    "(Value=\"Zebra\")": 3,
                    "(Value=\"Wild_Boar\")": 3,
                    "(Value=\"Scorpion\")": 5
                }
            },
            "MinLevel": 50,
            "MedianLevel": 70,
            "MaxLevel": 80
        },
        {
            "Name": "Desert_Super_Hard",
            "Creatures": {
                "SpawnList": {
                    "(Value=\"Deer_Desert_Medium\")": 3,
                    "(Value=\"Deer_Desert_Large\")": 3,
                    "(Value=\"Elephant\")": 2,
                    "(Value=\"Desert_Wolf\")": 5,
                    "(Value=\"Chamois_M\")": 2,
                    "(Value=\"Lion_F\")": 5,
                    "(Value=\"Zebra\")": 2,
                    "(Value=\"Wild_Boar\")": 5,
                    "(Value=\"Scorpion\")": 6
                }
            },
            "MinLevel": 80,
            "MedianLevel": 90,
            "MaxLevel": 100
        },
        {
            "Name": "STYX_Desert_Super_Hard",
            "Creatures": {
                "SpawnList": {
                    "(Value=\"Deer_Desert_Medium\")": 3,
                    "(Value=\"Deer_Desert_Large\")": 3,
                    "(Value=\"Elephant\")": 2,
                    "(Value=\"Desert_Wolf\")": 5,
                    "(Value=\"Chamois_M\")": 2,
                    "(Value=\"Lion_F\")": 5,
                    "(Value=\"Zebra\")": 2,
                    "(Value=\"Wild_Boar\")": 5,
                    "(Value=\"Scorpion\")": 6
                }
            },
            "MinLevel": 80,
            "MedianLevel": 90,
            "MaxLevel": 100
        },
        {
            "Name": "STYX_Desert_Super_Hard_Crocs",
            "Creatures": {
                "SpawnList": {
                    "(Value=\"Crocodile\")": 7,
                    "(Value=\"Deer_Desert_Large\")": 1,
                    "(Value=\"Wild_Boar\")": 2,
                    "(Value=\"Lion_F\")": 1,
                    "(Value=\"Chamois_M\")": 1
                },
                "BiomeSpawnDensity": 12
            },
            "MinLevel": 80,
            "MedianLevel": 90,
            "MaxLevel": 100
        },
        {
            "Name": "STYX_Desert_C_Extermination",
            "Creatures": {
                "SpawnList": {
                    "(Value=\"Deer_Desert_Medium\")": 3,
                    "(Value=\"Chamois_M\")": 2,
                    "(Value=\"Lion_F\")": 25,
                    "(Value=\"Wild_Boar\")": 5,
                    "(Value=\"Scorpion\")": 6
                }
            },
            "MinLevel": 80,
            "MedianLevel": 90,
            "MaxLevel": 100
        },
        {
            "Name": "Conifer_Extermination",
            "Creatures": {
                "SpawnList": {
                    "(Value=\"Rabbit\")": 10,
                    "(Value=\"Deer\")": 10,
                    "(Value=\"Deer_Conifer_Large\")": 5,
                    "(Value=\"Conifer_Wolf\")": 10,
                    "(Value=\"Bear\")": 2,
                    "(Value=\"Chamois_M\")": 10
                }
            },
            "MedianLevel": 15,
            "MaxLevel": 30
        },
        {
            "Name": "Outpost_Forest_Easy",
            "Creatures": {
                "SpawnList": {
                    "(Value=\"Rabbit\")": 10,
                    "(Value=\"Deer\")": 10,
                    "(Value=\"Deer_Conifer_Large\")": 10,
                    "(Value=\"Chamois_M\")": 10
                }
            },
            "MedianLevel": 15,
            "MaxLevel": 30
        },
        {
            "Name": "Outpost_Arctic_Easy",
            "Creatures": {
                "SpawnList": {
                    "(Value=\"Deer_Conifer_Large\")": 10,
                    "(Value=\"Snow_Rabbit\")": 10,
                    "(Value=\"Deer\")": 10,
                    "(Value=\"Chamois_M\")": 10
                }
            },
            "MedianLevel": 15,
            "MaxLevel": 30
        },
        {
            "Name": "Desert_IncreasedScorpions",
            "Creatures": {
                "SpawnList": {
                    "(Value=\"Deer_Desert_Large\")": 7,
                    "(Value=\"Deer_Desert_Medium\")": 7,
                    "(Value=\"Chamois_M\")": 5,
                    "(Value=\"Zebra\")": 5,
                    "(Value=\"Scorpion\")": 8
                }
            },
            "MinLevel": 30,
            "MedianLevel": 40,
            "MaxLevel": 50
        },
        {
            "Name": "Desert_Medium_IncreasedScorpions",
            "Creatures": {
                "SpawnList": {
                    "(Value=\"Deer_Desert_Medium\")": 5,
                    "(Value=\"Deer_Desert_Large\")": 8,
                    "(Value=\"Elephant\")": 2,
                    "(Value=\"Desert_Wolf\")": 5,
                    "(Value=\"Chamois_M\")": 4,
                    "(Value=\"Lion_F\")": 2,
                    "(Value=\"Zebra\")": 2,
                    "(Value=\"Wild_Boar\")": 1,
                    "(Value=\"Scorpion\")": 10
                }
            },
            "MinLevel": 40,
            "MedianLevel": 50,
            "MaxLevel": 60
        }
    ]
}