{
    "RowStruct": "/Script/Icarus.EpicCreatures",
    "Defaults": {
        "CreatureNames": [],
        "AISetup": {
            "RowName": "None",
            "DataTableName": "D_AISetup"
        },
        "AdditionalStats": {}
    },
    "GenerateEnum": true,
    "Rows": [
        {
            "Name": "Invalid",
            "CreatureNames": [
                ""
            ]
        },
        {
            "Name": "Mammoth_Boss",
            "CreatureNames": [
                "NSLOCTEXT(\"D_EpicCreatures\", \"Mammoth_Boss-CreatureNames-0\", \"Exctoris\")",
                "NSLOCTEXT(\"D_EpicCreatures\", \"Mammoth_Boss-CreatureNames-1\", \"Ankhar\")",
                "NSLOCTEXT(\"D_EpicCreatures\", \"Mammoth_Boss-CreatureNames-2\", \"Archytus\")"
            ],
            "AISetup": {
                "RowName": "Mammoth_Boss"
            }
        },
        {
            "Name": "PolarBear_Boss",
            "CreatureNames": [
                "NSLOCTEXT(\"D_EpicCreatures\", \"PolarBear_Boss-CreatureNames-0\", \"Polaris\")",
                "NSLOCTEXT(\"D_EpicCreatures\", \"PolarBear_Boss-CreatureNames-1\", \"Blanco\")",
                "NSLOCTEXT(\"D_EpicCreatures\", \"PolarBear_Boss-CreatureNames-2\", \"Makknus\")"
            ],
            "AISetup": {
                "RowName": "Polar_Bear_Boss"
            }
        },
        {
            "Name": "Bear_Boss",
            "CreatureNames": [
                "NSLOCTEXT(\"D_EpicCreatures\", \"Bear_Boss-CreatureNames-0\", \"Brutus\")",
                "NSLOCTEXT(\"D_EpicCreatures\", \"Bear_Boss-CreatureNames-1\", \"Grute\")"
            ],
            "AISetup": {
                "RowName": "Bear"
            }
        },
        {
            "Name": "Jaguar_Boss",
            "CreatureNames": [
                "NSLOCTEXT(\"D_EpicCreatures\", \"Jaguar_Boss-CreatureNames-0\", \"Suku\")",
                "NSLOCTEXT(\"D_EpicCreatures\", \"Jaguar_Boss-CreatureNames-1\", \"Galatea\")",
                "NSLOCTEXT(\"D_EpicCreatures\", \"Jaguar_Boss-CreatureNames-2\", \"Zenet\")"
            ],
            "AISetup": {
                "RowName": "Jaguar_Boss"
            }
        },
        {
            "Name": "Sandworm_Boss",
            "CreatureNames": [
                "NSLOCTEXT(\"D_EpicCreatures\", \"Sandworm_Boss-CreatureNames-0\", \"\\'Memory in Water\\'\")",
                "NSLOCTEXT(\"D_EpicCreatures\", \"Sandworm_Boss-CreatureNames-1\", \"\\'Song of Sand\\'\")",
                "NSLOCTEXT(\"D_EpicCreatures\", \"Sandworm_Boss-CreatureNames-2\", \"\\'Ancient Shade\\'\")",
                "NSLOCTEXT(\"D_EpicCreatures\", \"Sandworm_Boss-CreatureNames-3\", \"\\'Shatters Stone\\'\")"
            ]
        },
        {
            "Name": "Sandworm_WorldBoss",
            "CreatureNames": [
                "NSLOCTEXT(\"D_EpicCreatures\", \"Sandworm_WorldBoss-CreatureNames-0\", \"\\'Memory in Water\\'\")",
                "NSLOCTEXT(\"D_EpicCreatures\", \"Sandworm_WorldBoss-CreatureNames-1\", \"\\'Song of Sand\\'\")",
                "NSLOCTEXT(\"D_EpicCreatures\", \"Sandworm_WorldBoss-CreatureNames-2\", \"\\'Ancient Shade\\'\")",
                "NSLOCTEXT(\"D_EpicCreatures\", \"Sandworm_WorldBoss-CreatureNames-3\", \"\\'Shatters Stone\\'\")"
            ],
            "AdditionalStats": {
                "(Value=\"BaseSandWormInitialDetectionRadius_+\")": 6500
            }
        },
        {
            "Name": "AlphaWolf_Boss",
            "CreatureNames": [
                "NSLOCTEXT(\"D_EpicCreatures\", \"AlphaWolf_Boss-CreatureNames-0\", \"Bakan the Guardian\")",
                "NSLOCTEXT(\"D_EpicCreatures\", \"AlphaWolf_Boss-CreatureNames-1\", \"Shakur the Sleeper\")",
                "NSLOCTEXT(\"D_EpicCreatures\", \"AlphaWolf_Boss-CreatureNames-2\", \"Kanis the Victor\")"
            ],
            "AISetup": {
                "RowName": "Alpha_Wolf_Boss"
            }
        },
        {
            "Name": "Scorpion_Boss",
            "CreatureNames": [
                "NSLOCTEXT(\"D_EpicCreatures\", \"Scorpion_Boss-CreatureNames-0\", \"Zorum\")",
                "NSLOCTEXT(\"D_EpicCreatures\", \"Scorpion_Boss-CreatureNames-1\", \"Xiatau\")"
            ]
        },
        {
            "Name": "Crocodile_Boss",
            "CreatureNames": [
                "NSLOCTEXT(\"D_EpicCreatures\", \"Crocodile_Boss-CreatureNames-0\", \"Broken Tooth\")",
                "NSLOCTEXT(\"D_EpicCreatures\", \"Crocodile_Boss-CreatureNames-1\", \"Snapping Jaw\")"
            ],
            "AISetup": {
                "RowName": "Crocodile"
            }
        },
        {
            "Name": "PolarBear_Mother",
            "CreatureNames": [
                "NSLOCTEXT(\"D_EpicCreatures\", \"PolarBear_Mother-CreatureNames-0\", \"Den Mother\")"
            ],
            "AISetup": {
                "RowName": "Polar_Bear_Boss"
            },
            "AdditionalStats": {
                "(Value=\"BaseAttacksCauseSlow_%\")": 25
            }
        }
    ]
}