{
    "RowStruct": "/Script/Icarus.CharacterVoiceData",
    "Defaults": {
        "DisplayName": "",
        "VoiceFMODParam": "None"
    },
    "Rows": [
        {
            "Name": "NoVoice",
            "DisplayName": "NSLOCTEXT(\"D_CharacterVoices\", \"NoVoice-DisplayName\", \"None\")",
            "Metadata": {
                "bIsDeprecated": true
            }
        },
        {
            "Name": "VoiceA",
            "DisplayName": "NSLOCTEXT(\"D_CharacterVoices\", \"VoiceA-DisplayName\", \"Voice A\")",
            "VoiceFMODParam": "VoiceA"
        },
        {
            "Name": "VoiceB",
            "DisplayName": "NSLOCTEXT(\"D_CharacterVoices\", \"VoiceB-DisplayName\", \"Voice B\")",
            "VoiceFMODParam": "VoiceB"
        }
    ]
}