{
    "RowStruct": "/Script/Icarus.CreatureAudioThreatData",
    "Defaults": {
        "ThreatSettings": {}
    },
    "Rows": [
        {
            "Name": "Default",
            "ThreatSettings": {
                "OtherPlayer": {
                    "DistanceModifierCurve": "CurveFloat'/Game/BP/Audio/Creatures/CreatureAudio_ThreatDistanceModifier_Default.CreatureAudio_ThreatDistanceModifier_Default'",
                    "GracePeriod": 1
                },
                "LocalPlayer": {
                    "DistanceModifierCurve": "CurveFloat'/Game/BP/Audio/Creatures/CreatureAudio_ThreatDistanceModifier_Default.CreatureAudio_ThreatDistanceModifier_Default'",
                    "GracePeriod": 3
                },
                "OtherCreature": {
                    "DistanceModifierCurve": "CurveFloat'/Game/BP/Audio/Creatures/CreatureAudio_ThreatDistanceModifier_Default.CreatureAudio_ThreatDistanceModifier_Default'",
                    "GracePeriod": 1
                },
                "Stimulus": {
                    "DistanceModifierCurve": "CurveFloat'/Game/BP/Audio/Creatures/CreatureAudio_ThreatDistanceModifier_Default.CreatureAudio_ThreatDistanceModifier_Default'",
                    "GracePeriod": 1
                }
            }
        },
        {
            "Name": "Boss",
            "ThreatSettings": {
                "OtherPlayer": {
                    "DistanceModifierCurve": "CurveFloat'/Game/BP/Audio/Creatures/CreatureAudio_ThreatDistanceModifier_Boss.CreatureAudio_ThreatDistanceModifier_Boss'",
                    "GracePeriod": 1
                },
                "LocalPlayer": {
                    "DistanceModifierCurve": "CurveFloat'/Game/BP/Audio/Creatures/CreatureAudio_ThreatDistanceModifier_Boss.CreatureAudio_ThreatDistanceModifier_Boss'",
                    "GracePeriod": 3
                },
                "OtherCreature": {
                    "DistanceModifierCurve": "CurveFloat'/Game/BP/Audio/Creatures/CreatureAudio_ThreatDistanceModifier_Boss.CreatureAudio_ThreatDistanceModifier_Boss'",
                    "GracePeriod": 1
                },
                "Stimulus": {
                    "DistanceModifierCurve": "CurveFloat'/Game/BP/Audio/Creatures/CreatureAudio_ThreatDistanceModifier_Boss.CreatureAudio_ThreatDistanceModifier_Boss'",
                    "GracePeriod": 1
                }
            }
        },
        {
            "Name": "ScorpionBoss",
            "ThreatSettings": {
                "LocalPlayer": {
                    "DistanceModifierCurve": "CurveFloat'/Game/BP/Audio/Creatures/CreatureAudio_ThreatDistanceModifier_ScorpionBoss.CreatureAudio_ThreatDistanceModifier_ScorpionBoss'",
                    "GracePeriod": 3
                },
                "OtherPlayer": {
                    "DistanceModifierCurve": "CurveFloat'/Game/BP/Audio/Creatures/CreatureAudio_ThreatDistanceModifier_ScorpionBoss.CreatureAudio_ThreatDistanceModifier_ScorpionBoss'",
                    "GracePeriod": 1
                }
            }
        }
    ]
}