{
    "RowStruct": "/Script/Icarus.MusicTrack",
    "Defaults": {
        "Event": "None",
        "FadeInCurve": "None",
        "FadeOutCurve": "None",
        "PrevTrackOverrideFadeOutCurve": "None",
        "bTrackCanBePaused": false,
        "PlayerStateFlags": 0,
        "Locations": [],
        "CombatFlags": 0,
        "TimeOfDayFlags": 0,
        "WeatherFlags": 0,
        "DropTimeFlags": 0,
        "DropStateFlags": 0,
        "GameplayEventFlags": 0,
        "DisasterFlags": 0,
        "Quests": [],
        "StateGroup": {
            "RowName": "None",
            "DataTableName": "D_MusicTrackStateGroups"
        },
        "Tempo": 0,
        "Key": "None",
        "TimeSignature": "None"
    },
    "Rows": [
        {
            "Name": "Forest_Idle_1",
            "Event": "/Game/FMOD/Events/Music/Icarus_1.Icarus_1",
            "FadeInCurve": "CurveFloat'/Game/BP/Audio/Music/MusicCurve_DefaultFadeIn.MusicCurve_DefaultFadeIn'",
            "FadeOutCurve": "CurveFloat'/Game/BP/Audio/Music/MusicCurve_DefaultFadeOut.MusicCurve_DefaultFadeOut'",
            "bTrackCanBePaused": true,
            "PlayerStateFlags": 1,
            "Locations": [
                {
                    "RowName": "Conifer",
                    "DataTableName": "D_MusicLocationConditions"
                }
            ],
            "CombatFlags": 1,
            "TimeOfDayFlags": 2,
            "WeatherFlags": 1,
            "DropStateFlags": 2,
            "DisasterFlags": 1,
            "Tempo": 126,
            "Key": "Dm",
            "TimeSignature": "4/4"
        },
        {
            "Name": "Forest_Idle_2",
            "Event": "/Game/FMOD/Events/Music/Icarus_2.Icarus_2",
            "FadeInCurve": "CurveFloat'/Game/BP/Audio/Music/MusicCurve_DefaultFadeIn.MusicCurve_DefaultFadeIn'",
            "FadeOutCurve": "CurveFloat'/Game/BP/Audio/Music/MusicCurve_DefaultFadeOut.MusicCurve_DefaultFadeOut'",
            "bTrackCanBePaused": true,
            "PlayerStateFlags": 1,
            "Locations": [
                {
                    "RowName": "Conifer",
                    "DataTableName": "D_MusicLocationConditions"
                }
            ],
            "CombatFlags": 1,
            "TimeOfDayFlags": 2,
            "WeatherFlags": 1,
            "DropStateFlags": 2,
            "DisasterFlags": 1,
            "Tempo": 118,
            "Key": "Fmi",
            "TimeSignature": "6/8"
        },
        {
            "Name": "Forest_Idle_3",
            "Event": "/Game/FMOD/Events/Music/Icarus_3.Icarus_3",
            "FadeInCurve": "CurveFloat'/Game/BP/Audio/Music/MusicCurve_DefaultFadeIn.MusicCurve_DefaultFadeIn'",
            "FadeOutCurve": "CurveFloat'/Game/BP/Audio/Music/MusicCurve_DefaultFadeOut.MusicCurve_DefaultFadeOut'",
            "bTrackCanBePaused": true,
            "PlayerStateFlags": 1,
            "Locations": [
                {
                    "RowName": "Conifer",
                    "DataTableName": "D_MusicLocationConditions"
                }
            ],
            "CombatFlags": 1,
            "TimeOfDayFlags": 2,
            "WeatherFlags": 1,
            "DropStateFlags": 2,
            "DisasterFlags": 1,
            "Tempo": 74,
            "Key": "Cmi",
            "TimeSignature": "3/4"
        },
        {
            "Name": "HarshTerrain_Idle_1",
            "Event": "/Game/FMOD/Events/Music/Icarus_5.Icarus_5",
            "FadeInCurve": "CurveFloat'/Game/BP/Audio/Music/MusicCurve_DefaultFadeIn.MusicCurve_DefaultFadeIn'",
            "FadeOutCurve": "CurveFloat'/Game/BP/Audio/Music/MusicCurve_DefaultFadeOut.MusicCurve_DefaultFadeOut'",
            "bTrackCanBePaused": true,
            "PlayerStateFlags": 1,
            "Locations": [
                {
                    "RowName": "Arctic",
                    "DataTableName": "D_MusicLocationConditions"
                },
                {
                    "RowName": "Desert",
                    "DataTableName": "D_MusicLocationConditions"
                }
            ],
            "CombatFlags": 1,
            "TimeOfDayFlags": 2,
            "WeatherFlags": 1,
            "DropStateFlags": 2,
            "DisasterFlags": 1,
            "Tempo": 76,
            "Key": "Ami",
            "TimeSignature": "4/4"
        },
        {
            "Name": "HarshTerrain_Idle_2",
            "Event": "/Game/FMOD/Events/Music/Icarus_6.Icarus_6",
            "FadeInCurve": "CurveFloat'/Game/BP/Audio/Music/MusicCurve_DefaultFadeIn.MusicCurve_DefaultFadeIn'",
            "FadeOutCurve": "CurveFloat'/Game/BP/Audio/Music/MusicCurve_DefaultFadeOut.MusicCurve_DefaultFadeOut'",
            "bTrackCanBePaused": true,
            "PlayerStateFlags": 1,
            "Locations": [
                {
                    "RowName": "Arctic",
                    "DataTableName": "D_MusicLocationConditions"
                },
                {
                    "RowName": "Desert",
                    "DataTableName": "D_MusicLocationConditions"
                }
            ],
            "CombatFlags": 1,
            "TimeOfDayFlags": 2,
            "WeatherFlags": 1,
            "DropStateFlags": 2,
            "DisasterFlags": 1,
            "Tempo": 89,
            "Key": "Cmi",
            "TimeSignature": "4/4"
        },
        {
            "Name": "HarshTerrain_Idle_3",
            "Event": "/Game/FMOD/Events/Music/Icarus_9.Icarus_9",
            "FadeInCurve": "CurveFloat'/Game/BP/Audio/Music/MusicCurve_DefaultFadeIn.MusicCurve_DefaultFadeIn'",
            "FadeOutCurve": "CurveFloat'/Game/BP/Audio/Music/MusicCurve_DefaultFadeOut.MusicCurve_DefaultFadeOut'",
            "bTrackCanBePaused": true,
            "PlayerStateFlags": 1,
            "Locations": [
                {
                    "RowName": "Arctic",
                    "DataTableName": "D_MusicLocationConditions"
                },
                {
                    "RowName": "Desert",
                    "DataTableName": "D_MusicLocationConditions"
                }
            ],
            "CombatFlags": 1,
            "TimeOfDayFlags": 2,
            "WeatherFlags": 1,
            "DropStateFlags": 2,
            "DisasterFlags": 1,
            "Tempo": 96,
            "Key": "Dmi",
            "TimeSignature": "13/8"
        },
        {
            "Name": "Cave_1",
            "Event": "/Game/FMOD/Events/Music/Icarus_12.Icarus_12",
            "FadeInCurve": "CurveFloat'/Game/BP/Audio/Music/MusicCurve_SlowFadeIn.MusicCurve_SlowFadeIn'",
            "FadeOutCurve": "CurveFloat'/Game/BP/Audio/Music/MusicCurve_DefaultFadeOut.MusicCurve_DefaultFadeOut'",
            "bTrackCanBePaused": true,
            "PlayerStateFlags": 1,
            "Locations": [
                {
                    "RowName": "Cave",
                    "DataTableName": "D_MusicLocationConditions"
                }
            ],
            "CombatFlags": 1,
            "TimeOfDayFlags": 2,
            "WeatherFlags": 1,
            "DropStateFlags": 2,
            "DisasterFlags": 1,
            "Tempo": 76,
            "Key": "Ami",
            "TimeSignature": "4/4"
        },
        {
            "Name": "Cave_2",
            "Event": "/Game/FMOD/Events/Music/Icarus_13.Icarus_13",
            "FadeInCurve": "CurveFloat'/Game/BP/Audio/Music/MusicCurve_SlowFadeIn.MusicCurve_SlowFadeIn'",
            "FadeOutCurve": "CurveFloat'/Game/BP/Audio/Music/MusicCurve_DefaultFadeOut.MusicCurve_DefaultFadeOut'",
            "bTrackCanBePaused": true,
            "PlayerStateFlags": 1,
            "Locations": [
                {
                    "RowName": "Cave",
                    "DataTableName": "D_MusicLocationConditions"
                }
            ],
            "CombatFlags": 1,
            "TimeOfDayFlags": 2,
            "WeatherFlags": 1,
            "DropStateFlags": 2,
            "DisasterFlags": 1,
            "Tempo": 89,
            "Key": "Cmi",
            "TimeSignature": "4/4"
        },
        {
            "Name": "Cave_3",
            "Event": "/Game/FMOD/Events/Music/Icarus_14.Icarus_14",
            "FadeInCurve": "CurveFloat'/Game/BP/Audio/Music/MusicCurve_SlowFadeIn.MusicCurve_SlowFadeIn'",
            "FadeOutCurve": "CurveFloat'/Game/BP/Audio/Music/MusicCurve_DefaultFadeOut.MusicCurve_DefaultFadeOut'",
            "bTrackCanBePaused": true,
            "PlayerStateFlags": 1,
            "Locations": [
                {
                    "RowName": "Cave",
                    "DataTableName": "D_MusicLocationConditions"
                }
            ],
            "CombatFlags": 1,
            "TimeOfDayFlags": 2,
            "WeatherFlags": 1,
            "DropStateFlags": 2,
            "DisasterFlags": 1,
            "Tempo": 96,
            "Key": "Dmi",
            "TimeSignature": "13/8"
        },
        {
            "Name": "Out_Of_Bounds",
            "Event": "/Game/FMOD/Events/Music/Icarus_LowHealth.Icarus_LowHealth",
            "FadeInCurve": "CurveFloat'/Game/BP/Audio/Music/MusicCurve_FastFadeIn.MusicCurve_FastFadeIn'",
            "FadeOutCurve": "CurveFloat'/Game/BP/Audio/Music/MusicCurve_DefaultFadeOut.MusicCurve_DefaultFadeOut'",
            "PrevTrackOverrideFadeOutCurve": "CurveFloat'/Game/BP/Audio/Music/MusicCurve_QuickFadeOut.MusicCurve_QuickFadeOut'",
            "PlayerStateFlags": 1,
            "Locations": [
                {
                    "RowName": "OutOfBounds",
                    "DataTableName": "D_MusicLocationConditions"
                }
            ],
            "CombatFlags": 3,
            "DropStateFlags": 2
        },
        {
            "Name": "Night_1",
            "Event": "/Game/FMOD/Events/Music/Icarus_7_Night.Icarus_7_Night",
            "FadeInCurve": "CurveFloat'/Game/BP/Audio/Music/MusicCurve_DefaultFadeIn.MusicCurve_DefaultFadeIn'",
            "FadeOutCurve": "CurveFloat'/Game/BP/Audio/Music/MusicCurve_DefaultFadeOut.MusicCurve_DefaultFadeOut'",
            "bTrackCanBePaused": true,
            "PlayerStateFlags": 1,
            "CombatFlags": 1,
            "TimeOfDayFlags": 8,
            "DropStateFlags": 2,
            "DisasterFlags": 1,
            "Tempo": 140,
            "Key": "Emi",
            "TimeSignature": "6/4"
        },
        {
            "Name": "Night_2",
            "Event": "/Game/FMOD/Events/Music/Icarus_10_Night.Icarus_10_Night",
            "FadeInCurve": "CurveFloat'/Game/BP/Audio/Music/MusicCurve_DefaultFadeIn.MusicCurve_DefaultFadeIn'",
            "FadeOutCurve": "CurveFloat'/Game/BP/Audio/Music/MusicCurve_DefaultFadeOut.MusicCurve_DefaultFadeOut'",
            "bTrackCanBePaused": true,
            "PlayerStateFlags": 1,
            "CombatFlags": 1,
            "TimeOfDayFlags": 8,
            "DropStateFlags": 2,
            "DisasterFlags": 1,
            "Tempo": 160,
            "Key": "Dmi",
            "TimeSignature": "6/4"
        },
        {
            "Name": "Night_3",
            "Event": "/Game/FMOD/Events/Music/Icarus_11_Night.Icarus_11_Night",
            "FadeInCurve": "CurveFloat'/Game/BP/Audio/Music/MusicCurve_DefaultFadeIn.MusicCurve_DefaultFadeIn'",
            "FadeOutCurve": "CurveFloat'/Game/BP/Audio/Music/MusicCurve_DefaultFadeOut.MusicCurve_DefaultFadeOut'",
            "bTrackCanBePaused": true,
            "PlayerStateFlags": 1,
            "CombatFlags": 1,
            "TimeOfDayFlags": 8,
            "DropStateFlags": 2,
            "DisasterFlags": 1,
            "Tempo": 160,
            "Key": "Dmi",
            "TimeSignature": "6/4"
        },
        {
            "Name": "Storm_1",
            "Event": "/Game/FMOD/Events/Music/Icarus_7_Storm.Icarus_7_Storm",
            "FadeInCurve": "CurveFloat'/Game/BP/Audio/Music/MusicCurve_DefaultFadeIn.MusicCurve_DefaultFadeIn'",
            "FadeOutCurve": "CurveFloat'/Game/BP/Audio/Music/MusicCurve_40S_FadeOut.MusicCurve_40S_FadeOut'",
            "bTrackCanBePaused": true,
            "PlayerStateFlags": 1,
            "CombatFlags": 1,
            "WeatherFlags": 4,
            "DropStateFlags": 2,
            "Tempo": 140,
            "Key": "Emi",
            "TimeSignature": "6/4"
        },
        {
            "Name": "Storm_2",
            "Event": "/Game/FMOD/Events/Music/Icarus_10_Storm.Icarus_10_Storm",
            "FadeInCurve": "CurveFloat'/Game/BP/Audio/Music/MusicCurve_DefaultFadeIn.MusicCurve_DefaultFadeIn'",
            "FadeOutCurve": "CurveFloat'/Game/BP/Audio/Music/MusicCurve_40S_FadeOut.MusicCurve_40S_FadeOut'",
            "bTrackCanBePaused": true,
            "PlayerStateFlags": 1,
            "CombatFlags": 1,
            "WeatherFlags": 4,
            "DropStateFlags": 2,
            "Tempo": 160,
            "Key": "Dmi",
            "TimeSignature": "6/4"
        },
        {
            "Name": "Storm_3",
            "Event": "/Game/FMOD/Events/Music/Icarus_11_Storm.Icarus_11_Storm",
            "FadeInCurve": "CurveFloat'/Game/BP/Audio/Music/MusicCurve_DefaultFadeIn.MusicCurve_DefaultFadeIn'",
            "FadeOutCurve": "CurveFloat'/Game/BP/Audio/Music/MusicCurve_40S_FadeOut.MusicCurve_40S_FadeOut'",
            "bTrackCanBePaused": true,
            "PlayerStateFlags": 1,
            "CombatFlags": 1,
            "WeatherFlags": 4,
            "DropStateFlags": 2,
            "Tempo": 160,
            "Key": "Dmi",
            "TimeSignature": "6/4"
        },
        {
            "Name": "Player_Unconscious",
            "Event": "/Game/FMOD/Events/Music/Icarus_4.Icarus_4",
            "FadeInCurve": "CurveFloat'/Game/BP/Audio/Music/MusicCurve_FastFadeIn.MusicCurve_FastFadeIn'",
            "FadeOutCurve": "CurveFloat'/Game/BP/Audio/Music/MusicCurve_DefaultFadeOut.MusicCurve_DefaultFadeOut'",
            "PrevTrackOverrideFadeOutCurve": "CurveFloat'/Game/BP/Audio/Music/MusicCurve_QuickFadeOut.MusicCurve_QuickFadeOut'",
            "PlayerStateFlags": 2,
            "DropStateFlags": 2,
            "Tempo": 80,
            "Key": "Dmi",
            "TimeSignature": "6/16"
        },
        {
            "Name": "Hab",
            "Event": "/Game/FMOD/Events/Music/Icarus_Theme.Icarus_Theme",
            "FadeInCurve": "CurveFloat'/Game/BP/Audio/Music/MusicCurve_DefaultFadeIn.MusicCurve_DefaultFadeIn'",
            "FadeOutCurve": "CurveFloat'/Game/BP/Audio/Music/MusicCurve_DefaultFadeOut.MusicCurve_DefaultFadeOut'",
            "PrevTrackOverrideFadeOutCurve": "CurveFloat'/Game/BP/Audio/Music/MusicCurve_QuickFadeOut.MusicCurve_QuickFadeOut'",
            "DropStateFlags": 24
        },
        {
            "Name": "Discovered_Meta",
            "Event": "/Game/FMOD/Events/Music/Icarus_MetaDiscovery.Icarus_MetaDiscovery",
            "FadeInCurve": "CurveFloat'/Game/BP/Audio/Music/MusicCurve_DefaultFadeIn.MusicCurve_DefaultFadeIn'",
            "FadeOutCurve": "CurveFloat'/Game/BP/Audio/Music/MusicCurve_DefaultFadeOut.MusicCurve_DefaultFadeOut'",
            "PrevTrackOverrideFadeOutCurve": "CurveFloat'/Game/BP/Audio/Music/MusicCurve_CueFadeOut.MusicCurve_CueFadeOut'",
            "GameplayEventFlags": 1
        },
        {
            "Name": "Player_Revived",
            "Event": "/Game/FMOD/Events/Music/Icarus_Revived.Icarus_Revived",
            "FadeInCurve": "CurveFloat'/Game/BP/Audio/Music/MusicCurve_DefaultFadeIn.MusicCurve_DefaultFadeIn'",
            "FadeOutCurve": "CurveFloat'/Game/BP/Audio/Music/MusicCurve_DefaultFadeOut.MusicCurve_DefaultFadeOut'",
            "PrevTrackOverrideFadeOutCurve": "CurveFloat'/Game/BP/Audio/Music/MusicCurve_CueFadeOut.MusicCurve_CueFadeOut'",
            "GameplayEventFlags": 2
        },
        {
            "Name": "Player_Low_Health",
            "Event": "/Game/FMOD/Events/Music/Icarus_LowHealth.Icarus_LowHealth",
            "FadeInCurve": "CurveFloat'/Game/BP/Audio/Music/MusicCurve_DefaultFadeIn.MusicCurve_DefaultFadeIn'",
            "FadeOutCurve": "CurveFloat'/Game/BP/Audio/Music/MusicCurve_DefaultFadeOut.MusicCurve_DefaultFadeOut'",
            "PlayerStateFlags": 4,
            "DropStateFlags": 2
        },
        {
            "Name": "Combat_1",
            "Event": "/Game/FMOD/Events/Music/Icarus_16_1.Icarus_16_1",
            "FadeInCurve": "CurveFloat'/Game/BP/Audio/Music/MusicCurve_VeryFastFadeIn.MusicCurve_VeryFastFadeIn'",
            "FadeOutCurve": "CurveFloat'/Game/BP/Audio/Music/MusicCurve_DefaultFadeOut.MusicCurve_DefaultFadeOut'",
            "PrevTrackOverrideFadeOutCurve": "CurveFloat'/Game/BP/Audio/Music/MusicCurve_QuickFadeOut.MusicCurve_QuickFadeOut'",
            "PlayerStateFlags": 5,
            "CombatFlags": 2,
            "DropStateFlags": 2
        },
        {
            "Name": "Combat_2",
            "Event": "/Game/FMOD/Events/Music/Icarus_16_2.Icarus_16_2",
            "FadeInCurve": "CurveFloat'/Game/BP/Audio/Music/MusicCurve_VeryFastFadeIn.MusicCurve_VeryFastFadeIn'",
            "FadeOutCurve": "CurveFloat'/Game/BP/Audio/Music/MusicCurve_DefaultFadeOut.MusicCurve_DefaultFadeOut'",
            "PrevTrackOverrideFadeOutCurve": "CurveFloat'/Game/BP/Audio/Music/MusicCurve_QuickFadeOut.MusicCurve_QuickFadeOut'",
            "PlayerStateFlags": 5,
            "CombatFlags": 2,
            "DropStateFlags": 2
        },
        {
            "Name": "Combat_3",
            "Event": "/Game/FMOD/Events/Music/Icarus_16_3.Icarus_16_3",
            "FadeInCurve": "CurveFloat'/Game/BP/Audio/Music/MusicCurve_VeryFastFadeIn.MusicCurve_VeryFastFadeIn'",
            "FadeOutCurve": "CurveFloat'/Game/BP/Audio/Music/MusicCurve_DefaultFadeOut.MusicCurve_DefaultFadeOut'",
            "PrevTrackOverrideFadeOutCurve": "CurveFloat'/Game/BP/Audio/Music/MusicCurve_QuickFadeOut.MusicCurve_QuickFadeOut'",
            "PlayerStateFlags": 5,
            "CombatFlags": 2,
            "DropStateFlags": 2
        },
        {
            "Name": "Combat_Boss_1",
            "Event": "/Game/FMOD/Events/Music/Icarus_16_BOSS_1.Icarus_16_BOSS_1",
            "FadeInCurve": "CurveFloat'/Game/BP/Audio/Music/MusicCurve_VeryFastFadeIn.MusicCurve_VeryFastFadeIn'",
            "FadeOutCurve": "CurveFloat'/Game/BP/Audio/Music/MusicCurve_DefaultFadeOut.MusicCurve_DefaultFadeOut'",
            "PrevTrackOverrideFadeOutCurve": "CurveFloat'/Game/BP/Audio/Music/MusicCurve_QuickFadeOut.MusicCurve_QuickFadeOut'",
            "PlayerStateFlags": 5,
            "CombatFlags": 8,
            "DropStateFlags": 2
        },
        {
            "Name": "Lava_Idle_1",
            "Event": "/Game/FMOD/Events/Music/Icarus_19.Icarus_19",
            "FadeInCurve": "CurveFloat'/Game/BP/Audio/Music/MusicCurve_DefaultFadeIn.MusicCurve_DefaultFadeIn'",
            "FadeOutCurve": "CurveFloat'/Game/BP/Audio/Music/MusicCurve_DefaultFadeOut.MusicCurve_DefaultFadeOut'",
            "bTrackCanBePaused": true,
            "PlayerStateFlags": 1,
            "Locations": [
                {
                    "RowName": "Lava",
                    "DataTableName": "D_MusicLocationConditions"
                }
            ],
            "CombatFlags": 1,
            "TimeOfDayFlags": 7,
            "WeatherFlags": 1,
            "DropStateFlags": 2,
            "DisasterFlags": 1,
            "Quests": [
                {
                    "RowName": "NoQuest",
                    "DataTableName": "D_MusicQuestConditions"
                }
            ]
        },
        {
            "Name": "Lava_Idle_2",
            "Event": "/Game/FMOD/Events/Music/Icarus_20.Icarus_20",
            "FadeInCurve": "CurveFloat'/Game/BP/Audio/Music/MusicCurve_DefaultFadeIn.MusicCurve_DefaultFadeIn'",
            "FadeOutCurve": "CurveFloat'/Game/BP/Audio/Music/MusicCurve_DefaultFadeOut.MusicCurve_DefaultFadeOut'",
            "bTrackCanBePaused": true,
            "PlayerStateFlags": 1,
            "Locations": [
                {
                    "RowName": "Lava",
                    "DataTableName": "D_MusicLocationConditions"
                }
            ],
            "CombatFlags": 1,
            "TimeOfDayFlags": 7,
            "WeatherFlags": 1,
            "DropStateFlags": 2,
            "DisasterFlags": 1,
            "Quests": [
                {
                    "RowName": "NoQuest",
                    "DataTableName": "D_MusicQuestConditions"
                }
            ]
        },
        {
            "Name": "Wetlands_Idle_1",
            "Event": "/Game/FMOD/Events/Music/Icarus_21.Icarus_21",
            "FadeInCurve": "CurveFloat'/Game/BP/Audio/Music/MusicCurve_DefaultFadeIn.MusicCurve_DefaultFadeIn'",
            "FadeOutCurve": "CurveFloat'/Game/BP/Audio/Music/MusicCurve_DefaultFadeOut.MusicCurve_DefaultFadeOut'",
            "bTrackCanBePaused": true,
            "PlayerStateFlags": 1,
            "Locations": [
                {
                    "RowName": "Wetlands",
                    "DataTableName": "D_MusicLocationConditions"
                }
            ],
            "CombatFlags": 1,
            "TimeOfDayFlags": 7,
            "WeatherFlags": 1,
            "DropStateFlags": 2,
            "DisasterFlags": 1
        },
        {
            "Name": "Wetlands_Idle_2",
            "Event": "/Game/FMOD/Events/Music/Icarus_22.Icarus_22",
            "FadeInCurve": "CurveFloat'/Game/BP/Audio/Music/MusicCurve_DefaultFadeIn.MusicCurve_DefaultFadeIn'",
            "FadeOutCurve": "CurveFloat'/Game/BP/Audio/Music/MusicCurve_DefaultFadeOut.MusicCurve_DefaultFadeOut'",
            "bTrackCanBePaused": true,
            "PlayerStateFlags": 1,
            "Locations": [
                {
                    "RowName": "Wetlands",
                    "DataTableName": "D_MusicLocationConditions"
                }
            ],
            "CombatFlags": 1,
            "TimeOfDayFlags": 7,
            "WeatherFlags": 1,
            "DropStateFlags": 2,
            "DisasterFlags": 1
        },
        {
            "Name": "Grasslands_Idle_1",
            "Event": "/Game/FMOD/Events/Music/Icarus_24.Icarus_24",
            "FadeInCurve": "CurveFloat'/Game/BP/Audio/Music/MusicCurve_DefaultFadeIn.MusicCurve_DefaultFadeIn'",
            "FadeOutCurve": "CurveFloat'/Game/BP/Audio/Music/MusicCurve_DefaultFadeOut.MusicCurve_DefaultFadeOut'",
            "bTrackCanBePaused": true,
            "PlayerStateFlags": 1,
            "Locations": [
                {
                    "RowName": "Grasslands",
                    "DataTableName": "D_MusicLocationConditions"
                }
            ],
            "CombatFlags": 1,
            "TimeOfDayFlags": 7,
            "WeatherFlags": 1,
            "DropStateFlags": 2,
            "DisasterFlags": 1
        },
        {
            "Name": "Grasslands_Idle_2",
            "Event": "/Game/FMOD/Events/Music/Icarus_25.Icarus_25",
            "FadeInCurve": "CurveFloat'/Game/BP/Audio/Music/MusicCurve_DefaultFadeIn.MusicCurve_DefaultFadeIn'",
            "FadeOutCurve": "CurveFloat'/Game/BP/Audio/Music/MusicCurve_DefaultFadeOut.MusicCurve_DefaultFadeOut'",
            "bTrackCanBePaused": true,
            "PlayerStateFlags": 1,
            "Locations": [
                {
                    "RowName": "Grasslands",
                    "DataTableName": "D_MusicLocationConditions"
                }
            ],
            "CombatFlags": 1,
            "TimeOfDayFlags": 7,
            "WeatherFlags": 1,
            "DropStateFlags": 2,
            "DisasterFlags": 1
        },
        {
            "Name": "Quest_Pro_Story6_Evidence",
            "Event": "/Game/FMOD/Events/Music/Icarus_PRO_Story_6_Evidence.Icarus_PRO_Story_6_Evidence",
            "FadeInCurve": "CurveFloat'/Game/BP/Audio/Music/MusicCurve_DefaultFadeIn.MusicCurve_DefaultFadeIn'",
            "FadeOutCurve": "CurveFloat'/Game/BP/Audio/Music/MusicCurve_DefaultFadeOut.MusicCurve_DefaultFadeOut'",
            "DropStateFlags": 2,
            "Quests": [
                {
                    "RowName": "PRO_Story6_Evidence",
                    "DataTableName": "D_MusicQuestConditions"
                }
            ],
            "StateGroup": {
                "RowName": "PRO_Story6_Evidence"
            }
        }
    ]
}