{
    "RowStruct": "/Script/Icarus.DeployableData",
    "Defaults": {
        "Behaviour": "None",
        "Stats": {},
        "Variants": [],
        "AudioOcclusionAmount": 0,
        "EffectedByWeather": true,
        "bForceShowShelterIcon": false
    },
    "Rows": [
        {
            "Name": "Campfire",
            "Variants": [
                {
                    "RowName": "Campfire",
                    "DataTableName": "D_DeployableSetup"
                }
            ],
            "EffectedByWeather": false
        },
        {
            "Name": "Stone_Furnace",
            "Variants": [
                {
                    "RowName": "Stone_Furnace",
                    "DataTableName": "D_DeployableSetup"
                }
            ]
        },
        {
            "Name": "Wood_Crate_Small",
            "Variants": [
                {
                    "RowName": "Wood_Crate_Small",
                    "DataTableName": "D_DeployableSetup"
                }
            ]
        },
        {
            "Name": "Crafting_Bench",
            "Variants": [
                {
                    "RowName": "Crafting_Bench",
                    "DataTableName": "D_DeployableSetup"
                }
            ]
        },
        {
            "Name": "Extractor",
            "Variants": [
                {
                    "RowName": "Extractor",
                    "DataTableName": "D_DeployableSetup"
                }
            ],
            "EffectedByWeather": false
        },
        {
            "Name": "Radar",
            "Variants": [
                {
                    "RowName": "Radar",
                    "DataTableName": "D_DeployableSetup"
                }
            ],
            "EffectedByWeather": false
        },
        {
            "Name": "Faction_Mission_Radar",
            "Variants": [
                {
                    "RowName": "Faction_Mission_Radar",
                    "DataTableName": "D_DeployableSetup"
                }
            ],
            "EffectedByWeather": false
        },
        {
            "Name": "Generator",
            "Variants": [
                {
                    "RowName": "Generator",
                    "DataTableName": "D_DeployableSetup"
                }
            ]
        },
        {
            "Name": "Oxite_Dissolver",
            "Variants": [
                {
                    "RowName": "Oxite_Dissolver",
                    "DataTableName": "D_DeployableSetup"
                }
            ]
        },
        {
            "Name": "Mortar_And_Pestle",
            "Variants": [
                {
                    "RowName": "Mortar_And_Pestle",
                    "DataTableName": "D_DeployableSetup"
                }
            ]
        },
        {
            "Name": "Machining_Bench",
            "Variants": [
                {
                    "RowName": "Machining_Bench",
                    "DataTableName": "D_DeployableSetup"
                }
            ]
        },
        {
            "Name": "Material_Processor",
            "Variants": [
                {
                    "RowName": "Material_Processor",
                    "DataTableName": "D_DeployableSetup"
                }
            ]
        },
        {
            "Name": "Concrete_Furnace",
            "Variants": [
                {
                    "RowName": "Concrete_Furnace",
                    "DataTableName": "D_DeployableSetup"
                }
            ]
        },
        {
            "Name": "Concrete_Furnace_V2",
            "Variants": [
                {
                    "RowName": "Concrete_Furnace_V2",
                    "DataTableName": "D_DeployableSetup"
                }
            ]
        },
        {
            "Name": "Electric_Furnace",
            "Variants": [
                {
                    "RowName": "Electric_Furnace",
                    "DataTableName": "D_DeployableSetup"
                }
            ]
        },
        {
            "Name": "Electric_Furnace_Large",
            "Variants": [
                {
                    "RowName": "Electric_Furnace_Large",
                    "DataTableName": "D_DeployableSetup"
                }
            ]
        },
        {
            "Name": "Fabricator",
            "Variants": [
                {
                    "RowName": "Fabricator",
                    "DataTableName": "D_DeployableSetup"
                }
            ]
        },
        {
            "Name": "Cooking_Station",
            "Variants": [
                {
                    "RowName": "Cooking_Station",
                    "DataTableName": "D_DeployableSetup"
                }
            ]
        },
        {
            "Name": "Cooking_Station_V2",
            "Variants": [
                {
                    "RowName": "Cooking_Station_V2",
                    "DataTableName": "D_DeployableSetup"
                }
            ]
        },
        {
            "Name": "Water_Barrel",
            "Variants": [
                {
                    "RowName": "Water_Barrel",
                    "DataTableName": "D_DeployableSetup"
                }
            ]
        },
        {
            "Name": "Composter",
            "Variants": [
                {
                    "RowName": "Composter",
                    "DataTableName": "D_DeployableSetup"
                }
            ],
            "EffectedByWeather": false
        },
        {
            "Name": "Metal_Cupboard",
            "Variants": [
                {
                    "RowName": "Metal_Cupboard",
                    "DataTableName": "D_DeployableSetup"
                }
            ],
            "EffectedByWeather": false
        },
        {
            "Name": "Wood_Cupboard",
            "Variants": [
                {
                    "RowName": "Wood_Cupboard",
                    "DataTableName": "D_DeployableSetup"
                }
            ]
        },
        {
            "Name": "Water_Pump",
            "Variants": [
                {
                    "RowName": "Water_Pump",
                    "DataTableName": "D_DeployableSetup"
                }
            ],
            "EffectedByWeather": false
        },
        {
            "Name": "Bed_Bedroll",
            "Variants": [
                {
                    "RowName": "Bed_Bedroll",
                    "DataTableName": "D_DeployableSetup"
                }
            ]
        },
        {
            "Name": "Bed_Wood",
            "Variants": [
                {
                    "RowName": "Bed_Wood",
                    "DataTableName": "D_DeployableSetup"
                }
            ]
        },
        {
            "Name": "Fireplace",
            "Variants": [
                {
                    "RowName": "Fireplace",
                    "DataTableName": "D_DeployableSetup"
                }
            ],
            "EffectedByWeather": false
        },
        {
            "Name": "Skinning_Bench",
            "Variants": [
                {
                    "RowName": "Skinning_Bench",
                    "DataTableName": "D_DeployableSetup"
                }
            ]
        },
        {
            "Name": "Animal_Carcass",
            "Variants": [
                {
                    "RowName": "Animal_Carcass",
                    "DataTableName": "D_DeployableSetup"
                }
            ]
        },
        {
            "Name": "Farming_CropPlot_T2",
            "Variants": [
                {
                    "RowName": "Farming_CropPlot_T2",
                    "DataTableName": "D_DeployableSetup"
                }
            ],
            "EffectedByWeather": false
        },
        {
            "Name": "Farming_CropPlot_T3",
            "Variants": [
                {
                    "RowName": "Farming_CropPlot_T3",
                    "DataTableName": "D_DeployableSetup"
                }
            ],
            "EffectedByWeather": false
        },
        {
            "Name": "Farming_CropPlot_T4",
            "Variants": [
                {
                    "RowName": "Farming_CropPlot_T4",
                    "DataTableName": "D_DeployableSetup"
                }
            ],
            "EffectedByWeather": false
        },
        {
            "Name": "Wall_Torch",
            "Variants": [
                {
                    "RowName": "Wall_Torch",
                    "DataTableName": "D_DeployableSetup"
                }
            ],
            "EffectedByWeather": false,
            "bForceShowShelterIcon": true
        },
        {
            "Name": "Floor_Torch",
            "Variants": [
                {
                    "RowName": "Floor_Torch",
                    "DataTableName": "D_DeployableSetup"
                }
            ],
            "EffectedByWeather": false,
            "bForceShowShelterIcon": true
        },
        {
            "Name": "Wood_Ladder",
            "Variants": [
                {
                    "RowName": "Wood_Ladder",
                    "DataTableName": "D_DeployableSetup"
                }
            ],
            "EffectedByWeather": false
        },
        {
            "Name": "Wood_Door",
            "Variants": [
                {
                    "RowName": "Wood_Door",
                    "DataTableName": "D_DeployableSetup"
                }
            ],
            "AudioOcclusionAmount": 0.5,
            "EffectedByWeather": false
        },
        {
            "Name": "Reinforced_Door",
            "Variants": [
                {
                    "RowName": "Reinforced_Door",
                    "DataTableName": "D_DeployableSetup"
                }
            ],
            "AudioOcclusionAmount": 0.5,
            "EffectedByWeather": false
        },
        {
            "Name": "Wood_Window",
            "Variants": [
                {
                    "RowName": "Wood_Window",
                    "DataTableName": "D_DeployableSetup"
                }
            ],
            "AudioOcclusionAmount": 0.5,
            "EffectedByWeather": false
        },
        {
            "Name": "Fishing_Trap",
            "Variants": [
                {
                    "RowName": "Fishing_Trap",
                    "DataTableName": "D_DeployableSetup"
                }
            ],
            "EffectedByWeather": false
        },
        {
            "Name": "Carpentry_Bench",
            "Variants": [
                {
                    "RowName": "Carpentry_Bench",
                    "DataTableName": "D_DeployableSetup"
                }
            ]
        },
        {
            "Name": "Carpentry_Bench_T4",
            "Variants": [
                {
                    "RowName": "Carpentry_Bench_T4",
                    "DataTableName": "D_DeployableSetup"
                }
            ]
        },
        {
            "Name": "Wood_Door_Refined",
            "Variants": [
                {
                    "RowName": "Wood_Door_Refined",
                    "DataTableName": "D_DeployableSetup"
                }
            ],
            "AudioOcclusionAmount": 0.5,
            "EffectedByWeather": false
        },
        {
            "Name": "Reinforced_Window",
            "Variants": [
                {
                    "RowName": "Reinforced_Window",
                    "DataTableName": "D_DeployableSetup"
                },
                {
                    "RowName": "Reinforced_Window_Side_L",
                    "DataTableName": "D_DeployableSetup"
                },
                {
                    "RowName": "Reinforced_Window_Side_R",
                    "DataTableName": "D_DeployableSetup"
                }
            ],
            "AudioOcclusionAmount": 0.5,
            "EffectedByWeather": false
        },
        {
            "Name": "Wood_Table",
            "Variants": [
                {
                    "RowName": "Wood_Table",
                    "DataTableName": "D_DeployableSetup"
                }
            ],
            "EffectedByWeather": false
        },
        {
            "Name": "Wood_Crate_Medium",
            "Variants": [
                {
                    "RowName": "Wood_Crate_Medium",
                    "DataTableName": "D_DeployableSetup"
                }
            ]
        },
        {
            "Name": "Wood_Chair",
            "Variants": [
                {
                    "RowName": "Wood_Chair",
                    "DataTableName": "D_DeployableSetup"
                }
            ],
            "EffectedByWeather": false
        },
        {
            "Name": "Fireplace_Chimney_Ext",
            "Variants": [
                {
                    "RowName": "Fireplace_Chimney_Ext",
                    "DataTableName": "D_DeployableSetup"
                }
            ],
            "EffectedByWeather": false
        },
        {
            "Name": "Fireplace_Chimney_Cap",
            "Variants": [
                {
                    "RowName": "Fireplace_Chimney_Cap",
                    "DataTableName": "D_DeployableSetup"
                }
            ],
            "EffectedByWeather": false
        },
        {
            "Name": "Fireplace_Chimney_Cap_Half",
            "Variants": [
                {
                    "RowName": "Fireplace_Chimney_Cap_Half",
                    "DataTableName": "D_DeployableSetup"
                }
            ],
            "EffectedByWeather": false
        },
        {
            "Name": "Wood_Railing",
            "Variants": [
                {
                    "RowName": "Wood_Railing",
                    "DataTableName": "D_DeployableSetup"
                },
                {
                    "RowName": "Wood_Railing_Stairs",
                    "DataTableName": "D_DeployableSetup"
                }
            ],
            "EffectedByWeather": false
        },
        {
            "Name": "Interior_Wood_Railing",
            "Variants": [
                {
                    "RowName": "Interior_Wood_Railing",
                    "DataTableName": "D_DeployableSetup"
                },
                {
                    "RowName": "Interior_Wood_Railing_Stairs",
                    "DataTableName": "D_DeployableSetup"
                }
            ],
            "EffectedByWeather": false
        },
        {
            "Name": "Interior_Wood_Railing_Gate",
            "Variants": [
                {
                    "RowName": "Interior_Wood_Railing_Gate",
                    "DataTableName": "D_DeployableSetup"
                }
            ],
            "EffectedByWeather": false
        },
        {
            "Name": "Worklamp_Directional",
            "Variants": [
                {
                    "RowName": "Worklamp_Directional",
                    "DataTableName": "D_DeployableSetup"
                }
            ],
            "EffectedByWeather": false
        },
        {
            "Name": "Worklamp_OmniDirectional",
            "Variants": [
                {
                    "RowName": "Worklamp_OmniDirectional",
                    "DataTableName": "D_DeployableSetup"
                }
            ],
            "EffectedByWeather": false
        },
        {
            "Name": "Wood_TrapDoor",
            "Variants": [
                {
                    "RowName": "Wood_TrapDoor",
                    "DataTableName": "D_DeployableSetup"
                }
            ],
            "AudioOcclusionAmount": 0.5,
            "EffectedByWeather": false
        },
        {
            "Name": "Interior_Wood_TrapDoor",
            "Variants": [
                {
                    "RowName": "Interior_Wood_TrapDoor",
                    "DataTableName": "D_DeployableSetup"
                }
            ],
            "AudioOcclusionAmount": 0.5,
            "EffectedByWeather": false
        },
        {
            "Name": "Wood_Sign_Small",
            "Variants": [
                {
                    "RowName": "Wood_Sign_Small",
                    "DataTableName": "D_DeployableSetup"
                },
                {
                    "RowName": "Wood_Wall_Sign",
                    "DataTableName": "D_DeployableSetup"
                }
            ],
            "EffectedByWeather": false
        },
        {
            "Name": "Refrigerator",
            "Variants": [
                {
                    "RowName": "Refrigerator",
                    "DataTableName": "D_DeployableSetup"
                }
            ]
        },
        {
            "Name": "Metal_Crate_Small",
            "Variants": [
                {
                    "RowName": "Metal_Crate_Small",
                    "DataTableName": "D_DeployableSetup"
                }
            ],
            "EffectedByWeather": false
        },
        {
            "Name": "Composter_Wood",
            "Variants": [
                {
                    "RowName": "Composter_Wood",
                    "DataTableName": "D_DeployableSetup"
                }
            ],
            "EffectedByWeather": false
        },
        {
            "Name": "PotBellyStove",
            "Variants": [
                {
                    "RowName": "PotBellyStove",
                    "DataTableName": "D_DeployableSetup"
                }
            ]
        },
        {
            "Name": "Brazier",
            "Variants": [
                {
                    "RowName": "Brazier",
                    "DataTableName": "D_DeployableSetup"
                }
            ],
            "EffectedByWeather": false
        },
        {
            "Name": "Rain_Reservoir",
            "Variants": [
                {
                    "RowName": "Rain_Reservoir",
                    "DataTableName": "D_DeployableSetup"
                }
            ],
            "EffectedByWeather": false
        },
        {
            "Name": "WoodBarrel",
            "Variants": [
                {
                    "RowName": "WoodBarrel",
                    "DataTableName": "D_DeployableSetup"
                }
            ],
            "EffectedByWeather": false
        },
        {
            "Name": "Metal_Oxite_Dissolver",
            "Variants": [
                {
                    "RowName": "Metal_Oxite_Dissolver",
                    "DataTableName": "D_DeployableSetup"
                }
            ]
        },
        {
            "Name": "Wood_Hedgehog_Medium",
            "Variants": [
                {
                    "RowName": "Wood_Hedgehog_Medium",
                    "DataTableName": "D_DeployableSetup"
                }
            ],
            "EffectedByWeather": false
        },
        {
            "Name": "Scorpion_Hedgehog_Medium",
            "Variants": [
                {
                    "RowName": "Scorpion_Hedgehog_Medium",
                    "DataTableName": "D_DeployableSetup"
                }
            ],
            "EffectedByWeather": false
        },
        {
            "Name": "Scorpion_Trap_Medium",
            "Variants": [
                {
                    "RowName": "Scorpion_Trap_Medium",
                    "DataTableName": "D_DeployableSetup"
                }
            ],
            "EffectedByWeather": false
        },
        {
            "Name": "Basic_Oxite_Dissolver",
            "Variants": [
                {
                    "RowName": "Basic_Oxite_Dissolver",
                    "DataTableName": "D_DeployableSetup"
                }
            ]
        },
        {
            "Name": "ResourceStack_Wood",
            "Variants": [
                {
                    "RowName": "ResourceStack_Wood",
                    "DataTableName": "D_DeployableSetup"
                }
            ],
            "EffectedByWeather": false
        },
        {
            "Name": "ResourceStack_Stone",
            "Variants": [
                {
                    "RowName": "ResourceStack_Stone",
                    "DataTableName": "D_DeployableSetup"
                }
            ],
            "EffectedByWeather": false
        },
        {
            "Name": "AnimalTrap_Small",
            "Variants": [
                {
                    "RowName": "AnimalTrap_Small",
                    "DataTableName": "D_DeployableSetup"
                }
            ],
            "EffectedByWeather": false
        },
        {
            "Name": "Solar_Panel",
            "Variants": [
                {
                    "RowName": "Solar_Panel",
                    "DataTableName": "D_DeployableSetup"
                }
            ],
            "EffectedByWeather": false
        },
        {
            "Name": "LightningRod_Basic",
            "Variants": [
                {
                    "RowName": "LightningRod_Roof",
                    "DataTableName": "D_DeployableSetup"
                },
                {
                    "RowName": "LightningRod_Wall",
                    "DataTableName": "D_DeployableSetup"
                }
            ],
            "EffectedByWeather": false
        },
        {
            "Name": "Interior_Wood_Ladder",
            "Variants": [
                {
                    "RowName": "Interior_Wood_Ladder",
                    "DataTableName": "D_DeployableSetup"
                }
            ],
            "EffectedByWeather": false
        },
        {
            "Name": "Thatch_Ladder",
            "Variants": [
                {
                    "RowName": "Thatch_Ladder",
                    "DataTableName": "D_DeployableSetup"
                }
            ],
            "EffectedByWeather": false
        },
        {
            "Name": "Reinforced_Ladder",
            "Variants": [
                {
                    "RowName": "Reinforced_Ladder",
                    "DataTableName": "D_DeployableSetup"
                }
            ],
            "EffectedByWeather": false
        },
        {
            "Name": "Metal_Ladder",
            "Variants": [
                {
                    "RowName": "Metal_Ladder",
                    "DataTableName": "D_DeployableSetup"
                }
            ],
            "EffectedByWeather": false
        },
        {
            "Name": "Armor_Bench",
            "Variants": [
                {
                    "RowName": "Armor_Bench",
                    "DataTableName": "D_DeployableSetup"
                }
            ]
        },
        {
            "Name": "Masonry_Bench",
            "Variants": [
                {
                    "RowName": "Masonry_Bench",
                    "DataTableName": "D_DeployableSetup"
                }
            ]
        },
        {
            "Name": "Cement_Mixer",
            "Variants": [
                {
                    "RowName": "Cement_Mixer",
                    "DataTableName": "D_DeployableSetup"
                }
            ]
        },
        {
            "Name": "Thatch_Railing",
            "Variants": [
                {
                    "RowName": "Thatch_Railing",
                    "DataTableName": "D_DeployableSetup"
                },
                {
                    "RowName": "Thatch_Railing_Stairs",
                    "DataTableName": "D_DeployableSetup"
                }
            ],
            "EffectedByWeather": false
        },
        {
            "Name": "Thatch_Door",
            "Variants": [
                {
                    "RowName": "Thatch_Door",
                    "DataTableName": "D_DeployableSetup"
                }
            ],
            "AudioOcclusionAmount": 0.30000001192092896,
            "EffectedByWeather": false
        },
        {
            "Name": "Thatch_Window",
            "Variants": [
                {
                    "RowName": "Thatch_Window",
                    "DataTableName": "D_DeployableSetup"
                }
            ],
            "AudioOcclusionAmount": 0.30000001192092896,
            "EffectedByWeather": false
        },
        {
            "Name": "Thatch_TrapDoor",
            "Variants": [
                {
                    "RowName": "Thatch_TrapDoor",
                    "DataTableName": "D_DeployableSetup"
                }
            ],
            "AudioOcclusionAmount": 0.30000001192092896,
            "EffectedByWeather": false
        },
        {
            "Name": "Metal_Crate_Medium",
            "Variants": [
                {
                    "RowName": "Metal_Crate_Medium",
                    "DataTableName": "D_DeployableSetup"
                }
            ],
            "EffectedByWeather": false
        },
        {
            "Name": "Interior_Wood_Crate_Small",
            "Variants": [
                {
                    "RowName": "Interior_Wood_Crate_Small",
                    "DataTableName": "D_DeployableSetup"
                }
            ]
        },
        {
            "Name": "Interior_Wood_Crate_Medium",
            "Variants": [
                {
                    "RowName": "Interior_Wood_Crate_Medium",
                    "DataTableName": "D_DeployableSetup"
                }
            ]
        },
        {
            "Name": "Interior_Wood_Cupboard",
            "Variants": [
                {
                    "RowName": "Interior_Wood_Cupboard",
                    "DataTableName": "D_DeployableSetup"
                }
            ]
        },
        {
            "Name": "Herbalism_Bench",
            "Variants": [
                {
                    "RowName": "Herbalism_Bench",
                    "DataTableName": "D_DeployableSetup"
                }
            ]
        },
        {
            "Name": "Foliage",
            "Variants": [
                {
                    "RowName": "Foliage",
                    "DataTableName": "D_DeployableSetup"
                }
            ],
            "EffectedByWeather": false
        },
        {
            "Name": "Rug_Deer",
            "Variants": [
                {
                    "RowName": "Rug_Deer",
                    "DataTableName": "D_DeployableSetup"
                }
            ],
            "EffectedByWeather": false
        },
        {
            "Name": "Rug_AlphaWolf",
            "Variants": [
                {
                    "RowName": "Rug_Deer",
                    "DataTableName": "D_DeployableSetup"
                }
            ],
            "EffectedByWeather": false
        },
        {
            "Name": "Rug_Conifer_Wolf",
            "Variants": [
                {
                    "RowName": "Rug_Conifer_Wolf",
                    "DataTableName": "D_DeployableSetup"
                }
            ],
            "EffectedByWeather": false
        },
        {
            "Name": "Rug_Weave_Thin",
            "Variants": [
                {
                    "RowName": "Rug_Weave_Thin",
                    "DataTableName": "D_DeployableSetup"
                }
            ],
            "EffectedByWeather": false
        },
        {
            "Name": "Rug_Weave_Thick",
            "Variants": [
                {
                    "RowName": "Rug_Weave_Thick",
                    "DataTableName": "D_DeployableSetup"
                }
            ],
            "EffectedByWeather": false
        },
        {
            "Name": "Trophy_Bench",
            "Variants": [
                {
                    "RowName": "Trophy_Bench",
                    "DataTableName": "D_DeployableSetup"
                }
            ]
        },
        {
            "Name": "Deer_Trophy",
            "Variants": [
                {
                    "RowName": "Deer_Trophy",
                    "DataTableName": "D_DeployableSetup"
                }
            ],
            "EffectedByWeather": false
        },
        {
            "Name": "Bear_Trophy",
            "Variants": [
                {
                    "RowName": "Bear_Trophy",
                    "DataTableName": "D_DeployableSetup"
                }
            ],
            "EffectedByWeather": false
        },
        {
            "Name": "PolarBear_Trophy",
            "Variants": [
                {
                    "RowName": "PolarBear_Trophy",
                    "DataTableName": "D_DeployableSetup"
                }
            ],
            "EffectedByWeather": false
        },
        {
            "Name": "Cougar_Trophy",
            "Variants": [
                {
                    "RowName": "Cougar_Trophy",
                    "DataTableName": "D_DeployableSetup"
                }
            ],
            "EffectedByWeather": false
        },
        {
            "Name": "Jaguar_Trophy",
            "Variants": [
                {
                    "RowName": "Jaguar_Trophy",
                    "DataTableName": "D_DeployableSetup"
                }
            ],
            "EffectedByWeather": false
        },
        {
            "Name": "Jaguar_Black_Trophy",
            "Variants": [
                {
                    "RowName": "Jaguar_Black_Trophy",
                    "DataTableName": "D_DeployableSetup"
                }
            ],
            "EffectedByWeather": false
        },
        {
            "Name": "Iron_Door",
            "Variants": [
                {
                    "RowName": "Iron_Door",
                    "DataTableName": "D_DeployableSetup"
                }
            ],
            "AudioOcclusionAmount": 0.5,
            "EffectedByWeather": false
        },
        {
            "Name": "Iron_TrapDoor",
            "Variants": [
                {
                    "RowName": "Iron_TrapDoor",
                    "DataTableName": "D_DeployableSetup"
                }
            ],
            "AudioOcclusionAmount": 0.5,
            "EffectedByWeather": false
        },
        {
            "Name": "Iron_Window",
            "Variants": [
                {
                    "RowName": "Iron_Window",
                    "DataTableName": "D_DeployableSetup"
                }
            ],
            "AudioOcclusionAmount": 0.5,
            "EffectedByWeather": false
        },
        {
            "Name": "Debug_Target",
            "Variants": [
                {
                    "RowName": "Debug_Target",
                    "DataTableName": "D_DeployableSetup"
                }
            ]
        },
        {
            "Name": "Reinforced_TrapDoor",
            "Variants": [
                {
                    "RowName": "Reinforced_TrapDoor",
                    "DataTableName": "D_DeployableSetup"
                }
            ],
            "AudioOcclusionAmount": 0.5,
            "EffectedByWeather": false
        },
        {
            "Name": "IceBox",
            "Variants": [
                {
                    "RowName": "IceBox",
                    "DataTableName": "D_DeployableSetup"
                }
            ]
        },
        {
            "Name": "Bed_Interior_Wood",
            "Variants": [
                {
                    "RowName": "Bed_Interior_Wood",
                    "DataTableName": "D_DeployableSetup"
                }
            ]
        },
        {
            "Name": "Glass_Door",
            "Variants": [
                {
                    "RowName": "Glass_Door",
                    "DataTableName": "D_DeployableSetup"
                }
            ],
            "AudioOcclusionAmount": 0.5,
            "EffectedByWeather": false
        },
        {
            "Name": "Glass_Window",
            "Variants": [
                {
                    "RowName": "Glass_Window",
                    "DataTableName": "D_DeployableSetup"
                }
            ],
            "AudioOcclusionAmount": 0.5,
            "EffectedByWeather": false
        },
        {
            "Name": "Concrete_Window",
            "Variants": [
                {
                    "RowName": "Concrete_Window",
                    "DataTableName": "D_DeployableSetup"
                }
            ],
            "AudioOcclusionAmount": 0.5,
            "EffectedByWeather": false
        },
        {
            "Name": "Repair_Bench",
            "Variants": [
                {
                    "RowName": "Repair_Bench",
                    "DataTableName": "D_DeployableSetup"
                }
            ]
        },
        {
            "Name": "Anvil_Bench",
            "Variants": [
                {
                    "RowName": "Anvil_Bench",
                    "DataTableName": "D_DeployableSetup"
                }
            ]
        },
        {
            "Name": "Firepit",
            "Variants": [
                {
                    "RowName": "Firepit",
                    "DataTableName": "D_DeployableSetup"
                }
            ],
            "EffectedByWeather": false
        },
        {
            "Name": "Dehumidifier",
            "Variants": [
                {
                    "RowName": "Dehumidifier",
                    "DataTableName": "D_DeployableSetup"
                }
            ],
            "EffectedByWeather": false
        },
        {
            "Name": "Portable_Beacon",
            "Variants": [
                {
                    "RowName": "Portable_Beacon",
                    "DataTableName": "D_DeployableSetup"
                }
            ],
            "EffectedByWeather": false
        },
        {
            "Name": "Glassworking_Bench",
            "Variants": [
                {
                    "RowName": "Glassworking_Bench",
                    "DataTableName": "D_DeployableSetup"
                }
            ]
        },
        {
            "Name": "Glassworking_Bench_V2",
            "Variants": [
                {
                    "RowName": "Glassworking_Bench_V2",
                    "DataTableName": "D_DeployableSetup"
                }
            ]
        },
        {
            "Name": "Leather_Curtain_Door",
            "Variants": [
                {
                    "RowName": "Leather_Curtain_Door",
                    "DataTableName": "D_DeployableSetup"
                }
            ],
            "AudioOcclusionAmount": 0.5,
            "EffectedByWeather": false
        },
        {
            "Name": "Kitchen_Bench",
            "Variants": [
                {
                    "RowName": "Kitchen_Bench",
                    "DataTableName": "D_DeployableSetup"
                }
            ]
        },
        {
            "Name": "Kitchen_Stove",
            "Variants": [
                {
                    "RowName": "Kitchen_Stove",
                    "DataTableName": "D_DeployableSetup"
                }
            ]
        },
        {
            "Name": "Kitchen_Storage",
            "Variants": [
                {
                    "RowName": "Kitchen_Storage",
                    "DataTableName": "D_DeployableSetup"
                }
            ]
        },
        {
            "Name": "Faction_Mission_Drill",
            "Variants": [
                {
                    "RowName": "Faction_Mission_Drill",
                    "DataTableName": "D_DeployableSetup"
                }
            ],
            "EffectedByWeather": false
        },
        {
            "Name": "Leather_Curtain_Window",
            "Variants": [
                {
                    "RowName": "Leather_Curtain_Window",
                    "DataTableName": "D_DeployableSetup"
                }
            ],
            "AudioOcclusionAmount": 0.5,
            "EffectedByWeather": false
        },
        {
            "Name": "Concrete_Railing",
            "Variants": [
                {
                    "RowName": "Concrete_Railing",
                    "DataTableName": "D_DeployableSetup"
                },
                {
                    "RowName": "Concrete_Railing_Stairs",
                    "DataTableName": "D_DeployableSetup"
                }
            ],
            "EffectedByWeather": false
        },
        {
            "Name": "Iron_Railing",
            "Variants": [
                {
                    "RowName": "Iron_Railing",
                    "DataTableName": "D_DeployableSetup"
                },
                {
                    "RowName": "Iron_Railing_Stairs",
                    "DataTableName": "D_DeployableSetup"
                }
            ],
            "EffectedByWeather": false
        },
        {
            "Name": "Reinforced_Railing",
            "Variants": [
                {
                    "RowName": "Reinforced_Railing",
                    "DataTableName": "D_DeployableSetup"
                },
                {
                    "RowName": "Reinforced_Railing_Stairs",
                    "DataTableName": "D_DeployableSetup"
                }
            ],
            "EffectedByWeather": false
        },
        {
            "Name": "Survey_Radar",
            "Variants": [
                {
                    "RowName": "Survey_Radar",
                    "DataTableName": "D_DeployableSetup"
                }
            ],
            "EffectedByWeather": false
        },
        {
            "Name": "Mission_Sonic_Disrupter",
            "Variants": [
                {
                    "RowName": "Mission_Sonic_Disrupter",
                    "DataTableName": "D_DeployableSetup"
                }
            ],
            "EffectedByWeather": false
        },
        {
            "Name": "Survey_Transmitter",
            "Variants": [
                {
                    "RowName": "Survey_Transmitter",
                    "DataTableName": "D_DeployableSetup"
                }
            ],
            "EffectedByWeather": false
        },
        {
            "Name": "Electric_Dehumidifier",
            "Variants": [
                {
                    "RowName": "Electric_Dehumidifier",
                    "DataTableName": "D_DeployableSetup"
                }
            ],
            "EffectedByWeather": false
        },
        {
            "Name": "Electric_Dehumidifier_V2",
            "Variants": [
                {
                    "RowName": "Electric_Dehumidifier_V2",
                    "DataTableName": "D_DeployableSetup"
                }
            ],
            "EffectedByWeather": false
        },
        {
            "Name": "Faction_Mission_Laser",
            "Variants": [
                {
                    "RowName": "Faction_Mission_Laser",
                    "DataTableName": "D_DeployableSetup"
                }
            ],
            "EffectedByWeather": false
        },
        {
            "Name": "Heater_Large",
            "Variants": [
                {
                    "RowName": "Heater_Large",
                    "DataTableName": "D_DeployableSetup"
                }
            ]
        },
        {
            "Name": "Cooler_Large",
            "Variants": [
                {
                    "RowName": "Cooler_Large",
                    "DataTableName": "D_DeployableSetup"
                }
            ]
        },
        {
            "Name": "WaterWheel_Generator",
            "Variants": [
                {
                    "RowName": "WaterWheel_Generator",
                    "DataTableName": "D_DeployableSetup"
                }
            ],
            "EffectedByWeather": false
        },
        {
            "Name": "Meta_Cot_Printed",
            "Variants": [
                {
                    "RowName": "Meta_Cot_Printed",
                    "DataTableName": "D_DeployableSetup"
                }
            ]
        },
        {
            "Name": "Basic_Wall_Light",
            "Variants": [
                {
                    "RowName": "Basic_Wall_Light",
                    "DataTableName": "D_DeployableSetup"
                }
            ],
            "EffectedByWeather": false
        },
        {
            "Name": "Basic_Ceiling_Light",
            "Variants": [
                {
                    "RowName": "Basic_Ceiling_Light",
                    "DataTableName": "D_DeployableSetup"
                }
            ],
            "EffectedByWeather": false
        },
        {
            "Name": "Chemistry_Bench",
            "Variants": [
                {
                    "RowName": "Chemistry_Bench",
                    "DataTableName": "D_DeployableSetup"
                }
            ]
        },
        {
            "Name": "Masonry_Bench_T4",
            "Variants": [
                {
                    "RowName": "Masonry_Bench_T4",
                    "DataTableName": "D_DeployableSetup"
                }
            ]
        },
        {
            "Name": "Composter_Electric",
            "Variants": [
                {
                    "RowName": "Composter_Electric",
                    "DataTableName": "D_DeployableSetup"
                }
            ]
        },
        {
            "Name": "Concrete_TrapDoor",
            "Variants": [
                {
                    "RowName": "Concrete_TrapDoor",
                    "DataTableName": "D_DeployableSetup"
                }
            ],
            "EffectedByWeather": false
        },
        {
            "Name": "Faction_Mission_WallDrill",
            "Variants": [
                {
                    "RowName": "Faction_Mission_WallDrill",
                    "DataTableName": "D_DeployableSetup"
                }
            ],
            "EffectedByWeather": false
        },
        {
            "Name": "Bait",
            "Variants": [
                {
                    "RowName": "Bait",
                    "DataTableName": "D_DeployableSetup"
                }
            ],
            "EffectedByWeather": false
        },
        {
            "Name": "Bait_Poison",
            "Variants": [
                {
                    "RowName": "Bait_Poisoned",
                    "DataTableName": "D_DeployableSetup"
                }
            ],
            "EffectedByWeather": false
        },
        {
            "Name": "Wood_Cupboard_Small",
            "Variants": [
                {
                    "RowName": "Wood_Cupboard_Small",
                    "DataTableName": "D_DeployableSetup"
                }
            ]
        },
        {
            "Name": "Interior_Wood_Cupboard_Small",
            "Variants": [
                {
                    "RowName": "Interior_Wood_Cupboard_Small",
                    "DataTableName": "D_DeployableSetup"
                }
            ]
        },
        {
            "Name": "Metal_Cupboard_Small",
            "Variants": [
                {
                    "RowName": "Metal_Cupboard_Small",
                    "DataTableName": "D_DeployableSetup"
                }
            ],
            "EffectedByWeather": false
        },
        {
            "Name": "Meta_Campfire_Printed",
            "Variants": [
                {
                    "RowName": "Meta_Campfire_Printed",
                    "DataTableName": "D_DeployableSetup"
                }
            ],
            "EffectedByWeather": false
        },
        {
            "Name": "Faction_Mission_AquaScanner",
            "Variants": [
                {
                    "RowName": "Faction_Mission_AquaScanner",
                    "DataTableName": "D_DeployableSetup"
                }
            ],
            "EffectedByWeather": false
        },
        {
            "Name": "Mining_Drill",
            "Variants": [
                {
                    "RowName": "Mining_Drill",
                    "DataTableName": "D_DeployableSetup"
                }
            ],
            "EffectedByWeather": false
        },
        {
            "Name": "Buffalo_Trophy",
            "Variants": [
                {
                    "RowName": "Buffalo_Trophy",
                    "DataTableName": "D_DeployableSetup"
                }
            ],
            "EffectedByWeather": false
        },
        {
            "Name": "Mammoth_Trophy",
            "Variants": [
                {
                    "RowName": "Mammoth_Trophy",
                    "DataTableName": "D_DeployableSetup"
                }
            ],
            "EffectedByWeather": false
        },
        {
            "Name": "SnowLeopard_Trophy",
            "Variants": [
                {
                    "RowName": "SnowLeopard_Trophy",
                    "DataTableName": "D_DeployableSetup"
                }
            ],
            "EffectedByWeather": false
        },
        {
            "Name": "AlphaWolf_Trophy",
            "Variants": [
                {
                    "RowName": "AlphaWolf_Trophy",
                    "DataTableName": "D_DeployableSetup"
                }
            ],
            "EffectedByWeather": false
        },
        {
            "Name": "ConiferWolf_Trophy",
            "Variants": [
                {
                    "RowName": "ConiferWolf_Trophy",
                    "DataTableName": "D_DeployableSetup"
                }
            ],
            "EffectedByWeather": false
        },
        {
            "Name": "SnowWolf_Trophy",
            "Variants": [
                {
                    "RowName": "SnowWolf_Trophy",
                    "DataTableName": "D_DeployableSetup"
                }
            ],
            "EffectedByWeather": false
        },
        {
            "Name": "DesertWolf_Trophy",
            "Variants": [
                {
                    "RowName": "DesertWolf_Trophy",
                    "DataTableName": "D_DeployableSetup"
                }
            ],
            "EffectedByWeather": false
        },
        {
            "Name": "Water_Sprinkler",
            "Variants": [
                {
                    "RowName": "Water_Sprinkler",
                    "DataTableName": "D_DeployableSetup"
                }
            ],
            "EffectedByWeather": false
        },
        {
            "Name": "Meta_Furnace_Printed",
            "Variants": [
                {
                    "RowName": "Meta_Furnace_Printed",
                    "DataTableName": "D_DeployableSetup"
                }
            ],
            "EffectedByWeather": false
        },
        {
            "Name": "Meta_Crate_Printed",
            "Variants": [
                {
                    "RowName": "Meta_Crate_Printed",
                    "DataTableName": "D_DeployableSetup"
                }
            ],
            "EffectedByWeather": false
        },
        {
            "Name": "Deep_Mining_Drill_Electric",
            "Variants": [
                {
                    "RowName": "Deep_Mining_Drill_Electric",
                    "DataTableName": "D_DeployableSetup"
                }
            ],
            "EffectedByWeather": false
        },
        {
            "Name": "Deep_Mining_Drill_Biofuel",
            "Variants": [
                {
                    "RowName": "Deep_Mining_Drill_Biofuel",
                    "DataTableName": "D_DeployableSetup"
                }
            ],
            "EffectedByWeather": false
        },
        {
            "Name": "Drying_Rack",
            "Variants": [
                {
                    "RowName": "Drying_Rack",
                    "DataTableName": "D_DeployableSetup"
                }
            ],
            "EffectedByWeather": false
        },
        {
            "Name": "Rustic_Decoration_Bench",
            "Variants": [
                {
                    "RowName": "Rustic_Decoration_Bench",
                    "DataTableName": "D_DeployableSetup"
                }
            ]
        },
        {
            "Name": "Rustic_SittingBench",
            "Variants": [
                {
                    "RowName": "Rustic_SittingBench",
                    "DataTableName": "D_DeployableSetup"
                }
            ],
            "EffectedByWeather": false
        },
        {
            "Name": "Rustic_Bookshelf",
            "Variants": [
                {
                    "RowName": "Rustic_Bookshelf",
                    "DataTableName": "D_DeployableSetup"
                }
            ],
            "EffectedByWeather": false
        },
        {
            "Name": "Rustic_Cabinet",
            "Variants": [
                {
                    "RowName": "Rustic_Cabinet",
                    "DataTableName": "D_DeployableSetup"
                }
            ],
            "EffectedByWeather": false
        },
        {
            "Name": "Rustic_Candles",
            "Variants": [
                {
                    "RowName": "Rustic_Candles_A",
                    "DataTableName": "D_DeployableSetup"
                },
                {
                    "RowName": "Rustic_Candles_B",
                    "DataTableName": "D_DeployableSetup"
                },
                {
                    "RowName": "Rustic_Candles_C",
                    "DataTableName": "D_DeployableSetup"
                },
                {
                    "RowName": "Rustic_Candles_D",
                    "DataTableName": "D_DeployableSetup"
                }
            ],
            "EffectedByWeather": false
        },
        {
            "Name": "Rustic_CoffeeTable",
            "Variants": [
                {
                    "RowName": "Rustic_CoffeeTable",
                    "DataTableName": "D_DeployableSetup"
                }
            ],
            "EffectedByWeather": false
        },
        {
            "Name": "Rustic_CouchLarge",
            "Variants": [
                {
                    "RowName": "Rustic_CouchLarge",
                    "DataTableName": "D_DeployableSetup"
                }
            ],
            "EffectedByWeather": false
        },
        {
            "Name": "Rustic_CouchMedium",
            "Variants": [
                {
                    "RowName": "Rustic_CouchMedium",
                    "DataTableName": "D_DeployableSetup"
                }
            ],
            "EffectedByWeather": false
        },
        {
            "Name": "Rustic_DiningChair",
            "Variants": [
                {
                    "RowName": "Rustic_DiningChair",
                    "DataTableName": "D_DeployableSetup"
                }
            ],
            "EffectedByWeather": false
        },
        {
            "Name": "Rustic_LivingChair",
            "Variants": [
                {
                    "RowName": "Rustic_LivingChair",
                    "DataTableName": "D_DeployableSetup"
                }
            ],
            "EffectedByWeather": false
        },
        {
            "Name": "Rustic_Nightstand",
            "Variants": [
                {
                    "RowName": "Rustic_NightStand_A",
                    "DataTableName": "D_DeployableSetup"
                },
                {
                    "RowName": "Rustic_NightStand_B",
                    "DataTableName": "D_DeployableSetup"
                },
                {
                    "RowName": "Rustic_NightStand_C",
                    "DataTableName": "D_DeployableSetup"
                },
                {
                    "RowName": "Rustic_NightStand_D",
                    "DataTableName": "D_DeployableSetup"
                },
                {
                    "RowName": "Rustic_NightStand_E",
                    "DataTableName": "D_DeployableSetup"
                }
            ],
            "EffectedByWeather": false
        },
        {
            "Name": "Rustic_Pot",
            "Variants": [
                {
                    "RowName": "Rustic_Pot_A",
                    "DataTableName": "D_DeployableSetup"
                },
                {
                    "RowName": "Rustic_Pot_B",
                    "DataTableName": "D_DeployableSetup"
                }
            ],
            "EffectedByWeather": false
        },
        {
            "Name": "Rustic_Stool",
            "Variants": [
                {
                    "RowName": "Rustic_Stool",
                    "DataTableName": "D_DeployableSetup"
                }
            ],
            "EffectedByWeather": false
        },
        {
            "Name": "Rustic_Table",
            "Variants": [
                {
                    "RowName": "Rustic_Table",
                    "DataTableName": "D_DeployableSetup"
                }
            ],
            "EffectedByWeather": false
        },
        {
            "Name": "Rustic_TableLarge",
            "Variants": [
                {
                    "RowName": "Rustic_TableLarge",
                    "DataTableName": "D_DeployableSetup"
                }
            ],
            "EffectedByWeather": false
        },
        {
            "Name": "Rustic_TableRound",
            "Variants": [
                {
                    "RowName": "Rustic_TableRound",
                    "DataTableName": "D_DeployableSetup"
                }
            ],
            "EffectedByWeather": false
        },
        {
            "Name": "Rustic_Wardrobe",
            "Variants": [
                {
                    "RowName": "Rustic_Wardrobe_A",
                    "DataTableName": "D_DeployableSetup"
                },
                {
                    "RowName": "Rustic_Wardrobe_B",
                    "DataTableName": "D_DeployableSetup"
                },
                {
                    "RowName": "Rustic_Wardrobe_C",
                    "DataTableName": "D_DeployableSetup"
                }
            ],
            "EffectedByWeather": false
        },
        {
            "Name": "Rustic_WardrobeNarrow",
            "Variants": [
                {
                    "RowName": "Rustic_WardrobeNarrow_A",
                    "DataTableName": "D_DeployableSetup"
                },
                {
                    "RowName": "Rustic_WardrobeNarrow_B",
                    "DataTableName": "D_DeployableSetup"
                }
            ],
            "EffectedByWeather": false
        },
        {
            "Name": "Rustic_Bed",
            "Variants": [
                {
                    "RowName": "Rustic_Bed",
                    "DataTableName": "D_DeployableSetup"
                }
            ]
        },
        {
            "Name": "Rustic_Statue",
            "Variants": [
                {
                    "RowName": "Rustic_Statue_Floor",
                    "DataTableName": "D_DeployableSetup"
                },
                {
                    "RowName": "Rustic_Statue_Wall",
                    "DataTableName": "D_DeployableSetup"
                }
            ],
            "EffectedByWeather": false
        },
        {
            "Name": "Rustic_Dresser",
            "Variants": [
                {
                    "RowName": "Rustic_Dresser",
                    "DataTableName": "D_DeployableSetup"
                }
            ],
            "EffectedByWeather": false
        },
        {
            "Name": "Faction_Mission_Explosive",
            "Variants": [
                {
                    "RowName": "Faction_Mission_Explosive",
                    "DataTableName": "D_DeployableSetup"
                }
            ],
            "EffectedByWeather": false
        },
        {
            "Name": "Extractor_Biofuel",
            "Variants": [
                {
                    "RowName": "Extractor_Biofuel",
                    "DataTableName": "D_DeployableSetup"
                }
            ],
            "EffectedByWeather": false
        },
        {
            "Name": "Extractor_Electric",
            "Variants": [
                {
                    "RowName": "Extractor_Electric",
                    "DataTableName": "D_DeployableSetup"
                }
            ],
            "EffectedByWeather": false
        },
        {
            "Name": "Extractor_Meta",
            "Variants": [
                {
                    "RowName": "Extractor_Meta",
                    "DataTableName": "D_DeployableSetup"
                }
            ],
            "EffectedByWeather": false
        },
        {
            "Name": "Radar_Biofuel",
            "Variants": [
                {
                    "RowName": "Radar_Biofuel",
                    "DataTableName": "D_DeployableSetup"
                }
            ],
            "EffectedByWeather": false
        },
        {
            "Name": "Radar_Electric",
            "Variants": [
                {
                    "RowName": "Radar_Electric",
                    "DataTableName": "D_DeployableSetup"
                }
            ],
            "EffectedByWeather": false
        },
        {
            "Name": "Radar_Meta",
            "Variants": [
                {
                    "RowName": "Radar_Meta",
                    "DataTableName": "D_DeployableSetup"
                }
            ],
            "EffectedByWeather": false
        },
        {
            "Name": "Mission_Prototype_Laser",
            "Variants": [
                {
                    "RowName": "Mission_Prototype_Laser",
                    "DataTableName": "D_DeployableSetup"
                }
            ],
            "EffectedByWeather": false
        },
        {
            "Name": "Mission_Analyzer_Egg",
            "Variants": [
                {
                    "RowName": "Mission_Analyzer_Egg",
                    "DataTableName": "D_DeployableSetup"
                }
            ],
            "EffectedByWeather": false
        },
        {
            "Name": "Prototype_Boss_Tracker",
            "Variants": [
                {
                    "RowName": "Prototype_Boss_Tracker",
                    "DataTableName": "D_DeployableSetup"
                }
            ],
            "EffectedByWeather": false
        },
        {
            "Name": "Vapour_Condenser",
            "Variants": [
                {
                    "RowName": "Vapour_Condenser",
                    "DataTableName": "D_DeployableSetup"
                }
            ],
            "EffectedByWeather": false
        },
        {
            "Name": "Deer_Statue_Decoration_Wood",
            "Variants": [
                {
                    "RowName": "Deer_Statue_Decoration_Wood",
                    "DataTableName": "D_DeployableSetup"
                }
            ],
            "EffectedByWeather": false
        },
        {
            "Name": "Scorpion_Statue_Decoration_Bronze",
            "Variants": [
                {
                    "RowName": "Scorpion_Statue_Decoration_Bronze",
                    "DataTableName": "D_DeployableSetup"
                }
            ],
            "EffectedByWeather": false
        },
        {
            "Name": "PolarBear_Statue_Decoration_Bronze",
            "Variants": [
                {
                    "RowName": "PolarBear_Statue_Decoration_Bronze",
                    "DataTableName": "D_DeployableSetup"
                }
            ],
            "EffectedByWeather": false
        },
        {
            "Name": "Bear_Statue_Decoration_Bronze",
            "Variants": [
                {
                    "RowName": "Bear_Statue_Decoration_Bronze",
                    "DataTableName": "D_DeployableSetup"
                }
            ],
            "EffectedByWeather": false
        },
        {
            "Name": "Mission_STYX_D_Research2_Bomb",
            "Variants": [
                {
                    "RowName": "Mission_STYX_D_Research2_Bomb",
                    "DataTableName": "D_DeployableSetup"
                }
            ],
            "EffectedByWeather": false
        },
        {
            "Name": "Food_Trough",
            "Variants": [
                {
                    "RowName": "Food_Trough",
                    "DataTableName": "D_DeployableSetup"
                }
            ],
            "EffectedByWeather": false
        },
        {
            "Name": "Alteration_Bench",
            "Variants": [
                {
                    "RowName": "Alteration_Bench",
                    "DataTableName": "D_DeployableSetup"
                }
            ]
        },
        {
            "Name": "Advanced_Alteration_Bench",
            "Variants": [
                {
                    "RowName": "Advanced_Alteration_Bench",
                    "DataTableName": "D_DeployableSetup"
                }
            ]
        },
        {
            "Name": "Target_Dummy",
            "Variants": [
                {
                    "RowName": "Target_Dummy",
                    "DataTableName": "D_DeployableSetup"
                }
            ],
            "AudioOcclusionAmount": 0.5,
            "EffectedByWeather": false
        },
        {
            "Name": "Target_DPSDummy",
            "Variants": [
                {
                    "RowName": "Target_DPSDummy",
                    "DataTableName": "D_DeployableSetup"
                }
            ],
            "AudioOcclusionAmount": 0.5,
            "EffectedByWeather": false
        },
        {
            "Name": "Bullseye_Target",
            "Variants": [
                {
                    "RowName": "Bullseye_Target",
                    "DataTableName": "D_DeployableSetup"
                }
            ],
            "AudioOcclusionAmount": 0.5,
            "EffectedByWeather": false
        },
        {
            "Name": "Advanced_Armor_Bench",
            "Variants": [
                {
                    "RowName": "Advanced_Armor_Bench",
                    "DataTableName": "D_DeployableSetup"
                }
            ]
        },
        {
            "Name": "Electric_Armor_Bench",
            "Variants": [
                {
                    "RowName": "Electric_Armor_Bench",
                    "DataTableName": "D_DeployableSetup"
                }
            ]
        },
        {
            "Name": "Animal_Bed",
            "Variants": [
                {
                    "RowName": "Animal_Bed",
                    "DataTableName": "D_DeployableSetup"
                }
            ],
            "EffectedByWeather": false
        },
        {
            "Name": "Spotlight_Tripod",
            "Variants": [
                {
                    "RowName": "Spotlight_Tripod",
                    "DataTableName": "D_DeployableSetup"
                }
            ],
            "EffectedByWeather": false
        },
        {
            "Name": "CollectionShipBeacon",
            "Variants": [
                {
                    "RowName": "CollectionShipBeacon",
                    "DataTableName": "D_DeployableSetup"
                }
            ],
            "EffectedByWeather": false
        },
        {
            "Name": "Mission_Communicator_T2",
            "Variants": [
                {
                    "RowName": "Mission_Communicator_T2",
                    "DataTableName": "D_DeployableSetup"
                }
            ],
            "EffectedByWeather": false
        },
        {
            "Name": "Water_Trough",
            "Variants": [
                {
                    "RowName": "Water_Trough",
                    "DataTableName": "D_DeployableSetup"
                }
            ],
            "EffectedByWeather": false
        },
        {
            "Name": "Wood_Railing_Gate",
            "Variants": [
                {
                    "RowName": "Wood_Railing_Gate",
                    "DataTableName": "D_DeployableSetup"
                }
            ],
            "EffectedByWeather": false
        },
        {
            "Name": "Fortification_Wood_Wall",
            "Variants": [
                {
                    "RowName": "Fortification_Wood_Wall",
                    "DataTableName": "D_DeployableSetup"
                },
                {
                    "RowName": "Fortification_Wood_Wall_Window",
                    "DataTableName": "D_DeployableSetup"
                }
            ],
            "AudioOcclusionAmount": 0.5,
            "EffectedByWeather": false
        },
        {
            "Name": "Fortification_Wood_Spikes",
            "Variants": [
                {
                    "RowName": "Fortification_Wood_Spikes",
                    "DataTableName": "D_DeployableSetup"
                }
            ],
            "AudioOcclusionAmount": 0.5,
            "EffectedByWeather": false
        },
        {
            "Name": "Fortification_Wood_Gate",
            "Variants": [
                {
                    "RowName": "Fortification_Wood_Gate",
                    "DataTableName": "D_DeployableSetup"
                }
            ],
            "AudioOcclusionAmount": 0.5,
            "EffectedByWeather": false
        },
        {
            "Name": "Fortification_Wood_Walkway",
            "Variants": [
                {
                    "RowName": "Fortification_Wood_Walkway",
                    "DataTableName": "D_DeployableSetup"
                },
                {
                    "RowName": "Fortification_Wood_Walkway_FrontRamp",
                    "DataTableName": "D_DeployableSetup"
                },
                {
                    "RowName": "Fortification_Wood_Walkway_SideRamp",
                    "DataTableName": "D_DeployableSetup"
                }
            ],
            "AudioOcclusionAmount": 0.5,
            "EffectedByWeather": false
        },
        {
            "Name": "Exotic_Delivery_Interface",
            "Variants": [
                {
                    "RowName": "Exotic_Delivery_Interface",
                    "DataTableName": "D_DeployableSetup"
                }
            ],
            "EffectedByWeather": false
        },
        {
            "Name": "Advanced_Kitchen_Bench",
            "Variants": [
                {
                    "RowName": "Advanced_Kitchen_Bench",
                    "DataTableName": "D_DeployableSetup"
                }
            ]
        },
        {
            "Name": "Advanced_Kitchen_Sink",
            "Variants": [
                {
                    "RowName": "Advanced_Kitchen_Sink",
                    "DataTableName": "D_DeployableSetup"
                }
            ]
        },
        {
            "Name": "Electric_Stove",
            "Variants": [
                {
                    "RowName": "Electric_Stove",
                    "DataTableName": "D_DeployableSetup"
                }
            ]
        },
        {
            "Name": "Advanced_Kitchen_Storage",
            "Variants": [
                {
                    "RowName": "Advanced_Kitchen_Storage",
                    "DataTableName": "D_DeployableSetup"
                }
            ]
        },
        {
            "Name": "Dynamic_Mission_Beacon",
            "Variants": [
                {
                    "RowName": "Dynamic_Mission_Beacon",
                    "DataTableName": "D_DeployableSetup"
                }
            ],
            "EffectedByWeather": false
        },
        {
            "Name": "TeleporterBase",
            "Variants": [
                {
                    "RowName": "TeleporterBase",
                    "DataTableName": "D_DeployableSetup"
                }
            ],
            "EffectedByWeather": false
        }
    ]
}