{
    "RowStruct": "/Script/Icarus.InventoryID",
    "Defaults": {
        "PlayerInventory": false
    },
    "GenerateEnum": true,
    "Rows": [
        {
            "Name": "Undefined"
        },
        {
            "Name": "General"
        },
        {
            "Name": "Quickbar",
            "PlayerInventory": true
        },
        {
            "Name": "Backpack",
            "PlayerInventory": true
        },
        {
            "Name": "Suit",
            "PlayerInventory": true
        },
        {
            "Name": "Equipment",
            "PlayerInventory": true
        },
        {
            "Name": "Processor"
        },
        {
            "Name": "Fuel"
        },
        {
            "Name": "Habitat",
            "PlayerInventory": true
        },
        {
            "Name": "Loadout",
            "PlayerInventory": true
        },
        {
            "Name": "Slotable"
        },
        {
            "Name": "Upgrade",
            "PlayerInventory": true
        },
        {
            "Name": "Vision",
            "PlayerInventory": true
        },
        {
            "Name": "Corpse"
        },
        {
            "Name": "Hands",
            "PlayerInventory": true
        },
        {
            "Name": "Seed"
        },
        {
            "Name": "Fertilizer"
        },
        {
            "Name": "Saddle"
        },
        {
            "Name": "Alteration"
        },
        {
            "Name": "Mount_Cargo"
        }
    ]
}