{
    "RowStruct": "/Script/Icarus.InventoryContainerData",
    "Defaults": {
        "InventoryInfo": {
            "RowName": "None",
            "DataTableName": "D_InventoryInfo"
        },
        "AttachmentSlot": -1
    },
    "Rows": [
        {
            "Name": "StandardAmmoInventory",
            "InventoryInfo": {
                "RowName": "Weapon_AmmoSlot"
            }
        },
        {
            "Name": "Knife_Attachment",
            "InventoryInfo": {
                "RowName": "Knife_Attachment"
            },
            "AttachmentSlot": 0
        },
        {
            "Name": "Spear_Attachment",
            "InventoryInfo": {
                "RowName": "Spear_Attachment"
            },
            "AttachmentSlot": 0
        },
        {
            "Name": "Axe_Attachment",
            "InventoryInfo": {
                "RowName": "Axe_Attachment"
            },
            "AttachmentSlot": 0
        },
        {
            "Name": "Pickaxe_Attachment",
            "InventoryInfo": {
                "RowName": "Pickaxe_Attachment"
            },
            "AttachmentSlot": 0
        },
        {
            "Name": "Sickle_Attachment",
            "InventoryInfo": {
                "RowName": "Sickle_Attachment"
            },
            "AttachmentSlot": 0
        },
        {
            "Name": "Hammer_Attachment",
            "InventoryInfo": {
                "RowName": "Hammer_Attachment"
            },
            "AttachmentSlot": 0
        },
        {
            "Name": "Head_Attachment",
            "InventoryInfo": {
                "RowName": "Head_Attachment"
            },
            "AttachmentSlot": 0
        },
        {
            "Name": "Body_Attachment",
            "InventoryInfo": {
                "RowName": "Body_Attachment"
            },
            "AttachmentSlot": 0
        },
        {
            "Name": "Arms_Attachment",
            "InventoryInfo": {
                "RowName": "Arms_Attachment"
            },
            "AttachmentSlot": 0
        },
        {
            "Name": "Legs_Attachment",
            "InventoryInfo": {
                "RowName": "Legs_Attachment"
            },
            "AttachmentSlot": 0
        },
        {
            "Name": "Feet_Attachment",
            "InventoryInfo": {
                "RowName": "Feet_Attachment"
            },
            "AttachmentSlot": 0
        },
        {
            "Name": "Bow_Ammo_Attachment",
            "InventoryInfo": {
                "RowName": "Bow_Ammo_Attachment"
            },
            "AttachmentSlot": 1
        },
        {
            "Name": "Crossbow_Ammo_Attachment",
            "InventoryInfo": {
                "RowName": "Crossbow_Ammo_Attachment"
            },
            "AttachmentSlot": 1
        },
        {
            "Name": "Pistol_Ammo_Attachment",
            "InventoryInfo": {
                "RowName": "Pistol_Ammo_Attachment"
            },
            "AttachmentSlot": 1
        },
        {
            "Name": "Rifle_Ammo_Attachment",
            "InventoryInfo": {
                "RowName": "Rifle_Ammo_Attachment"
            },
            "AttachmentSlot": 1
        },
        {
            "Name": "Shotgun_Ammo_Attachment",
            "InventoryInfo": {
                "RowName": "Shotgun_Ammo_Attachment"
            },
            "AttachmentSlot": 1
        }
    ]
}