{
    "RowStruct": "/Script/Icarus.RadialMenuData",
    "Defaults": {
        "RadialOptions": []
    },
    "Rows": [
        {
            "Name": "Deployable_Generic",
            "RadialOptions": [
                {
                    "RadialOption": {
                        "RowName": "Pickup_Deployable",
                        "DataTableName": "D_RadialOptions"
                    },
                    "DisplayText": "NSLOCTEXT(\"D_RadialMenuData\", \"Deployable_Generic-RadialOptions-0-DisplayText\", \"Pickup Deployable\")",
                    "Image": "/Engine/EditorResources/S_Pickup.S_Pickup"
                }
            ]
        }
    ]
}