{
    "RowStruct": "/Script/Icarus.Challenge",
    "Defaults": {
        "Name": "",
        "Description": "",
        "Icon": "None",
        "ExperienceGranted": {
            "ExperienceEvent": {
                "RowName": "None",
                "DataTableName": "D_ExperienceEvents"
            },
            "GainedExperience": 0
        },
        "Type": "MaxChallengeTypes"
    },
    "Rows": [
        {
            "Name": "TestChallenge",
            "Description": "NSLOCTEXT(\"D_Challenges\", \"TestChallenge-Description\", \"Catch a fish\")",
            "Icon": "/Game/Assets/2DArt/UI/Items/Item_Icons/ITEM_Missing.ITEM_Missing",
            "ExperienceGranted": {
                "ExperienceEvent": {
                    "RowName": "TestAchievement"
                },
                "GainedExperience": 10
            },
            "Type": "Character"
        },
        {
            "Name": "DiscDeerValley",
            "Description": "NSLOCTEXT(\"D_Challenges\", \"DiscDeerValley-Description\", \"Discover the Valley of the Deer\")",
            "Icon": "/Game/Assets/2DArt/UI/Items/Item_Icons/ITEM_Missing.ITEM_Missing",
            "ExperienceGranted": {
                "ExperienceEvent": {
                    "RowName": "TestAchievement"
                },
                "GainedExperience": 10
            },
            "Type": "Character"
        },
        {
            "Name": "DiscRockMountain",
            "Description": "NSLOCTEXT(\"D_Challenges\", \"DiscRockMountain-Description\", \"Find rock mountain\")",
            "Icon": "/Game/Assets/2DArt/UI/Items/Item_Icons/ITEM_Missing.ITEM_Missing",
            "ExperienceGranted": {
                "ExperienceEvent": {
                    "RowName": "TestAchievement"
                },
                "GainedExperience": 10
            },
            "Type": "Character"
        }
    ]
}