{
    "RowStruct": "/Script/Icarus.AlterationModifiers",
    "Defaults": {
        "Alteration": {
            "Value": "None"
        },
        "ModifierDuration": 0,
        "Modifier": {
            "RowName": "None",
            "DataTableName": "D_ModifierStates"
        },
        "Priority": 0,
        "ModifierEffectiveness": 100
    },
    "GenerateEnum": true,
    "Rows": [
        {
            "Name": "Dirty_Water",
            "Alteration": {
                "Value": "Dirty_Water"
            },
            "ModifierDuration": 300,
            "Modifier": {
                "RowName": "Dirty_Water"
            }
        },
        {
            "Name": "Rain_Water",
            "Alteration": {
                "Value": "Rain_Water"
            },
            "ModifierDuration": 300,
            "Modifier": {
                "RowName": "Rain_Water"
            },
            "Priority": 1
        },
        {
            "Name": "Filtered_Water",
            "Alteration": {
                "Value": "Filtered_Water"
            },
            "ModifierDuration": 300,
            "Modifier": {
                "RowName": "Filtered_Water"
            },
            "Priority": 2
        },
        {
            "Name": "Treated_Water",
            "Alteration": {
                "Value": "Treated_Water"
            },
            "ModifierDuration": 300,
            "Modifier": {
                "RowName": "Treated_Water"
            },
            "Priority": 3
        },
        {
            "Name": "Purified_Water",
            "Alteration": {
                "Value": "Purified_Water"
            },
            "ModifierDuration": 300,
            "Modifier": {
                "RowName": "Purified_Water"
            },
            "Priority": 4
        },
        {
            "Name": "Tea_Green",
            "Alteration": {
                "Value": "Green_Tea"
            },
            "ModifierDuration": 300,
            "Modifier": {
                "RowName": "Thermos_GreenTea_Modifier"
            },
            "Priority": -1
        },
        {
            "Name": "Tea_Wild",
            "Alteration": {
                "Value": "Wild_Tea"
            },
            "ModifierDuration": 300,
            "Modifier": {
                "RowName": "Thermos_WildTea_Modifier"
            },
            "Priority": -1
        },
        {
            "Name": "Coffee",
            "Alteration": {
                "Value": "Coffee"
            },
            "ModifierDuration": 300,
            "Modifier": {
                "RowName": "Thermos_Coffee_Modifier"
            },
            "Priority": -1
        },
        {
            "Name": "Cocoa",
            "Alteration": {
                "Value": "Cocoa"
            },
            "ModifierDuration": 300,
            "Modifier": {
                "RowName": "Thermos_Cocoa_Modifier"
            },
            "Priority": -1
        },
        {
            "Name": "Ice_Water",
            "Alteration": {
                "Value": "Ice_Water"
            },
            "ModifierDuration": 300,
            "Modifier": {
                "RowName": "Thermos_IceWater"
            },
            "Priority": -1
        },
        {
            "Name": "Honey_Tea",
            "Alteration": {
                "Value": "Honey_Tea"
            },
            "ModifierDuration": 300,
            "Modifier": {
                "RowName": "Thermos_HoneyTea"
            },
            "Priority": -1
        },
        {
            "Name": "Cooling",
            "Alteration": {
                "Value": "Cooling"
            },
            "ModifierDuration": 300,
            "Modifier": {
                "RowName": "Drink_Cooling"
            },
            "Priority": -1
        },
        {
            "Name": "Warming",
            "Alteration": {
                "Value": "Warming"
            },
            "ModifierDuration": 300,
            "Modifier": {
                "RowName": "Drink_Heated"
            },
            "Priority": -1
        }
    ]
}