{
    "RowStruct": "/Script/Icarus.Alteration",
    "Defaults": {
        "DisplayName": "",
        "Icon": "None",
        "Description": "",
        "RankIcon": "None",
        "Stats": {}
    },
    "GenerateEnum": true,
    "Rows": [
        {
            "Name": "Reinforced_Building",
            "DisplayName": "NSLOCTEXT(\"D_Alterations\", \"Reinforced_Building-DisplayName\", \"Reinforced\")",
            "Icon": "/Game/Assets/2DArt/UI/Alterations/Icon_Alteration_Reinforced.Icon_Alteration_Reinforced",
            "RankIcon": "/Game/Assets/2DArt/UI/Alterations/Icon_Alteration_1.Icon_Alteration_1",
            "Stats": {
                "(Value=\"BaseWindDamageResistance_%\")": 50,
                "(Value=\"BaseMaximumHealth_+%\")": 400,
                "(Value=\"BaseReinforcedBuilding_+\")": 3
            }
        },
        {
            "Name": "Durability_1",
            "DisplayName": "NSLOCTEXT(\"D_Alterations\", \"Durability_1-DisplayName\", \"Durable 1\")",
            "Icon": "/Game/Assets/2DArt/UI/Alterations/Icon_Alteration_durable.Icon_Alteration_durable",
            "RankIcon": "/Game/Assets/2DArt/UI/Alterations/Icon_Alteration_1.Icon_Alteration_1",
            "Stats": {
                "(Value=\"BaseMaximumHealth_+%\")": 10
            }
        },
        {
            "Name": "Durability_2",
            "DisplayName": "NSLOCTEXT(\"D_Alterations\", \"Durability_2-DisplayName\", \"Durable 2\")",
            "Icon": "/Game/Assets/2DArt/UI/Alterations/Icon_Alteration_durable.Icon_Alteration_durable",
            "RankIcon": "/Game/Assets/2DArt/UI/Alterations/Icon_Alteration_2.Icon_Alteration_2",
            "Stats": {
                "(Value=\"BaseMaximumHealth_+%\")": 15
            }
        },
        {
            "Name": "Durability_3",
            "DisplayName": "NSLOCTEXT(\"D_Alterations\", \"Durability_3-DisplayName\", \"Durable 3\")",
            "Icon": "/Game/Assets/2DArt/UI/Alterations/Icon_Alteration_durable.Icon_Alteration_durable",
            "RankIcon": "/Game/Assets/2DArt/UI/Alterations/Icon_Alteration_3.Icon_Alteration_3",
            "Stats": {
                "(Value=\"BaseMaximumHealth_+%\")": 20
            }
        },
        {
            "Name": "Durability_4",
            "DisplayName": "NSLOCTEXT(\"D_Alterations\", \"Durability_4-DisplayName\", \"Durable 4\")",
            "Icon": "/Game/Assets/2DArt/UI/Alterations/Icon_Alteration_durable.Icon_Alteration_durable",
            "RankIcon": "/Game/Assets/2DArt/UI/Alterations/Icon_Alteration_4.Icon_Alteration_4",
            "Stats": {
                "(Value=\"BaseMaximumHealth_+%\")": 25
            }
        },
        {
            "Name": "Durability_5",
            "DisplayName": "NSLOCTEXT(\"D_Alterations\", \"Durability_5-DisplayName\", \"Durable 5\")",
            "Icon": "/Game/Assets/2DArt/UI/Alterations/Icon_Alteration_durable.Icon_Alteration_durable",
            "RankIcon": "/Game/Assets/2DArt/UI/Alterations/Icon_Alteration_5.Icon_Alteration_5",
            "Stats": {
                "(Value=\"BaseMaximumHealth_+%\")": 50
            }
        },
        {
            "Name": "Durability_6",
            "DisplayName": "NSLOCTEXT(\"D_Alterations\", \"Durability_6-DisplayName\", \"Durable 6\")",
            "Icon": "/Game/Assets/2DArt/UI/Alterations/Icon_Alteration_durable.Icon_Alteration_durable",
            "RankIcon": "/Game/Assets/2DArt/UI/Alterations/Icon_Alteration_6.Icon_Alteration_6",
            "Stats": {
                "(Value=\"BaseMaximumHealth_+%\")": 100
            }
        },
        {
            "Name": "Durability_7",
            "DisplayName": "NSLOCTEXT(\"D_Alterations\", \"Durability_7-DisplayName\", \"Durable 7\")",
            "Icon": "/Game/Assets/2DArt/UI/Alterations/Icon_Alteration_durable.Icon_Alteration_durable",
            "RankIcon": "/Game/Assets/2DArt/UI/Alterations/Icon_Alteration_7.Icon_Alteration_7",
            "Stats": {
                "(Value=\"BaseMaximumHealth_+%\")": 300
            }
        },
        {
            "Name": "Durability_8",
            "DisplayName": "NSLOCTEXT(\"D_Alterations\", \"Durability_8-DisplayName\", \"Durable 8\")",
            "Icon": "/Game/Assets/2DArt/UI/Alterations/Icon_Alteration_durable.Icon_Alteration_durable",
            "RankIcon": "/Game/Assets/2DArt/UI/Alterations/Icon_Alteration_8.Icon_Alteration_8",
            "Stats": {
                "(Value=\"BaseMaximumHealth_+%\")": 500
            }
        },
        {
            "Name": "EnergyTransmuationEfficiency_1",
            "DisplayName": "NSLOCTEXT(\"D_Alterations\", \"EnergyTransmuationEfficiency_1-DisplayName\", \"Efficiency 1\")",
            "Icon": "/Game/Assets/2DArt/UI/Alterations/Icon_Alteration_efficient.Icon_Alteration_efficient",
            "RankIcon": "/Game/Assets/2DArt/UI/Alterations/Icon_Alteration_1.Icon_Alteration_1",
            "Stats": {
                "(Value=\"BaseEnergyTransmutationResourceCost_+%\")": -25
            }
        },
        {
            "Name": "EnergyTransmuationEfficiency_2",
            "DisplayName": "NSLOCTEXT(\"D_Alterations\", \"EnergyTransmuationEfficiency_2-DisplayName\", \"Efficiency 2\")",
            "Icon": "/Game/Assets/2DArt/UI/Alterations/Icon_Alteration_efficient.Icon_Alteration_efficient",
            "RankIcon": "/Game/Assets/2DArt/UI/Alterations/Icon_Alteration_2.Icon_Alteration_2",
            "Stats": {
                "(Value=\"BaseEnergyTransmutationResourceCost_+%\")": -50
            }
        },
        {
            "Name": "Felling_1",
            "DisplayName": "NSLOCTEXT(\"D_Alterations\", \"Felling_1-DisplayName\", \"Woodsman 1\")",
            "Icon": "/Game/Assets/2DArt/UI/Alterations/Alteration_Wood.Alteration_Wood",
            "RankIcon": "/Game/Assets/2DArt/UI/Alterations/Icon_Alteration_1.Icon_Alteration_1",
            "Stats": {
                "(Value=\"BaseFellingDamage_+\")": 20
            }
        },
        {
            "Name": "Felling_2",
            "DisplayName": "NSLOCTEXT(\"D_Alterations\", \"Felling_2-DisplayName\", \"Woodsman 2\")",
            "Icon": "/Game/Assets/2DArt/UI/Alterations/Alteration_Wood.Alteration_Wood",
            "RankIcon": "/Game/Assets/2DArt/UI/Alterations/Icon_Alteration_2.Icon_Alteration_2",
            "Stats": {
                "(Value=\"BaseFellingDamage_+\")": 40
            }
        },
        {
            "Name": "Storage_1",
            "DisplayName": "NSLOCTEXT(\"D_Alterations\", \"Storage_1-DisplayName\", \"Expanded 1\")",
            "Icon": "/Game/Assets/2DArt/UI/Alterations/Icon_Alteration_extended.Icon_Alteration_extended",
            "RankIcon": "/Game/Assets/2DArt/UI/Alterations/Icon_Alteration_1.Icon_Alteration_1",
            "Stats": {
                "(Value=\"BaseGenericSlots_+\")": 3
            }
        },
        {
            "Name": "Storage_2",
            "DisplayName": "NSLOCTEXT(\"D_Alterations\", \"Storage_2-DisplayName\", \"Expanded 2\")",
            "Icon": "/Game/Assets/2DArt/UI/Alterations/Icon_Alteration_extended.Icon_Alteration_extended",
            "RankIcon": "/Game/Assets/2DArt/UI/Alterations/Icon_Alteration_2.Icon_Alteration_2",
            "Stats": {
                "(Value=\"BaseGenericSlots_+\")": 5
            }
        },
        {
            "Name": "Storage_3",
            "DisplayName": "NSLOCTEXT(\"D_Alterations\", \"Storage_3-DisplayName\", \"Expanded 3\")",
            "Icon": "/Game/Assets/2DArt/UI/Alterations/Icon_Alteration_extended.Icon_Alteration_extended",
            "RankIcon": "/Game/Assets/2DArt/UI/Alterations/Icon_Alteration_3.Icon_Alteration_3",
            "Stats": {
                "(Value=\"BaseGenericSlots_+\")": 8
            }
        },
        {
            "Name": "Storage_4",
            "DisplayName": "NSLOCTEXT(\"D_Alterations\", \"Storage_4-DisplayName\", \"Expanded 4\")",
            "Icon": "/Game/Assets/2DArt/UI/Alterations/Icon_Alteration_extended.Icon_Alteration_extended",
            "RankIcon": "/Game/Assets/2DArt/UI/Alterations/Icon_Alteration_4.Icon_Alteration_4",
            "Stats": {
                "(Value=\"BaseGenericSlots_+\")": 10
            }
        },
        {
            "Name": "BurnChancePrevention_1",
            "DisplayName": "NSLOCTEXT(\"D_Alterations\", \"BurnChancePrevention_1-DisplayName\", \"Inflammable 1\")",
            "Icon": "/Game/Assets/2DArt/UI/Alterations/Icon_Alteration_inflammable.Icon_Alteration_inflammable",
            "RankIcon": "/Game/Assets/2DArt/UI/Alterations/Icon_Alteration_1.Icon_Alteration_1",
            "Stats": {
                "(Value=\"BaseBurnChance_%\")": -25
            }
        },
        {
            "Name": "WindResistance_1",
            "DisplayName": "NSLOCTEXT(\"D_Alterations\", \"WindResistance_1-DisplayName\", \"Sturdy 1\")",
            "Icon": "/Game/Assets/2DArt/UI/Alterations/Icon_Alteration_sturdy.Icon_Alteration_sturdy",
            "RankIcon": "/Game/Assets/2DArt/UI/Alterations/Icon_Alteration_1.Icon_Alteration_1",
            "Stats": {
                "(Value=\"BaseWindDamageResistance_%\")": 25
            }
        },
        {
            "Name": "HedgehogDamage_1",
            "DisplayName": "NSLOCTEXT(\"D_Alterations\", \"HedgehogDamage_1-DisplayName\", \"Spikey 1\")",
            "Icon": "/Game/Assets/2DArt/UI/Alterations/Icon_Alteration_Spikey.Icon_Alteration_Spikey",
            "RankIcon": "/Game/Assets/2DArt/UI/Alterations/Icon_Alteration_1.Icon_Alteration_1",
            "Stats": {
                "(Value=\"BaseHedgehogDamage_+%\")": 25
            }
        },
        {
            "Name": "CraftingSpeed_1",
            "DisplayName": "NSLOCTEXT(\"D_Alterations\", \"CraftingSpeed_1-DisplayName\", \"Effective 1\")",
            "Icon": "/Game/Assets/2DArt/UI/Alterations/Icon_Alteration_Effective.Icon_Alteration_Effective",
            "RankIcon": "/Game/Assets/2DArt/UI/Alterations/Icon_Alteration_1.Icon_Alteration_1",
            "Stats": {
                "(Value=\"BaseCraftingSpeed_+%\")": 10
            }
        },
        {
            "Name": "CraftingSpeed_2",
            "DisplayName": "NSLOCTEXT(\"D_Alterations\", \"CraftingSpeed_2-DisplayName\", \"Effective 2\")",
            "Icon": "/Game/Assets/2DArt/UI/Alterations/Icon_Alteration_Effective.Icon_Alteration_Effective",
            "RankIcon": "/Game/Assets/2DArt/UI/Alterations/Icon_Alteration_2.Icon_Alteration_2",
            "Stats": {
                "(Value=\"BaseCraftingSpeed_+%\")": 15
            }
        },
        {
            "Name": "ProjectileDamage_1",
            "DisplayName": "NSLOCTEXT(\"D_Alterations\", \"ProjectileDamage_1-DisplayName\", \"Deadly 1\")",
            "Icon": "/Game/Assets/2DArt/UI/Alterations/Icon_Alteration_peircing.Icon_Alteration_peircing",
            "RankIcon": "/Game/Assets/2DArt/UI/Alterations/Icon_Alteration_1.Icon_Alteration_1",
            "Stats": {
                "(Value=\"BaseProjectileDamage_+%\")": 2
            }
        },
        {
            "Name": "ProjectileDamage_2",
            "DisplayName": "NSLOCTEXT(\"D_Alterations\", \"ProjectileDamage_2-DisplayName\", \"Deadly 2\")",
            "Icon": "/Game/Assets/2DArt/UI/Alterations/Icon_Alteration_peircing.Icon_Alteration_peircing",
            "RankIcon": "/Game/Assets/2DArt/UI/Alterations/Icon_Alteration_2.Icon_Alteration_2",
            "Stats": {
                "(Value=\"BaseProjectileDamage_+%\")": 5
            }
        },
        {
            "Name": "ProjectileDamage_3",
            "DisplayName": "NSLOCTEXT(\"D_Alterations\", \"ProjectileDamage_3-DisplayName\", \"Deadly 3\")",
            "Icon": "/Game/Assets/2DArt/UI/Alterations/Icon_Alteration_peircing.Icon_Alteration_peircing",
            "RankIcon": "/Game/Assets/2DArt/UI/Alterations/Icon_Alteration_3.Icon_Alteration_3",
            "Stats": {
                "(Value=\"BaseProjectileDamage_+%\")": 10
            }
        },
        {
            "Name": "SmeltingSpeed_1",
            "DisplayName": "NSLOCTEXT(\"D_Alterations\", \"SmeltingSpeed_1-DisplayName\", \"Well Stoaked 1\")",
            "Icon": "/Game/Assets/2DArt/UI/Alterations/Icon_Alteration_well-stocked.Icon_Alteration_well-stocked",
            "RankIcon": "/Game/Assets/2DArt/UI/Alterations/Icon_Alteration_1.Icon_Alteration_1",
            "Stats": {
                "(Value=\"BaseSmeltingSpeed_+%\")": 10
            }
        },
        {
            "Name": "SmeltingSpeed_2",
            "DisplayName": "NSLOCTEXT(\"D_Alterations\", \"SmeltingSpeed_2-DisplayName\", \"Well Stoaked 2\")",
            "Icon": "/Game/Assets/2DArt/UI/Alterations/Icon_Alteration_well-stocked.Icon_Alteration_well-stocked",
            "RankIcon": "/Game/Assets/2DArt/UI/Alterations/Icon_Alteration_2.Icon_Alteration_2",
            "Stats": {
                "(Value=\"BaseSmeltingSpeed_+%\")": 15
            }
        },
        {
            "Name": "Melee_Damage_1",
            "DisplayName": "NSLOCTEXT(\"D_Alterations\", \"Melee_Damage_1-DisplayName\", \"Impact 1\")",
            "Icon": "/Game/Assets/2DArt/UI/Alterations/Alteration_Melee_Damage.Alteration_Melee_Damage",
            "RankIcon": "/Game/Assets/2DArt/UI/Alterations/Icon_Alteration_1.Icon_Alteration_1",
            "Stats": {
                "(Value=\"BaseMeleeDamage_+%\")": 10
            }
        },
        {
            "Name": "Melee_Damage_2",
            "DisplayName": "NSLOCTEXT(\"D_Alterations\", \"Melee_Damage_2-DisplayName\", \"Impact 2\")",
            "Icon": "/Game/Assets/2DArt/UI/Alterations/Alteration_Melee_Damage.Alteration_Melee_Damage",
            "RankIcon": "/Game/Assets/2DArt/UI/Alterations/Icon_Alteration_2.Icon_Alteration_2",
            "Stats": {
                "(Value=\"BaseMeleeDamage_+%\")": 20
            }
        },
        {
            "Name": "Melee_Attack_Speed_1",
            "DisplayName": "NSLOCTEXT(\"D_Alterations\", \"Melee_Attack_Speed_1-DisplayName\", \"Speedy 1\")",
            "Icon": "/Game/Assets/2DArt/UI/Alterations/Alteration_Melee_Speed.Alteration_Melee_Speed",
            "RankIcon": "/Game/Assets/2DArt/UI/Alterations/Icon_Alteration_1.Icon_Alteration_1",
            "Stats": {
                "(Value=\"BaseAttackSpeed_+%\")": 10
            }
        },
        {
            "Name": "Melee_Attack_Speed_2",
            "DisplayName": "NSLOCTEXT(\"D_Alterations\", \"Melee_Attack_Speed_2-DisplayName\", \"Speedy 2\")",
            "Icon": "/Game/Assets/2DArt/UI/Alterations/Alteration_Melee_Speed.Alteration_Melee_Speed",
            "RankIcon": "/Game/Assets/2DArt/UI/Alterations/Icon_Alteration_2.Icon_Alteration_2",
            "Stats": {
                "(Value=\"BaseAttackSpeed_+%\")": 20
            }
        },
        {
            "Name": "Prime_Meat_Yeild_1",
            "DisplayName": "NSLOCTEXT(\"D_Alterations\", \"Prime_Meat_Yeild_1-DisplayName\", \"Butcher 1\")",
            "Icon": "/Game/Assets/2DArt/UI/Alterations/Alteration_Prime_Meat.Alteration_Prime_Meat",
            "RankIcon": "/Game/Assets/2DArt/UI/Alterations/Icon_Alteration_1.Icon_Alteration_1",
            "Stats": {
                "(Value=\"BaseMeatHarvestedFromAnimals_+%\")": 20,
                "(Value=\"BasePrimeMeatDropChance_%\")": 5
            }
        },
        {
            "Name": "Prime_Meat_Yeild_2",
            "DisplayName": "NSLOCTEXT(\"D_Alterations\", \"Prime_Meat_Yeild_2-DisplayName\", \"Butcher 2\")",
            "Icon": "/Game/Assets/2DArt/UI/Alterations/Alteration_Prime_Meat.Alteration_Prime_Meat",
            "RankIcon": "/Game/Assets/2DArt/UI/Alterations/Icon_Alteration_2.Icon_Alteration_2",
            "Stats": {
                "(Value=\"BaseMeatHarvestedFromAnimals_+%\")": 30,
                "(Value=\"BasePrimeMeatDropChance_%\")": 15
            }
        },
        {
            "Name": "Bone_Yeild_1",
            "DisplayName": "NSLOCTEXT(\"D_Alterations\", \"Bone_Yeild_1-DisplayName\", \"Carcass Connoisseur 1\")",
            "Icon": "/Game/Assets/2DArt/UI/Alterations/Alteration_Bone.Alteration_Bone",
            "RankIcon": "/Game/Assets/2DArt/UI/Alterations/Icon_Alteration_1.Icon_Alteration_1",
            "Stats": {
                "(Value=\"BaseBoneHarvestedFromAnimals_+%\")": 10,
                "(Value=\"BaseFurHarvestedFromAnimals_+%\")": 10
            }
        },
        {
            "Name": "Bone_Yeild_2",
            "DisplayName": "NSLOCTEXT(\"D_Alterations\", \"Bone_Yeild_2-DisplayName\", \"Carcass Connoisseur 2\")",
            "Icon": "/Game/Assets/2DArt/UI/Alterations/Alteration_Bone.Alteration_Bone",
            "RankIcon": "/Game/Assets/2DArt/UI/Alterations/Icon_Alteration_2.Icon_Alteration_2",
            "Stats": {
                "(Value=\"BaseBoneHarvestedFromAnimals_+%\")": 20,
                "(Value=\"BaseFurHarvestedFromAnimals_+%\")": 20
            }
        },
        {
            "Name": "Leather_Yeild_1",
            "DisplayName": "NSLOCTEXT(\"D_Alterations\", \"Leather_Yeild_1-DisplayName\", \"Huntsman 1\")",
            "Icon": "/Game/Assets/2DArt/UI/Alterations/Alteration_Leather.Alteration_Leather",
            "RankIcon": "/Game/Assets/2DArt/UI/Alterations/Icon_Alteration_1.Icon_Alteration_1",
            "Stats": {
                "(Value=\"BaseLeatherHarvestedFromAnimals_+%\")": 20
            }
        },
        {
            "Name": "Leather_Yeild_2",
            "DisplayName": "NSLOCTEXT(\"D_Alterations\", \"Leather_Yeild_2-DisplayName\", \"Huntsman 2\")",
            "Icon": "/Game/Assets/2DArt/UI/Alterations/Alteration_Leather.Alteration_Leather",
            "RankIcon": "/Game/Assets/2DArt/UI/Alterations/Icon_Alteration_2.Icon_Alteration_2",
            "Stats": {
                "(Value=\"BaseLeatherHarvestedFromAnimals_+%\")": 40
            }
        },
        {
            "Name": "Gold_Yeild_1",
            "DisplayName": "NSLOCTEXT(\"D_Alterations\", \"Gold_Yeild_1-DisplayName\", \"Goldsmith 1\")",
            "Icon": "/Game/Assets/2DArt/UI/Alterations/Alteration_Gold.Alteration_Gold",
            "RankIcon": "/Game/Assets/2DArt/UI/Alterations/Icon_Alteration_1.Icon_Alteration_1",
            "Stats": {
                "(Value=\"BaseMiningGoldRewards_+%\")": 25
            }
        },
        {
            "Name": "Gold_Yeild_2",
            "DisplayName": "NSLOCTEXT(\"D_Alterations\", \"Gold_Yeild_2-DisplayName\", \"Goldsmith 2\")",
            "Icon": "/Game/Assets/2DArt/UI/Alterations/Alteration_Gold.Alteration_Gold",
            "RankIcon": "/Game/Assets/2DArt/UI/Alterations/Icon_Alteration_2.Icon_Alteration_2",
            "Stats": {
                "(Value=\"BaseMiningGoldRewards_+%\")": 40
            }
        },
        {
            "Name": "Copper_Yeild_1",
            "DisplayName": "NSLOCTEXT(\"D_Alterations\", \"Copper_Yeild_1-DisplayName\", \"Coppersmith 1\")",
            "Icon": "/Game/Assets/2DArt/UI/Alterations/Alteration_Copper.Alteration_Copper",
            "RankIcon": "/Game/Assets/2DArt/UI/Alterations/Icon_Alteration_1.Icon_Alteration_1",
            "Stats": {
                "(Value=\"BaseMiningCopperRewards_+%\")": 25
            }
        },
        {
            "Name": "Copper_Yeild_2",
            "DisplayName": "NSLOCTEXT(\"D_Alterations\", \"Copper_Yeild_2-DisplayName\", \"Coppersmith 2\")",
            "Icon": "/Game/Assets/2DArt/UI/Alterations/Alteration_Copper.Alteration_Copper",
            "RankIcon": "/Game/Assets/2DArt/UI/Alterations/Icon_Alteration_2.Icon_Alteration_2",
            "Stats": {
                "(Value=\"BaseMiningCopperRewards_+%\")": 40
            }
        },
        {
            "Name": "Platnium_Yeild_1",
            "DisplayName": "NSLOCTEXT(\"D_Alterations\", \"Platnium_Yeild_1-DisplayName\", \"Platinumsmith 1\")",
            "Icon": "/Game/Assets/2DArt/UI/Alterations/Alteration_Plat.Alteration_Plat",
            "RankIcon": "/Game/Assets/2DArt/UI/Alterations/Icon_Alteration_1.Icon_Alteration_1",
            "Stats": {
                "(Value=\"BaseMiningPlatinumRewards_+%\")": 25
            }
        },
        {
            "Name": "Platnium_Yeild_2",
            "DisplayName": "NSLOCTEXT(\"D_Alterations\", \"Platnium_Yeild_2-DisplayName\", \"Platinumsmith 2\")",
            "Icon": "/Game/Assets/2DArt/UI/Alterations/Alteration_Plat.Alteration_Plat",
            "RankIcon": "/Game/Assets/2DArt/UI/Alterations/Icon_Alteration_2.Icon_Alteration_2",
            "Stats": {
                "(Value=\"BaseMiningPlatinumRewards_+%\")": 40
            }
        },
        {
            "Name": "Reaping_Yeild_1",
            "DisplayName": "NSLOCTEXT(\"D_Alterations\", \"Reaping_Yeild_1-DisplayName\", \"Reaper 1\")",
            "Icon": "/Game/Assets/2DArt/UI/Alterations/Alteration_Sickle.Alteration_Sickle",
            "RankIcon": "/Game/Assets/2DArt/UI/Alterations/Icon_Alteration_1.Icon_Alteration_1",
            "Stats": {
                "(Value=\"BaseReapingRewards_%\")": 25
            }
        },
        {
            "Name": "Reaping_Yeild_2",
            "DisplayName": "NSLOCTEXT(\"D_Alterations\", \"Reaping_Yeild_2-DisplayName\", \"Reaper 2\")",
            "Icon": "/Game/Assets/2DArt/UI/Alterations/Alteration_Sickle.Alteration_Sickle",
            "RankIcon": "/Game/Assets/2DArt/UI/Alterations/Icon_Alteration_2.Icon_Alteration_2",
            "Stats": {
                "(Value=\"BaseReapingRewards_%\")": 50,
                "(Value=\"BaseAttacksCauseHemorrhage_%\")": 25
            }
        },
        {
            "Name": "Repair_Time_1",
            "DisplayName": "NSLOCTEXT(\"D_Alterations\", \"Repair_Time_1-DisplayName\", \"Repairman 1\")",
            "Icon": "/Game/Assets/2DArt/UI/Alterations/Alteration_Repair.Alteration_Repair",
            "RankIcon": "/Game/Assets/2DArt/UI/Alterations/Icon_Alteration_1.Icon_Alteration_1",
            "Stats": {
                "(Value=\"BaseActionHoldTime_+%\")": -6,
                "(Value=\"BaseStaminaActionCost_+%\")": -10
            }
        },
        {
            "Name": "Repair_Time_2",
            "DisplayName": "NSLOCTEXT(\"D_Alterations\", \"Repair_Time_2-DisplayName\", \"Repairman 2\")",
            "Icon": "/Game/Assets/2DArt/UI/Alterations/Alteration_Repair.Alteration_Repair",
            "RankIcon": "/Game/Assets/2DArt/UI/Alterations/Icon_Alteration_2.Icon_Alteration_2",
            "Stats": {
                "(Value=\"BaseActionHoldTime_+%\")": -12,
                "(Value=\"BaseStaminaActionCost_+%\")": -20
            }
        },
        {
            "Name": "Attacks_Cause_Shock_1",
            "DisplayName": "NSLOCTEXT(\"D_Alterations\", \"Attacks_Cause_Shock_1-DisplayName\", \"Shock 1\")",
            "Icon": "/Game/Assets/2DArt/UI/Alterations/Alteration_Electroshock.Alteration_Electroshock",
            "Stats": {
                "(Value=\"BaseAttacksCauseElectroshock_%\")": 40,
                "(Value=\"BaseMeleeDamage_+\")": 5
            }
        },
        {
            "Name": "Attacks_Cause_Bleed_1",
            "DisplayName": "NSLOCTEXT(\"D_Alterations\", \"Attacks_Cause_Bleed_1-DisplayName\", \"Bleed 1\")",
            "Icon": "/Game/Assets/2DArt/UI/Alterations/Alteration_Bleed.Alteration_Bleed",
            "Stats": {
                "(Value=\"BaseAttacksCauseBleed_%\")": 40,
                "(Value=\"BaseMeleeDamage_+\")": 5
            }
        },
        {
            "Name": "Attacks_Cause_Poison_1",
            "DisplayName": "NSLOCTEXT(\"D_Alterations\", \"Attacks_Cause_Poison_1-DisplayName\", \"Toxic 1\")",
            "Icon": "/Game/Assets/2DArt/UI/Alterations/Alteration_Poison.Alteration_Poison",
            "Stats": {
                "(Value=\"BaseAttacksCausePoison_%\")": 40,
                "(Value=\"BaseMeleeDamage_+\")": 5
            }
        },
        {
            "Name": "Titanium_Yield_1",
            "DisplayName": "NSLOCTEXT(\"D_Alterations\", \"Titanium_Yield_1-DisplayName\", \"Titaniumsmith 1\")",
            "Icon": "/Game/Assets/2DArt/UI/Alterations/Alteration_Tit.Alteration_Tit",
            "RankIcon": "/Game/Assets/2DArt/UI/Alterations/Icon_Alteration_1.Icon_Alteration_1",
            "Stats": {
                "(Value=\"BaseMiningTitaniumRewards_+%\")": 25
            }
        },
        {
            "Name": "Titanium_Yield_2",
            "DisplayName": "NSLOCTEXT(\"D_Alterations\", \"Titanium_Yield_2-DisplayName\", \"Titaniumsmith 2\")",
            "Icon": "/Game/Assets/2DArt/UI/Alterations/Alteration_Tit.Alteration_Tit",
            "RankIcon": "/Game/Assets/2DArt/UI/Alterations/Icon_Alteration_2.Icon_Alteration_2",
            "Stats": {
                "(Value=\"BaseMiningTitaniumRewards_+%\")": 40
            }
        },
        {
            "Name": "Cave_Resistance_1",
            "DisplayName": "NSLOCTEXT(\"D_Alterations\", \"Cave_Resistance_1-DisplayName\", \"Cave Dweller 1\")",
            "Icon": "/Game/Assets/2DArt/UI/Icons/ArmorAttachments/Icon_CaveHealthRegen_Pneumonia_Chance.Icon_CaveHealthRegen_Pneumonia_Chance",
            "RankIcon": "/Game/Assets/2DArt/UI/Alterations/Icon_Alteration_1.Icon_Alteration_1",
            "Stats": {
                "(Value=\"BaseCaveHealthRegen_+%\")": 30,
                "(Value=\"BasePneumoniaResistance_%\")": 25
            }
        },
        {
            "Name": "Cave_Resistance_2",
            "DisplayName": "NSLOCTEXT(\"D_Alterations\", \"Cave_Resistance_2-DisplayName\", \"Cave Dweller 2\")",
            "Icon": "/Game/Assets/2DArt/UI/Icons/ArmorAttachments/Icon_CaveHealthRegen_Pneumonia_Chance.Icon_CaveHealthRegen_Pneumonia_Chance",
            "RankIcon": "/Game/Assets/2DArt/UI/Alterations/Icon_Alteration_2.Icon_Alteration_2",
            "Stats": {
                "(Value=\"BaseCaveHealthRegen_+%\")": 60,
                "(Value=\"BasePneumoniaResistance_%\")": 50
            }
        },
        {
            "Name": "Storm_Resistance_1",
            "DisplayName": "NSLOCTEXT(\"D_Alterations\", \"Storm_Resistance_1-DisplayName\", \"Storm Rider 1\")",
            "Icon": "/Game/Assets/2DArt/UI/Icons/ArmorAttachments/Icon_StormStaminaRegen_Exposure_Res.Icon_StormStaminaRegen_Exposure_Res",
            "RankIcon": "/Game/Assets/2DArt/UI/Alterations/Icon_Alteration_1.Icon_Alteration_1",
            "Stats": {
                "(Value=\"BaseStormStaminaRegen_+%\")": 20,
                "(Value=\"BaseExposureResistance_+%\")": 5
            }
        },
        {
            "Name": "Storm_Resistance_2",
            "DisplayName": "NSLOCTEXT(\"D_Alterations\", \"Storm_Resistance_2-DisplayName\", \"Storm Rider 2\")",
            "Icon": "/Game/Assets/2DArt/UI/Icons/ArmorAttachments/Icon_StormStaminaRegen_Exposure_Res.Icon_StormStaminaRegen_Exposure_Res",
            "RankIcon": "/Game/Assets/2DArt/UI/Alterations/Icon_Alteration_2.Icon_Alteration_2",
            "Stats": {
                "(Value=\"BaseStormStaminaRegen_+%\")": 40,
                "(Value=\"BaseExposureResistance_+%\")": 10
            }
        },
        {
            "Name": "Poison_Water_1",
            "DisplayName": "NSLOCTEXT(\"D_Alterations\", \"Poison_Water_1-DisplayName\", \"Desert Nomad 1\")",
            "Icon": "/Game/Assets/2DArt/UI/Icons/ArmorAttachments/Icon_PoisonResist.Icon_PoisonResist",
            "RankIcon": "/Game/Assets/2DArt/UI/Alterations/Icon_Alteration_1.Icon_Alteration_1",
            "Stats": {
                "(Value=\"BasePoisonResistance_%\")": 30,
                "(Value=\"BaseWaterConsumption_+%\")": -10
            }
        },
        {
            "Name": "Poison_Water_2",
            "DisplayName": "NSLOCTEXT(\"D_Alterations\", \"Poison_Water_2-DisplayName\", \"Desert Nomad 2\")",
            "Icon": "/Game/Assets/2DArt/UI/Icons/ArmorAttachments/Icon_PoisonResist.Icon_PoisonResist",
            "RankIcon": "/Game/Assets/2DArt/UI/Alterations/Icon_Alteration_2.Icon_Alteration_2",
            "Stats": {
                "(Value=\"BasePoisonResistance_%\")": 60,
                "(Value=\"BaseWaterConsumption_+%\")": -20
            }
        },
        {
            "Name": "Tool_Use_1",
            "DisplayName": "NSLOCTEXT(\"D_Alterations\", \"Tool_Use_1-DisplayName\", \"Worksman 1\")",
            "Icon": "/Game/Assets/2DArt/UI/Icons/ArmorAttachments/Icon_StaminaToolUsage.Icon_StaminaToolUsage",
            "RankIcon": "/Game/Assets/2DArt/UI/Alterations/Icon_Alteration_1.Icon_Alteration_1",
            "Stats": {
                "(Value=\"BaseToolStaminaActionCost_+%\")": -15,
                "(Value=\"BaseItemWear_+%\")": -10
            }
        },
        {
            "Name": "Tool_Use_2",
            "DisplayName": "NSLOCTEXT(\"D_Alterations\", \"Tool_Use_2-DisplayName\", \"Worksman 2\")",
            "Icon": "/Game/Assets/2DArt/UI/Icons/ArmorAttachments/Icon_StaminaToolUsage.Icon_StaminaToolUsage",
            "RankIcon": "/Game/Assets/2DArt/UI/Alterations/Icon_Alteration_2.Icon_Alteration_2",
            "Stats": {
                "(Value=\"BaseToolStaminaActionCost_+%\")": -30,
                "(Value=\"BaseItemWear_+%\")": -20
            }
        },
        {
            "Name": "Movement_Bonus_1",
            "DisplayName": "NSLOCTEXT(\"D_Alterations\", \"Movement_Bonus_1-DisplayName\", \"Acrobatic 1\")",
            "Icon": "/Game/Assets/2DArt/UI/Icons/ArmorAttachments/Icon_SwimClimbSpeed.Icon_SwimClimbSpeed",
            "RankIcon": "/Game/Assets/2DArt/UI/Alterations/Icon_Alteration_1.Icon_Alteration_1",
            "Stats": {
                "(Value=\"BaseClimbingSpeed_+%\")": 15,
                "(Value=\"BaseJumpingStaminaActionCost_+%\")": -15,
                "(Value=\"BaseSwimSpeed_+%\")": 15
            }
        },
        {
            "Name": "Movement_Bonus_2",
            "DisplayName": "NSLOCTEXT(\"D_Alterations\", \"Movement_Bonus_2-DisplayName\", \"Acrobatic 2\")",
            "Icon": "/Game/Assets/2DArt/UI/Icons/ArmorAttachments/Icon_SwimClimbSpeed.Icon_SwimClimbSpeed",
            "RankIcon": "/Game/Assets/2DArt/UI/Alterations/Icon_Alteration_2.Icon_Alteration_2",
            "Stats": {
                "(Value=\"BaseClimbingSpeed_+%\")": 30,
                "(Value=\"BaseJumpingStaminaActionCost_+%\")": -30,
                "(Value=\"BaseSwimSpeed_+%\")": 30
            }
        },
        {
            "Name": "Fall_Resistance_1",
            "DisplayName": "NSLOCTEXT(\"D_Alterations\", \"Fall_Resistance_1-DisplayName\", \"Surefooted 1\")",
            "Icon": "/Game/Assets/2DArt/UI/Icons/ArmorAttachments/Icon_FallRes.Icon_FallRes",
            "RankIcon": "/Game/Assets/2DArt/UI/Alterations/Icon_Alteration_1.Icon_Alteration_1",
            "Stats": {
                "(Value=\"BaseFallDamageResistance_%\")": 10,
                "(Value=\"BaseChanceToResistSprain_%\")": 20
            }
        },
        {
            "Name": "Fall_Resistance_2",
            "DisplayName": "NSLOCTEXT(\"D_Alterations\", \"Fall_Resistance_2-DisplayName\", \"Surefooted 2\")",
            "Icon": "/Game/Assets/2DArt/UI/Icons/ArmorAttachments/Icon_FallRes.Icon_FallRes",
            "RankIcon": "/Game/Assets/2DArt/UI/Alterations/Icon_Alteration_2.Icon_Alteration_2",
            "Stats": {
                "(Value=\"BaseFallDamageResistance_%\")": 20,
                "(Value=\"BaseChanceToResistSprain_%\")": 40
            }
        },
        {
            "Name": "Stealth_Movement_1",
            "DisplayName": "NSLOCTEXT(\"D_Alterations\", \"Stealth_Movement_1-DisplayName\", \"Stealthy 1\")",
            "Icon": "/Game/Assets/2DArt/UI/Icons/ArmorAttachments/Icon_ThreatWhileStealth.Icon_ThreatWhileStealth",
            "RankIcon": "/Game/Assets/2DArt/UI/Alterations/Icon_Alteration_1.Icon_Alteration_1",
            "Stats": {
                "(Value=\"BaseStealthThreatModifier_+%\")": -10,
                "(Value=\"BaseCrouchSpeed_+%\")": 10
            }
        },
        {
            "Name": "Stealth_Movement_2",
            "DisplayName": "NSLOCTEXT(\"D_Alterations\", \"Stealth_Movement_2-DisplayName\", \"Stealthy 2\")",
            "Icon": "/Game/Assets/2DArt/UI/Icons/ArmorAttachments/Icon_ThreatWhileStealth.Icon_ThreatWhileStealth",
            "RankIcon": "/Game/Assets/2DArt/UI/Alterations/Icon_Alteration_2.Icon_Alteration_2",
            "Stats": {
                "(Value=\"BaseStealthThreatModifier_+%\")": -20,
                "(Value=\"BaseCrouchSpeed_+%\")": 20
            }
        },
        {
            "Name": "Carrying_Bonus_1",
            "DisplayName": "NSLOCTEXT(\"D_Alterations\", \"Carrying_Bonus_1-DisplayName\", \"Extra Pockets 1\")",
            "Icon": "/Game/Assets/2DArt/UI/Icons/ArmorAttachments/Icon_WeightCapacity.Icon_WeightCapacity",
            "RankIcon": "/Game/Assets/2DArt/UI/Alterations/Icon_Alteration_1.Icon_Alteration_1",
            "Stats": {
                "(Value=\"BaseWeightCapacity_+\")": 5,
                "(Value=\"BaseBackpackSlots_+\")": 2
            }
        },
        {
            "Name": "Carrying_Bonus_2",
            "DisplayName": "NSLOCTEXT(\"D_Alterations\", \"Carrying_Bonus_2-DisplayName\", \"Extra Pockets 2\")",
            "Icon": "/Game/Assets/2DArt/UI/Icons/ArmorAttachments/Icon_WeightCapacity.Icon_WeightCapacity",
            "RankIcon": "/Game/Assets/2DArt/UI/Alterations/Icon_Alteration_2.Icon_Alteration_2",
            "Stats": {
                "(Value=\"BaseWeightCapacity_+\")": 10,
                "(Value=\"BaseBackpackSlots_+\")": 4
            }
        },
        {
            "Name": "Regen_Resistance_1",
            "DisplayName": "NSLOCTEXT(\"D_Alterations\", \"Regen_Resistance_1-DisplayName\", \"Plating 1\")",
            "Icon": "/Game/Assets/2DArt/UI/Icons/ArmorAttachments/Icon_HealthRegenandPhysRes.Icon_HealthRegenandPhysRes",
            "RankIcon": "/Game/Assets/2DArt/UI/Alterations/Icon_Alteration_1.Icon_Alteration_1",
            "Stats": {
                "(Value=\"BaseHealthRegen_+%\")": 20,
                "(Value=\"BasePhysicalDamageResistance_+%\")": 5
            }
        },
        {
            "Name": "Regen_Resistance_2",
            "DisplayName": "NSLOCTEXT(\"D_Alterations\", \"Regen_Resistance_2-DisplayName\", \"Plating 2\")",
            "Icon": "/Game/Assets/2DArt/UI/Icons/ArmorAttachments/Icon_HealthRegenandPhysRes.Icon_HealthRegenandPhysRes",
            "RankIcon": "/Game/Assets/2DArt/UI/Alterations/Icon_Alteration_2.Icon_Alteration_2",
            "Stats": {
                "(Value=\"BaseHealthRegen_+%\")": 40,
                "(Value=\"BasePhysicalDamageResistance_+%\")": 10
            }
        },
        {
            "Name": "Boss_Tracker_1",
            "DisplayName": "NSLOCTEXT(\"D_Alterations\", \"Boss_Tracker_1-DisplayName\", \"Scanner 1\")",
            "Icon": "/Game/Assets/2DArt/UI/Icons/ArmorAttachments/Icon_BossTracker.Icon_BossTracker",
            "RankIcon": "/Game/Assets/2DArt/UI/Alterations/Icon_Alteration_1.Icon_Alteration_1",
            "Stats": {
                "(Value=\"MapCanSeeWorldBosses_?\")": 1,
                "(Value=\"BaseCriticalDamage_+%\")": 15
            }
        },
        {
            "Name": "Stomach_Capacity_1",
            "DisplayName": "NSLOCTEXT(\"D_Alterations\", \"Stomach_Capacity_1-DisplayName\", \"Hearty 1\")",
            "Icon": "/Game/Assets/2DArt/UI/Icons/ArmorAttachments/Icon_StomachCap.Icon_StomachCap",
            "RankIcon": "/Game/Assets/2DArt/UI/Alterations/Icon_Alteration_1.Icon_Alteration_1",
            "Stats": {
                "(Value=\"BaseMaximumStomachFullness_+\")": 1,
                "(Value=\"BaseFoodModifierDuration_+%\")": 10
            }
        },
        {
            "Name": "Quick_Healing_1",
            "DisplayName": "NSLOCTEXT(\"D_Alterations\", \"Quick_Healing_1-DisplayName\", \"Restorative 1\")",
            "Icon": "/Game/Assets/2DArt/UI/Icons/ArmorAttachments/Icon_FasterAfflictionHeal.Icon_FasterAfflictionHeal",
            "RankIcon": "/Game/Assets/2DArt/UI/Alterations/Icon_Alteration_1.Icon_Alteration_1",
            "Stats": {
                "(Value=\"BaseBacterialModifierDuration_+%\")": -20,
                "(Value=\"BaseParasiticModifierDuration_+%\")": -20,
                "(Value=\"BasePhysicalTraumaModifierDuration_+%\")": -20,
                "(Value=\"BasePoisonModifierDuration_+%\")": -20
            }
        },
        {
            "Name": "Ranged_Weapon_ADS_Upgrade_1",
            "DisplayName": "NSLOCTEXT(\"D_Alterations\", \"Ranged_Weapon_ADS_Upgrade_1-DisplayName\", \"Scope 1\")",
            "Icon": "/Game/Assets/2DArt/UI/Icons/WeaponAttachments/Icon_Scope.Icon_Scope",
            "RankIcon": "/Game/Assets/2DArt/UI/Alterations/Icon_Alteration_1.Icon_Alteration_1",
            "Stats": {
                "(Value=\"BaseAimDownSightsSpeed_+%\")": 20,
                "(Value=\"BaseAimDownSightsZoom_+%\")": 15
            }
        },
        {
            "Name": "Ranged_Weapon_ADS_Upgrade_2",
            "DisplayName": "NSLOCTEXT(\"D_Alterations\", \"Ranged_Weapon_ADS_Upgrade_2-DisplayName\", \"Scope 2\")",
            "Icon": "/Game/Assets/2DArt/UI/Icons/WeaponAttachments/Icon_Scope.Icon_Scope",
            "RankIcon": "/Game/Assets/2DArt/UI/Alterations/Icon_Alteration_2.Icon_Alteration_2",
            "Stats": {
                "(Value=\"BaseAimDownSightsSpeed_+%\")": 50,
                "(Value=\"BaseAimDownSightsZoom_+%\")": 30
            }
        },
        {
            "Name": "Ranged_Weapon_Ammo_Highlight_1",
            "DisplayName": "NSLOCTEXT(\"D_Alterations\", \"Ranged_Weapon_Ammo_Highlight_1-DisplayName\", \"Highlight 1\")",
            "Icon": "/Game/Assets/2DArt/UI/Icons/WeaponAttachments/Icon_TrajectoryModule.Icon_TrajectoryModule",
            "RankIcon": "/Game/Assets/2DArt/UI/Alterations/Icon_Alteration_1.Icon_Alteration_1",
            "Stats": {
                "(Value=\"BaseArrowProjectileSpeed_+%\")": 15,
                "(Value=\"HighlightShotProjectile_?\")": 1
            }
        },
        {
            "Name": "Ranged_Weapon_Ammo_Highlight_2",
            "DisplayName": "NSLOCTEXT(\"D_Alterations\", \"Ranged_Weapon_Ammo_Highlight_2-DisplayName\", \"Highlight 2\")",
            "Icon": "/Game/Assets/2DArt/UI/Icons/WeaponAttachments/Icon_TrajectoryModule.Icon_TrajectoryModule",
            "RankIcon": "/Game/Assets/2DArt/UI/Alterations/Icon_Alteration_2.Icon_Alteration_2",
            "Stats": {
                "(Value=\"BaseArrowProjectileSpeed_+%\")": 50,
                "(Value=\"HighlightShotProjectile_?\")": 1
            }
        },
        {
            "Name": "Ranged_Weapon_Wear_1",
            "DisplayName": "NSLOCTEXT(\"D_Alterations\", \"Ranged_Weapon_Wear_1-DisplayName\", \"Sturdy 1\")",
            "Icon": "/Game/Assets/2DArt/UI/Icons/WeaponAttachments/Icon_StrengtheneedStrings.Icon_StrengtheneedStrings",
            "RankIcon": "/Game/Assets/2DArt/UI/Alterations/Icon_Alteration_1.Icon_Alteration_1",
            "Stats": {
                "(Value=\"BaseArrowProjectileSpeed_+%\")": 10,
                "(Value=\"BaseItemWear_+%\")": -15,
                "(Value=\"BaseStaminaActionCost_+%\")": -25,
                "(Value=\"BaseReloadSpeed_+%\")": 10
            }
        },
        {
            "Name": "Ranged_Weapon_Wear_2",
            "DisplayName": "NSLOCTEXT(\"D_Alterations\", \"Ranged_Weapon_Wear_2-DisplayName\", \"Sturdy 2\")",
            "Icon": "/Game/Assets/2DArt/UI/Icons/WeaponAttachments/Icon_StrengtheneedStrings.Icon_StrengtheneedStrings",
            "RankIcon": "/Game/Assets/2DArt/UI/Alterations/Icon_Alteration_2.Icon_Alteration_2",
            "Stats": {
                "(Value=\"BaseArrowProjectileSpeed_+%\")": 20,
                "(Value=\"BaseItemWear_+%\")": -30,
                "(Value=\"BaseStaminaActionCost_+%\")": -40,
                "(Value=\"BaseReloadSpeed_+%\")": 20
            }
        },
        {
            "Name": "Ranged_Weapon_Stealth_1",
            "DisplayName": "NSLOCTEXT(\"D_Alterations\", \"Ranged_Weapon_Stealth_1-DisplayName\", \"Covert 1\")",
            "Icon": "/Game/Assets/2DArt/UI/Icons/WeaponAttachments/Icon_Silencer.Icon_Silencer",
            "RankIcon": "/Game/Assets/2DArt/UI/Alterations/Icon_Alteration_1.Icon_Alteration_1",
            "Stats": {
                "(Value=\"BaseStealthDamage_+%\")": 20,
                "(Value=\"BaseAnimalThreatModifier_+%\")": -15
            }
        },
        {
            "Name": "Ranged_Weapon_Stealth_2",
            "DisplayName": "NSLOCTEXT(\"D_Alterations\", \"Ranged_Weapon_Stealth_2-DisplayName\", \"Covert 2\")",
            "Icon": "/Game/Assets/2DArt/UI/Icons/WeaponAttachments/Icon_Silencer.Icon_Silencer",
            "RankIcon": "/Game/Assets/2DArt/UI/Alterations/Icon_Alteration_2.Icon_Alteration_2",
            "Stats": {
                "(Value=\"BaseStealthDamage_+%\")": 40,
                "(Value=\"BaseAnimalThreatModifier_+%\")": -30
            }
        },
        {
            "Name": "Ranged_Weapon_Lightweight_1",
            "DisplayName": "NSLOCTEXT(\"D_Alterations\", \"Ranged_Weapon_Lightweight_1-DisplayName\", \"Lightweight 1\")",
            "Icon": "/Game/Assets/2DArt/UI/Icons/WeaponAttachments/Icon_FlexibleFrame.Icon_FlexibleFrame",
            "RankIcon": "/Game/Assets/2DArt/UI/Alterations/Icon_Alteration_1.Icon_Alteration_1",
            "Stats": {
                "(Value=\"BaseFirearmCarryWeight_+%\")": -50,
                "(Value=\"BaseAimingMovementSpeed_+%\")": 25
            }
        },
        {
            "Name": "Ranged_Weapon_Lightweight_2",
            "DisplayName": "NSLOCTEXT(\"D_Alterations\", \"Ranged_Weapon_Lightweight_2-DisplayName\", \"Lightweight 2\")",
            "Icon": "/Game/Assets/2DArt/UI/Icons/WeaponAttachments/Icon_FlexibleFrame.Icon_FlexibleFrame",
            "RankIcon": "/Game/Assets/2DArt/UI/Alterations/Icon_Alteration_2.Icon_Alteration_2",
            "Stats": {
                "(Value=\"BaseFirearmCarryWeight_+%\")": -75,
                "(Value=\"BaseAimingMovementSpeed_+%\")": 50
            }
        },
        {
            "Name": "Ranged_Weapon_Economic_1",
            "DisplayName": "NSLOCTEXT(\"D_Alterations\", \"Ranged_Weapon_Economic_1-DisplayName\", \"Budget 1\")",
            "Icon": "/Game/Assets/2DArt/UI/Icons/WeaponAttachments/Icon_EconomicAttachment.Icon_EconomicAttachment",
            "RankIcon": "/Game/Assets/2DArt/UI/Alterations/Icon_Alteration_1.Icon_Alteration_1",
            "Stats": {
                "(Value=\"BaseChanceProjectilesBreak_%\")": -5,
                "(Value=\"BaseItemWear_+%\")": -25
            }
        },
        {
            "Name": "Ranged_Weapon_Economic_2",
            "DisplayName": "NSLOCTEXT(\"D_Alterations\", \"Ranged_Weapon_Economic_2-DisplayName\", \"Budget 2\")",
            "Icon": "/Game/Assets/2DArt/UI/Icons/WeaponAttachments/Icon_EconomicAttachment.Icon_EconomicAttachment",
            "RankIcon": "/Game/Assets/2DArt/UI/Alterations/Icon_Alteration_2.Icon_Alteration_2",
            "Stats": {
                "(Value=\"BaseChanceProjectilesBreak_%\")": -10,
                "(Value=\"BaseItemWear_+%\")": -40
            }
        },
        {
            "Name": "Ranged_Weapon_Rapid_Fire_1",
            "DisplayName": "NSLOCTEXT(\"D_Alterations\", \"Ranged_Weapon_Rapid_Fire_1-DisplayName\", \"Rapid-Fire 1\")",
            "Icon": "/Game/Assets/2DArt/UI/Icons/WeaponAttachments/Icon_RapidFire.Icon_RapidFire",
            "RankIcon": "/Game/Assets/2DArt/UI/Alterations/Icon_Alteration_1.Icon_Alteration_1",
            "Stats": {
                "(Value=\"BaseRateOfFirePerMinute_+%\")": 25,
                "(Value=\"BaseReloadSpeed_+%\")": 25,
                "(Value=\"BaseChargeSpeed_+%\")": 50
            }
        },
        {
            "Name": "Ranged_Weapon_Damage_1",
            "DisplayName": "NSLOCTEXT(\"D_Alterations\", \"Ranged_Weapon_Damage_1-DisplayName\", \"Damaging 1\")",
            "Icon": "/Game/Assets/2DArt/UI/Icons/WeaponAttachments/Icon_HandCannon.Icon_HandCannon",
            "RankIcon": "/Game/Assets/2DArt/UI/Alterations/Icon_Alteration_1.Icon_Alteration_1",
            "Stats": {
                "(Value=\"BaseProjectileDamage_+%\")": 40,
                "(Value=\"BaseCriticalDamage_+%\")": 25,
                "(Value=\"BaseHardenedPointPenetration_%\")": 35
            }
        },
        {
            "Name": "Ranged_Weapon_Damage_2",
            "DisplayName": "NSLOCTEXT(\"D_Alterations\", \"Ranged_Weapon_Damage_2-DisplayName\", \"Damaging 2\")",
            "Icon": "/Game/Assets/2DArt/UI/Icons/WeaponAttachments/Icon_HandCannon.Icon_HandCannon",
            "RankIcon": "/Game/Assets/2DArt/UI/Alterations/Icon_Alteration_2.Icon_Alteration_2",
            "Stats": {
                "(Value=\"BaseProjectileDamage_+%\")": 80,
                "(Value=\"BaseCriticalDamage_+%\")": 40,
                "(Value=\"BaseHardenedPointPenetration_%\")": 60
            }
        },
        {
            "Name": "Ranged_Weapon_Extended_1",
            "DisplayName": "NSLOCTEXT(\"D_Alterations\", \"Ranged_Weapon_Extended_1-DisplayName\", \"Extended-Mag 1\")",
            "Icon": "/Game/Assets/2DArt/UI/Icons/WeaponAttachments/Icon_ExtendedChamber.Icon_ExtendedChamber",
            "RankIcon": "/Game/Assets/2DArt/UI/Alterations/Icon_Alteration_1.Icon_Alteration_1",
            "Stats": {
                "(Value=\"BaseAmmoCapacity_+\")": 2,
                "(Value=\"BaseReloadSpeed_+%\")": 25
            }
        },
        {
            "Name": "Ranged_Weapon_Speed_1",
            "DisplayName": "NSLOCTEXT(\"D_Alterations\", \"Ranged_Weapon_Speed_1-DisplayName\", \"Speedy Shots 1\")",
            "Icon": "/Game/Assets/2DArt/UI/Icons/WeaponAttachments/Icon_LightweightFrame.Icon_LightweightFrame",
            "RankIcon": "/Game/Assets/2DArt/UI/Alterations/Icon_Alteration_1.Icon_Alteration_1",
            "Stats": {
                "(Value=\"BaseAimingMovementSpeed_+%\")": 25,
                "(Value=\"BaseReloadSpeed_+%\")": 25
            }
        },
        {
            "Name": "Ranged_Weapon_Speed_2",
            "DisplayName": "NSLOCTEXT(\"D_Alterations\", \"Ranged_Weapon_Speed_2-DisplayName\", \"Speedy Shots 2\")",
            "Icon": "/Game/Assets/2DArt/UI/Icons/WeaponAttachments/Icon_LightweightFrame.Icon_LightweightFrame",
            "RankIcon": "/Game/Assets/2DArt/UI/Alterations/Icon_Alteration_2.Icon_Alteration_2",
            "Stats": {
                "(Value=\"BaseAimingMovementSpeed_+%\")": 40,
                "(Value=\"BaseReloadSpeed_+%\")": 40
            }
        },
        {
            "Name": "Ranged_Weapon_Additional_Projectile_1",
            "DisplayName": "NSLOCTEXT(\"D_Alterations\", \"Ranged_Weapon_Additional_Projectile_1-DisplayName\", \"Extra Projectiles 1\")",
            "Icon": "/Game/Assets/2DArt/UI/Icons/WeaponAttachments/Icon_PrototypeNotch.Icon_PrototypeNotch",
            "RankIcon": "/Game/Assets/2DArt/UI/Alterations/Icon_Alteration_1.Icon_Alteration_1",
            "Stats": {
                "(Value=\"BaseChanceToFireAdditionalProjectile_%\")": 45,
                "(Value=\"BaseProjectileDamage_+%\")": 25,
                "(Value=\"BaseHardenedPointDamage_+%\")": 25
            }
        },
        {
            "Name": "Ranged_Weapon_Sniper_1",
            "DisplayName": "NSLOCTEXT(\"D_Alterations\", \"Ranged_Weapon_Sniper_1-DisplayName\", \"Sniper 1\")",
            "Icon": "/Game/Assets/2DArt/UI/Icons/WeaponAttachments/Icon_SniperScope.Icon_SniperScope",
            "RankIcon": "/Game/Assets/2DArt/UI/Alterations/Icon_Alteration_1.Icon_Alteration_1",
            "Stats": {
                "(Value=\"BaseAimDownSightsZoom_+%\")": 30,
                "(Value=\"BaseCriticalDamage_+%\")": 25,
                "(Value=\"BaseHardenedPointPenetration_%\")": 35
            }
        },
        {
            "Name": "Ranged_Weapon_Sniper_2",
            "DisplayName": "NSLOCTEXT(\"D_Alterations\", \"Ranged_Weapon_Sniper_2-DisplayName\", \"Sniper 2\")",
            "Icon": "/Game/Assets/2DArt/UI/Icons/WeaponAttachments/Icon_SniperScope.Icon_SniperScope",
            "RankIcon": "/Game/Assets/2DArt/UI/Alterations/Icon_Alteration_2.Icon_Alteration_2",
            "Stats": {
                "(Value=\"BaseAimDownSightsZoom_+%\")": 60,
                "(Value=\"BaseCriticalDamage_+%\")": 35,
                "(Value=\"BaseHardenedPointPenetration_%\")": 50
            }
        },
        {
            "Name": "Ranged_Weapon_Animal_Highlighting_1",
            "DisplayName": "NSLOCTEXT(\"D_Alterations\", \"Ranged_Weapon_Animal_Highlighting_1-DisplayName\", \"Lock-On 1\")",
            "Icon": "/Game/Assets/2DArt/UI/Icons/WeaponAttachments/Icon_HuntingScope.Icon_HuntingScope",
            "RankIcon": "/Game/Assets/2DArt/UI/Alterations/Icon_Alteration_1.Icon_Alteration_1",
            "Stats": {
                "(Value=\"HighlightSmallAnimalsWhenADS_?\")": 1,
                "(Value=\"HighlightMediumAnimalsWhenADS_?\")": 1,
                "(Value=\"HighlightLargeAnimalsWhenADS_?\")": 1,
                "(Value=\"BaseAimDownSightsSpeed_+%\")": 20
            }
        },
        {
            "Name": "Ranged_Weapon_Increased_Spread_1",
            "DisplayName": "NSLOCTEXT(\"D_Alterations\", \"Ranged_Weapon_Increased_Spread_1-DisplayName\", \"Increased Spread 1\")",
            "Icon": "/Game/Assets/2DArt/UI/Icons/WeaponAttachments/Icon_SpreadIncreaseModule.Icon_SpreadIncreaseModule",
            "RankIcon": "/Game/Assets/2DArt/UI/Alterations/Icon_Alteration_1.Icon_Alteration_1",
            "Stats": {
                "(Value=\"BaseShotgunProjectileAccuracy_+%\")": -40,
                "(Value=\"BaseProjectileDamage_+%\")": 40,
                "(Value=\"BaseCriticalDamage_+%\")": -25
            }
        },
        {
            "Name": "Ranged_Weapon_Decreased_Spread_1",
            "DisplayName": "NSLOCTEXT(\"D_Alterations\", \"Ranged_Weapon_Decreased_Spread_1-DisplayName\", \"Decreased Spread 1\")",
            "Icon": "/Game/Assets/2DArt/UI/Icons/WeaponAttachments/Icon_SpreadReductionModule.Icon_SpreadReductionModule",
            "RankIcon": "/Game/Assets/2DArt/UI/Alterations/Icon_Alteration_1.Icon_Alteration_1",
            "Stats": {
                "(Value=\"BaseShotgunProjectileAccuracy_+%\")": 20,
                "(Value=\"BaseCriticalDamage_+%\")": 25
            }
        },
        {
            "Name": "Ranged_Weapon_Decreased_Spread_2",
            "DisplayName": "NSLOCTEXT(\"D_Alterations\", \"Ranged_Weapon_Decreased_Spread_2-DisplayName\", \"Decreased Spread 2\")",
            "Icon": "/Game/Assets/2DArt/UI/Icons/WeaponAttachments/Icon_SpreadReductionModule.Icon_SpreadReductionModule",
            "RankIcon": "/Game/Assets/2DArt/UI/Alterations/Icon_Alteration_2.Icon_Alteration_2",
            "Stats": {
                "(Value=\"BaseShotgunProjectileAccuracy_+%\")": 40,
                "(Value=\"BaseCriticalDamage_+%\")": 25
            }
        },
        {
            "Name": "Wood_Lure",
            "DisplayName": "NSLOCTEXT(\"D_Alterations\", \"Wood_Lure-DisplayName\", \"Wood Lure\")",
            "Icon": "/Game/Assets/2DArt/UI/Items/Item_Icons/Fishing/ITEM_Wood_Lure.ITEM_Wood_Lure",
            "RankIcon": "/Game/Assets/2DArt/UI/Alterations/Icon_Alteration_1.Icon_Alteration_1",
            "Stats": {
                "(Value=\"BaseCaughtSaltwaterFishQuality_+%\")": 10,
                "(Value=\"BaseCaughtFishWeight_+%\")": 10,
                "(Value=\"BaseCaughtFishLength_+%\")": 10
            }
        },
        {
            "Name": "Refined_Wood_Lure",
            "DisplayName": "NSLOCTEXT(\"D_Alterations\", \"Refined_Wood_Lure-DisplayName\", \"Refined Wood Lure\")",
            "Icon": "/Game/Assets/2DArt/UI/Items/Item_Icons/Fishing/ITEM_Refined_Wood_Lure.ITEM_Refined_Wood_Lure",
            "RankIcon": "/Game/Assets/2DArt/UI/Alterations/Icon_Alteration_2.Icon_Alteration_2",
            "Stats": {
                "(Value=\"BaseChanceToCatchUncommonFish_+%\")": 50,
                "(Value=\"BaseCaughtSaltwaterFishQuality_+%\")": 20,
                "(Value=\"BaseCaughtFishWeight_+%\")": 20,
                "(Value=\"BaseFishingCaptureZoneSize_+%\")": 10
            }
        },
        {
            "Name": "Bone_Lure",
            "DisplayName": "NSLOCTEXT(\"D_Alterations\", \"Bone_Lure-DisplayName\", \"Bone Lure\")",
            "Icon": "/Game/Assets/2DArt/UI/Items/Item_Icons/Fishing/ITEM_Bone_Lure.ITEM_Bone_Lure",
            "RankIcon": "/Game/Assets/2DArt/UI/Alterations/Icon_Alteration_1.Icon_Alteration_1",
            "Stats": {
                "(Value=\"BaseCaughtSaltwaterFishQuality_+%\")": 10,
                "(Value=\"BaseCaughtFishLength_+%\")": 10,
                "(Value=\"BaseFishingCaptureZoneSize_+%\")": 10
            }
        },
        {
            "Name": "Iron_Lure",
            "DisplayName": "NSLOCTEXT(\"D_Alterations\", \"Iron_Lure-DisplayName\", \"Iron Lure\")",
            "Icon": "/Game/Assets/2DArt/UI/Items/Item_Icons/Fishing/ITEM_Iron_Lure.ITEM_Iron_Lure",
            "RankIcon": "/Game/Assets/2DArt/UI/Alterations/Icon_Alteration_1.Icon_Alteration_1",
            "Stats": {
                "(Value=\"BaseChanceToCatchUncommonFish_+%\")": 20,
                "(Value=\"BaseCaughtSaltwaterFishQuality_+%\")": 10,
                "(Value=\"BaseCaughtFishLength_+%\")": 10
            }
        },
        {
            "Name": "Advanced_Iron_Lure",
            "DisplayName": "NSLOCTEXT(\"D_Alterations\", \"Advanced_Iron_Lure-DisplayName\", \"Advanced Iron Lure\")",
            "Icon": "/Game/Assets/2DArt/UI/Items/Item_Icons/Fishing/ITEM_Advanced_Iron_Lure.ITEM_Advanced_Iron_Lure",
            "RankIcon": "/Game/Assets/2DArt/UI/Alterations/Icon_Alteration_2.Icon_Alteration_2",
            "Stats": {
                "(Value=\"BaseChanceToCatchUncommonFish_+%\")": 50,
                "(Value=\"BaseCaughtSaltwaterFishQuality_+%\")": 20,
                "(Value=\"BaseCaughtFishLength_+%\")": 20,
                "(Value=\"BaseFishingCaptureZoneSize_+%\")": 10
            }
        },
        {
            "Name": "Reed_Flower_Lure",
            "DisplayName": "NSLOCTEXT(\"D_Alterations\", \"Reed_Flower_Lure-DisplayName\", \"Reed Flower Lure\")",
            "Icon": "/Game/Assets/2DArt/UI/Items/Item_Icons/Fishing/ITEM_Reed_Flower_Lure.ITEM_Reed_Flower_Lure",
            "RankIcon": "/Game/Assets/2DArt/UI/Alterations/Icon_Alteration_2.Icon_Alteration_2",
            "Stats": {
                "(Value=\"BaseChanceToCatchUncommonFish_+%\")": 50,
                "(Value=\"BaseCaughtFreshwaterFishQuality_+%\")": 20,
                "(Value=\"BaseCaughtFishWeight_+%\")": 20,
                "(Value=\"BaseFishingCaptureZoneSize_+%\")": 10
            }
        },
        {
            "Name": "Cured_Leather_Lure",
            "DisplayName": "NSLOCTEXT(\"D_Alterations\", \"Cured_Leather_Lure-DisplayName\", \"Cured Leather Lure\")",
            "Icon": "/Game/Assets/2DArt/UI/Items/Item_Icons/Fishing/ITEM_Cured_Leather_Lure.ITEM_Cured_Leather_Lure",
            "RankIcon": "/Game/Assets/2DArt/UI/Alterations/Icon_Alteration_2.Icon_Alteration_2",
            "Stats": {
                "(Value=\"BaseChanceToCatchUncommonFish_+%\")": 50,
                "(Value=\"BaseCaughtFreshwaterFishQuality_+%\")": 20,
                "(Value=\"BaseCaughtFishLength_+%\")": 20,
                "(Value=\"BaseFishingCaptureZoneSize_+%\")": 10
            }
        },
        {
            "Name": "Gold_Ore_Lure",
            "DisplayName": "NSLOCTEXT(\"D_Alterations\", \"Gold_Ore_Lure-DisplayName\", \"Gold Ore Lure\")",
            "Icon": "/Game/Assets/2DArt/UI/Items/Item_Icons/Fishing/ITEM_Gold_Ore_Lure.ITEM_Gold_Ore_Lure",
            "RankIcon": "/Game/Assets/2DArt/UI/Alterations/Icon_Alteration_2.Icon_Alteration_2",
            "Stats": {
                "(Value=\"BaseCaughtFishQuality_+%\")": 25,
                "(Value=\"BaseFishingCaptureZoneSize_+%\")": 20
            }
        },
        {
            "Name": "Gorse_Flower_Lure",
            "DisplayName": "NSLOCTEXT(\"D_Alterations\", \"Gorse_Flower_Lure-DisplayName\", \"Gorse Flower Lure\")",
            "Icon": "/Game/Assets/2DArt/UI/Items/Item_Icons/Fishing/ITEM_Gorse_Flower_Lure.ITEM_Gorse_Flower_Lure",
            "RankIcon": "/Game/Assets/2DArt/UI/Alterations/Icon_Alteration_1.Icon_Alteration_1",
            "Stats": {
                "(Value=\"BaseChanceToCatchUncommonFish_+%\")": 20,
                "(Value=\"BaseCaughtSaltwaterFishQuality_+%\")": 10,
                "(Value=\"BaseCaughtFishWeight_+%\")": 10
            }
        },
        {
            "Name": "Dogtags_Lure",
            "DisplayName": "NSLOCTEXT(\"D_Alterations\", \"Dogtags_Lure-DisplayName\", \"Dog Tags Lure\")",
            "Icon": "/Game/Assets/2DArt/UI/Items/Item_Icons/Fishing/ITEM_Dogtags_Lure.ITEM_Dogtags_Lure",
            "RankIcon": "/Game/Assets/2DArt/UI/Alterations/Icon_Alteration_2.Icon_Alteration_2",
            "Stats": {
                "(Value=\"BaseChanceToCatchRareFish_+%\")": 80,
                "(Value=\"BaseCaughtSaltwaterFishQuality_+%\")": 10,
                "(Value=\"BaseCaughtFishWeight_+%\")": 20
            }
        },
        {
            "Name": "Rubber_Lure",
            "DisplayName": "NSLOCTEXT(\"D_Alterations\", \"Rubber_Lure-DisplayName\", \"Rubber Lure\")",
            "Icon": "/Game/Assets/2DArt/UI/Items/Item_Icons/Fishing/ITEM_Rubber_Lure.ITEM_Rubber_Lure",
            "RankIcon": "/Game/Assets/2DArt/UI/Alterations/Icon_Alteration_2.Icon_Alteration_2",
            "Stats": {
                "(Value=\"BaseChanceToCatchRareFish_+%\")": 80,
                "(Value=\"BaseCaughtSaltwaterFishQuality_+%\")": 10,
                "(Value=\"BaseCaughtFishLength_+%\")": 20
            }
        },
        {
            "Name": "Wolf_Lure",
            "DisplayName": "NSLOCTEXT(\"D_Alterations\", \"Wolf_Lure-DisplayName\", \"Wolf Lure\")",
            "Icon": "/Game/Assets/2DArt/UI/Items/Item_Icons/Fishing/ITEM_Wolf_Lure.ITEM_Wolf_Lure",
            "RankIcon": "/Game/Assets/2DArt/UI/Alterations/Icon_Alteration_1.Icon_Alteration_1",
            "Stats": {
                "(Value=\"BaseCaughtFreshwaterFishQuality_+%\")": 10,
                "(Value=\"BaseCaughtFishWeight_+%\")": 10,
                "(Value=\"BaseFishingCaptureZoneSize_+%\")": 10
            }
        },
        {
            "Name": "Black_Wolf_Lure",
            "DisplayName": "NSLOCTEXT(\"D_Alterations\", \"Black_Wolf_Lure-DisplayName\", \"Black Wolf Lure\")",
            "Icon": "/Game/Assets/2DArt/UI/Items/Item_Icons/Fishing/ITEM_Black_Wolf_Lure.ITEM_Black_Wolf_Lure",
            "RankIcon": "/Game/Assets/2DArt/UI/Alterations/Icon_Alteration_2.Icon_Alteration_2",
            "Stats": {
                "(Value=\"BaseCaughtFishWeight_+%\")": 35,
                "(Value=\"BaseFishingCaptureZoneSize_+%\")": 20
            }
        },
        {
            "Name": "Scorpion_Tail_Lure",
            "DisplayName": "NSLOCTEXT(\"D_Alterations\", \"Scorpion_Tail_Lure-DisplayName\", \"Scorpion Tail Lure\")",
            "Icon": "/Game/Assets/2DArt/UI/Items/Item_Icons/Fishing/ITEM_Scorpian_Lure.ITEM_Scorpian_Lure",
            "RankIcon": "/Game/Assets/2DArt/UI/Alterations/Icon_Alteration_2.Icon_Alteration_2",
            "Stats": {
                "(Value=\"BaseCaughtFishLength_+%\")": 35,
                "(Value=\"BaseFishingCaptureZoneSize_+%\")": 20
            }
        },
        {
            "Name": "Fibre_Lure",
            "DisplayName": "NSLOCTEXT(\"D_Alterations\", \"Fibre_Lure-DisplayName\", \"Fibre Lure\")",
            "Icon": "/Game/Assets/2DArt/UI/Items/Item_Icons/Fishing/ITEM_Fiber_Lure.ITEM_Fiber_Lure",
            "RankIcon": "/Game/Assets/2DArt/UI/Alterations/Icon_Alteration_1.Icon_Alteration_1",
            "Stats": {
                "(Value=\"BaseChanceToCatchCommonFish_+%\")": 40,
                "(Value=\"BaseCaughtFishQuality_+%\")": 10,
                "(Value=\"BaseFishingCaptureZoneSize_+%\")": 20
            }
        },
        {
            "Name": "Bark_Lure",
            "DisplayName": "NSLOCTEXT(\"D_Alterations\", \"Bark_Lure-DisplayName\", \"Bark Lure\")",
            "Icon": "/Game/Assets/2DArt/UI/Items/Item_Icons/Fishing/ITEM_Bark_Lure.ITEM_Bark_Lure",
            "RankIcon": "/Game/Assets/2DArt/UI/Alterations/Icon_Alteration_1.Icon_Alteration_1",
            "Stats": {
                "(Value=\"BaseCaughtFreshwaterFishQuality_+%\")": 10,
                "(Value=\"BaseCaughtFishLength_+%\")": 10,
                "(Value=\"BaseFishingCaptureZoneSize_+%\")": 10
            }
        },
        {
            "Name": "Yeast_Lure",
            "DisplayName": "NSLOCTEXT(\"D_Alterations\", \"Yeast_Lure-DisplayName\", \"Yeast Lure\")",
            "Icon": "/Game/Assets/2DArt/UI/Items/Item_Icons/Fishing/ITEM_Yeast_Lure.ITEM_Yeast_Lure",
            "RankIcon": "/Game/Assets/2DArt/UI/Alterations/Icon_Alteration_1.Icon_Alteration_1",
            "Stats": {
                "(Value=\"BaseChanceToCatchUncommonFish_+%\")": 20,
                "(Value=\"BaseCaughtFreshwaterFishQuality_+%\")": 10,
                "(Value=\"BaseCaughtFishLength_+%\")": 10
            }
        },
        {
            "Name": "Blue_Reed_Lure",
            "DisplayName": "NSLOCTEXT(\"D_Alterations\", \"Blue_Reed_Lure-DisplayName\", \"Blue Reed Lure\")",
            "Icon": "/Game/Assets/2DArt/UI/Items/Item_Icons/Fishing/ITEM_Blue_Reed_Lure.ITEM_Blue_Reed_Lure",
            "RankIcon": "/Game/Assets/2DArt/UI/Alterations/Icon_Alteration_1.Icon_Alteration_1",
            "Stats": {
                "(Value=\"BaseChanceToCatchUncommonFish_+%\")": 20,
                "(Value=\"BaseCaughtFreshwaterFishQuality_+%\")": 10,
                "(Value=\"BaseCaughtFishWeight_+%\")": 10
            }
        },
        {
            "Name": "Rotten_Meat_Lure",
            "DisplayName": "NSLOCTEXT(\"D_Alterations\", \"Rotten_Meat_Lure-DisplayName\", \"Rotten Meat Lure\")",
            "Icon": "/Game/Assets/2DArt/UI/Items/Item_Icons/Fishing/ITEM_Rotten_Meat_Lure.ITEM_Rotten_Meat_Lure",
            "RankIcon": "/Game/Assets/2DArt/UI/Alterations/Icon_Alteration_1.Icon_Alteration_1",
            "Stats": {
                "(Value=\"BaseChanceToCatchCommonFish_+%\")": 40,
                "(Value=\"BaseCaughtFishWeight_+%\")": 10,
                "(Value=\"BaseCaughtFishLength_+%\")": 10,
                "(Value=\"BaseFishingCaptureZoneSize_+%\")": 20
            }
        },
        {
            "Name": "Poison_Sac_Lure",
            "DisplayName": "NSLOCTEXT(\"D_Alterations\", \"Poison_Sac_Lure-DisplayName\", \"Poison Sac Lure\")",
            "Icon": "/Game/Assets/2DArt/UI/Items/Item_Icons/Fishing/ITEM_Poison_Sack_Lure.ITEM_Poison_Sack_Lure",
            "RankIcon": "/Game/Assets/2DArt/UI/Alterations/Icon_Alteration_2.Icon_Alteration_2",
            "Stats": {
                "(Value=\"BaseChanceToCatchRareFish_+%\")": 80,
                "(Value=\"BaseCaughtFreshwaterFishQuality_+%\")": 10,
                "(Value=\"BaseCaughtFishWeight_+%\")": 20
            }
        },
        {
            "Name": "White_Jelly_Lure",
            "DisplayName": "NSLOCTEXT(\"D_Alterations\", \"White_Jelly_Lure-DisplayName\", \"White Jelly Lure\")",
            "Icon": "/Game/Assets/2DArt/UI/Items/Item_Icons/Fishing/ITEM_White_Jelly_Lure.ITEM_White_Jelly_Lure",
            "RankIcon": "/Game/Assets/2DArt/UI/Alterations/Icon_Alteration_2.Icon_Alteration_2",
            "Stats": {
                "(Value=\"BaseChanceToCatchRareFish_+%\")": 80,
                "(Value=\"BaseCaughtFreshwaterFishQuality_+%\")": 10,
                "(Value=\"BaseCaughtFishLength_+%\")": 20
            }
        },
        {
            "Name": "Feather_Lure",
            "DisplayName": "NSLOCTEXT(\"D_Alterations\", \"Feather_Lure-DisplayName\", \"Feather Lure\")",
            "Icon": "/Game/Assets/2DArt/UI/Items/Item_Icons/Fishing/ITEM_Feather_Lure.ITEM_Feather_Lure",
            "RankIcon": "/Game/Assets/2DArt/UI/Alterations/Icon_Alteration_2.Icon_Alteration_2",
            "Stats": {
                "(Value=\"BaseCaughtFishLength_+%\")": 25,
                "(Value=\"BaseCaughtFishWeight_+%\")": 25,
                "(Value=\"BaseFishingCaptureZoneSize_+%\")": 20
            }
        },
        {
            "Name": "Salted",
            "DisplayName": "NSLOCTEXT(\"D_Alterations\", \"Salted-DisplayName\", \"Preserved\")",
            "Icon": "/Game/Assets/2DArt/UI/Alterations/Icon_Alteration_woodsman.Icon_Alteration_woodsman",
            "RankIcon": "/Game/Assets/2DArt/UI/Alterations/Icon_Alteration_1.Icon_Alteration_1",
            "Stats": {
                "(Value=\"BaseSpoilTime_+%\")": 100
            }
        },
        {
            "Name": "Thorned",
            "DisplayName": "NSLOCTEXT(\"D_Alterations\", \"Thorned-DisplayName\", \"Thorned\")",
            "Icon": "/Game/Assets/2DArt/UI/Icons/T_ICON_Thorned.T_ICON_Thorned",
            "RankIcon": "/Game/Assets/2DArt/UI/Alterations/Icon_Alteration_1.Icon_Alteration_1",
            "Stats": {
                "(Value=\"BaseSpoilTime_+%\")": 50
            }
        },
        {
            "Name": "Frosted",
            "DisplayName": "NSLOCTEXT(\"D_Alterations\", \"Frosted-DisplayName\", \"Frosted\")",
            "Icon": "/Game/Assets/2DArt/UI/Icons/T_ICON_Frosted.T_ICON_Frosted",
            "RankIcon": "/Game/Assets/2DArt/UI/Alterations/Icon_Alteration_1.Icon_Alteration_1",
            "Stats": {
                "(Value=\"BaseTransmutableUnits_+%\")": 100
            }
        },
        {
            "Name": "Chilled",
            "DisplayName": "NSLOCTEXT(\"D_Alterations\", \"Chilled-DisplayName\", \"Chilled\")",
            "Icon": "/Game/Assets/2DArt/UI/Icons/T_ICON_Chilled.T_ICON_Chilled",
            "RankIcon": "/Game/Assets/2DArt/UI/Alterations/Icon_Alteration_1.Icon_Alteration_1",
            "Stats": {
                "(Value=\"BaseSpoilTime_+%\")": 100
            }
        },
        {
            "Name": "Biolab_IceMammoth_Melee",
            "DisplayName": "NSLOCTEXT(\"D_Alterations\", \"Biolab_IceMammoth_Melee-DisplayName\", \"Frozen Mammoth Frost\")",
            "Icon": "/Game/Assets/2DArt/UI/Icons/T_ICON_currency_Mammoth.T_ICON_currency_Mammoth",
            "RankIcon": "/Game/Assets/2DArt/UI/Alterations/Icon_Alteration_1.Icon_Alteration_1",
            "Stats": {
                "(Value=\"BaseAttacksCauseFreeze_%\")": 20,
                "(Value=\"BaseFrostDamage_+\")": 15
            }
        },
        {
            "Name": "Biolab_Sandworm_Armor",
            "DisplayName": "NSLOCTEXT(\"D_Alterations\", \"Biolab_Sandworm_Armor-DisplayName\", \"Sandworm Plating\")",
            "Icon": "/Game/Assets/2DArt/UI/Icons/T_ICON_currency_sandworm.T_ICON_currency_sandworm",
            "RankIcon": "/Game/Assets/2DArt/UI/Alterations/Icon_Alteration_1.Icon_Alteration_1",
            "Stats": {
                "(Value=\"BasePhysicalDamageResistance_+%\")": 15,
                "(Value=\"BaseFireDamageResistance_+%\")": -15
            }
        },
        {
            "Name": "Biolab_AlphaWolf_Melee",
            "DisplayName": "NSLOCTEXT(\"D_Alterations\", \"Biolab_AlphaWolf_Melee-DisplayName\", \"Alpha Wolf Wounding\")",
            "Icon": "/Game/Assets/2DArt/UI/Icons/T_ICON_currency_Wolf.T_ICON_currency_Wolf",
            "RankIcon": "/Game/Assets/2DArt/UI/Alterations/Icon_Alteration_1.Icon_Alteration_1",
            "Stats": {
                "(Value=\"BaseAttacksCauseWound_%\")": 40,
                "(Value=\"BaseAttacksCauseDeepWound_%\")": 10
            }
        },
        {
            "Name": "Biolab_Scorpion_Armor",
            "DisplayName": "NSLOCTEXT(\"D_Alterations\", \"Biolab_Scorpion_Armor-DisplayName\", \"Giant Scorpion Thorns\")",
            "Icon": "/Game/Assets/2DArt/UI/Icons/T_ICON_currency_Scorpion.T_ICON_currency_Scorpion",
            "RankIcon": "/Game/Assets/2DArt/UI/Alterations/Icon_Alteration_1.Icon_Alteration_1",
            "Stats": {
                "(Value=\"BaseChanceToReturnDamage_%\")": 50,
                "(Value=\"BaseDamageReturned_%\")": 15
            }
        },
        {
            "Name": "Dirty_Water",
            "DisplayName": "NSLOCTEXT(\"D_Alterations\", \"Dirty_Water-DisplayName\", \"Contains Tainted Water\")",
            "Icon": "/Game/Assets/2DArt/UI/Icons/Icon_Water.Icon_Water",
            "RankIcon": "/Game/Assets/2DArt/UI/Alterations/Icon_Alteration_1.Icon_Alteration_1"
        },
        {
            "Name": "Filtered_Water",
            "DisplayName": "NSLOCTEXT(\"D_Alterations\", \"Filtered_Water-DisplayName\", \"Contains Filtered Water\")",
            "Icon": "/Game/Assets/2DArt/UI/Icons/Icon_Water.Icon_Water",
            "RankIcon": "/Game/Assets/2DArt/UI/Alterations/Icon_Alteration_1.Icon_Alteration_1"
        },
        {
            "Name": "Treated_Water",
            "DisplayName": "NSLOCTEXT(\"D_Alterations\", \"Treated_Water-DisplayName\", \"Contains Treated Water\")",
            "Icon": "/Game/Assets/2DArt/UI/Icons/Icon_WaterBuff.Icon_WaterBuff",
            "RankIcon": "/Game/Assets/2DArt/UI/Alterations/Icon_Alteration_1.Icon_Alteration_1"
        },
        {
            "Name": "Purified_Water",
            "DisplayName": "NSLOCTEXT(\"D_Alterations\", \"Purified_Water-DisplayName\", \"Contains Purified Water\")",
            "Icon": "/Game/Assets/2DArt/UI/Icons/Icon_Water.Icon_Water",
            "RankIcon": "/Game/Assets/2DArt/UI/Alterations/Icon_Alteration_1.Icon_Alteration_1"
        },
        {
            "Name": "Rain_Water",
            "DisplayName": "NSLOCTEXT(\"D_Alterations\", \"Rain_Water-DisplayName\", \"Contains Rain Water\")",
            "Icon": "/Game/Assets/2DArt/UI/Icons/Icon_Water.Icon_Water",
            "RankIcon": "/Game/Assets/2DArt/UI/Alterations/Icon_Alteration_1.Icon_Alteration_1"
        },
        {
            "Name": "Green_Tea",
            "DisplayName": "NSLOCTEXT(\"D_Alterations\", \"Green_Tea-DisplayName\", \"Contains Green Tea\")",
            "Icon": "/Game/Assets/2DArt/UI/Icons/Icon_Water.Icon_Water",
            "RankIcon": "/Game/Assets/2DArt/UI/Alterations/Icon_Alteration_1.Icon_Alteration_1"
        },
        {
            "Name": "Wild_Tea",
            "DisplayName": "NSLOCTEXT(\"D_Alterations\", \"Wild_Tea-DisplayName\", \"Contains Gorse Tea\")",
            "Icon": "/Game/Assets/2DArt/UI/Icons/Icon_Water.Icon_Water",
            "RankIcon": "/Game/Assets/2DArt/UI/Alterations/Icon_Alteration_1.Icon_Alteration_1"
        },
        {
            "Name": "Coffee",
            "DisplayName": "NSLOCTEXT(\"D_Alterations\", \"Coffee-DisplayName\", \"Contains Coffee\")",
            "Icon": "/Game/Assets/2DArt/UI/Icons/Icon_Water.Icon_Water",
            "RankIcon": "/Game/Assets/2DArt/UI/Alterations/Icon_Alteration_1.Icon_Alteration_1"
        },
        {
            "Name": "Cocoa",
            "DisplayName": "NSLOCTEXT(\"D_Alterations\", \"Cocoa-DisplayName\", \"Contains Cocoa\")",
            "Icon": "/Game/Assets/2DArt/UI/Icons/Icon_Water.Icon_Water",
            "RankIcon": "/Game/Assets/2DArt/UI/Alterations/Icon_Alteration_1.Icon_Alteration_1"
        },
        {
            "Name": "Ice_Water",
            "DisplayName": "NSLOCTEXT(\"D_Alterations\", \"Ice_Water-DisplayName\", \"Contains Ice Water\")",
            "Icon": "/Game/Assets/2DArt/UI/Icons/Icon_Water.Icon_Water",
            "RankIcon": "/Game/Assets/2DArt/UI/Alterations/Icon_Alteration_1.Icon_Alteration_1"
        },
        {
            "Name": "Honey_Tea",
            "DisplayName": "NSLOCTEXT(\"D_Alterations\", \"Honey_Tea-DisplayName\", \"Honey Tea\")",
            "Icon": "/Game/Assets/2DArt/UI/Icons/Icon_Water.Icon_Water",
            "RankIcon": "/Game/Assets/2DArt/UI/Alterations/Icon_Alteration_1.Icon_Alteration_1"
        },
        {
            "Name": "Cooling",
            "DisplayName": "NSLOCTEXT(\"D_Alterations\", \"Cooling-DisplayName\", \"Contains Cool Water\")",
            "Icon": "/Game/Assets/2DArt/UI/Icons/Icon_Water.Icon_Water",
            "RankIcon": "/Game/Assets/2DArt/UI/Alterations/Icon_Alteration_1.Icon_Alteration_1"
        },
        {
            "Name": "Warming",
            "DisplayName": "NSLOCTEXT(\"D_Alterations\", \"Warming-DisplayName\", \"Contains Warm Water\")",
            "Icon": "/Game/Assets/2DArt/UI/Icons/Icon_Water.Icon_Water",
            "RankIcon": "/Game/Assets/2DArt/UI/Alterations/Icon_Alteration_1.Icon_Alteration_1"
        }
    ]
}