{
    "RowStruct": "/Script/Icarus.FieldGuideMetaData",
    "Defaults": {
        "Item": {
            "RowName": "None",
            "DataTableName": "D_ItemsStatic"
        },
        "Image1": "None",
        "Description1": "",
        "Image2": "None",
        "Description2": ""
    },
    "Rows": [
        {
            "Name": "Aluminium_Procure",
            "Item": {
                "RowName": "Bauxite"
            },
            "Image1": "/Game/Assets/2DArt/UI/FieldGuide/Procurement/T_IMG_Deposit_Aluminium.T_IMG_Deposit_Aluminium",
            "Description1": "NSLOCTEXT(\"D_FieldGuideMetaData\", \"Aluminium_Procure-Description1\", \"Pickaxe Deposit\")",
            "Image2": "/Game/Assets/2DArt/UI/FieldGuide/Procurement/T_IMG_DeepVein_Aluminium.T_IMG_DeepVein_Aluminium",
            "Description2": "NSLOCTEXT(\"D_FieldGuideMetaData\", \"Aluminium_Procure-Description2\", \"Drill Deep Vein\")"
        },
        {
            "Name": "Coal_Ore_Procure",
            "Item": {
                "RowName": "Coal_Ore"
            },
            "Image1": "/Game/Assets/2DArt/UI/FieldGuide/Procurement/T_IMG_Deposit_Coal.T_IMG_Deposit_Coal",
            "Description1": "NSLOCTEXT(\"D_FieldGuideMetaData\", \"Coal_Ore_Procure-Description1\", \"Pickaxe Deposit\")",
            "Image2": "/Game/Assets/2DArt/UI/FieldGuide/Procurement/T_IMG_DeepVein_Coal.T_IMG_DeepVein_Coal",
            "Description2": "NSLOCTEXT(\"D_FieldGuideMetaData\", \"Coal_Ore_Procure-Description2\", \"Drill Deep Vein\")"
        },
        {
            "Name": "Copper_Ore_Procure",
            "Item": {
                "RowName": "Copper_Ore"
            },
            "Image1": "/Game/Assets/2DArt/UI/FieldGuide/Procurement/T_IMG_Deposit_Copper.T_IMG_Deposit_Copper",
            "Description1": "NSLOCTEXT(\"D_FieldGuideMetaData\", \"Copper_Ore_Procure-Description1\", \"Pickaxe Deposit\")",
            "Image2": "/Game/Assets/2DArt/UI/FieldGuide/Procurement/T_IMG_DeepVein_Copper.T_IMG_DeepVein_Copper",
            "Description2": "NSLOCTEXT(\"D_FieldGuideMetaData\", \"Copper_Ore_Procure-Description2\", \"Drill Deep Vein\")"
        },
        {
            "Name": "Gold_Ore_Procure",
            "Item": {
                "RowName": "Gold_Ore"
            },
            "Image1": "/Game/Assets/2DArt/UI/FieldGuide/Procurement/T_IMG_Deposit_Gold.T_IMG_Deposit_Gold",
            "Description1": "NSLOCTEXT(\"D_FieldGuideMetaData\", \"Gold_Ore_Procure-Description1\", \"Pickaxe Deposit\")",
            "Image2": "/Game/Assets/2DArt/UI/FieldGuide/Procurement/T_IMG_DeepVein_Gold.T_IMG_DeepVein_Gold",
            "Description2": "NSLOCTEXT(\"D_FieldGuideMetaData\", \"Gold_Ore_Procure-Description2\", \"Drill Deep Vein\")"
        },
        {
            "Name": "Iron_Ore_Procure",
            "Item": {
                "RowName": "Metal_Ore"
            },
            "Image1": "/Game/Assets/2DArt/UI/FieldGuide/Procurement/T_IMG_Deposit_Iron.T_IMG_Deposit_Iron",
            "Description1": "NSLOCTEXT(\"D_FieldGuideMetaData\", \"Iron_Ore_Procure-Description1\", \"Pickaxe Deposit\")",
            "Image2": "/Game/Assets/2DArt/UI/FieldGuide/Procurement/T_IMG_DeepVein_Iron.T_IMG_DeepVein_Iron",
            "Description2": "NSLOCTEXT(\"D_FieldGuideMetaData\", \"Iron_Ore_Procure-Description2\", \"Drill Deep Vein\")"
        },
        {
            "Name": "Platiunum_Ore_Procure",
            "Item": {
                "RowName": "Platinum_Ore"
            },
            "Image1": "/Game/Assets/2DArt/UI/FieldGuide/Procurement/T_IMG_Deposit_Platinum.T_IMG_Deposit_Platinum",
            "Description1": "NSLOCTEXT(\"D_FieldGuideMetaData\", \"Platiunum_Ore_Procure-Description1\", \"Pickaxe Deposit\")",
            "Image2": "/Game/Assets/2DArt/UI/FieldGuide/Procurement/T_IMG_DeepVein_Platinum.T_IMG_DeepVein_Platinum",
            "Description2": "NSLOCTEXT(\"D_FieldGuideMetaData\", \"Platiunum_Ore_Procure-Description2\", \"Drill Deep Vein\")"
        },
        {
            "Name": "Silica_Procure",
            "Item": {
                "RowName": "Silica"
            },
            "Image1": "/Game/Assets/2DArt/UI/FieldGuide/Procurement/T_IMG_Deposit_Silica.T_IMG_Deposit_Silica",
            "Description1": "NSLOCTEXT(\"D_FieldGuideMetaData\", \"Silica_Procure-Description1\", \"Pickaxe Deposit\")",
            "Image2": "/Game/Assets/2DArt/UI/FieldGuide/Procurement/T_IMG_DeepVein_Silica.T_IMG_DeepVein_Silica",
            "Description2": "NSLOCTEXT(\"D_FieldGuideMetaData\", \"Silica_Procure-Description2\", \"Drill Deep Vein\")"
        },
        {
            "Name": "Oxite_Procure",
            "Item": {
                "RowName": "Oxite"
            },
            "Image1": "/Game/Assets/2DArt/UI/FieldGuide/Procurement/T_IMG_Deposit_Oxite.T_IMG_Deposit_Oxite",
            "Description1": "NSLOCTEXT(\"D_FieldGuideMetaData\", \"Oxite_Procure-Description1\", \"Pickaxe Deposit\")"
        },
        {
            "Name": "Sulfur_Procure",
            "Item": {
                "RowName": "Sulfur"
            },
            "Image1": "/Game/Assets/2DArt/UI/FieldGuide/Procurement/T_IMG_Deposit_Sulfur.T_IMG_Deposit_Sulfur",
            "Description1": "NSLOCTEXT(\"D_FieldGuideMetaData\", \"Sulfur_Procure-Description1\", \"Pickaxe Deposit\")",
            "Image2": "/Game/Assets/2DArt/UI/FieldGuide/Procurement/T_IMG_DeepVein_Sulfur.T_IMG_DeepVein_Sulfur",
            "Description2": "NSLOCTEXT(\"D_FieldGuideMetaData\", \"Sulfur_Procure-Description2\", \"Drill Deep Vein\")"
        },
        {
            "Name": "Titanium_Ore_Procure",
            "Item": {
                "RowName": "Titanium_Ore"
            },
            "Image1": "/Game/Assets/2DArt/UI/FieldGuide/Procurement/T_IMG_Deposit_Titanium.T_IMG_Deposit_Titanium",
            "Description1": "NSLOCTEXT(\"D_FieldGuideMetaData\", \"Titanium_Ore_Procure-Description1\", \"Pickaxe Deposit\")",
            "Image2": "/Game/Assets/2DArt/UI/FieldGuide/Procurement/T_IMG_DeepVein_Titanium.T_IMG_DeepVein_Titanium",
            "Description2": "NSLOCTEXT(\"D_FieldGuideMetaData\", \"Titanium_Ore_Procure-Description2\", \"Drill Deep Vein\")"
        },
        {
            "Name": "Stone_Procure",
            "Item": {
                "RowName": "Stone"
            },
            "Image1": "/Game/Assets/2DArt/UI/FieldGuide/Procurement/T_IMG_Deposit_Stone.T_IMG_Deposit_Stone",
            "Description1": "NSLOCTEXT(\"D_FieldGuideMetaData\", \"Stone_Procure-Description1\", \"Pickaxe Deposit\")"
        },
        {
            "Name": "Clay_Procure",
            "Item": {
                "RowName": "Clay"
            },
            "Image1": "/Game/Assets/2DArt/UI/FieldGuide/Procurement/T_IMG_Deposit_Clay.T_IMG_Deposit_Clay",
            "Description1": "NSLOCTEXT(\"D_FieldGuideMetaData\", \"Clay_Procure-Description1\", \"Sledgehammer Deposit\")",
            "Image2": "/Game/Assets/2DArt/UI/FieldGuide/Procurement/T_IMG_DeepVein_Clay.T_IMG_DeepVein_Clay",
            "Description2": "NSLOCTEXT(\"D_FieldGuideMetaData\", \"Clay_Procure-Description2\", \"Drill Deep Vein\")"
        },
        {
            "Name": "Exotic_Procure",
            "Item": {
                "RowName": "MetaResource"
            },
            "Image1": "/Game/Assets/2DArt/UI/FieldGuide/Procurement/T_IMG_Deposit_Exotic.T_IMG_Deposit_Exotic",
            "Description1": "NSLOCTEXT(\"D_FieldGuideMetaData\", \"Exotic_Procure-Description1\", \"Pickaxe Deposit\")",
            "Image2": "/Game/Assets/2DArt/UI/FieldGuide/Procurement/T_IMG_Geyser_Exotic.T_IMG_Geyser_Exotic",
            "Description2": "NSLOCTEXT(\"D_FieldGuideMetaData\", \"Exotic_Procure-Description2\", \"Extract Geyser\")"
        },
        {
            "Name": "Salt_Procure",
            "Item": {
                "RowName": "Salt"
            },
            "Image1": "/Game/Assets/2DArt/UI/FieldGuide/Procurement/T_IMG_Deposit_Salt.T_IMG_Deposit_Salt",
            "Description1": "NSLOCTEXT(\"D_FieldGuideMetaData\", \"Salt_Procure-Description1\", \"Pickaxe Deposit\")",
            "Image2": "/Game/Assets/2DArt/UI/FieldGuide/Procurement/T_IMG_DeepVein_Salt.T_IMG_DeepVein_Salt",
            "Description2": "NSLOCTEXT(\"D_FieldGuideMetaData\", \"Salt_Procure-Description2\", \"Drill Deep Vein\")"
        },
        {
            "Name": "Scoria_Procure",
            "Item": {
                "RowName": "Scoria"
            },
            "Image1": "/Game/Assets/2DArt/UI/FieldGuide/Procurement/T_IMG_Deposit_Scoria.T_IMG_Deposit_Scoria",
            "Description1": "NSLOCTEXT(\"D_FieldGuideMetaData\", \"Scoria_Procure-Description1\", \"Sledgehammmer Deposit\")",
            "Image2": "/Game/Assets/2DArt/UI/FieldGuide/Procurement/T_IMG_DeepVein_Scoria.T_IMG_DeepVein_Scoria",
            "Description2": "NSLOCTEXT(\"D_FieldGuideMetaData\", \"Scoria_Procure-Description2\", \"Drill Deep Vein\")"
        },
        {
            "Name": "Obsidian_Procure",
            "Item": {
                "RowName": "Obsidian"
            },
            "Image1": "/Game/Assets/2DArt/UI/FieldGuide/Procurement/T_IMG_Deposit_Obsidian.T_IMG_Deposit_Obsidian",
            "Description1": "NSLOCTEXT(\"D_FieldGuideMetaData\", \"Obsidian_Procure-Description1\", \"Sledgehammer Deposit\")",
            "Image2": "/Game/Assets/2DArt/UI/FieldGuide/Procurement/T_IMG_DeepVein_Obsidian.T_IMG_DeepVein_Obsidian",
            "Description2": "NSLOCTEXT(\"D_FieldGuideMetaData\", \"Obsidian_Procure-Description2\", \"Drill Deep Vein\")"
        },
        {
            "Name": "Corn_Plant_Procure",
            "Item": {
                "RowName": "Corn"
            },
            "Image1": "/Game/Assets/2DArt/UI/FieldGuide/Procurement/T_IMG_Plants_Corn.T_IMG_Plants_Corn",
            "Description1": "NSLOCTEXT(\"D_FieldGuideMetaData\", \"Corn_Plant_Procure-Description1\", \"Harvest By Hand Or Sickle\")"
        },
        {
            "Name": "Wheat_Plant_Procure",
            "Item": {
                "RowName": "Wheat"
            },
            "Image1": "/Game/Assets/2DArt/UI/FieldGuide/Procurement/T_IMG_Plants_Wheat.T_IMG_Plants_Wheat",
            "Description1": "NSLOCTEXT(\"D_FieldGuideMetaData\", \"Wheat_Plant_Procure-Description1\", \"Harvest By Hand Or Sickle\")"
        },
        {
            "Name": "ReedFlower_Plant_Procure",
            "Item": {
                "RowName": "Reed_Flower"
            },
            "Image1": "/Game/Assets/2DArt/UI/FieldGuide/Procurement/T_IMG_Plants_Reed.T_IMG_Plants_Reed",
            "Description1": "NSLOCTEXT(\"D_FieldGuideMetaData\", \"ReedFlower_Plant_Procure-Description1\", \"Harvest By Hand Or Sickle\")"
        },
        {
            "Name": "Yeast_Plant_Procure",
            "Item": {
                "RowName": "Yeast"
            },
            "Image1": "/Game/Assets/2DArt/UI/FieldGuide/Procurement/T_IMG_Plants_Yeast.T_IMG_Plants_Yeast",
            "Description1": "NSLOCTEXT(\"D_FieldGuideMetaData\", \"Yeast_Plant_Procure-Description1\", \"Harvest By Hand Or Sickle\")"
        },
        {
            "Name": "Lily_Plant_Procure",
            "Item": {
                "RowName": "Lily"
            },
            "Image1": "/Game/Assets/2DArt/UI/FieldGuide/Procurement/T_IMG_Plants_Lily.T_IMG_Plants_Lily",
            "Description1": "NSLOCTEXT(\"D_FieldGuideMetaData\", \"Lily_Plant_Procure-Description1\", \"Harvest By Hand Or Sickle\")"
        },
        {
            "Name": "BerryBush_Plant_Procure",
            "Item": {
                "RowName": "Berry"
            },
            "Image1": "/Game/Assets/2DArt/UI/FieldGuide/Procurement/T_IMG_Plants_WildBerry.T_IMG_Plants_WildBerry",
            "Description1": "NSLOCTEXT(\"D_FieldGuideMetaData\", \"BerryBush_Plant_Procure-Description1\", \"Harvest By Hand Or Sickle\")"
        },
        {
            "Name": "Pumpkin_Plant_Procure",
            "Item": {
                "RowName": "Pumpkin"
            },
            "Image1": "/Game/Assets/2DArt/UI/FieldGuide/Procurement/T_IMG_Plants_Pumpkin.T_IMG_Plants_Pumpkin",
            "Description1": "NSLOCTEXT(\"D_FieldGuideMetaData\", \"Pumpkin_Plant_Procure-Description1\", \"Harvest By Hand Or Sickle\")"
        },
        {
            "Name": "Bean_Plant_Procure",
            "Item": {
                "RowName": "Bean"
            },
            "Image1": "/Game/Assets/2DArt/UI/FieldGuide/Procurement/T_IMG_Plants_Soy.T_IMG_Plants_Soy",
            "Description1": "NSLOCTEXT(\"D_FieldGuideMetaData\", \"Bean_Plant_Procure-Description1\", \"Harvest By Hand Or Sickle\")"
        },
        {
            "Name": "Squash_Plant_Procure",
            "Item": {
                "RowName": "Squash"
            },
            "Image1": "/Game/Assets/2DArt/UI/FieldGuide/Procurement/T_IMG_Plants_Squash.T_IMG_Plants_Squash",
            "Description1": "NSLOCTEXT(\"D_FieldGuideMetaData\", \"Squash_Plant_Procure-Description1\", \"Harvest By Hand Or Sickle\")"
        },
        {
            "Name": "Watermelon_Plant_Procure",
            "Item": {
                "RowName": "Watermelon"
            },
            "Image1": "/Game/Assets/2DArt/UI/FieldGuide/Procurement/T_IMG_Plants_Watermelon.T_IMG_Plants_Watermelon",
            "Description1": "NSLOCTEXT(\"D_FieldGuideMetaData\", \"Watermelon_Plant_Procure-Description1\", \"Harvest By Hand Or Sickle\")"
        },
        {
            "Name": "Cocoa_Plant_Procure",
            "Item": {
                "RowName": "Cocoa"
            },
            "Image1": "/Game/Assets/2DArt/UI/FieldGuide/Procurement/T_IMG_Plants_Cocoa.T_IMG_Plants_Cocoa",
            "Description1": "NSLOCTEXT(\"D_FieldGuideMetaData\", \"Cocoa_Plant_Procure-Description1\", \"Harvest By Hand Or Sickle\")"
        },
        {
            "Name": "Coffee_Plant_Procure",
            "Item": {
                "RowName": "Coffee"
            },
            "Image1": "/Game/Assets/2DArt/UI/FieldGuide/Procurement/T_IMG_Plants_Coffee.T_IMG_Plants_Coffee",
            "Description1": "NSLOCTEXT(\"D_FieldGuideMetaData\", \"Coffee_Plant_Procure-Description1\", \"Harvest By Hand Or Sickle\")"
        },
        {
            "Name": "GreenTea_Plant_Procure",
            "Item": {
                "RowName": "GreenTea"
            },
            "Image1": "/Game/Assets/2DArt/UI/FieldGuide/Procurement/T_IMG_Plants_Gorse1.T_IMG_Plants_Gorse1",
            "Description1": "NSLOCTEXT(\"D_FieldGuideMetaData\", \"GreenTea_Plant_Procure-Description1\", \"Harvest By Hand Or Sickle\")"
        },
        {
            "Name": "WildTea_Plant_Procure",
            "Item": {
                "RowName": "WildTea"
            },
            "Image1": "/Game/Assets/2DArt/UI/FieldGuide/Procurement/T_IMG_Plants_Gorse2.T_IMG_Plants_Gorse2",
            "Description1": "NSLOCTEXT(\"D_FieldGuideMetaData\", \"WildTea_Plant_Procure-Description1\", \"Harvest By Hand Or Sickle\")"
        },
        {
            "Name": "Carrot_Plant_Procure",
            "Item": {
                "RowName": "Carrot"
            },
            "Image1": "/Game/Assets/2DArt/UI/FieldGuide/Procurement/T_IMG_Plants_Carrot.T_IMG_Plants_Carrot",
            "Description1": "NSLOCTEXT(\"D_FieldGuideMetaData\", \"Carrot_Plant_Procure-Description1\", \"Harvest By Hand Or Sickle\")"
        },
        {
            "Name": "Mushroom_Plant_Procure",
            "Item": {
                "RowName": "Mushroom"
            },
            "Image1": "/Game/Assets/2DArt/UI/FieldGuide/Procurement/T_IMG_Plants_Mushroom.T_IMG_Plants_Mushroom",
            "Description1": "NSLOCTEXT(\"D_FieldGuideMetaData\", \"Mushroom_Plant_Procure-Description1\", \"Harvest By Hand Or Sickle\")"
        },
        {
            "Name": "Rhubarb_Plant_Procure",
            "Item": {
                "RowName": "Rhubarb"
            },
            "Image1": "/Game/Assets/2DArt/UI/FieldGuide/Procurement/T_IMG_QuestRewards.T_IMG_QuestRewards",
            "Description1": "NSLOCTEXT(\"D_FieldGuideMetaData\", \"Rhubarb_Plant_Procure-Description1\", \"SMPL3 Quest Reward\")"
        },
        {
            "Name": "Kumera_Plant_Procure",
            "Item": {
                "RowName": "Kumara"
            },
            "Image1": "/Game/Assets/2DArt/UI/FieldGuide/Procurement/T_IMG_QuestRewards.T_IMG_QuestRewards",
            "Description1": "NSLOCTEXT(\"D_FieldGuideMetaData\", \"Kumera_Plant_Procure-Description1\", \"SMPL3 Quest Reward\")"
        },
        {
            "Name": "Avocado_Plant_Procure",
            "Item": {
                "RowName": "Avocado"
            },
            "Image1": "/Game/Assets/2DArt/UI/FieldGuide/Procurement/T_IMG_QuestRewards.T_IMG_QuestRewards",
            "Description1": "NSLOCTEXT(\"D_FieldGuideMetaData\", \"Avocado_Plant_Procure-Description1\", \"SMPL3 Quest Reward\")"
        },
        {
            "Name": "Starberry_Plant_Procure",
            "Item": {
                "RowName": "Strawberry"
            },
            "Image1": "/Game/Assets/2DArt/UI/FieldGuide/Procurement/T_IMG_QuestRewards.T_IMG_QuestRewards",
            "Description1": "NSLOCTEXT(\"D_FieldGuideMetaData\", \"Starberry_Plant_Procure-Description1\", \"SMPL3 Quest Reward\")"
        },
        {
            "Name": "Fiber_Plant_Procure",
            "Item": {
                "RowName": "Fiber"
            },
            "Image1": "/Game/Assets/2DArt/UI/FieldGuide/Procurement/T_IMG_Plants_Fiber2.T_IMG_Plants_Fiber2",
            "Description1": "NSLOCTEXT(\"D_FieldGuideMetaData\", \"Fiber_Plant_Procure-Description1\", \"Harvest Most Plants\")"
        },
        {
            "Name": "Tomato_Plant_Procure",
            "Item": {
                "RowName": "Tomato"
            },
            "Image1": "/Game/Assets/2DArt/UI/FieldGuide/Procurement/T_IMG_Plants_Tomato.T_IMG_Plants_Tomato",
            "Description1": "NSLOCTEXT(\"D_FieldGuideMetaData\", \"Tomato_Plant_Procure-Description1\", \"Harvest By Hand Or Sickle\")"
        },
        {
            "Name": "Potato_Plant_Procure",
            "Item": {
                "RowName": "Potato"
            },
            "Image1": "/Game/Assets/2DArt/UI/FieldGuide/Procurement/T_IMG_Plants_Potato.T_IMG_Plants_Potato",
            "Description1": "NSLOCTEXT(\"D_FieldGuideMetaData\", \"Potato_Plant_Procure-Description1\", \"Harvest By Hand Or Sickle\")"
        }
    ]
}