{
    "RowStruct": "/Script/Icarus.FieldGuideSets",
    "Defaults": {
        "SetItems": []
    },
    "Rows": [
        {
            "Name": "Cold_Steel_Tools",
            "SetItems": [
                {
                    "RowName": "Cold_Steel_Axe",
                    "DataTableName": "D_ItemsStatic"
                },
                {
                    "RowName": "Cold_Steel_Knife",
                    "DataTableName": "D_ItemsStatic"
                },
                {
                    "RowName": "Cold_Steel_Pickaxe",
                    "DataTableName": "D_ItemsStatic"
                },
                {
                    "RowName": "Cold_Steel_Sickle",
                    "DataTableName": "D_ItemsStatic"
                },
                {
                    "RowName": "Cold_Steel_Sledgehammer",
                    "DataTableName": "D_ItemsStatic"
                },
                {
                    "RowName": "Cold_Steel_Spear",
                    "DataTableName": "D_ItemsStatic"
                }
            ]
        },
        {
            "Name": "Iron_Tools",
            "SetItems": [
                {
                    "RowName": "Metal_Axe",
                    "DataTableName": "D_ItemsStatic"
                },
                {
                    "RowName": "Metal_Knife",
                    "DataTableName": "D_ItemsStatic"
                },
                {
                    "RowName": "Metal_Pickaxe",
                    "DataTableName": "D_ItemsStatic"
                },
                {
                    "RowName": "Sickle",
                    "DataTableName": "D_ItemsStatic"
                },
                {
                    "RowName": "Metal_Sledgehammer",
                    "DataTableName": "D_ItemsStatic"
                },
                {
                    "RowName": "Metal_Spear",
                    "DataTableName": "D_ItemsStatic"
                }
            ]
        },
        {
            "Name": "Iron_Wood_Tools",
            "SetItems": [
                {
                    "RowName": "Iron_Wood_Axe",
                    "DataTableName": "D_ItemsStatic"
                },
                {
                    "RowName": "Iron_Wood_Knife",
                    "DataTableName": "D_ItemsStatic"
                },
                {
                    "RowName": "Iron_Wood_Pickaxe",
                    "DataTableName": "D_ItemsStatic"
                },
                {
                    "RowName": "Iron_Wood_Sledgehammer",
                    "DataTableName": "D_ItemsStatic"
                },
                {
                    "RowName": "Iron_Wood_Sickle",
                    "DataTableName": "D_ItemsStatic"
                },
                {
                    "RowName": "Iron_Wood_Spear",
                    "DataTableName": "D_ItemsStatic"
                }
            ]
        },
        {
            "Name": "Obsidian_Tools",
            "SetItems": [
                {
                    "RowName": "Obsidian_Axe",
                    "DataTableName": "D_ItemsStatic"
                },
                {
                    "RowName": "Obsidian_Knife",
                    "DataTableName": "D_ItemsStatic"
                },
                {
                    "RowName": "Obsidian_Pickaxe",
                    "DataTableName": "D_ItemsStatic"
                },
                {
                    "RowName": "Obsidian_Sickle",
                    "DataTableName": "D_ItemsStatic"
                },
                {
                    "RowName": "Obsidian_Sledgehammer",
                    "DataTableName": "D_ItemsStatic"
                },
                {
                    "RowName": "Obsidian_Spear",
                    "DataTableName": "D_ItemsStatic"
                }
            ]
        },
        {
            "Name": "Anitparasitic_Medicine",
            "SetItems": [
                {
                    "RowName": "Antiparasitic_Paste",
                    "DataTableName": "D_ItemsStatic"
                },
                {
                    "RowName": "Antiparasitic_Pill",
                    "DataTableName": "D_ItemsStatic"
                },
                {
                    "RowName": "Antiparasitic_Tonic",
                    "DataTableName": "D_ItemsStatic"
                },
                {
                    "RowName": "Meta_Antiparasitic_Vaccine_Alpha",
                    "DataTableName": "D_ItemsStatic"
                },
                {
                    "RowName": "Meta_Antiparasitic_Vaccine_Beta",
                    "DataTableName": "D_ItemsStatic"
                },
                {
                    "RowName": "Meta_Antiparasitic_Vaccine_Charlie",
                    "DataTableName": "D_ItemsStatic"
                }
            ]
        },
        {
            "Name": "Antipoision_Medicines",
            "SetItems": [
                {
                    "RowName": "Antipoison_Paste",
                    "DataTableName": "D_ItemsStatic"
                },
                {
                    "RowName": "Antipoison_Tonic",
                    "DataTableName": "D_ItemsStatic"
                },
                {
                    "RowName": "Antipoison_Pill",
                    "DataTableName": "D_ItemsStatic"
                },
                {
                    "RowName": "Meta_Antipoison_Vaccine_Alpha",
                    "DataTableName": "D_ItemsStatic"
                },
                {
                    "RowName": "Meta_Antipoison_Vaccine_Beta",
                    "DataTableName": "D_ItemsStatic"
                },
                {
                    "RowName": "Meta_Antipoison_Vaccine_Charlie",
                    "DataTableName": "D_ItemsStatic"
                }
            ]
        },
        {
            "Name": "Anibiotic_Medicine",
            "SetItems": [
                {
                    "RowName": "Antibiotic_Paste",
                    "DataTableName": "D_ItemsStatic"
                },
                {
                    "RowName": "Antibiotic_Pill",
                    "DataTableName": "D_ItemsStatic"
                },
                {
                    "RowName": "Antibiotic_Tonic",
                    "DataTableName": "D_ItemsStatic"
                },
                {
                    "RowName": "Meta_Antibiotic_Vaccine_Alpha",
                    "DataTableName": "D_ItemsStatic"
                },
                {
                    "RowName": "Meta_Antibiotic_Vaccine_Beta",
                    "DataTableName": "D_ItemsStatic"
                },
                {
                    "RowName": "Meta_Antibiotic_Vaccine_Charlie",
                    "DataTableName": "D_ItemsStatic"
                }
            ]
        },
        {
            "Name": "Blood_Thining_Medicine",
            "SetItems": [
                {
                    "RowName": "Blood_Thinning_Paste",
                    "DataTableName": "D_ItemsStatic"
                },
                {
                    "RowName": "Blood_Thinning_Pill",
                    "DataTableName": "D_ItemsStatic"
                },
                {
                    "RowName": "Blood_Thinning_Tonic",
                    "DataTableName": "D_ItemsStatic"
                },
                {
                    "RowName": "Meta_Blood_Thinning_Vaccine_Alpha",
                    "DataTableName": "D_ItemsStatic"
                },
                {
                    "RowName": "Meta_Blood_Thinning_Vaccine_Beta",
                    "DataTableName": "D_ItemsStatic"
                },
                {
                    "RowName": "Meta_Blood_Thinning_Vaccine_Charlie",
                    "DataTableName": "D_ItemsStatic"
                }
            ]
        },
        {
            "Name": "Bandages_Medicine",
            "SetItems": [
                {
                    "RowName": "Bandage_Basic",
                    "DataTableName": "D_ItemsStatic"
                },
                {
                    "RowName": "Bandage_Cooling",
                    "DataTableName": "D_ItemsStatic"
                },
                {
                    "RowName": "Bandage_Heat",
                    "DataTableName": "D_ItemsStatic"
                },
                {
                    "RowName": "Splint",
                    "DataTableName": "D_ItemsStatic"
                },
                {
                    "RowName": "Meta_Bandage_Shengong",
                    "DataTableName": "D_ItemsStatic"
                }
            ]
        },
        {
            "Name": "Thatch_Buildings",
            "SetItems": [
                {
                    "RowName": "Thatch_Frame",
                    "DataTableName": "D_ItemsStatic"
                },
                {
                    "RowName": "Thatch_Wall",
                    "DataTableName": "D_ItemsStatic"
                },
                {
                    "RowName": "Thatch_Floor",
                    "DataTableName": "D_ItemsStatic"
                },
                {
                    "RowName": "Thatch_Wall_Angle",
                    "DataTableName": "D_ItemsStatic"
                },
                {
                    "RowName": "Thatch_Ramp",
                    "DataTableName": "D_ItemsStatic"
                },
                {
                    "RowName": "Thatch_Beam",
                    "DataTableName": "D_ItemsStatic"
                },
                {
                    "RowName": "Thatch_Roof_Corner",
                    "DataTableName": "D_ItemsStatic"
                },
                {
                    "RowName": "Thatch_Half_Pitch",
                    "DataTableName": "D_ItemsStatic"
                },
                {
                    "RowName": "Thatch_Halfpiece",
                    "DataTableName": "D_ItemsStatic"
                }
            ]
        },
        {
            "Name": "Wood_Buildings",
            "SetItems": [
                {
                    "RowName": "Wood_Frame",
                    "DataTableName": "D_ItemsStatic"
                },
                {
                    "RowName": "Wood_Wall",
                    "DataTableName": "D_ItemsStatic"
                },
                {
                    "RowName": "Wood_Floor",
                    "DataTableName": "D_ItemsStatic"
                },
                {
                    "RowName": "Wood_Ramp",
                    "DataTableName": "D_ItemsStatic"
                },
                {
                    "RowName": "Wood_Wall_Angle",
                    "DataTableName": "D_ItemsStatic"
                },
                {
                    "RowName": "Wood_Beam",
                    "DataTableName": "D_ItemsStatic"
                },
                {
                    "RowName": "Wood_Roof_Corner",
                    "DataTableName": "D_ItemsStatic"
                },
                {
                    "RowName": "Wood_Half_Pitch",
                    "DataTableName": "D_ItemsStatic"
                },
                {
                    "RowName": "Wood_Halfpiece",
                    "DataTableName": "D_ItemsStatic"
                }
            ]
        },
        {
            "Name": "Stone_Buildings",
            "SetItems": [
                {
                    "RowName": "Stone_Frame",
                    "DataTableName": "D_ItemsStatic"
                },
                {
                    "RowName": "Stone_Wall",
                    "DataTableName": "D_ItemsStatic"
                },
                {
                    "RowName": "Stone_Floor",
                    "DataTableName": "D_ItemsStatic"
                },
                {
                    "RowName": "Stone_Ramp",
                    "DataTableName": "D_ItemsStatic"
                },
                {
                    "RowName": "Stone_Wall_Angle",
                    "DataTableName": "D_ItemsStatic"
                },
                {
                    "RowName": "Stone_Beam",
                    "DataTableName": "D_ItemsStatic"
                },
                {
                    "RowName": "Stone_Roof_Corner",
                    "DataTableName": "D_ItemsStatic"
                },
                {
                    "RowName": "Stone_Half_Pitch",
                    "DataTableName": "D_ItemsStatic"
                },
                {
                    "RowName": "Stone_Halfpiece",
                    "DataTableName": "D_ItemsStatic"
                }
            ]
        },
        {
            "Name": "Concrete_Buildings",
            "SetItems": [
                {
                    "RowName": "Concrete_Frame",
                    "DataTableName": "D_ItemsStatic"
                },
                {
                    "RowName": "Concrete_Wall",
                    "DataTableName": "D_ItemsStatic"
                },
                {
                    "RowName": "Concrete_Floor",
                    "DataTableName": "D_ItemsStatic"
                },
                {
                    "RowName": "Concrete_Ramp",
                    "DataTableName": "D_ItemsStatic"
                },
                {
                    "RowName": "Concrete_Wall_Angle",
                    "DataTableName": "D_ItemsStatic"
                },
                {
                    "RowName": "Concrete_Beam",
                    "DataTableName": "D_ItemsStatic"
                },
                {
                    "RowName": "Concrete_Roof_Corner",
                    "DataTableName": "D_ItemsStatic"
                },
                {
                    "RowName": "Concrete_Half_Pitch",
                    "DataTableName": "D_ItemsStatic"
                },
                {
                    "RowName": "Concrete_Halfpiece",
                    "DataTableName": "D_ItemsStatic"
                }
            ]
        },
        {
            "Name": "Iron_Buildings",
            "SetItems": [
                {
                    "RowName": "Iron_Floor",
                    "DataTableName": "D_ItemsStatic"
                },
                {
                    "RowName": "Iron_Wall",
                    "DataTableName": "D_ItemsStatic"
                },
                {
                    "RowName": "Iron_Wall_Angle",
                    "DataTableName": "D_ItemsStatic"
                },
                {
                    "RowName": "Iron_Ramp",
                    "DataTableName": "D_ItemsStatic"
                },
                {
                    "RowName": "Iron_Beam",
                    "DataTableName": "D_ItemsStatic"
                },
                {
                    "RowName": "Iron_Roof_Corner",
                    "DataTableName": "D_ItemsStatic"
                },
                {
                    "RowName": "Iron_Half_Pitch",
                    "DataTableName": "D_ItemsStatic"
                },
                {
                    "RowName": "Iron_Halfpiece",
                    "DataTableName": "D_ItemsStatic"
                }
            ]
        },
        {
            "Name": "Glass_Buildings",
            "SetItems": [
                {
                    "RowName": "Glass_Floor",
                    "DataTableName": "D_ItemsStatic"
                },
                {
                    "RowName": "Glass_Wall",
                    "DataTableName": "D_ItemsStatic"
                },
                {
                    "RowName": "Glass_Wall_Angle",
                    "DataTableName": "D_ItemsStatic"
                },
                {
                    "RowName": "Glass_Ramp",
                    "DataTableName": "D_ItemsStatic"
                },
                {
                    "RowName": "Glass_Beam",
                    "DataTableName": "D_ItemsStatic"
                },
                {
                    "RowName": "Glass_Door",
                    "DataTableName": "D_ItemsStatic"
                },
                {
                    "RowName": "Glass_Window",
                    "DataTableName": "D_ItemsStatic"
                },
                {
                    "RowName": "Glass_Roof_Corner",
                    "DataTableName": "D_ItemsStatic"
                },
                {
                    "RowName": "Glass_Half_Pitch",
                    "DataTableName": "D_ItemsStatic"
                },
                {
                    "RowName": "Glass_Halfpiece",
                    "DataTableName": "D_ItemsStatic"
                }
            ]
        },
        {
            "Name": "Scoria_Buildings",
            "SetItems": [
                {
                    "RowName": "Scoria_Frame",
                    "DataTableName": "D_ItemsStatic"
                },
                {
                    "RowName": "Scoria_Floor",
                    "DataTableName": "D_ItemsStatic"
                },
                {
                    "RowName": "Scoria_Wall",
                    "DataTableName": "D_ItemsStatic"
                },
                {
                    "RowName": "Scoria_Ramp",
                    "DataTableName": "D_ItemsStatic"
                },
                {
                    "RowName": "Scoria_Beam",
                    "DataTableName": "D_ItemsStatic"
                },
                {
                    "RowName": "Scoria_Roof_Corner",
                    "DataTableName": "D_ItemsStatic"
                },
                {
                    "RowName": "Scoria_Half_Pitch",
                    "DataTableName": "D_ItemsStatic"
                },
                {
                    "RowName": "Scoria_Halfpiece",
                    "DataTableName": "D_ItemsStatic"
                }
            ]
        },
        {
            "Name": "Clay_Brick_Buildings",
            "SetItems": [
                {
                    "RowName": "Clay_Brick_Floor",
                    "DataTableName": "D_ItemsStatic"
                },
                {
                    "RowName": "Clay_Brick_Wall",
                    "DataTableName": "D_ItemsStatic"
                },
                {
                    "RowName": "Clay_Brick_Wall_Angle",
                    "DataTableName": "D_ItemsStatic"
                },
                {
                    "RowName": "Clay_Brick_Ramp",
                    "DataTableName": "D_ItemsStatic"
                },
                {
                    "RowName": "Clay_Brick_Beam",
                    "DataTableName": "D_ItemsStatic"
                },
                {
                    "RowName": "Clay_Brick_Roof_Corner",
                    "DataTableName": "D_ItemsStatic"
                },
                {
                    "RowName": "Clay_Brick_Roof_Half_Pitch",
                    "DataTableName": "D_ItemsStatic"
                },
                {
                    "RowName": "Clay_Brick_Halfpiece",
                    "DataTableName": "D_ItemsStatic"
                }
            ]
        },
        {
            "Name": "Scoria_Brick",
            "SetItems": [
                {
                    "RowName": "Scoria_Brick_Floor",
                    "DataTableName": "D_ItemsStatic"
                },
                {
                    "RowName": "Scoria_Brick_Wall",
                    "DataTableName": "D_ItemsStatic"
                },
                {
                    "RowName": "Scoria_Brick_Wall_Angle",
                    "DataTableName": "D_ItemsStatic"
                },
                {
                    "RowName": "Scoria_Brick_Ramp",
                    "DataTableName": "D_ItemsStatic"
                },
                {
                    "RowName": "Scoria_Brick_Beam",
                    "DataTableName": "D_ItemsStatic"
                },
                {
                    "RowName": "Scoria_Brick_Roof_Corner",
                    "DataTableName": "D_ItemsStatic"
                },
                {
                    "RowName": "Scoria_Brick_Roof_Half_Pitch",
                    "DataTableName": "D_ItemsStatic"
                },
                {
                    "RowName": "Scoria_Brick_Halfpiece",
                    "DataTableName": "D_ItemsStatic"
                }
            ]
        },
        {
            "Name": "Interior_Wood_Buildings",
            "SetItems": [
                {
                    "RowName": "Wood_Frame_Refined",
                    "DataTableName": "D_ItemsStatic"
                },
                {
                    "RowName": "Wood_Wall_Refined",
                    "DataTableName": "D_ItemsStatic"
                },
                {
                    "RowName": "Wood_Floor_Refined",
                    "DataTableName": "D_ItemsStatic"
                },
                {
                    "RowName": "Wood_Ramp_Refined",
                    "DataTableName": "D_ItemsStatic"
                },
                {
                    "RowName": "Wood_Wall_Angle_Refined",
                    "DataTableName": "D_ItemsStatic"
                },
                {
                    "RowName": "Refined_Half_Pitch",
                    "DataTableName": "D_ItemsStatic"
                },
                {
                    "RowName": "Refined_Halfpiece",
                    "DataTableName": "D_ItemsStatic"
                }
            ]
        },
        {
            "Name": "EnhancementTonic_Medicine",
            "SetItems": [
                {
                    "RowName": "Health_Enhancement_Tonic",
                    "DataTableName": "D_ItemsStatic"
                },
                {
                    "RowName": "Stamina_Enhancement_Tonic",
                    "DataTableName": "D_ItemsStatic"
                },
                {
                    "RowName": "Strength_Enhancement_Tonic",
                    "DataTableName": "D_ItemsStatic"
                },
                {
                    "RowName": "Sustenence_Enhancement_Tonic",
                    "DataTableName": "D_ItemsStatic"
                }
            ]
        },
        {
            "Name": "Fishing",
            "SetItems": [
                {
                    "RowName": "Basic_Fishing_Rod",
                    "DataTableName": "D_ItemsStatic"
                },
                {
                    "RowName": "Wooden_Fishing_Rod",
                    "DataTableName": "D_ItemsStatic"
                },
                {
                    "RowName": "Refined_Wood_Fishing_Rod",
                    "DataTableName": "D_ItemsStatic"
                },
                {
                    "RowName": "Scorpion_FishingRod",
                    "DataTableName": "D_ItemsStatic"
                },
                {
                    "RowName": "Basic_Fishing_Trap",
                    "DataTableName": "D_ItemsStatic"
                },
                {
                    "RowName": "Advanced_Fishing_Trap",
                    "DataTableName": "D_ItemsStatic"
                }
            ]
        },
        {
            "Name": "Decorations_Paintings",
            "SetItems": [
                {
                    "RowName": "Painting_Dark",
                    "DataTableName": "D_ItemsStatic"
                },
                {
                    "RowName": "Painting_Gold",
                    "DataTableName": "D_ItemsStatic"
                },
                {
                    "RowName": "Painting_Gold_Wood",
                    "DataTableName": "D_ItemsStatic"
                },
                {
                    "RowName": "Painting_Metal",
                    "DataTableName": "D_ItemsStatic"
                },
                {
                    "RowName": "Painting_Scroll",
                    "DataTableName": "D_ItemsStatic"
                },
                {
                    "RowName": "Painting_Wood",
                    "DataTableName": "D_ItemsStatic"
                }
            ]
        },
        {
            "Name": "WorkshopPack_Seeds",
            "SetItems": [
                {
                    "RowName": "Meta_Avocado_Seed",
                    "DataTableName": "D_ItemsStatic"
                },
                {
                    "RowName": "Meta_Bean_Seed",
                    "DataTableName": "D_ItemsStatic"
                },
                {
                    "RowName": "Meta_Berry_Seed",
                    "DataTableName": "D_ItemsStatic"
                },
                {
                    "RowName": "Meta_Carrot_Seed",
                    "DataTableName": "D_ItemsStatic"
                },
                {
                    "RowName": "Meta_Cocao_Seed",
                    "DataTableName": "D_ItemsStatic"
                },
                {
                    "RowName": "Meta_Coffee_Seed",
                    "DataTableName": "D_ItemsStatic"
                },
                {
                    "RowName": "Meta_Corn_Seed",
                    "DataTableName": "D_ItemsStatic"
                },
                {
                    "RowName": "Meta_Fiber_Seed",
                    "DataTableName": "D_ItemsStatic"
                },
                {
                    "RowName": "Meta_GreenTea_Seed",
                    "DataTableName": "D_ItemsStatic"
                },
                {
                    "RowName": "Meta_Kumara_Seed",
                    "DataTableName": "D_ItemsStatic"
                },
                {
                    "RowName": "Meta_Lily_Seed",
                    "DataTableName": "D_ItemsStatic"
                },
                {
                    "RowName": "Meta_Mushroom_Seed",
                    "DataTableName": "D_ItemsStatic"
                },
                {
                    "RowName": "Meta_Potato_Seed",
                    "DataTableName": "D_ItemsStatic"
                },
                {
                    "RowName": "Meta_Pumpkin_Seed",
                    "DataTableName": "D_ItemsStatic"
                },
                {
                    "RowName": "Meta_Reed_Seed",
                    "DataTableName": "D_ItemsStatic"
                },
                {
                    "RowName": "Meta_Rhubarb_Seed",
                    "DataTableName": "D_ItemsStatic"
                },
                {
                    "RowName": "Meta_Squash_Seed",
                    "DataTableName": "D_ItemsStatic"
                },
                {
                    "RowName": "Meta_Strawberry_Seed",
                    "DataTableName": "D_ItemsStatic"
                },
                {
                    "RowName": "Meta_SugarCane_Seed",
                    "DataTableName": "D_ItemsStatic"
                },
                {
                    "RowName": "Meta_Tomato_Seed",
                    "DataTableName": "D_ItemsStatic"
                },
                {
                    "RowName": "Meta_Watermelon_Seed",
                    "DataTableName": "D_ItemsStatic"
                },
                {
                    "RowName": "Meta_Wheat_Seed",
                    "DataTableName": "D_ItemsStatic"
                },
                {
                    "RowName": "Meta_WildTea_Seed",
                    "DataTableName": "D_ItemsStatic"
                },
                {
                    "RowName": "Meta_Yeast_Seed",
                    "DataTableName": "D_ItemsStatic"
                }
            ]
        },
        {
            "Name": "WorkshopPack_Arrows",
            "SetItems": [
                {
                    "RowName": "Meta_Arrow_Inaris_Set_Bravo",
                    "DataTableName": "D_ItemsStatic"
                },
                {
                    "RowName": "Meta_Arrow_Inaris_Set_Charlie",
                    "DataTableName": "D_ItemsStatic"
                },
                {
                    "RowName": "Meta_Arrow_Inaris_Set_Delta",
                    "DataTableName": "D_ItemsStatic"
                },
                {
                    "RowName": "Meta_Arrow_Set_Inaris_Alpha",
                    "DataTableName": "D_ItemsStatic"
                },
                {
                    "RowName": "Meta_Arrow_Set_Larkwell_Bait",
                    "DataTableName": "D_ItemsStatic"
                },
                {
                    "RowName": "Meta_Arrow_Set_Larkwell_Ballistic",
                    "DataTableName": "D_ItemsStatic"
                },
                {
                    "RowName": "Meta_Arrow_Set_Larkwell_Bleed",
                    "DataTableName": "D_ItemsStatic"
                },
                {
                    "RowName": "Meta_Arrow_Set_Larkwell_Standard",
                    "DataTableName": "D_ItemsStatic"
                },
                {
                    "RowName": "Meta_Arrow_Set_Larkwell_Tazer",
                    "DataTableName": "D_ItemsStatic"
                },
                {
                    "RowName": "Meta_Arrow_Set_Larkwell_Whistling",
                    "DataTableName": "D_ItemsStatic"
                },
                {
                    "RowName": "Meta_Arrow_Set_Printed_Alpha",
                    "DataTableName": "D_ItemsStatic"
                },
                {
                    "RowName": "Meta_Arrow_Set_Printed_Beta",
                    "DataTableName": "D_ItemsStatic"
                },
                {
                    "RowName": "Meta_Arrow_Set_Printed_Charlie",
                    "DataTableName": "D_ItemsStatic"
                },
                {
                    "RowName": "Meta_Arrow_Set_Shengong",
                    "DataTableName": "D_ItemsStatic"
                }
            ]
        },
        {
            "Name": "WorkshopPack_Bolts",
            "SetItems": [
                {
                    "RowName": "Meta_Bolt_Set_Larkwell_Electroshock",
                    "DataTableName": "D_ItemsStatic"
                },
                {
                    "RowName": "Meta_Bolt_Set_Larkwell_Explosive",
                    "DataTableName": "D_ItemsStatic"
                },
                {
                    "RowName": "Meta_Bolt_Set_Larkwell_Piercing",
                    "DataTableName": "D_ItemsStatic"
                },
                {
                    "RowName": "Meta_Bolt_Set_Larkwell_Standard",
                    "DataTableName": "D_ItemsStatic"
                }
            ]
        },
        {
            "Name": "WorkshopPack_Supply",
            "SetItems": [
                {
                    "RowName": "Meta_Coal_Set",
                    "DataTableName": "D_ItemsStatic"
                },
                {
                    "RowName": "Meta_Resource_Pack_Aluminium",
                    "DataTableName": "D_ItemsStatic"
                },
                {
                    "RowName": "Meta_Resource_Pack_Copper",
                    "DataTableName": "D_ItemsStatic"
                },
                {
                    "RowName": "Meta_Resource_Pack_Gold",
                    "DataTableName": "D_ItemsStatic"
                },
                {
                    "RowName": "Meta_Resource_Pack_Iron",
                    "DataTableName": "D_ItemsStatic"
                },
                {
                    "RowName": "Meta_Resource_Pack_Oxite",
                    "DataTableName": "D_ItemsStatic"
                },
                {
                    "RowName": "Meta_Resource_Pack_Platinum",
                    "DataTableName": "D_ItemsStatic"
                },
                {
                    "RowName": "Meta_Resource_Pack_Silica",
                    "DataTableName": "D_ItemsStatic"
                },
                {
                    "RowName": "Meta_Resource_Pack_Stone",
                    "DataTableName": "D_ItemsStatic"
                },
                {
                    "RowName": "Meta_Resource_Pack_Sulfur",
                    "DataTableName": "D_ItemsStatic"
                },
                {
                    "RowName": "Meta_Resource_Pack_Titanium",
                    "DataTableName": "D_ItemsStatic"
                },
                {
                    "RowName": "Meta_Resource_Pack_Wood",
                    "DataTableName": "D_ItemsStatic"
                }
            ]
        },
        {
            "Name": "Steel_Tools",
            "SetItems": [
                {
                    "RowName": "Steel_Axe",
                    "DataTableName": "D_ItemsStatic"
                },
                {
                    "RowName": "Steel_Hammer",
                    "DataTableName": "D_ItemsStatic"
                },
                {
                    "RowName": "Steel_Knife",
                    "DataTableName": "D_ItemsStatic"
                },
                {
                    "RowName": "Steel_Pickaxe",
                    "DataTableName": "D_ItemsStatic"
                },
                {
                    "RowName": "Steel_Spear",
                    "DataTableName": "D_ItemsStatic"
                }
            ]
        },
        {
            "Name": "Platinum_Tools",
            "SetItems": [
                {
                    "RowName": "Platinum_Axe",
                    "DataTableName": "D_ItemsStatic"
                },
                {
                    "RowName": "Platinum_Hammer",
                    "DataTableName": "D_ItemsStatic"
                },
                {
                    "RowName": "Platinum_Knife",
                    "DataTableName": "D_ItemsStatic"
                },
                {
                    "RowName": "Platinum_Pickaxe",
                    "DataTableName": "D_ItemsStatic"
                },
                {
                    "RowName": "Platinum_Spear",
                    "DataTableName": "D_ItemsStatic"
                },
                {
                    "RowName": "Platinum_Sickle",
                    "DataTableName": "D_ItemsStatic"
                }
            ]
        },
        {
            "Name": "Titanium_Tools",
            "SetItems": [
                {
                    "RowName": "Titanium_Axe",
                    "DataTableName": "D_ItemsStatic"
                },
                {
                    "RowName": "Titanium_Hammer",
                    "DataTableName": "D_ItemsStatic"
                },
                {
                    "RowName": "Titanium_Knife",
                    "DataTableName": "D_ItemsStatic"
                },
                {
                    "RowName": "Titanium_Pickaxe",
                    "DataTableName": "D_ItemsStatic"
                },
                {
                    "RowName": "Titanium_Spear",
                    "DataTableName": "D_ItemsStatic"
                },
                {
                    "RowName": "Titanium_Sickle",
                    "DataTableName": "D_ItemsStatic"
                }
            ]
        },
        {
            "Name": "StoneBone_Tools",
            "SetItems": [
                {
                    "RowName": "Stone_Axe",
                    "DataTableName": "D_ItemsStatic"
                },
                {
                    "RowName": "Stone_Knife",
                    "DataTableName": "D_ItemsStatic"
                },
                {
                    "RowName": "Stone_Pickaxe",
                    "DataTableName": "D_ItemsStatic"
                },
                {
                    "RowName": "Stone_Shovel",
                    "DataTableName": "D_ItemsStatic"
                },
                {
                    "RowName": "Building_RepairTool",
                    "DataTableName": "D_ItemsStatic"
                },
                {
                    "RowName": "Bone_Knife",
                    "DataTableName": "D_ItemsStatic"
                },
                {
                    "RowName": "Bone_Sickle",
                    "DataTableName": "D_ItemsStatic"
                },
                {
                    "RowName": "Bone_Spear",
                    "DataTableName": "D_ItemsStatic"
                }
            ]
        },
        {
            "Name": "Sandworm_Tools",
            "SetItems": [
                {
                    "RowName": "Sandworm_Spear",
                    "DataTableName": "D_ItemsStatic"
                },
                {
                    "RowName": "Sandworm_Knife",
                    "DataTableName": "D_ItemsStatic"
                }
            ]
        },
        {
            "Name": "Caveworm_Tools",
            "SetItems": [
                {
                    "RowName": "Caveworm_Knife",
                    "DataTableName": "D_ItemsStatic"
                },
                {
                    "RowName": "Caveworm_Spear",
                    "DataTableName": "D_ItemsStatic"
                }
            ]
        },
        {
            "Name": "Workshop_Sickles",
            "SetItems": [
                {
                    "RowName": "Meta_Sickle_Inaris_00",
                    "DataTableName": "D_ItemsStatic"
                },
                {
                    "RowName": "Meta_Sickle_Inaris_01",
                    "DataTableName": "D_ItemsStatic"
                },
                {
                    "RowName": "Meta_Sickle_Inaris_02",
                    "DataTableName": "D_ItemsStatic"
                },
                {
                    "RowName": "Meta_Sickle_Inaris_03",
                    "DataTableName": "D_ItemsStatic"
                },
                {
                    "RowName": "Meta_Sickle_Larkwell",
                    "DataTableName": "D_ItemsStatic"
                },
                {
                    "RowName": "Meta_Sickle_Printed",
                    "DataTableName": "D_ItemsStatic"
                }
            ]
        },
        {
            "Name": "Workshop_Axes",
            "SetItems": [
                {
                    "RowName": "Meta_Axe",
                    "DataTableName": "D_ItemsStatic"
                },
                {
                    "RowName": "Meta_Axe_Inaris_Alpha",
                    "DataTableName": "D_ItemsStatic"
                },
                {
                    "RowName": "Meta_Axe_Inaris_Bravo",
                    "DataTableName": "D_ItemsStatic"
                },
                {
                    "RowName": "Meta_Axe_Inaris_Charlie",
                    "DataTableName": "D_ItemsStatic"
                },
                {
                    "RowName": "Meta_Axe_Inaris_Delta",
                    "DataTableName": "D_ItemsStatic"
                },
                {
                    "RowName": "Meta_Axe_Larkwell",
                    "DataTableName": "D_ItemsStatic"
                },
                {
                    "RowName": "Meta_Axe_Printed",
                    "DataTableName": "D_ItemsStatic"
                },
                {
                    "RowName": "Meta_Axe_Shengong_Alpha",
                    "DataTableName": "D_ItemsStatic"
                },
                {
                    "RowName": "Meta_Axe_Shengong_Beta",
                    "DataTableName": "D_ItemsStatic"
                },
                {
                    "RowName": "Meta_Axe_Shengong_Charlie",
                    "DataTableName": "D_ItemsStatic"
                },
                {
                    "RowName": "Meta_Axe_Shengong_Delta",
                    "DataTableName": "D_ItemsStatic"
                },
                {
                    "RowName": "Meta_Axe_Shengong_Echo",
                    "DataTableName": "D_ItemsStatic"
                }
            ]
        },
        {
            "Name": "Workshop_Hammer",
            "SetItems": [
                {
                    "RowName": "Meta_Hammer_Larkwell",
                    "DataTableName": "D_ItemsStatic"
                },
                {
                    "RowName": "Meta_Hammer_Printed",
                    "DataTableName": "D_ItemsStatic"
                },
                {
                    "RowName": "Meta_Hammer_Shengong_Alpha",
                    "DataTableName": "D_ItemsStatic"
                },
                {
                    "RowName": "Meta_Hammer_Shengong_Beta",
                    "DataTableName": "D_ItemsStatic"
                },
                {
                    "RowName": "Meta_Hammer_Shengong_Charlie",
                    "DataTableName": "D_ItemsStatic"
                },
                {
                    "RowName": "Meta_Hammer_Shengong_Delta",
                    "DataTableName": "D_ItemsStatic"
                },
                {
                    "RowName": "Meta_Hammer_Shengong_Echo",
                    "DataTableName": "D_ItemsStatic"
                }
            ]
        },
        {
            "Name": "Workshop_Pickaxe",
            "SetItems": [
                {
                    "RowName": "Meta_Pickaxe",
                    "DataTableName": "D_ItemsStatic"
                },
                {
                    "RowName": "Meta_Pickaxe_Inaris_Alpha",
                    "DataTableName": "D_ItemsStatic"
                },
                {
                    "RowName": "Meta_Pickaxe_Inaris_Bravo",
                    "DataTableName": "D_ItemsStatic"
                },
                {
                    "RowName": "Meta_Pickaxe_Inaris_Charlie",
                    "DataTableName": "D_ItemsStatic"
                },
                {
                    "RowName": "Meta_Pickaxe_Inaris_Delta",
                    "DataTableName": "D_ItemsStatic"
                },
                {
                    "RowName": "Meta_Pickaxe_Larkwell",
                    "DataTableName": "D_ItemsStatic"
                },
                {
                    "RowName": "Meta_Pickaxe_Printed",
                    "DataTableName": "D_ItemsStatic"
                },
                {
                    "RowName": "Meta_Pickaxe_Shengong_Alpha",
                    "DataTableName": "D_ItemsStatic"
                },
                {
                    "RowName": "Meta_Pickaxe_Shengong_Beta",
                    "DataTableName": "D_ItemsStatic"
                },
                {
                    "RowName": "Meta_Pickaxe_Shengong_Charlie",
                    "DataTableName": "D_ItemsStatic"
                },
                {
                    "RowName": "Meta_Pickaxe_Shengong_Delta",
                    "DataTableName": "D_ItemsStatic"
                },
                {
                    "RowName": "Meta_Pickaxe_Shengong_Echo",
                    "DataTableName": "D_ItemsStatic"
                }
            ]
        },
        {
            "Name": "Workshop_SpearsMelee",
            "SetItems": [
                {
                    "RowName": "Meta_Spear_Inaris_Alpha",
                    "DataTableName": "D_ItemsStatic"
                },
                {
                    "RowName": "Meta_Spear_Inaris_Bravo",
                    "DataTableName": "D_ItemsStatic"
                },
                {
                    "RowName": "Meta_Spear_Inaris_Charlie",
                    "DataTableName": "D_ItemsStatic"
                },
                {
                    "RowName": "Meta_Spear_Inaris_Delta",
                    "DataTableName": "D_ItemsStatic"
                },
                {
                    "RowName": "Meta_Spear_Larkwell",
                    "DataTableName": "D_ItemsStatic"
                },
                {
                    "RowName": "Meta_Spear_Printed",
                    "DataTableName": "D_ItemsStatic"
                },
                {
                    "RowName": "Meta_Spear_Shengong_Alpha",
                    "DataTableName": "D_ItemsStatic"
                },
                {
                    "RowName": "Meta_Spear_Shengong_Beta",
                    "DataTableName": "D_ItemsStatic"
                },
                {
                    "RowName": "Meta_Spear_Shengong_Charlie",
                    "DataTableName": "D_ItemsStatic"
                },
                {
                    "RowName": "Meta_Spear_Shengong_Delta",
                    "DataTableName": "D_ItemsStatic"
                },
                {
                    "RowName": "Meta_Spear_Shengong_Echo",
                    "DataTableName": "D_ItemsStatic"
                }
            ]
        }
    ]
}