{
    "RowStruct": "/Script/Icarus.FieldGuideCategories",
    "Defaults": {
        "IndexView": "None",
        "DetailView": "None",
        "DisplayOrder": 0,
        "DisplayName": "None",
        "DisplayIcon": "None",
        "TagQuery": {
            "RowName": "None",
            "DataTableName": "D_TagQueries"
        }
    },
    "Rows": [
        {
            "Name": "ResourceNetworks",
            "IndexView": "WidgetBlueprintGeneratedClass'/Game/UI/Components/FieldGuide/UMG_FieldGuideResourceItemsFewGrid.UMG_FieldGuideResourceItemsFewGrid_C'",
            "DetailView": "WidgetBlueprintGeneratedClass'/Game/UI/Components/FieldGuide/UMG_FieldGuideItemDeployablePage.UMG_FieldGuideItemDeployablePage_C'",
            "DisplayOrder": 21,
            "DisplayName": "NSLOCTEXT(\"D_FieldGuideCategories\", \"ResourceNetworks-DisplayName\", \"Resource Networks\")",
            "DisplayIcon": "/Game/Assets/2DArt/UI/FieldGuide/CategoryIcons/T_ICON_FieldGuide_ResourceNetworks.T_ICON_FieldGuide_ResourceNetworks",
            "TagQuery": {
                "RowName": "Any_ResourceNetworkRelated"
            }
        },
        {
            "Name": "Medicine",
            "IndexView": "WidgetBlueprintGeneratedClass'/Game/UI/Components/FieldGuide/UMG_FieldGuideResourceItemsFewGrid.UMG_FieldGuideResourceItemsFewGrid_C'",
            "DetailView": "WidgetBlueprintGeneratedClass'/Game/UI/Components/FieldGuide/UMG_FieldGuideItemMedicinePage.UMG_FieldGuideItemMedicinePage_C'",
            "DisplayOrder": 9,
            "DisplayName": "NSLOCTEXT(\"D_FieldGuideCategories\", \"Medicine-DisplayName\", \"Medicine\")",
            "DisplayIcon": "/Game/Assets/2DArt/UI/FieldGuide/CategoryIcons/T_ICON_FieldGuide_Medicine.T_ICON_FieldGuide_Medicine",
            "TagQuery": {
                "RowName": "Any_Medicine"
            }
        },
        {
            "Name": "Shields",
            "IndexView": "WidgetBlueprintGeneratedClass'/Game/UI/Components/FieldGuide/UMG_FieldGuideResourceItemsFewGrid.UMG_FieldGuideResourceItemsFewGrid_C'",
            "DetailView": "WidgetBlueprintGeneratedClass'/Game/UI/Components/FieldGuide/UMG_FieldGuideItemCraftAndStatsPage.UMG_FieldGuideItemCraftAndStatsPage_C'",
            "DisplayOrder": 5,
            "DisplayName": "NSLOCTEXT(\"D_FieldGuideCategories\", \"Shields-DisplayName\", \"Shields\")",
            "DisplayIcon": "/Game/Assets/2DArt/UI/FieldGuide/CategoryIcons/T_ICON_FieldGuide_Shield.T_ICON_FieldGuide_Shield",
            "TagQuery": {
                "RowName": "Any_Shield"
            }
        },
        {
            "Name": "Armor",
            "IndexView": "WidgetBlueprintGeneratedClass'/Game/UI/Components/FieldGuide/UMG_FieldGuideResourceItemsGrid.UMG_FieldGuideResourceItemsGrid_C'",
            "DetailView": "WidgetBlueprintGeneratedClass'/Game/UI/Components/FieldGuide/UMG_FieldGuideItemArmorPage.UMG_FieldGuideItemArmorPage_C'",
            "DisplayOrder": 6,
            "DisplayName": "NSLOCTEXT(\"D_FieldGuideCategories\", \"Armor-DisplayName\", \"Armor\")",
            "DisplayIcon": "/Game/Assets/2DArt/UI/FieldGuide/CategoryIcons/T_ICON_FieldGuide_Armor.T_ICON_FieldGuide_Armor",
            "TagQuery": {
                "RowName": "Any_Armor"
            }
        },
        {
            "Name": "Equipment",
            "IndexView": "WidgetBlueprintGeneratedClass'/Game/UI/Components/FieldGuide/UMG_FieldGuideResourceItemsGrid.UMG_FieldGuideResourceItemsGrid_C'",
            "DetailView": "WidgetBlueprintGeneratedClass'/Game/UI/Components/FieldGuide/UMG_FieldGuideItemResourcePage.UMG_FieldGuideItemResourcePage_C'",
            "DisplayOrder": 4,
            "DisplayName": "NSLOCTEXT(\"D_FieldGuideCategories\", \"Equipment-DisplayName\", \"Equipment\")",
            "DisplayIcon": "/Game/Assets/2DArt/UI/FieldGuide/CategoryIcons/T_ICON_FieldGuide_Equipments.T_ICON_FieldGuide_Equipments",
            "TagQuery": {
                "RowName": "FieldGuide_Equipment"
            }
        },
        {
            "Name": "Defense",
            "IndexView": "WidgetBlueprintGeneratedClass'/Game/UI/Components/FieldGuide/UMG_FieldGuideResourceItemsFewGrid.UMG_FieldGuideResourceItemsFewGrid_C'",
            "DetailView": "WidgetBlueprintGeneratedClass'/Game/UI/Components/FieldGuide/UMG_FieldGuideItemResourcePage.UMG_FieldGuideItemResourcePage_C'",
            "DisplayOrder": 23,
            "DisplayName": "NSLOCTEXT(\"D_FieldGuideCategories\", \"Defense-DisplayName\", \"Defenses\")",
            "DisplayIcon": "/Game/Assets/2DArt/UI/FieldGuide/CategoryIcons/T_ICON_FieldGuide_Defense.T_ICON_FieldGuide_Defense",
            "TagQuery": {
                "RowName": "Any_Defense"
            }
        },
        {
            "Name": "Ammo",
            "IndexView": "WidgetBlueprintGeneratedClass'/Game/UI/Components/FieldGuide/UMG_FieldGuideResourceItemsGrid.UMG_FieldGuideResourceItemsGrid_C'",
            "DetailView": "WidgetBlueprintGeneratedClass'/Game/UI/Components/FieldGuide/UMG_FieldGuideItemAmmoPage.UMG_FieldGuideItemAmmoPage_C'",
            "DisplayOrder": 3,
            "DisplayName": "NSLOCTEXT(\"D_FieldGuideCategories\", \"Ammo-DisplayName\", \"Ammo\")",
            "DisplayIcon": "/Game/Assets/2DArt/UI/FieldGuide/CategoryIcons/T_ICON_FieldGuide_Ammo.T_ICON_FieldGuide_Ammo",
            "TagQuery": {
                "RowName": "Any_Ammo"
            }
        },
        {
            "Name": "Tools",
            "IndexView": "WidgetBlueprintGeneratedClass'/Game/UI/Components/FieldGuide/UMG_FieldGuideResourceItemsGrid.UMG_FieldGuideResourceItemsGrid_C'",
            "DetailView": "WidgetBlueprintGeneratedClass'/Game/UI/Components/FieldGuide/UMG_FieldGuideItemToolsPage.UMG_FieldGuideItemToolsPage_C'",
            "DisplayOrder": 1,
            "DisplayName": "NSLOCTEXT(\"D_FieldGuideCategories\", \"Tools-DisplayName\", \"Tools / Melee\")",
            "DisplayIcon": "/Game/Assets/2DArt/UI/FieldGuide/CategoryIcons/T_ICON_FieldGuide_ToolsMelee.T_ICON_FieldGuide_ToolsMelee",
            "TagQuery": {
                "RowName": "Any_Tool_Or_Melee"
            }
        },
        {
            "Name": "Ranged",
            "IndexView": "WidgetBlueprintGeneratedClass'/Game/UI/Components/FieldGuide/UMG_FieldGuideResourceItemsGrid.UMG_FieldGuideResourceItemsGrid_C'",
            "DetailView": "WidgetBlueprintGeneratedClass'/Game/UI/Components/FieldGuide/UMG_FieldGuideItemRangedPage.UMG_FieldGuideItemRangedPage_C'",
            "DisplayOrder": 2,
            "DisplayName": "NSLOCTEXT(\"D_FieldGuideCategories\", \"Ranged-DisplayName\", \"Ranged\")",
            "DisplayIcon": "/Game/Assets/2DArt/UI/FieldGuide/CategoryIcons/T_ICON_FieldGuide_Ranged.T_ICON_FieldGuide_Ranged",
            "TagQuery": {
                "RowName": "Any_Ranged_Equipment"
            }
        },
        {
            "Name": "Fish",
            "IndexView": "WidgetBlueprintGeneratedClass'/Game/UI/Components/FieldGuide/UMG_FieldGuideResourceItemsGrid.UMG_FieldGuideResourceItemsGrid_C'",
            "DetailView": "WidgetBlueprintGeneratedClass'/Game/UI/Components/FieldGuide/UMG_FieldGuideItemFishPage.UMG_FieldGuideItemFishPage_C'",
            "DisplayOrder": 17,
            "DisplayName": "NSLOCTEXT(\"D_FieldGuideCategories\", \"Fish-DisplayName\", \"Fish\")",
            "DisplayIcon": "/Game/Assets/2DArt/UI/FieldGuide/CategoryIcons/T_ICON_FieldGuide_Filsh.T_ICON_FieldGuide_Filsh",
            "TagQuery": {
                "RowName": "Any_Fish"
            }
        },
        {
            "Name": "Plants",
            "IndexView": "WidgetBlueprintGeneratedClass'/Game/UI/Components/FieldGuide/UMG_FieldGuideResourceItemsFewGrid.UMG_FieldGuideResourceItemsFewGrid_C'",
            "DetailView": "WidgetBlueprintGeneratedClass'/Game/UI/Components/FieldGuide/UMG_FieldGuideItemPlantsPage.UMG_FieldGuideItemPlantsPage_C'",
            "DisplayOrder": 10,
            "DisplayName": "NSLOCTEXT(\"D_FieldGuideCategories\", \"Plants-DisplayName\", \"Plants\")",
            "DisplayIcon": "/Game/Assets/2DArt/UI/FieldGuide/CategoryIcons/T_ICON_FieldGuide_Plants.T_ICON_FieldGuide_Plants",
            "TagQuery": {
                "RowName": "Any_Plant"
            }
        },
        {
            "Name": "Animal_Part",
            "IndexView": "WidgetBlueprintGeneratedClass'/Game/UI/Components/FieldGuide/UMG_FieldGuideResourceItemsFewGrid.UMG_FieldGuideResourceItemsFewGrid_C'",
            "DetailView": "WidgetBlueprintGeneratedClass'/Game/UI/Components/FieldGuide/UMG_FieldGuideItemAnimalPartPage.UMG_FieldGuideItemAnimalPartPage_C'",
            "DisplayOrder": 16,
            "DisplayName": "NSLOCTEXT(\"D_FieldGuideCategories\", \"Animal_Part-DisplayName\", \"Animal Parts\")",
            "DisplayIcon": "/Game/Assets/2DArt/UI/FieldGuide/CategoryIcons/T_ICON_FieldGuide_AnimalParts.T_ICON_FieldGuide_AnimalParts",
            "TagQuery": {
                "RowName": "Any_Creature_Loot"
            }
        },
        {
            "Name": "Food",
            "IndexView": "WidgetBlueprintGeneratedClass'/Game/UI/Components/FieldGuide/UMG_FieldGuideResourceItemsGrid.UMG_FieldGuideResourceItemsGrid_C'",
            "DetailView": "WidgetBlueprintGeneratedClass'/Game/UI/Components/FieldGuide/UMG_FieldGuideItemCraftAndStatsPage.UMG_FieldGuideItemCraftAndStatsPage_C'",
            "DisplayOrder": 11,
            "DisplayName": "NSLOCTEXT(\"D_FieldGuideCategories\", \"Food-DisplayName\", \"Food\")",
            "DisplayIcon": "/Game/Assets/2DArt/UI/FieldGuide/CategoryIcons/T_ICON_FieldGuide_Food.T_ICON_FieldGuide_Food",
            "TagQuery": {
                "RowName": "FieldGuide_Food"
            }
        },
        {
            "Name": "Corpses",
            "IndexView": "WidgetBlueprintGeneratedClass'/Game/UI/Components/FieldGuide/UMG_FieldGuideResourceItemsGrid.UMG_FieldGuideResourceItemsGrid_C'",
            "DetailView": "WidgetBlueprintGeneratedClass'/Game/UI/Components/FieldGuide/UMG_FieldGuideItemCarcassPage.UMG_FieldGuideItemCarcassPage_C'",
            "DisplayOrder": 14,
            "DisplayName": "NSLOCTEXT(\"D_FieldGuideCategories\", \"Corpses-DisplayName\", \"Carcasses\")",
            "DisplayIcon": "/Game/Assets/2DArt/UI/FieldGuide/CategoryIcons/T_ICON_FieldGuide_Carcasses.T_ICON_FieldGuide_Carcasses",
            "TagQuery": {
                "RowName": "Any_AnimalCorpse"
            }
        },
        {
            "Name": "Benches",
            "IndexView": "WidgetBlueprintGeneratedClass'/Game/UI/Components/FieldGuide/UMG_FieldGuideResourceItemsGrid.UMG_FieldGuideResourceItemsGrid_C'",
            "DetailView": "WidgetBlueprintGeneratedClass'/Game/UI/Components/FieldGuide/UMG_FieldGuideItemBenchesPage.UMG_FieldGuideItemBenchesPage_C'",
            "DisplayOrder": 20,
            "DisplayName": "NSLOCTEXT(\"D_FieldGuideCategories\", \"Benches-DisplayName\", \"Benches\")",
            "DisplayIcon": "/Game/Assets/2DArt/UI/FieldGuide/CategoryIcons/T_ICON_FieldGuide_Benches.T_ICON_FieldGuide_Benches",
            "TagQuery": {
                "RowName": "Any_Bench"
            }
        },
        {
            "Name": "Vestiges",
            "IndexView": "WidgetBlueprintGeneratedClass'/Game/UI/Components/FieldGuide/UMG_FieldGuideResourceItemsGrid.UMG_FieldGuideResourceItemsGrid_C'",
            "DetailView": "WidgetBlueprintGeneratedClass'/Game/UI/Components/FieldGuide/UMG_FieldGuideItemVestigePage.UMG_FieldGuideItemVestigePage_C'",
            "DisplayOrder": 15,
            "DisplayName": "NSLOCTEXT(\"D_FieldGuideCategories\", \"Vestiges-DisplayName\", \"Vestiges\")",
            "DisplayIcon": "/Game/Assets/2DArt/UI/FieldGuide/CategoryIcons/T_ICON_FieldGuide_Vestiges.T_ICON_FieldGuide_Vestiges",
            "TagQuery": {
                "RowName": "Any_Head_Vestige"
            }
        },
        {
            "Name": "Trophies",
            "IndexView": "WidgetBlueprintGeneratedClass'/Game/UI/Components/FieldGuide/UMG_FieldGuideResourceItemsGrid.UMG_FieldGuideResourceItemsGrid_C'",
            "DetailView": "WidgetBlueprintGeneratedClass'/Game/UI/Components/FieldGuide/UMG_FieldGuideItemCraftAndStatsPage.UMG_FieldGuideItemCraftAndStatsPage_C'",
            "DisplayOrder": 19,
            "DisplayName": "NSLOCTEXT(\"D_FieldGuideCategories\", \"Trophies-DisplayName\", \"Trophies\")",
            "DisplayIcon": "/Game/Assets/2DArt/UI/FieldGuide/CategoryIcons/T_ICON_FieldGuide_Trophies.T_ICON_FieldGuide_Trophies",
            "TagQuery": {
                "RowName": "Any_Trophy"
            }
        },
        {
            "Name": "Ores",
            "IndexView": "WidgetBlueprintGeneratedClass'/Game/UI/Components/FieldGuide/UMG_FieldGuideResourceItemsFewGrid.UMG_FieldGuideResourceItemsFewGrid_C'",
            "DetailView": "WidgetBlueprintGeneratedClass'/Game/UI/Components/FieldGuide/UMG_FieldGuideItemOrePage.UMG_FieldGuideItemOrePage_C'",
            "DisplayOrder": 12,
            "DisplayName": "NSLOCTEXT(\"D_FieldGuideCategories\", \"Ores-DisplayName\", \"Ores\")",
            "DisplayIcon": "/Game/Assets/2DArt/UI/FieldGuide/CategoryIcons/T_ICON_FieldGuide_Ore.T_ICON_FieldGuide_Ore",
            "TagQuery": {
                "RowName": "FieldGuide_Ore"
            }
        },
        {
            "Name": "Decorations",
            "IndexView": "WidgetBlueprintGeneratedClass'/Game/UI/Components/FieldGuide/UMG_FieldGuideResourceItemsGrid.UMG_FieldGuideResourceItemsGrid_C'",
            "DetailView": "WidgetBlueprintGeneratedClass'/Game/UI/Components/FieldGuide/UMG_FieldGuideItemDecorationPage.UMG_FieldGuideItemDecorationPage_C'",
            "DisplayOrder": 18,
            "DisplayName": "NSLOCTEXT(\"D_FieldGuideCategories\", \"Decorations-DisplayName\", \"Decorations\")",
            "DisplayIcon": "/Game/Assets/2DArt/UI/FieldGuide/CategoryIcons/T_ICON_FieldGuide_Decorations.T_ICON_FieldGuide_Decorations",
            "TagQuery": {
                "RowName": "Any_Decorations"
            }
        },
        {
            "Name": "Resources",
            "IndexView": "WidgetBlueprintGeneratedClass'/Game/UI/Components/FieldGuide/UMG_FieldGuideResourceItemsGrid.UMG_FieldGuideResourceItemsGrid_C'",
            "DetailView": "WidgetBlueprintGeneratedClass'/Game/UI/Components/FieldGuide/UMG_FieldGuideItemResourceNoStatsPage.UMG_FieldGuideItemResourceNoStatsPage_C'",
            "DisplayOrder": 13,
            "DisplayName": "NSLOCTEXT(\"D_FieldGuideCategories\", \"Resources-DisplayName\", \"Resources\")",
            "DisplayIcon": "/Game/Assets/2DArt/UI/FieldGuide/CategoryIcons/T_ICON_FieldGuide_Resources.T_ICON_FieldGuide_Resources",
            "TagQuery": {
                "RowName": "Any_Resource"
            }
        },
        {
            "Name": "Attachments",
            "IndexView": "WidgetBlueprintGeneratedClass'/Game/UI/Components/FieldGuide/UMG_FieldGuideResourceItemsGrid.UMG_FieldGuideResourceItemsGrid_C'",
            "DetailView": "WidgetBlueprintGeneratedClass'/Game/UI/Components/FieldGuide/UMG_FieldGuideItemAttachmentsPage.UMG_FieldGuideItemAttachmentsPage_C'",
            "DisplayOrder": 8,
            "DisplayName": "NSLOCTEXT(\"D_FieldGuideCategories\", \"Attachments-DisplayName\", \"Attachments\")",
            "DisplayIcon": "/Game/Assets/2DArt/UI/FieldGuide/CategoryIcons/T_ICON_FieldGuide_Attachments.T_ICON_FieldGuide_Attachments",
            "TagQuery": {
                "RowName": "Any_Attachment"
            }
        },
        {
            "Name": "Buildings",
            "IndexView": "WidgetBlueprintGeneratedClass'/Game/UI/Components/FieldGuide/UMG_FieldGuideResourceItemsGrid.UMG_FieldGuideResourceItemsGrid_C'",
            "DetailView": "WidgetBlueprintGeneratedClass'/Game/UI/Components/FieldGuide/UMG_FieldGuideItemBuildingsPage.UMG_FieldGuideItemBuildingsPage_C'",
            "DisplayOrder": 24,
            "DisplayName": "NSLOCTEXT(\"D_FieldGuideCategories\", \"Buildings-DisplayName\", \"Buildings\")",
            "DisplayIcon": "/Game/Assets/2DArt/UI/FieldGuide/CategoryIcons/T_ICON_FieldGuide_Buildings.T_ICON_FieldGuide_Buildings",
            "TagQuery": {
                "RowName": "Any_Building"
            }
        },
        {
            "Name": "BuildingTrim",
            "IndexView": "WidgetBlueprintGeneratedClass'/Game/UI/Components/FieldGuide/UMG_FieldGuideResourceItemsGrid.UMG_FieldGuideResourceItemsGrid_C'",
            "DetailView": "WidgetBlueprintGeneratedClass'/Game/UI/Components/FieldGuide/UMG_FieldGuideItemResourcePage.UMG_FieldGuideItemResourcePage_C'",
            "DisplayOrder": 25,
            "DisplayName": "NSLOCTEXT(\"D_FieldGuideCategories\", \"BuildingTrim-DisplayName\", \"Building Trim\")",
            "DisplayIcon": "/Game/Assets/2DArt/UI/FieldGuide/CategoryIcons/T_ICON_FieldGuide_BuildingTrim.T_ICON_FieldGuide_BuildingTrim",
            "TagQuery": {
                "RowName": "Any_BuildingTrim"
            }
        },
        {
            "Name": "Deployable",
            "IndexView": "WidgetBlueprintGeneratedClass'/Game/UI/Components/FieldGuide/UMG_FieldGuideResourceItemsGrid.UMG_FieldGuideResourceItemsGrid_C'",
            "DetailView": "WidgetBlueprintGeneratedClass'/Game/UI/Components/FieldGuide/UMG_FieldGuideItemDeployablePage.UMG_FieldGuideItemDeployablePage_C'",
            "DisplayOrder": 22,
            "DisplayName": "NSLOCTEXT(\"D_FieldGuideCategories\", \"Deployable-DisplayName\", \"Deployables\")",
            "DisplayIcon": "/Game/Assets/2DArt/UI/FieldGuide/CategoryIcons/T_ICON_FieldGuide_Deployables.T_ICON_FieldGuide_Deployables",
            "TagQuery": {
                "RowName": "Any_Deployable"
            }
        },
        {
            "Name": "EnvirosuitsModules",
            "IndexView": "WidgetBlueprintGeneratedClass'/Game/UI/Components/FieldGuide/UMG_FieldGuideResourceItemsGrid.UMG_FieldGuideResourceItemsGrid_C'",
            "DetailView": "WidgetBlueprintGeneratedClass'/Game/UI/Components/FieldGuide/UMG_FieldGuideItemResourcePage.UMG_FieldGuideItemResourcePage_C'",
            "DisplayOrder": 7,
            "DisplayName": "NSLOCTEXT(\"D_FieldGuideCategories\", \"EnvirosuitsModules-DisplayName\", \"Suits and Modules\")",
            "DisplayIcon": "/Game/Assets/2DArt/UI/FieldGuide/CategoryIcons/T_ICON_FieldGuide_SuitsModules.T_ICON_FieldGuide_SuitsModules",
            "TagQuery": {
                "RowName": "Any_SuitOrModule"
            }
        },
        {
            "Name": "MetaPackage",
            "IndexView": "WidgetBlueprintGeneratedClass'/Game/UI/Components/FieldGuide/UMG_FieldGuideResourceItemsGrid.UMG_FieldGuideResourceItemsGrid_C'",
            "DetailView": "WidgetBlueprintGeneratedClass'/Game/UI/Components/FieldGuide/UMG_FieldGuideItemWorkshopPackPage.UMG_FieldGuideItemWorkshopPackPage_C'",
            "DisplayOrder": 26,
            "DisplayName": "NSLOCTEXT(\"D_FieldGuideCategories\", \"MetaPackage-DisplayName\", \"Workshop Packs\")",
            "DisplayIcon": "/Game/Assets/2DArt/UI/FieldGuide/CategoryIcons/T_ICON_FieldGuide_WorkshopPacks.T_ICON_FieldGuide_WorkshopPacks",
            "TagQuery": {
                "RowName": "Any_Workshop_Package"
            }
        },
        {
            "Name": "Other",
            "IndexView": "WidgetBlueprintGeneratedClass'/Game/UI/Components/FieldGuide/UMG_FieldGuideResourceItemsGrid.UMG_FieldGuideResourceItemsGrid_C'",
            "DetailView": "WidgetBlueprintGeneratedClass'/Game/UI/Components/FieldGuide/UMG_FieldGuideItemResourcePage.UMG_FieldGuideItemResourcePage_C'",
            "DisplayOrder": 999,
            "DisplayName": "NSLOCTEXT(\"D_FieldGuideCategories\", \"Other-DisplayName\", \"Other\")",
            "DisplayIcon": "/Game/Assets/2DArt/UI/FieldGuide/CategoryIcons/T_ICON_FieldGuide_Misc.T_ICON_FieldGuide_Misc"
        },
        {
            "Name": "Hidden",
            "IndexView": "WidgetBlueprintGeneratedClass'/Game/UI/Components/FieldGuide/UMG_FieldGuideResourceItemsGrid.UMG_FieldGuideResourceItemsGrid_C'",
            "DetailView": "WidgetBlueprintGeneratedClass'/Game/UI/Components/FieldGuide/UMG_FieldGuideItemResourcePage.UMG_FieldGuideItemResourcePage_C'",
            "DisplayOrder": 1000,
            "DisplayName": "INVTEXT(\"[DNT] Hidden From Users\")",
            "DisplayIcon": "/Game/Assets/2DArt/UI/FieldGuide/CategoryIcons/T_ICON_FieldGuide_HiddenFromPlayers.T_ICON_FieldGuide_HiddenFromPlayers",
            "TagQuery": {
                "RowName": "FieldGuide_Hide"
            }
        }
    ]
}