{
    "RowStruct": "/Script/Icarus.IcarusBiome",
    "Defaults": {
        "BiomeName": "None",
        "Color": {
            "B": 0,
            "G": 0,
            "R": 0,
            "A": 0
        },
        "BiomeTemperatureCurve": "None",
        "WeatherFrequency": 0,
        "AtmosphereType": "CF",
        "Audio": {
            "RowName": "None",
            "DataTableName": "D_BiomeAudioData"
        }
    },
    "GenerateEnum": true,
    "Columns": [
        {
            "Name": "Color",
            "Key": true
        }
    ],
    "Rows": [
        {
            "Name": "Conifer",
            "BiomeName": "Forest",
            "Color": {
                "B": 111,
                "G": 255,
                "A": 255
            },
            "BiomeTemperatureCurve": "CurveFloat'/Game/BP/Biomes/Curves/ConiferTemperatureCurve.ConiferTemperatureCurve'",
            "WeatherFrequency": 5,
            "Audio": {
                "RowName": "Conifer"
            }
        },
        {
            "Name": "Arctic",
            "BiomeName": "Arctic",
            "Color": {
                "B": 255,
                "G": 249,
                "A": 255
            },
            "BiomeTemperatureCurve": "CurveFloat'/Game/BP/Biomes/Curves/ArcticTemperatureCurve.ArcticTemperatureCurve'",
            "WeatherFrequency": 5,
            "AtmosphereType": "AC",
            "Audio": {
                "RowName": "Arctic"
            }
        },
        {
            "Name": "Lava",
            "BiomeName": "Lava",
            "Color": {
                "G": 57,
                "R": 255,
                "A": 255
            },
            "BiomeTemperatureCurve": "CurveFloat'/Game/BP/Biomes/Curves/LavaTemperatureCurve.LavaTemperatureCurve'",
            "WeatherFrequency": 2,
            "AtmosphereType": "LC"
        },
        {
            "Name": "Desert",
            "BiomeName": "Desert",
            "Color": {
                "G": 234,
                "R": 255,
                "A": 255
            },
            "BiomeTemperatureCurve": "CurveFloat'/Game/BP/Biomes/Curves/DesertTemperatureCurve.DesertTemperatureCurve'",
            "WeatherFrequency": 2,
            "AtmosphereType": "DC",
            "Audio": {
                "RowName": "Desert"
            }
        },
        {
            "Name": "Wetlands",
            "BiomeName": "Wetlands",
            "Color": {
                "B": 255,
                "G": 46,
                "A": 255
            },
            "BiomeTemperatureCurve": "CurveFloat'/Game/BP/Biomes/Curves/WetlandsTemperatureCurve.WetlandsTemperatureCurve'",
            "AtmosphereType": "WL"
        },
        {
            "Name": "Jungle",
            "BiomeName": "Jungle",
            "Color": {
                "B": 55,
                "G": 140,
                "A": 255
            },
            "BiomeTemperatureCurve": "CurveFloat'/Game/BP/Biomes/Curves/JungleTemperatureCurve.JungleTemperatureCurve'",
            "WeatherFrequency": 2
        },
        {
            "Name": "Cave",
            "BiomeName": "Cave",
            "Color": {
                "B": 255,
                "G": 255,
                "R": 255,
                "A": 255
            },
            "BiomeTemperatureCurve": "CurveFloat'/Game/BP/Biomes/Curves/CaveTemperatureCurve.CaveTemperatureCurve'",
            "AtmosphereType": "Cave",
            "Audio": {
                "RowName": "Cave"
            }
        },
        {
            "Name": "NoBiome",
            "BiomeName": "Default (No Biome)",
            "BiomeTemperatureCurve": "CurveFloat'/Game/BP/Biomes/Curves/ConiferTemperatureCurve.ConiferTemperatureCurve'"
        },
        {
            "Name": "RiverLands",
            "BiomeName": "River Lands",
            "Color": {
                "G": 150,
                "R": 50,
                "A": 255
            },
            "BiomeTemperatureCurve": "CurveFloat'/Game/BP/Biomes/Curves/ConiferTemperatureCurve.ConiferTemperatureCurve'",
            "WeatherFrequency": 5,
            "Audio": {
                "RowName": "Conifer"
            }
        },
        {
            "Name": "DesertCanyons",
            "BiomeName": "Desert Canyons",
            "Color": {
                "B": 50,
                "G": 150,
                "R": 200,
                "A": 255
            },
            "BiomeTemperatureCurve": "CurveFloat'/Game/BP/Biomes/Curves/DesertTemperatureCurve.DesertTemperatureCurve'",
            "WeatherFrequency": 2,
            "AtmosphereType": "DC",
            "Audio": {
                "RowName": "Desert"
            }
        },
        {
            "Name": "SouthernGlacier",
            "BiomeName": "Southern Glacier",
            "Color": {
                "B": 255,
                "G": 255,
                "R": 200,
                "A": 255
            },
            "BiomeTemperatureCurve": "CurveFloat'/Game/BP/Biomes/Curves/ArcticTemperatureCurve.ArcticTemperatureCurve'",
            "WeatherFrequency": 5,
            "AtmosphereType": "AC",
            "Audio": {
                "RowName": "Arctic"
            }
        },
        {
            "Name": "Styx_TheWall",
            "BiomeName": "The Wall",
            "Color": {
                "B": 255,
                "G": 255,
                "R": 53,
                "A": 255
            },
            "BiomeTemperatureCurve": "CurveFloat'/Game/BP/Biomes/Curves/ArcticTemperatureCurve.ArcticTemperatureCurve'",
            "WeatherFrequency": 2,
            "AtmosphereType": "AC",
            "Audio": {
                "RowName": "Arctic"
            }
        },
        {
            "Name": "Styx_TheGreatRiver",
            "BiomeName": "The Great River",
            "Color": {
                "B": 73,
                "G": 167,
                "A": 255
            },
            "BiomeTemperatureCurve": "CurveFloat'/Game/BP/Biomes/Curves/ConiferTemperatureCurve.ConiferTemperatureCurve'",
            "WeatherFrequency": 5,
            "Audio": {
                "RowName": "Conifer"
            }
        },
        {
            "Name": "Styx_SnowyPlateau",
            "BiomeName": "Snowy Plateau",
            "Color": {
                "B": 219,
                "G": 214,
                "R": 175,
                "A": 255
            },
            "BiomeTemperatureCurve": "CurveFloat'/Game/BP/Biomes/Curves/ArcticTemperatureCurve.ArcticTemperatureCurve'",
            "WeatherFrequency": 2,
            "AtmosphereType": "AC",
            "Audio": {
                "RowName": "Arctic"
            }
        },
        {
            "Name": "Styx_EnclosedWood",
            "BiomeName": "Enclosed Wood",
            "Color": {
                "G": 255,
                "R": 38,
                "A": 255
            },
            "BiomeTemperatureCurve": "CurveFloat'/Game/BP/Biomes/Curves/ConiferTemperatureCurve.ConiferTemperatureCurve'",
            "WeatherFrequency": 5,
            "Audio": {
                "RowName": "Conifer"
            }
        },
        {
            "Name": "Styx_Oasis",
            "BiomeName": "Oasis",
            "Color": {
                "B": 125,
                "G": 212,
                "R": 234,
                "A": 255
            },
            "BiomeTemperatureCurve": "CurveFloat'/Game/BP/Biomes/Curves/DesertTemperatureCurve.DesertTemperatureCurve'",
            "WeatherFrequency": 3,
            "AtmosphereType": "DC",
            "Audio": {
                "RowName": "Desert"
            }
        },
        {
            "Name": "Styx_DustyBarrens",
            "BiomeName": "Dusty Barrens",
            "Color": {
                "B": 39,
                "G": 209,
                "R": 255,
                "A": 255
            },
            "BiomeTemperatureCurve": "CurveFloat'/Game/BP/Biomes/Curves/DesertTemperatureCurve.DesertTemperatureCurve'",
            "WeatherFrequency": 3,
            "AtmosphereType": "DC",
            "Audio": {
                "RowName": "Desert"
            }
        },
        {
            "Name": "Styx_RingLake",
            "BiomeName": "Ring Lake",
            "Color": {
                "B": 154,
                "G": 202,
                "R": 95,
                "A": 255
            },
            "BiomeTemperatureCurve": "CurveFloat'/Game/BP/Biomes/Curves/ConiferTemperatureCurve.ConiferTemperatureCurve'",
            "WeatherFrequency": 5,
            "Audio": {
                "RowName": "Conifer"
            }
        },
        {
            "Name": "Styx_FrozenTraverse",
            "BiomeName": "Frozen Traverse",
            "Color": {
                "B": 251,
                "G": 178,
                "A": 255
            },
            "BiomeTemperatureCurve": "CurveFloat'/Game/BP/Biomes/Curves/ArcticTemperatureCurve.ArcticTemperatureCurve'",
            "WeatherFrequency": 2,
            "AtmosphereType": "AC",
            "Audio": {
                "RowName": "Arctic"
            }
        },
        {
            "Name": "Styx_AlpineValley",
            "BiomeName": "Alpine Valley",
            "Color": {
                "B": 255,
                "G": 107,
                "A": 255
            },
            "BiomeTemperatureCurve": "CurveFloat'/Game/BP/Biomes/Curves/ArcticTemperatureCurve.ArcticTemperatureCurve'",
            "WeatherFrequency": 2,
            "AtmosphereType": "AC",
            "Audio": {
                "RowName": "Arctic"
            }
        },
        {
            "Name": "Styx_Grove",
            "BiomeName": "Grove",
            "Color": {
                "B": 163,
                "G": 184,
                "A": 255
            },
            "BiomeTemperatureCurve": "CurveFloat'/Game/BP/Biomes/Curves/ConiferTemperatureCurve.ConiferTemperatureCurve'",
            "WeatherFrequency": 5,
            "Audio": {
                "RowName": "Conifer"
            }
        },
        {
            "Name": "Styx_IceFlats",
            "BiomeName": "Ice Flats",
            "Color": {
                "B": 255,
                "G": 255,
                "R": 225,
                "A": 255
            },
            "BiomeTemperatureCurve": "CurveFloat'/Game/BP/Biomes/Curves/ArcticTemperatureCurve.ArcticTemperatureCurve'",
            "WeatherFrequency": 2,
            "AtmosphereType": "AC",
            "Audio": {
                "RowName": "Arctic"
            }
        },
        {
            "Name": "Styx_DryRidge",
            "BiomeName": "Dry Ridge",
            "Color": {
                "B": 33,
                "G": 92,
                "R": 255,
                "A": 255
            },
            "BiomeTemperatureCurve": "CurveFloat'/Game/BP/Biomes/Curves/DesertTemperatureCurve.DesertTemperatureCurve'",
            "WeatherFrequency": 3,
            "AtmosphereType": "DC",
            "Audio": {
                "RowName": "Desert"
            }
        },
        {
            "Name": "Styx_VerdantTerraces",
            "BiomeName": "Verdant Terraces",
            "Color": {
                "G": 255,
                "R": 197,
                "A": 255
            },
            "BiomeTemperatureCurve": "CurveFloat'/Game/BP/Biomes/Curves/ConiferTemperatureCurve.ConiferTemperatureCurve'",
            "WeatherFrequency": 5,
            "Audio": {
                "RowName": "Conifer"
            }
        }
    ]
}