{
    "RowStruct": "/Script/Icarus.FirearmData",
    "Defaults": {
        "HipAccuracy": {
            "X": 1,
            "Y": 1
        },
        "AimAccuracy": {
            "X": 1,
            "Y": 1
        },
        "LaunchForce": 200,
        "ChargeData": {
            "bCanCharge": false,
            "ChargeSpeed": 1,
            "UnchargeSpeed": 0,
            "MinimumChargeRequired": 0,
            "bFireCanCharge": true,
            "bAimCanCharge": false,
            "bReloadCanCancel": false,
            "LaunchForceMultiplier": "None"
        },
        "VisualData": {
            "bUsesPreviewItem": false,
            "PreviewItemAttachType": "Player",
            "PreviewItemAttachSocket1P": "bn_Prop_R_1",
            "PreviewItemAttachSocket3P": "Hand_RSocket",
            "FireShake": "None",
            "bFireShakeHold": false,
            "FireShakeScale": 0,
            "FireShakeAimScale": 0.5,
            "FireShakeCrouchScale": 0.75,
            "ChargeShake": "None",
            "ChargeShakeScale": 0,
            "ChargeShakeAimScale": 0.5,
            "ChargeShakeCrouchScale": 0.75,
            "ChargeShakeStartDelay": 1,
            "ChargeShakeApplyDelay": 1,
            "ChargeShakeAccuracyMultiplier": 0,
            "FireParticle": "None",
            "VisualRecoil": 10,
            "IdleFOVMultiplier": 1,
            "AimFOVMultiplier": 1,
            "ChargeFOVMultiplier": 1,
            "SkeletalItemAnimData": {
                "Idle": "None",
                "Charge": "None",
                "Aim": "None",
                "AimCharge": "None",
                "Fire": "None",
                "AimFire": "None",
                "Reload": "None"
            },
            "FirstPersonAnimData": {
                "Idle": "None",
                "Charge": "None",
                "Aim": "None",
                "AimCharge": "None",
                "Fire": "None",
                "AimFire": "None",
                "Reload": "None"
            },
            "ThirdPersonAnimData": {
                "Idle": "None",
                "Charge": "None",
                "Aim": "None",
                "AimCharge": "None",
                "Fire": "None",
                "AimFire": "None",
                "Reload": "None",
                "ReloadMontage": "None"
            },
            "NewThirdPersonAnimData": {
                "Poses": "None",
                "Run": "None",
                "Sprint": "None",
                "Impulse": "None",
                "Aim_Sweep": "None",
                "Crouch_Aim_Sweep": "None",
                "Reload": "None",
                "Fire": "None"
            }
        },
        "StaminaData": {
            "StaminaChargeCost": 0,
            "StaminaChargeHoldCost": 0
        },
        "RecoilAmount": {
            "X": 0,
            "Y": 0
        },
        "DamageMultiplier": 1,
        "FireModes": [
            "Semiauto"
        ],
        "ReloadType": "Magazine",
        "ValidAmmoTypes": {
            "RowName": "None",
            "DataTableName": "D_ValidAmmoTypes"
        },
        "bUnlimitedAmmo": false,
        "AmmoCapacity": 1,
        "RoundsPerMinute": 120,
        "ReloadTime": 2,
        "Stats": {},
        "AudioData": {
            "RowName": "None",
            "DataTableName": "D_FirearmAudioData"
        },
        "WeaponLoudness": 0
    },
    "Rows": [
        {
            "Name": "Wood_Bow",
            "HipAccuracy": {
                "X": 0.4000000059604645,
                "Y": 0.4000000059604645
            },
            "AimAccuracy": {
                "X": 0.10000000149011612,
                "Y": 0.10000000149011612
            },
            "LaunchForce": 650,
            "ChargeData": {
                "bCanCharge": true,
                "ChargeSpeed": 0.6000000238418579,
                "UnchargeSpeed": 0.20000000298023224,
                "MinimumChargeRequired": 0.8999999761581421,
                "bReloadCanCancel": true,
                "LaunchForceMultiplier": "CurveFloat'/Game/BP/Curves/Firearms/FirearmChargeCurve.FirearmChargeCurve'"
            },
            "VisualData": {
                "bUsesPreviewItem": true,
                "PreviewItemAttachType": "Weapon",
                "PreviewItemAttachSocket1P": "VB Arrow_Placement",
                "PreviewItemAttachSocket3P": "VB Arrow_Placement",
                "FireShake": "BlueprintGeneratedClass'/Game/BP/CameraShake/Weapons/CS_Wood_Bow_Fire.CS_Wood_Bow_Fire_C'",
                "ChargeShake": "BlueprintGeneratedClass'/Game/BP/CameraShake/Weapons/CS_Wood_Bow_Draw.CS_Wood_Bow_Draw_C'",
                "ChargeShakeAccuracyMultiplier": 5,
                "AimFOVMultiplier": 0.8999999761581421,
                "SkeletalItemAnimData": {
                    "Idle": "/Game/ASS/WEP/SK_BOW_Wood/N_1STP_BOW_WOOD_Idle.N_1STP_BOW_WOOD_Idle",
                    "Charge": "/Game/ASS/WEP/SK_BOW_Wood/N_1STP_BOW_WOOD_Draw_01.N_1STP_BOW_WOOD_Draw_01",
                    "Aim": "/Game/ASS/WEP/SK_BOW_Wood/N_1STP_BOW_WOOD_Aim_01.N_1STP_BOW_WOOD_Aim_01",
                    "AimCharge": "/Game/ASS/WEP/SK_BOW_Wood/N_1STP_BOW_WOOD_Aim_Draw_01.N_1STP_BOW_WOOD_Aim_Draw_01",
                    "Fire": "/Game/ASS/WEP/SK_BOW_Wood/1STP_BOW_WOOD_Shoot_N_01_Montage.1STP_BOW_WOOD_Shoot_N_01_Montage",
                    "AimFire": "/Game/ASS/WEP/SK_BOW_Wood/N_1STP_BOW_WOOD_Aim_Shoot_01_Montage.N_1STP_BOW_WOOD_Aim_Shoot_01_Montage",
                    "Reload": "/Game/ASS/WEP/SK_BOW_Wood/N_1STP_BOW_WOOD_Reload_01_Montage.N_1STP_BOW_WOOD_Reload_01_Montage"
                },
                "FirstPersonAnimData": {
                    "Idle": "/Game/ASS/CHA/1ST/1ST_NewRig/1ST_CHA_BowIdle.1ST_CHA_BowIdle",
                    "Charge": "/Game/ASS/CHA/1ST/1ST_NewRig/1ST_CHA_BowDraw.1ST_CHA_BowDraw",
                    "Aim": "/Game/ASS/CHA/1ST/1ST_NewRig/1ST_CHA_BowAimIdle.1ST_CHA_BowAimIdle",
                    "AimCharge": "/Game/ASS/CHA/1ST/1ST_NewRig/1ST_CHA_BowAimDraw.1ST_CHA_BowAimDraw",
                    "Fire": "/Game/ASS/CHA/1ST/1ST_NewRig/1ST_CHA_BowShoot_Montage.1ST_CHA_BowShoot_Montage",
                    "AimFire": "/Game/ASS/CHA/1ST/1ST_NewRig/1ST_CHA_BowAimShoot_Montage.1ST_CHA_BowAimShoot_Montage",
                    "Reload": "/Game/ASS/CHA/1ST/1ST_NewRig/1ST_CHA_BowReload_Montage.1ST_CHA_BowReload_Montage"
                },
                "ThirdPersonAnimData": {
                    "Idle": "/Game/ASS/CHA/Human/3RD/Animations/3RD_CHA_MAL_BowIdle.3RD_CHA_MAL_BowIdle",
                    "Charge": "/Game/ASS/CHA/Human/3RD/Animations/3RD_CHA_MAL_BowDrawUpToDwn.3RD_CHA_MAL_BowDrawUpToDwn",
                    "Aim": "/Game/ASS/CHA/Human/3RD/Animations/3RD_CHA_MAL_BowAimUpToDwn.3RD_CHA_MAL_BowAimUpToDwn",
                    "AimCharge": "/Game/ASS/CHA/Human/3RD/Animations/3RD_CHA_MAL_BowaimDrawUpToDwn.3RD_CHA_MAL_BowaimDrawUpToDwn",
                    "Fire": "/Game/ASS/CHA/Human/3RD/Animations/3RD_CHA_BowShoot_BS.3RD_CHA_BowShoot_BS",
                    "AimFire": "/Game/ASS/CHA/Human/3RD/Animations/3RD_CHA_BowAimShoot_BS.3RD_CHA_BowAimShoot_BS",
                    "Reload": "/Game/ASS/CHA/Human/3RD/Animations/3RD_CHA_BowReload_BS1.3RD_CHA_BowReload_BS1"
                }
            },
            "StaminaData": {
                "StaminaChargeCost": 5
            },
            "ValidAmmoTypes": {
                "RowName": "AllArrows"
            },
            "RoundsPerMinute": 300,
            "ReloadTime": 0.699999988079071,
            "AudioData": {
                "RowName": "Bow"
            }
        },
        {
            "Name": "Longbow",
            "HipAccuracy": {
                "X": 0.30000001192092896,
                "Y": 0.30000001192092896
            },
            "AimAccuracy": {
                "X": 0.07999999821186066,
                "Y": 0.07999999821186066
            },
            "LaunchForce": 700,
            "ChargeData": {
                "bCanCharge": true,
                "ChargeSpeed": 0.5,
                "UnchargeSpeed": 0.25,
                "MinimumChargeRequired": 0.8999999761581421,
                "bReloadCanCancel": true,
                "LaunchForceMultiplier": "CurveFloat'/Game/BP/Curves/Firearms/FirearmChargeCurve.FirearmChargeCurve'"
            },
            "VisualData": {
                "bUsesPreviewItem": true,
                "PreviewItemAttachType": "Weapon",
                "PreviewItemAttachSocket1P": "VB Arrow_Placement",
                "PreviewItemAttachSocket3P": "VB Arrow_Placement",
                "FireShake": "BlueprintGeneratedClass'/Game/BP/CameraShake/Weapons/CS_Longbow_Fire.CS_Longbow_Fire_C'",
                "ChargeShake": "BlueprintGeneratedClass'/Game/BP/CameraShake/Weapons/CS_Longbow_Draw.CS_Longbow_Draw_C'",
                "ChargeShakeAccuracyMultiplier": 5,
                "AimFOVMultiplier": 0.8999999761581421,
                "SkeletalItemAnimData": {
                    "Idle": "/Game/ASS/WEP/SK_BOW_Longbow/1ST_BOW_Longbow_Idle.1ST_BOW_Longbow_Idle",
                    "Charge": "/Game/ASS/WEP/SK_BOW_Longbow/1ST_BOW_Longbow_Draw.1ST_BOW_Longbow_Draw",
                    "Aim": "/Game/ASS/WEP/SK_BOW_Longbow/1ST_BOW_Longbow_Aim_Idle.1ST_BOW_Longbow_Aim_Idle",
                    "AimCharge": "/Game/ASS/WEP/SK_BOW_Longbow/1ST_BOW_Longbow_Aim_Draw.1ST_BOW_Longbow_Aim_Draw",
                    "Fire": "/Game/ASS/WEP/SK_BOW_Longbow/1ST_BOW_Longbow_Shoot_Montage.1ST_BOW_Longbow_Shoot_Montage",
                    "AimFire": "/Game/ASS/WEP/SK_BOW_Longbow/1ST_BOW_Longbow_Aim_Shoot_Montage.1ST_BOW_Longbow_Aim_Shoot_Montage",
                    "Reload": "/Game/ASS/WEP/SK_BOW_Longbow/1ST_BOW_Longbow_Reload_Montage.1ST_BOW_Longbow_Reload_Montage"
                },
                "FirstPersonAnimData": {
                    "Idle": "/Game/ASS/CHA/1ST/1ST_NewRig/1ST_CHA_BowIdle.1ST_CHA_BowIdle",
                    "Charge": "/Game/ASS/CHA/1ST/1ST_NewRig/1ST_CHA_BowDraw.1ST_CHA_BowDraw",
                    "Aim": "/Game/ASS/CHA/1ST/1ST_NewRig/1ST_CHA_BowAimIdle.1ST_CHA_BowAimIdle",
                    "AimCharge": "/Game/ASS/CHA/1ST/1ST_NewRig/1ST_CHA_BowAimDraw.1ST_CHA_BowAimDraw",
                    "Fire": "/Game/ASS/CHA/1ST/1ST_NewRig/1ST_CHA_BowShoot_Montage.1ST_CHA_BowShoot_Montage",
                    "AimFire": "/Game/ASS/CHA/1ST/1ST_NewRig/1ST_CHA_BowAimShoot_Montage.1ST_CHA_BowAimShoot_Montage",
                    "Reload": "/Game/ASS/CHA/1ST/1ST_NewRig/1ST_CHA_BowReload_Montage.1ST_CHA_BowReload_Montage"
                },
                "ThirdPersonAnimData": {
                    "Idle": "/Game/ASS/CHA/Human/3RD/Animations/3RD_CHA_MAL_BowIdle.3RD_CHA_MAL_BowIdle",
                    "Charge": "/Game/ASS/CHA/Human/3RD/Animations/3RD_CHA_MAL_BowDrawUpToDwn.3RD_CHA_MAL_BowDrawUpToDwn",
                    "Aim": "/Game/ASS/CHA/Human/3RD/Animations/3RD_CHA_MAL_BowAimUpToDwn.3RD_CHA_MAL_BowAimUpToDwn",
                    "AimCharge": "/Game/ASS/CHA/Human/3RD/Animations/3RD_CHA_MAL_BowaimDrawUpToDwn.3RD_CHA_MAL_BowaimDrawUpToDwn",
                    "Fire": "/Game/ASS/CHA/Human/3RD/Animations/3RD_CHA_BowShoot_BS.3RD_CHA_BowShoot_BS",
                    "AimFire": "/Game/ASS/CHA/Human/3RD/Animations/3RD_CHA_BowAimShoot_BS.3RD_CHA_BowAimShoot_BS",
                    "Reload": "/Game/ASS/CHA/Human/3RD/Animations/3RD_CHA_BowReload_BS1.3RD_CHA_BowReload_BS1"
                }
            },
            "StaminaData": {
                "StaminaChargeCost": 12
            },
            "DamageMultiplier": 1.25,
            "ValidAmmoTypes": {
                "RowName": "AllArrows"
            },
            "RoundsPerMinute": 300,
            "ReloadTime": 0.699999988079071,
            "AudioData": {
                "RowName": "Longbow"
            }
        },
        {
            "Name": "Recurve_Bow",
            "HipAccuracy": {
                "X": 0.20000000298023224,
                "Y": 0.20000000298023224
            },
            "AimAccuracy": {
                "X": 0.05999999865889549,
                "Y": 0.05999999865889549
            },
            "LaunchForce": 750,
            "ChargeData": {
                "bCanCharge": true,
                "ChargeSpeed": 0.4000000059604645,
                "UnchargeSpeed": 0.30000001192092896,
                "MinimumChargeRequired": 0.8999999761581421,
                "bReloadCanCancel": true,
                "LaunchForceMultiplier": "CurveFloat'/Game/BP/Curves/Firearms/FirearmChargeCurve.FirearmChargeCurve'"
            },
            "VisualData": {
                "bUsesPreviewItem": true,
                "PreviewItemAttachType": "Weapon",
                "PreviewItemAttachSocket1P": "VB Arrow_Placement",
                "PreviewItemAttachSocket3P": "VB Arrow_Placement",
                "FireShake": "BlueprintGeneratedClass'/Game/BP/CameraShake/Weapons/CS_Recurve_Bow_Fire.CS_Recurve_Bow_Fire_C'",
                "ChargeShake": "BlueprintGeneratedClass'/Game/BP/CameraShake/Weapons/CS_Recurve_Bow_Draw.CS_Recurve_Bow_Draw_C'",
                "ChargeShakeAccuracyMultiplier": 5,
                "AimFOVMultiplier": 0.8999999761581421,
                "SkeletalItemAnimData": {
                    "Idle": "/Game/ASS/WEP/SK_BOW_Recurve/ANI_BOW_Recurve_Idle.ANI_BOW_Recurve_Idle",
                    "Charge": "/Game/ASS/WEP/SK_BOW_Recurve/ANI_BOW_Recurve_Draw.ANI_BOW_Recurve_Draw",
                    "Aim": "/Game/ASS/WEP/SK_BOW_Recurve/ANI_BOW_Recurve_Aim_Idle.ANI_BOW_Recurve_Aim_Idle",
                    "AimCharge": "/Game/ASS/WEP/SK_BOW_Recurve/ANI_BOW_Recurve_Aim_Draw.ANI_BOW_Recurve_Aim_Draw",
                    "Fire": "/Game/ASS/WEP/SK_BOW_Recurve/ANI_BOW_Recurve_Shoot_Montage.ANI_BOW_Recurve_Shoot_Montage",
                    "AimFire": "/Game/ASS/WEP/SK_BOW_Recurve/ANI_BOW_Recurve_Aim_Shoot_Montage.ANI_BOW_Recurve_Aim_Shoot_Montage",
                    "Reload": "/Game/ASS/WEP/SK_BOW_Recurve/ANI_BOW_Recurve_Reload_Montage.ANI_BOW_Recurve_Reload_Montage"
                },
                "FirstPersonAnimData": {
                    "Idle": "/Game/ASS/CHA/1ST/1ST_NewRig/1ST_CHA_BowIdle.1ST_CHA_BowIdle",
                    "Charge": "/Game/ASS/CHA/1ST/1ST_NewRig/1ST_CHA_BowDraw.1ST_CHA_BowDraw",
                    "Aim": "/Game/ASS/CHA/1ST/1ST_NewRig/1ST_CHA_BowAimIdle.1ST_CHA_BowAimIdle",
                    "AimCharge": "/Game/ASS/CHA/1ST/1ST_NewRig/1ST_CHA_BowAimDraw.1ST_CHA_BowAimDraw",
                    "Fire": "/Game/ASS/CHA/1ST/1ST_NewRig/1ST_CHA_BowShoot_Montage.1ST_CHA_BowShoot_Montage",
                    "AimFire": "/Game/ASS/CHA/1ST/1ST_NewRig/1ST_CHA_BowAimShoot_Montage.1ST_CHA_BowAimShoot_Montage",
                    "Reload": "/Game/ASS/CHA/1ST/1ST_NewRig/1ST_CHA_BowReload_Montage.1ST_CHA_BowReload_Montage"
                },
                "ThirdPersonAnimData": {
                    "Idle": "/Game/ASS/CHA/Human/3RD/Animations/3RD_CHA_MAL_BowIdle.3RD_CHA_MAL_BowIdle",
                    "Charge": "/Game/ASS/CHA/Human/3RD/Animations/3RD_CHA_MAL_BowDrawUpToDwn.3RD_CHA_MAL_BowDrawUpToDwn",
                    "Aim": "/Game/ASS/CHA/Human/3RD/Animations/3RD_CHA_MAL_BowAimUpToDwn.3RD_CHA_MAL_BowAimUpToDwn",
                    "AimCharge": "/Game/ASS/CHA/Human/3RD/Animations/3RD_CHA_MAL_BowaimDrawUpToDwn.3RD_CHA_MAL_BowaimDrawUpToDwn",
                    "Fire": "/Game/ASS/CHA/Human/3RD/Animations/3RD_CHA_BowShoot_BS.3RD_CHA_BowShoot_BS",
                    "AimFire": "/Game/ASS/CHA/Human/3RD/Animations/3RD_CHA_BowAimShoot_BS.3RD_CHA_BowAimShoot_BS",
                    "Reload": "/Game/ASS/CHA/Human/3RD/Animations/3RD_CHA_BowReload_BS1.3RD_CHA_BowReload_BS1"
                }
            },
            "StaminaData": {
                "StaminaChargeCost": 8
            },
            "DamageMultiplier": 1.5,
            "ValidAmmoTypes": {
                "RowName": "AllArrows"
            },
            "RoundsPerMinute": 300,
            "ReloadTime": 0.699999988079071,
            "AudioData": {
                "RowName": "RecurveBow"
            }
        },
        {
            "Name": "Worm_Bow",
            "HipAccuracy": {
                "X": 0.30000001192092896,
                "Y": 0.30000001192092896
            },
            "AimAccuracy": {
                "X": 0.10000000149011612,
                "Y": 0.10000000149011612
            },
            "LaunchForce": 750,
            "ChargeData": {
                "bCanCharge": true,
                "ChargeSpeed": 0.4000000059604645,
                "UnchargeSpeed": 0.30000001192092896,
                "MinimumChargeRequired": 0.8999999761581421,
                "bReloadCanCancel": true,
                "LaunchForceMultiplier": "CurveFloat'/Game/BP/Curves/Firearms/FirearmChargeCurve.FirearmChargeCurve'"
            },
            "VisualData": {
                "bUsesPreviewItem": true,
                "PreviewItemAttachType": "Weapon",
                "PreviewItemAttachSocket1P": "VB Arrow_Placement",
                "PreviewItemAttachSocket3P": "VB Arrow_Placement",
                "FireShake": "BlueprintGeneratedClass'/Game/BP/CameraShake/Weapons/CS_Recurve_Bow_Fire.CS_Recurve_Bow_Fire_C'",
                "ChargeShake": "BlueprintGeneratedClass'/Game/BP/CameraShake/Weapons/CS_Recurve_Bow_Draw.CS_Recurve_Bow_Draw_C'",
                "ChargeShakeAccuracyMultiplier": 5,
                "AimFOVMultiplier": 0.8999999761581421,
                "SkeletalItemAnimData": {
                    "Idle": "/Game/ASS/WEP/SK_BOW_Recurve/ANI_BOW_Recurve_Idle.ANI_BOW_Recurve_Idle",
                    "Charge": "/Game/ASS/WEP/SK_BOW_Recurve/ANI_BOW_Recurve_Draw.ANI_BOW_Recurve_Draw",
                    "Aim": "/Game/ASS/WEP/SK_BOW_Recurve/ANI_BOW_Recurve_Aim_Idle.ANI_BOW_Recurve_Aim_Idle",
                    "AimCharge": "/Game/ASS/WEP/SK_BOW_Recurve/ANI_BOW_Recurve_Aim_Draw.ANI_BOW_Recurve_Aim_Draw",
                    "Fire": "/Game/ASS/WEP/SK_BOW_Recurve/ANI_BOW_Recurve_Shoot_Montage.ANI_BOW_Recurve_Shoot_Montage",
                    "AimFire": "/Game/ASS/WEP/SK_BOW_Recurve/ANI_BOW_Recurve_Aim_Shoot_Montage.ANI_BOW_Recurve_Aim_Shoot_Montage",
                    "Reload": "/Game/ASS/WEP/SK_BOW_Recurve/ANI_BOW_Recurve_Reload_Montage.ANI_BOW_Recurve_Reload_Montage"
                },
                "FirstPersonAnimData": {
                    "Idle": "/Game/ASS/CHA/1ST/1ST_NewRig/1ST_CHA_BowIdle.1ST_CHA_BowIdle",
                    "Charge": "/Game/ASS/CHA/1ST/1ST_NewRig/1ST_CHA_BowDraw.1ST_CHA_BowDraw",
                    "Aim": "/Game/ASS/CHA/1ST/1ST_NewRig/1ST_CHA_BowAimIdle.1ST_CHA_BowAimIdle",
                    "AimCharge": "/Game/ASS/CHA/1ST/1ST_NewRig/1ST_CHA_BowAimDraw.1ST_CHA_BowAimDraw",
                    "Fire": "/Game/ASS/CHA/1ST/1ST_NewRig/1ST_CHA_BowShoot_Montage.1ST_CHA_BowShoot_Montage",
                    "AimFire": "/Game/ASS/CHA/1ST/1ST_NewRig/1ST_CHA_BowAimShoot_Montage.1ST_CHA_BowAimShoot_Montage",
                    "Reload": "/Game/ASS/CHA/1ST/1ST_NewRig/1ST_CHA_BowReload_Montage.1ST_CHA_BowReload_Montage"
                },
                "ThirdPersonAnimData": {
                    "Idle": "/Game/ASS/CHA/Human/3RD/Animations/3RD_CHA_MAL_BowIdle.3RD_CHA_MAL_BowIdle",
                    "Charge": "/Game/ASS/CHA/Human/3RD/Animations/3RD_CHA_MAL_BowDrawUpToDwn.3RD_CHA_MAL_BowDrawUpToDwn",
                    "Aim": "/Game/ASS/CHA/Human/3RD/Animations/3RD_CHA_MAL_BowAimUpToDwn.3RD_CHA_MAL_BowAimUpToDwn",
                    "AimCharge": "/Game/ASS/CHA/Human/3RD/Animations/3RD_CHA_MAL_BowaimDrawUpToDwn.3RD_CHA_MAL_BowaimDrawUpToDwn",
                    "Fire": "/Game/ASS/CHA/Human/3RD/Animations/3RD_CHA_BowShoot_BS.3RD_CHA_BowShoot_BS",
                    "AimFire": "/Game/ASS/CHA/Human/3RD/Animations/3RD_CHA_BowAimShoot_BS.3RD_CHA_BowAimShoot_BS",
                    "Reload": "/Game/ASS/CHA/Human/3RD/Animations/3RD_CHA_BowReload_BS1.3RD_CHA_BowReload_BS1"
                }
            },
            "StaminaData": {
                "StaminaChargeCost": 8
            },
            "DamageMultiplier": 1.5,
            "ValidAmmoTypes": {
                "RowName": "AllArrows"
            },
            "RoundsPerMinute": 300,
            "ReloadTime": 0.699999988079071,
            "AudioData": {
                "RowName": "RecurveBow"
            }
        },
        {
            "Name": "Compound_Bow",
            "HipAccuracy": {
                "X": 0.10000000149011612,
                "Y": 0.10000000149011612
            },
            "AimAccuracy": {
                "X": 0.019999999552965164,
                "Y": 0.019999999552965164
            },
            "LaunchForce": 800,
            "ChargeData": {
                "bCanCharge": true,
                "ChargeSpeed": 0.30000001192092896,
                "UnchargeSpeed": 0.4000000059604645,
                "MinimumChargeRequired": 0.8999999761581421,
                "bReloadCanCancel": true,
                "LaunchForceMultiplier": "CurveFloat'/Game/BP/Curves/Firearms/FirearmChargeCurve.FirearmChargeCurve'"
            },
            "VisualData": {
                "bUsesPreviewItem": true,
                "PreviewItemAttachType": "Weapon",
                "PreviewItemAttachSocket1P": "VB Arrow_Placement",
                "PreviewItemAttachSocket3P": "VB Arrow_Placement",
                "FireShake": "BlueprintGeneratedClass'/Game/BP/CameraShake/Weapons/CS_Compound_Bow_Fire.CS_Compound_Bow_Fire_C'",
                "ChargeShake": "BlueprintGeneratedClass'/Game/BP/CameraShake/Weapons/CS_Compound_Bow_Draw.CS_Compound_Bow_Draw_C'",
                "ChargeShakeAccuracyMultiplier": 5,
                "AimFOVMultiplier": 0.8999999761581421,
                "SkeletalItemAnimData": {
                    "Idle": "/Game/ASS/WEP/SK_BOW_Compound/ANI_BOW_Compound_Idle.ANI_BOW_Compound_Idle",
                    "Charge": "/Game/ASS/WEP/SK_BOW_Compound/ANI_BOW_Compound_Draw.ANI_BOW_Compound_Draw",
                    "Aim": "/Game/ASS/WEP/SK_BOW_Compound/ANI_BOW_Compound_Aim_Idle.ANI_BOW_Compound_Aim_Idle",
                    "AimCharge": "/Game/ASS/WEP/SK_BOW_Compound/ANI_BOW_Compound_Aim_Draw.ANI_BOW_Compound_Aim_Draw",
                    "Fire": "/Game/ASS/WEP/SK_BOW_Compound/ANI_BOW_Compound_Shoot_Montage.ANI_BOW_Compound_Shoot_Montage",
                    "AimFire": "/Game/ASS/WEP/SK_BOW_Compound/ANI_BOW_Compound_Aim_Shoot_Montage.ANI_BOW_Compound_Aim_Shoot_Montage",
                    "Reload": "/Game/ASS/WEP/SK_BOW_Compound/ANI_BOW_Compound_Reload_Montage.ANI_BOW_Compound_Reload_Montage"
                },
                "FirstPersonAnimData": {
                    "Idle": "/Game/ASS/CHA/1ST/1ST_NewRig/1ST_CHA_BowIdle.1ST_CHA_BowIdle",
                    "Charge": "/Game/ASS/CHA/1ST/1ST_NewRig/1ST_CHA_BowDraw.1ST_CHA_BowDraw",
                    "Aim": "/Game/ASS/CHA/1ST/1ST_NewRig/1ST_CHA_BowAimIdle.1ST_CHA_BowAimIdle",
                    "AimCharge": "/Game/ASS/CHA/1ST/1ST_NewRig/1ST_CHA_BowAimDraw.1ST_CHA_BowAimDraw",
                    "Fire": "/Game/ASS/CHA/1ST/1ST_NewRig/1ST_CHA_BowShoot_Montage.1ST_CHA_BowShoot_Montage",
                    "AimFire": "/Game/ASS/CHA/1ST/1ST_NewRig/1ST_CHA_BowAimShoot_Montage.1ST_CHA_BowAimShoot_Montage",
                    "Reload": "/Game/ASS/CHA/1ST/1ST_NewRig/1ST_CHA_BowReload_Montage.1ST_CHA_BowReload_Montage"
                },
                "ThirdPersonAnimData": {
                    "Idle": "/Game/ASS/CHA/Human/3RD/Animations/3RD_CHA_MAL_BowIdle.3RD_CHA_MAL_BowIdle",
                    "Charge": "/Game/ASS/CHA/Human/3RD/Animations/3RD_CHA_MAL_BowDrawUpToDwn.3RD_CHA_MAL_BowDrawUpToDwn",
                    "Aim": "/Game/ASS/CHA/Human/3RD/Animations/3RD_CHA_MAL_BowAimUpToDwn.3RD_CHA_MAL_BowAimUpToDwn",
                    "AimCharge": "/Game/ASS/CHA/Human/3RD/Animations/3RD_CHA_MAL_BowaimDrawUpToDwn.3RD_CHA_MAL_BowaimDrawUpToDwn",
                    "Fire": "/Game/ASS/CHA/Human/3RD/Animations/3RD_CHA_BowShoot_BS.3RD_CHA_BowShoot_BS",
                    "AimFire": "/Game/ASS/CHA/Human/3RD/Animations/3RD_CHA_BowAimShoot_BS.3RD_CHA_BowAimShoot_BS",
                    "Reload": "/Game/ASS/CHA/Human/3RD/Animations/3RD_CHA_BowReload_BS1.3RD_CHA_BowReload_BS1"
                }
            },
            "StaminaData": {
                "StaminaChargeCost": 16
            },
            "DamageMultiplier": 2,
            "ValidAmmoTypes": {
                "RowName": "AllArrows"
            },
            "RoundsPerMinute": 300,
            "ReloadTime": 0.699999988079071,
            "AudioData": {
                "RowName": "CompoundBow"
            }
        },
        {
            "Name": "Meta_Bow_Shengong",
            "HipAccuracy": {
                "X": 0.4000000059604645,
                "Y": 0.4000000059604645
            },
            "AimAccuracy": {
                "X": 0.10000000149011612,
                "Y": 0.10000000149011612
            },
            "LaunchForce": 650,
            "ChargeData": {
                "bCanCharge": true,
                "ChargeSpeed": 0.6000000238418579,
                "UnchargeSpeed": 0.20000000298023224,
                "MinimumChargeRequired": 0.8999999761581421,
                "bReloadCanCancel": true,
                "LaunchForceMultiplier": "CurveFloat'/Game/BP/Curves/Firearms/FirearmChargeCurve.FirearmChargeCurve'"
            },
            "VisualData": {
                "bUsesPreviewItem": true,
                "PreviewItemAttachType": "Weapon",
                "PreviewItemAttachSocket1P": "VB Arrow_Placement",
                "PreviewItemAttachSocket3P": "VB Arrow_Placement",
                "FireShake": "BlueprintGeneratedClass'/Game/BP/CameraShake/Weapons/CS_Wood_Bow_Fire.CS_Wood_Bow_Fire_C'",
                "ChargeShake": "BlueprintGeneratedClass'/Game/BP/CameraShake/Weapons/CS_Wood_Bow_Draw.CS_Wood_Bow_Draw_C'",
                "ChargeShakeAccuracyMultiplier": 5,
                "AimFOVMultiplier": 0.8999999761581421,
                "SkeletalItemAnimData": {
                    "Idle": "/Game/ASS/WEP/SK_BOW_Shengong/Anim/ANI_BOW_Shengong_Idle.ANI_BOW_Shengong_Idle",
                    "Charge": "/Game/ASS/WEP/SK_BOW_Shengong/Anim/ANI_BOW_Shengong_Draw.ANI_BOW_Shengong_Draw",
                    "Aim": "/Game/ASS/WEP/SK_BOW_Shengong/Anim/ANI_BOW_Shengong_Aim_Idle.ANI_BOW_Shengong_Aim_Idle",
                    "AimCharge": "/Game/ASS/WEP/SK_BOW_Shengong/Anim/ANI_BOW_Shengong_Aim_Draw.ANI_BOW_Shengong_Aim_Draw",
                    "Fire": "/Game/ASS/WEP/SK_BOW_Shengong/Anim/ANI_BOW_Shengong_Shoot_Montage.ANI_BOW_Shengong_Shoot_Montage",
                    "AimFire": "/Game/ASS/WEP/SK_BOW_Shengong/Anim/ANI_BOW_Shengong_Aim_Shoot_Montage.ANI_BOW_Shengong_Aim_Shoot_Montage",
                    "Reload": "/Game/ASS/WEP/SK_BOW_Shengong/Anim/ANI_BOW_Shengong_Reload_Montage.ANI_BOW_Shengong_Reload_Montage"
                },
                "FirstPersonAnimData": {
                    "Idle": "/Game/ASS/CHA/1ST/1ST_NewRig/1ST_CHA_BowIdle.1ST_CHA_BowIdle",
                    "Charge": "/Game/ASS/CHA/1ST/1ST_NewRig/1ST_CHA_BowDraw.1ST_CHA_BowDraw",
                    "Aim": "/Game/ASS/CHA/1ST/1ST_NewRig/1ST_CHA_BowAimIdle.1ST_CHA_BowAimIdle",
                    "AimCharge": "/Game/ASS/CHA/1ST/1ST_NewRig/1ST_CHA_BowAimDraw.1ST_CHA_BowAimDraw",
                    "Fire": "/Game/ASS/CHA/1ST/1ST_NewRig/1ST_CHA_BowShoot_Montage.1ST_CHA_BowShoot_Montage",
                    "AimFire": "/Game/ASS/CHA/1ST/1ST_NewRig/1ST_CHA_BowAimShoot_Montage.1ST_CHA_BowAimShoot_Montage",
                    "Reload": "/Game/ASS/CHA/1ST/1ST_NewRig/1ST_CHA_BowReload_Montage.1ST_CHA_BowReload_Montage"
                },
                "ThirdPersonAnimData": {
                    "Idle": "/Game/ASS/CHA/Human/3RD/Animations/3RD_CHA_MAL_BowIdle.3RD_CHA_MAL_BowIdle",
                    "Charge": "/Game/ASS/CHA/Human/3RD/Animations/3RD_CHA_MAL_BowDrawUpToDwn.3RD_CHA_MAL_BowDrawUpToDwn",
                    "Aim": "/Game/ASS/CHA/Human/3RD/Animations/3RD_CHA_MAL_BowAimUpToDwn.3RD_CHA_MAL_BowAimUpToDwn",
                    "AimCharge": "/Game/ASS/CHA/Human/3RD/Animations/3RD_CHA_MAL_BowaimDrawUpToDwn.3RD_CHA_MAL_BowaimDrawUpToDwn",
                    "Fire": "/Game/ASS/CHA/Human/3RD/Animations/3RD_CHA_BowShoot_BS.3RD_CHA_BowShoot_BS",
                    "AimFire": "/Game/ASS/CHA/Human/3RD/Animations/3RD_CHA_BowAimShoot_BS.3RD_CHA_BowAimShoot_BS",
                    "Reload": "/Game/ASS/CHA/Human/3RD/Animations/3RD_CHA_BowReload_BS1.3RD_CHA_BowReload_BS1"
                }
            },
            "StaminaData": {
                "StaminaChargeCost": 5
            },
            "DamageMultiplier": 1.75,
            "ValidAmmoTypes": {
                "RowName": "AllArrows"
            },
            "RoundsPerMinute": 300,
            "ReloadTime": 0.699999988079071,
            "AudioData": {
                "RowName": "RecurveBow"
            }
        },
        {
            "Name": "Meta_Bow_Larkwell",
            "HipAccuracy": {
                "X": 0.10000000149011612,
                "Y": 0.10000000149011612
            },
            "AimAccuracy": {
                "X": 0.019999999552965164,
                "Y": 0.019999999552965164
            },
            "LaunchForce": 800,
            "ChargeData": {
                "bCanCharge": true,
                "ChargeSpeed": 0.30000001192092896,
                "UnchargeSpeed": 0.4000000059604645,
                "MinimumChargeRequired": 0.8999999761581421,
                "bReloadCanCancel": true,
                "LaunchForceMultiplier": "CurveFloat'/Game/BP/Curves/Firearms/FirearmChargeCurve.FirearmChargeCurve'"
            },
            "VisualData": {
                "bUsesPreviewItem": true,
                "PreviewItemAttachType": "Weapon",
                "PreviewItemAttachSocket1P": "VB Arrow_Placement",
                "PreviewItemAttachSocket3P": "VB Arrow_Placement",
                "FireShake": "BlueprintGeneratedClass'/Game/BP/CameraShake/Weapons/CS_Compound_Bow_Fire.CS_Compound_Bow_Fire_C'",
                "ChargeShake": "BlueprintGeneratedClass'/Game/BP/CameraShake/Weapons/CS_Compound_Bow_Draw.CS_Compound_Bow_Draw_C'",
                "ChargeShakeAccuracyMultiplier": 5,
                "AimFOVMultiplier": 0.8999999761581421,
                "SkeletalItemAnimData": {
                    "Idle": "/Game/ASS/WEP/SK_BOW_Lark/ANI_BOW_Lark_Idle.ANI_BOW_Lark_Idle",
                    "Charge": "/Game/ASS/WEP/SK_BOW_Lark/ANI_BOW_Lark_Draw.ANI_BOW_Lark_Draw",
                    "Aim": "/Game/ASS/WEP/SK_BOW_Lark/ANI_BOW_Lark_Aim_Idle.ANI_BOW_Lark_Aim_Idle",
                    "AimCharge": "/Game/ASS/WEP/SK_BOW_Lark/ANI_BOW_Lark_Aim_Draw.ANI_BOW_Lark_Aim_Draw",
                    "Fire": "/Game/ASS/WEP/SK_BOW_Lark/ANI_BOW_Lark_Shoot_Montage.ANI_BOW_Lark_Shoot_Montage",
                    "AimFire": "/Game/ASS/WEP/SK_BOW_Lark/ANI_BOW_Lark_Aim_Shoot_Montage.ANI_BOW_Lark_Aim_Shoot_Montage",
                    "Reload": "/Game/ASS/WEP/SK_BOW_Lark/ANI_BOW_Lark_Reload_Montage.ANI_BOW_Lark_Reload_Montage"
                },
                "FirstPersonAnimData": {
                    "Idle": "/Game/ASS/CHA/1ST/1ST_NewRig/1ST_CHA_BowIdle.1ST_CHA_BowIdle",
                    "Charge": "/Game/ASS/CHA/1ST/1ST_NewRig/1ST_CHA_BowDraw.1ST_CHA_BowDraw",
                    "Aim": "/Game/ASS/CHA/1ST/1ST_NewRig/1ST_CHA_BowAimIdle.1ST_CHA_BowAimIdle",
                    "AimCharge": "/Game/ASS/CHA/1ST/1ST_NewRig/1ST_CHA_BowAimDraw.1ST_CHA_BowAimDraw",
                    "Fire": "/Game/ASS/CHA/1ST/1ST_NewRig/1ST_CHA_BowShoot_Montage.1ST_CHA_BowShoot_Montage",
                    "AimFire": "/Game/ASS/CHA/1ST/1ST_NewRig/1ST_CHA_BowAimShoot_Montage.1ST_CHA_BowAimShoot_Montage",
                    "Reload": "/Game/ASS/CHA/1ST/1ST_NewRig/1ST_CHA_BowReload_Montage.1ST_CHA_BowReload_Montage"
                },
                "ThirdPersonAnimData": {
                    "Idle": "/Game/ASS/CHA/Human/3RD/Animations/3RD_CHA_MAL_BowIdle.3RD_CHA_MAL_BowIdle",
                    "Charge": "/Game/ASS/CHA/Human/3RD/Animations/3RD_CHA_MAL_BowDrawUpToDwn.3RD_CHA_MAL_BowDrawUpToDwn",
                    "Aim": "/Game/ASS/CHA/Human/3RD/Animations/3RD_CHA_MAL_BowAimUpToDwn.3RD_CHA_MAL_BowAimUpToDwn",
                    "AimCharge": "/Game/ASS/CHA/Human/3RD/Animations/3RD_CHA_MAL_BowaimDrawUpToDwn.3RD_CHA_MAL_BowaimDrawUpToDwn",
                    "Fire": "/Game/ASS/CHA/Human/3RD/Animations/3RD_CHA_BowShoot_BS.3RD_CHA_BowShoot_BS",
                    "AimFire": "/Game/ASS/CHA/Human/3RD/Animations/3RD_CHA_BowAimShoot_BS.3RD_CHA_BowAimShoot_BS",
                    "Reload": "/Game/ASS/CHA/Human/3RD/Animations/3RD_CHA_BowReload_BS1.3RD_CHA_BowReload_BS1"
                }
            },
            "StaminaData": {
                "StaminaChargeCost": 16
            },
            "DamageMultiplier": 2.25,
            "ValidAmmoTypes": {
                "RowName": "AllArrows"
            },
            "RoundsPerMinute": 300,
            "ReloadTime": 0.699999988079071,
            "AudioData": {
                "RowName": "CompoundBow"
            }
        },
        {
            "Name": "Crossbow",
            "HipAccuracy": {
                "X": 0.4000000059604645,
                "Y": 0.4000000059604645
            },
            "AimAccuracy": {
                "X": 0.10000000149011612,
                "Y": 0.10000000149011612
            },
            "LaunchForce": 500,
            "ChargeData": {
                "ChargeSpeed": 0
            },
            "VisualData": {
                "bUsesPreviewItem": true,
                "PreviewItemAttachType": "Weapon",
                "PreviewItemAttachSocket1P": "Draw",
                "PreviewItemAttachSocket3P": "Draw",
                "FireShake": "BlueprintGeneratedClass'/Game/BP/CameraShake/Weapons/CS_Crossbow_Fire.CS_Crossbow_Fire_C'",
                "FireShakeScale": 0.4000000059604645,
                "FireShakeAimScale": 0.20000000298023224,
                "FireShakeCrouchScale": 0.25,
                "VisualRecoil": 30,
                "AimFOVMultiplier": 0.8999999761581421,
                "SkeletalItemAnimData": {
                    "Fire": "/Game/ASS/WEP/SK_BOW_Crossbow_02/SK_BOW_Crossbow_Shoot_Montage.SK_BOW_Crossbow_Shoot_Montage",
                    "AimFire": "/Game/ASS/WEP/SK_BOW_Crossbow_02/SK_BOW_Crossbow_Shoot_Montage.SK_BOW_Crossbow_Shoot_Montage",
                    "Reload": "/Game/ASS/WEP/SK_BOW_Crossbow_02/SK_BOW_Crossbow_Reload_Montage.SK_BOW_Crossbow_Reload_Montage"
                },
                "FirstPersonAnimData": {
                    "Idle": "/Game/ASS/CHA/1ST/1ST_NewRig/1ST_CHA_CrossbowIdle.1ST_CHA_CrossbowIdle",
                    "Aim": "/Game/ASS/CHA/1ST/1ST_NewRig/1ST_CHA_CrossbowAimIdle.1ST_CHA_CrossbowAimIdle",
                    "Fire": "/Game/ASS/CHA/1ST/1ST_NewRig/1ST_CHA_Crossbow_Shoot_Montage.1ST_CHA_Crossbow_Shoot_Montage",
                    "AimFire": "/Game/ASS/CHA/1ST/1ST_NewRig/1ST_CHA_Crossbow_AimShoot_Montage.1ST_CHA_Crossbow_AimShoot_Montage",
                    "Reload": "/Game/ASS/CHA/1ST/1ST_NewRig/1ST_CHA_Crossbow_Reload_Montage.1ST_CHA_Crossbow_Reload_Montage"
                },
                "ThirdPersonAnimData": {
                    "Idle": "/Game/ASS/CHA/Human/3RD/Animations/3RD_CHA_MAL_CrossbowIdleUpToDwn.3RD_CHA_MAL_CrossbowIdleUpToDwn",
                    "Aim": "/Game/ASS/CHA/Human/3RD/Animations/3RD_CHA_MAL_CrossbowAimUpToDwn.3RD_CHA_MAL_CrossbowAimUpToDwn",
                    "Fire": "/Game/ASS/CHA/Human/3RD/Animations/3RD_CHA_CrossbowShoot_BS.3RD_CHA_CrossbowShoot_BS",
                    "AimFire": "/Game/ASS/CHA/Human/3RD/Animations/3RD_CHA_CrossbowAimShoot_BS.3RD_CHA_CrossbowAimShoot_BS",
                    "ReloadMontage": "/Game/ASS/CHA/Human/3RD/Animations/3RD_CHA_CrossbowReload.3RD_CHA_CrossbowReload"
                }
            },
            "ValidAmmoTypes": {
                "RowName": "AllBolts"
            },
            "ReloadTime": 4,
            "AudioData": {
                "RowName": "Crossbow"
            },
            "WeaponLoudness": 0.5
        },
        {
            "Name": "Meta_Crossbow_Inaris_A",
            "HipAccuracy": {
                "X": 0.4000000059604645,
                "Y": 0.4000000059604645
            },
            "AimAccuracy": {
                "X": 0.10000000149011612,
                "Y": 0.10000000149011612
            },
            "LaunchForce": 650,
            "ChargeData": {
                "ChargeSpeed": 0
            },
            "VisualData": {
                "bUsesPreviewItem": true,
                "PreviewItemAttachType": "Weapon",
                "PreviewItemAttachSocket1P": "Draw",
                "PreviewItemAttachSocket3P": "Draw",
                "FireShake": "BlueprintGeneratedClass'/Game/BP/CameraShake/Weapons/CS_Crossbow_Fire.CS_Crossbow_Fire_C'",
                "FireShakeScale": 0.4000000059604645,
                "FireShakeAimScale": 0.20000000298023224,
                "FireShakeCrouchScale": 0.25,
                "VisualRecoil": 30,
                "AimFOVMultiplier": 0.8999999761581421,
                "SkeletalItemAnimData": {
                    "Fire": "/Game/ASS/WEP/SK_BOW_Crossbow_02/SK_BOW_Crossbow_Shoot_Montage.SK_BOW_Crossbow_Shoot_Montage",
                    "AimFire": "/Game/ASS/WEP/SK_BOW_Crossbow_02/SK_BOW_Crossbow_Shoot_Montage.SK_BOW_Crossbow_Shoot_Montage",
                    "Reload": "/Game/ASS/WEP/SK_BOW_Crossbow_02/SK_BOW_Crossbow_Reload_Montage.SK_BOW_Crossbow_Reload_Montage"
                },
                "FirstPersonAnimData": {
                    "Idle": "/Game/ASS/CHA/1ST/1ST_NewRig/1ST_CHA_CrossbowIdle.1ST_CHA_CrossbowIdle",
                    "Aim": "/Game/ASS/CHA/1ST/1ST_NewRig/1ST_CHA_CrossbowAimIdle.1ST_CHA_CrossbowAimIdle",
                    "Fire": "/Game/ASS/CHA/1ST/1ST_NewRig/1ST_CHA_Crossbow_Shoot_Montage.1ST_CHA_Crossbow_Shoot_Montage",
                    "AimFire": "/Game/ASS/CHA/1ST/1ST_NewRig/1ST_CHA_Crossbow_AimShoot_Montage.1ST_CHA_Crossbow_AimShoot_Montage",
                    "Reload": "/Game/ASS/CHA/1ST/1ST_NewRig/1ST_CHA_Crossbow_Reload_Montage.1ST_CHA_Crossbow_Reload_Montage"
                },
                "ThirdPersonAnimData": {
                    "Idle": "/Game/ASS/CHA/Human/3RD/Animations/3RD_CHA_MAL_CrossbowIdleUpToDwn.3RD_CHA_MAL_CrossbowIdleUpToDwn",
                    "Aim": "/Game/ASS/CHA/Human/3RD/Animations/3RD_CHA_MAL_CrossbowAimUpToDwn.3RD_CHA_MAL_CrossbowAimUpToDwn",
                    "Fire": "/Game/ASS/CHA/Human/3RD/Animations/3RD_CHA_CrossbowShoot_BS.3RD_CHA_CrossbowShoot_BS",
                    "AimFire": "/Game/ASS/CHA/Human/3RD/Animations/3RD_CHA_CrossbowAimShoot_BS.3RD_CHA_CrossbowAimShoot_BS",
                    "ReloadMontage": "/Game/ASS/CHA/Human/3RD/Animations/3RD_CHA_CrossbowReload.3RD_CHA_CrossbowReload"
                }
            },
            "DamageMultiplier": 1.25,
            "ValidAmmoTypes": {
                "RowName": "AllBolts"
            },
            "ReloadTime": 2.5,
            "AudioData": {
                "RowName": "CrossbowInaris"
            },
            "WeaponLoudness": 0.5
        },
        {
            "Name": "Meta_Crossbow_Inaris_B",
            "HipAccuracy": {
                "X": 0.4000000059604645,
                "Y": 0.4000000059604645
            },
            "AimAccuracy": {
                "X": 0.10000000149011612,
                "Y": 0.10000000149011612
            },
            "LaunchForce": 650,
            "ChargeData": {
                "ChargeSpeed": 0
            },
            "VisualData": {
                "bUsesPreviewItem": true,
                "PreviewItemAttachType": "Weapon",
                "PreviewItemAttachSocket1P": "Draw",
                "PreviewItemAttachSocket3P": "Draw",
                "FireShake": "BlueprintGeneratedClass'/Game/BP/CameraShake/Weapons/CS_Crossbow_Fire.CS_Crossbow_Fire_C'",
                "FireShakeScale": 0.4000000059604645,
                "FireShakeAimScale": 0.20000000298023224,
                "FireShakeCrouchScale": 0.25,
                "VisualRecoil": 30,
                "AimFOVMultiplier": 0.8999999761581421,
                "SkeletalItemAnimData": {
                    "Fire": "/Game/ASS/WEP/SK_BOW_Crossbow_02/SK_BOW_Crossbow_Shoot_Montage.SK_BOW_Crossbow_Shoot_Montage",
                    "AimFire": "/Game/ASS/WEP/SK_BOW_Crossbow_02/SK_BOW_Crossbow_Shoot_Montage.SK_BOW_Crossbow_Shoot_Montage",
                    "Reload": "/Game/ASS/WEP/SK_BOW_Crossbow_02/SK_BOW_Crossbow_Reload_Montage.SK_BOW_Crossbow_Reload_Montage"
                },
                "FirstPersonAnimData": {
                    "Idle": "/Game/ASS/CHA/1ST/1ST_NewRig/1ST_CHA_CrossbowIdle.1ST_CHA_CrossbowIdle",
                    "Aim": "/Game/ASS/CHA/1ST/1ST_NewRig/1ST_CHA_CrossbowAimIdle.1ST_CHA_CrossbowAimIdle",
                    "Fire": "/Game/ASS/CHA/1ST/1ST_NewRig/1ST_CHA_Crossbow_Shoot_Montage.1ST_CHA_Crossbow_Shoot_Montage",
                    "AimFire": "/Game/ASS/CHA/1ST/1ST_NewRig/1ST_CHA_Crossbow_AimShoot_Montage.1ST_CHA_Crossbow_AimShoot_Montage",
                    "Reload": "/Game/ASS/CHA/1ST/1ST_NewRig/1ST_CHA_Crossbow_Reload_Montage.1ST_CHA_Crossbow_Reload_Montage"
                },
                "ThirdPersonAnimData": {
                    "Idle": "/Game/ASS/CHA/Human/3RD/Animations/3RD_CHA_MAL_CrossbowIdleUpToDwn.3RD_CHA_MAL_CrossbowIdleUpToDwn",
                    "Aim": "/Game/ASS/CHA/Human/3RD/Animations/3RD_CHA_MAL_CrossbowAimUpToDwn.3RD_CHA_MAL_CrossbowAimUpToDwn",
                    "Fire": "/Game/ASS/CHA/Human/3RD/Animations/3RD_CHA_CrossbowShoot_BS.3RD_CHA_CrossbowShoot_BS",
                    "AimFire": "/Game/ASS/CHA/Human/3RD/Animations/3RD_CHA_CrossbowAimShoot_BS.3RD_CHA_CrossbowAimShoot_BS",
                    "ReloadMontage": "/Game/ASS/CHA/Human/3RD/Animations/3RD_CHA_CrossbowReload.3RD_CHA_CrossbowReload"
                }
            },
            "DamageMultiplier": 1.25,
            "ValidAmmoTypes": {
                "RowName": "AllBolts"
            },
            "ReloadTime": 4,
            "AudioData": {
                "RowName": "CrossbowInaris"
            },
            "WeaponLoudness": 0.5
        },
        {
            "Name": "Pistol_Handgun",
            "HipAccuracy": {
                "X": 0.4000000059604645,
                "Y": 0.4000000059604645
            },
            "AimAccuracy": {
                "X": 0.10000000149011612,
                "Y": 0.10000000149011612
            },
            "LaunchForce": 600,
            "ChargeData": {
                "ChargeSpeed": 0
            },
            "VisualData": {
                "PreviewItemAttachSocket3P": "R_prop_00",
                "FireShake": "BlueprintGeneratedClass'/Game/BP/CameraShake/Weapons/CS_PistolHandgun_Fire.CS_PistolHandgun_Fire_C'",
                "FireParticle": "/Game/ASS/VFX/WEP/NS_PistolHandgunMuzzle.NS_PistolHandgunMuzzle",
                "VisualRecoil": 20,
                "AimFOVMultiplier": 0.8500000238418579,
                "SkeletalItemAnimData": {
                    "Fire": "/Game/ASS/WEP/SK_GUN_SGL_SHOT_PISTOL/SK_GUN_SGL_SHOT_PISTOL_Shoot_Montage.SK_GUN_SGL_SHOT_PISTOL_Shoot_Montage",
                    "AimFire": "/Game/ASS/WEP/SK_GUN_SGL_SHOT_PISTOL/SK_GUN_SGL_SHOT_PISTOL_Shoot_Montage.SK_GUN_SGL_SHOT_PISTOL_Shoot_Montage",
                    "Reload": "/Game/ASS/WEP/SK_GUN_SGL_SHOT_PISTOL/SK_GUN_SGL_SHOT_PISTOL_Reload_Montage.SK_GUN_SGL_SHOT_PISTOL_Reload_Montage"
                },
                "FirstPersonAnimData": {
                    "Idle": "/Game/ASS/CHA/1ST/1ST_NewRig/1ST_CHA_SGL_Shot_PistolIdle.1ST_CHA_SGL_Shot_PistolIdle",
                    "Aim": "/Game/ASS/CHA/1ST/1ST_NewRig/1ST_CHA_SGL_Shot_PistolAimIdle.1ST_CHA_SGL_Shot_PistolAimIdle",
                    "Fire": "/Game/ASS/CHA/1ST/1ST_NewRig/1ST_CHA_Pistol_Shoot_Montage.1ST_CHA_Pistol_Shoot_Montage",
                    "AimFire": "/Game/ASS/CHA/1ST/1ST_NewRig/1ST_CHA_Pistol_AimShoot_Montage.1ST_CHA_Pistol_AimShoot_Montage",
                    "Reload": "/Game/ASS/CHA/1ST/1ST_NewRig/1ST_CHA_Pistol_Action_Reload.1ST_CHA_Pistol_Action_Reload"
                },
                "ThirdPersonAnimData": {
                    "Idle": "/Game/ASS/CHA/Human/3RD/Animations/3RD_CHA_MAL_SGL_Shot_PistolIdleUp_to_Dwn.3RD_CHA_MAL_SGL_Shot_PistolIdleUp_to_Dwn",
                    "Aim": "/Game/ASS/CHA/Human/3RD/Animations/3RD_CHA_MAL_SGL_Shot_PistolAimUp_to_Dwn.3RD_CHA_MAL_SGL_Shot_PistolAimUp_to_Dwn",
                    "Fire": "/Game/ASS/CHA/Human/3RD/Animations/3RD_CHA_PistolShoot_BS.3RD_CHA_PistolShoot_BS",
                    "AimFire": "/Game/ASS/CHA/Human/3RD/Animations/3RD_CHA_PistolAimShoot_BS.3RD_CHA_PistolAimShoot_BS",
                    "ReloadMontage": "/Game/ASS/CHA/Human/3RD/Animations/3RD_CHA_PistolReload.3RD_CHA_PistolReload"
                }
            },
            "ValidAmmoTypes": {
                "RowName": "AllPistol"
            },
            "AudioData": {
                "RowName": "Pistol"
            },
            "WeaponLoudness": 1
        },
        {
            "Name": "Rifle_Hunting",
            "HipAccuracy": {
                "X": 0.4000000059604645,
                "Y": 0.4000000059604645
            },
            "AimAccuracy": {
                "X": 0.10000000149011612,
                "Y": 0.10000000149011612
            },
            "LaunchForce": 600,
            "ChargeData": {
                "ChargeSpeed": 0
            },
            "VisualData": {
                "PreviewItemAttachSocket3P": "R_prop_00",
                "FireShake": "BlueprintGeneratedClass'/Game/BP/CameraShake/Weapons/CS_Rifle_Hunting_Fire.CS_Rifle_Hunting_Fire_C'",
                "FireShakeScale": 1,
                "FireParticle": "/Game/ASS/VFX/WEP/NS_LeverActionMuzzle.NS_LeverActionMuzzle",
                "VisualRecoil": 20,
                "AimFOVMultiplier": 0.8999999761581421,
                "SkeletalItemAnimData": {
                    "Idle": "/Game/ASS/WEP/SK_GUN_HuntingRifle/SK_GUN_HuntingRifleIdle.SK_GUN_HuntingRifleIdle",
                    "Aim": "/Game/ASS/WEP/SK_GUN_HuntingRifle/SK_GUN_HuntingRifleIdle.SK_GUN_HuntingRifleIdle",
                    "Fire": "/Game/ASS/WEP/SK_GUN_HuntingRifle/SK_GUN_HuntingRifleShoot_Montage.SK_GUN_HuntingRifleShoot_Montage",
                    "AimFire": "/Game/ASS/WEP/SK_GUN_HuntingRifle/SK_GUN_HuntingRifleShoot_Montage.SK_GUN_HuntingRifleShoot_Montage"
                },
                "FirstPersonAnimData": {
                    "Idle": "/Game/ASS/CHA/1ST/1ST_NewRig/1ST_CHA_RifleIdle.1ST_CHA_RifleIdle",
                    "Aim": "/Game/ASS/CHA/1ST/1ST_NewRig/1ST_CHA_RifleAimIdle.1ST_CHA_RifleAimIdle",
                    "Fire": "/Game/ASS/CHA/1ST/1ST_NewRig/1ST_CHA_Rifle_Shoot_Montage.1ST_CHA_Rifle_Shoot_Montage",
                    "AimFire": "/Game/ASS/CHA/1ST/1ST_NewRig/1ST_CHA_Rifle_AimShoot_Montage.1ST_CHA_Rifle_AimShoot_Montage",
                    "Reload": "/Game/ASS/CHA/1ST/1ST_NewRig/1ST_CHA_Rifle_Reload_Chambered.1ST_CHA_Rifle_Reload_Chambered"
                },
                "ThirdPersonAnimData": {
                    "Idle": "/Game/ASS/CHA/Human/3RD/Animations/3RD_CHA_MAL_RifleUpToDwn.3RD_CHA_MAL_RifleUpToDwn",
                    "Aim": "/Game/ASS/CHA/Human/3RD/Animations/3RD_CHA_MAL_RifleAimUpToDwn.3RD_CHA_MAL_RifleAimUpToDwn",
                    "Fire": "/Game/ASS/CHA/Human/3RD/Animations/3RD_CHA_RifleShoot_BS.3RD_CHA_RifleShoot_BS",
                    "AimFire": "/Game/ASS/CHA/Human/3RD/Animations/3RD_CHA_RifleAimShoot_BS.3RD_CHA_RifleAimShoot_BS",
                    "ReloadMontage": "/Game/ASS/CHA/Human/3RD/Animations/3RD_CHA_RifleReload_Chambered.3RD_CHA_RifleReload_Chambered"
                }
            },
            "ReloadType": "Chambered",
            "ValidAmmoTypes": {
                "RowName": "AllRifle"
            },
            "AmmoCapacity": 6,
            "RoundsPerMinute": 60,
            "ReloadTime": 1,
            "AudioData": {
                "RowName": "HuntingRifle"
            },
            "WeaponLoudness": 3
        },
        {
            "Name": "Rifle_BoltAction",
            "HipAccuracy": {
                "X": 0.4000000059604645,
                "Y": 0.4000000059604645
            },
            "AimAccuracy": {
                "X": 0.10000000149011612,
                "Y": 0.10000000149011612
            },
            "LaunchForce": 600,
            "ChargeData": {
                "ChargeSpeed": 0
            },
            "VisualData": {
                "PreviewItemAttachSocket3P": "R_prop_00",
                "FireShake": "BlueprintGeneratedClass'/Game/BP/CameraShake/Weapons/CS_Rifle_BoltAction_Fire.CS_Rifle_BoltAction_Fire_C'",
                "FireShakeScale": 1,
                "FireParticle": "/Game/ASS/VFX/WEP/NS_BoltActionMuzzle.NS_BoltActionMuzzle",
                "VisualRecoil": 20,
                "AimFOVMultiplier": 0.8999999761581421,
                "SkeletalItemAnimData": {
                    "Idle": "/Game/ASS/WEP/SK_GUN_HuntingRifle/SK_GUN_HuntingRifleIdle.SK_GUN_HuntingRifleIdle",
                    "Aim": "/Game/ASS/WEP/SK_GUN_HuntingRifle/SK_GUN_HuntingRifleIdle.SK_GUN_HuntingRifleIdle",
                    "Fire": "/Game/ASS/WEP/SK_GUN_HuntingRifle_Bolt_Action/SK_GUN_HuntingRifle_Bolt_Action_Shoot_Montage.SK_GUN_HuntingRifle_Bolt_Action_Shoot_Montage",
                    "AimFire": "/Game/ASS/WEP/SK_GUN_HuntingRifle_Bolt_Action/SK_GUN_HuntingRifle_Bolt_Action_Shoot_Montage.SK_GUN_HuntingRifle_Bolt_Action_Shoot_Montage",
                    "Reload": "/Game/ASS/WEP/SK_GUN_HuntingRifle_Bolt_Action/SK_GUN_HuntingRifle_Bolt_Action_Reload_Montage.SK_GUN_HuntingRifle_Bolt_Action_Reload_Montage"
                },
                "FirstPersonAnimData": {
                    "Idle": "/Game/ASS/CHA/1ST/1ST_NewRig/1ST_CHA_RifleIdle.1ST_CHA_RifleIdle",
                    "Aim": "/Game/ASS/CHA/1ST/1ST_NewRig/1ST_CHA_RifleBoltActionAimIdle.1ST_CHA_RifleBoltActionAimIdle",
                    "Fire": "/Game/ASS/CHA/1ST/1ST_NewRig/1ST_CHA_RifleBolt_Shoot_Montage.1ST_CHA_RifleBolt_Shoot_Montage",
                    "AimFire": "/Game/ASS/CHA/1ST/1ST_NewRig/1ST_CHA_BoltRifle_AimShoot_Montage.1ST_CHA_BoltRifle_AimShoot_Montage",
                    "Reload": "/Game/ASS/CHA/1ST/1ST_NewRig/1ST_CHA_Rifle_BoltAction_Reload.1ST_CHA_Rifle_BoltAction_Reload"
                },
                "ThirdPersonAnimData": {
                    "Idle": "/Game/ASS/CHA/Human/3RD/Animations/3RD_CHA_MAL_RifleUpToDwn.3RD_CHA_MAL_RifleUpToDwn",
                    "Aim": "/Game/ASS/CHA/Human/3RD/Animations/3RD_CHA_MAL_RifleAimUpToDwn.3RD_CHA_MAL_RifleAimUpToDwn",
                    "Fire": "/Game/ASS/CHA/Human/3RD/Animations/3RD_CHA_RifleBoltActionShoot_BS.3RD_CHA_RifleBoltActionShoot_BS",
                    "AimFire": "/Game/ASS/CHA/Human/3RD/Animations/3RD_CHA_RifleBoltActionAimShoot_BS.3RD_CHA_RifleBoltActionAimShoot_BS",
                    "ReloadMontage": "/Game/ASS/CHA/Human/3RD/Animations/3RD_CHA_RifleBoltActionReload.3RD_CHA_RifleBoltActionReload"
                }
            },
            "ValidAmmoTypes": {
                "RowName": "AllRifle"
            },
            "ReloadTime": 3,
            "AudioData": {
                "RowName": "BoltActionRifle"
            },
            "WeaponLoudness": 5
        },
        {
            "Name": "Shotgun",
            "HipAccuracy": {
                "X": 0.4000000059604645,
                "Y": 0.4000000059604645
            },
            "AimAccuracy": {
                "X": 0.10000000149011612,
                "Y": 0.10000000149011612
            },
            "LaunchForce": 600,
            "ChargeData": {
                "ChargeSpeed": 0
            },
            "VisualData": {
                "PreviewItemAttachSocket3P": "R_prop_00",
                "FireShake": "BlueprintGeneratedClass'/Game/BP/CameraShake/Weapons/CS_Shotgun_Fire.CS_Shotgun_Fire_C'",
                "FireParticle": "/Game/ASS/VFX/WEP/NS_ShotgunMuzzle.NS_ShotgunMuzzle",
                "VisualRecoil": 20,
                "AimFOVMultiplier": 0.8999999761581421,
                "SkeletalItemAnimData": {
                    "Fire": "/Game/ASS/WEP/SK_GUN_Shotgun/1ST_GUN_ShotgunShoot_Montage.1ST_GUN_ShotgunShoot_Montage",
                    "Reload": "/Game/ASS/WEP/SK_GUN_Shotgun/1ST_GUN_ShotgunReload_Montage_Chambered.1ST_GUN_ShotgunReload_Montage_Chambered"
                },
                "FirstPersonAnimData": {
                    "Idle": "/Game/ASS/CHA/1ST/1ST_NewRig/1ST_CHA_2HGunIdle.1ST_CHA_2HGunIdle",
                    "Aim": "/Game/ASS/CHA/1ST/1ST_NewRig/1ST_CHA_2HGunAimIdle.1ST_CHA_2HGunAimIdle",
                    "Fire": "/Game/ASS/CHA/1ST/1ST_NewRig/1ST_CHA_Shotgun_Shoot_Montage.1ST_CHA_Shotgun_Shoot_Montage",
                    "AimFire": "/Game/ASS/CHA/1ST/1ST_NewRig/1ST_CHA_Shotgun_AimShoot_Montage.1ST_CHA_Shotgun_AimShoot_Montage",
                    "Reload": "/Game/ASS/CHA/1ST/1ST_NewRig/1ST_CHA_Shotgun_Reload_Chambered.1ST_CHA_Shotgun_Reload_Chambered"
                },
                "ThirdPersonAnimData": {
                    "Idle": "/Game/ASS/CHA/Human/3RD/Animations/3RD_CHA_MAL_ShotgunUpToDown.3RD_CHA_MAL_ShotgunUpToDown",
                    "Aim": "/Game/ASS/CHA/Human/3RD/Animations/3RD_CHA_MAL_ShotgunAimUpToDwn.3RD_CHA_MAL_ShotgunAimUpToDwn",
                    "Fire": "/Game/ASS/CHA/Human/3RD/Animations/3RD_CHA_ShotgunShoot_BS.3RD_CHA_ShotgunShoot_BS",
                    "AimFire": "/Game/ASS/CHA/Human/3RD/Animations/3RD_CHA_ShotgunAimShoot_BS.3RD_CHA_ShotgunAimShoot_BS",
                    "ReloadMontage": "/Game/ASS/CHA/Human/3RD/Animations/3RD_CHA_ShotgunReload_Chambered.3RD_CHA_ShotgunReload_Chambered"
                }
            },
            "ReloadType": "Chambered",
            "ValidAmmoTypes": {
                "RowName": "AllShotgun"
            },
            "AmmoCapacity": 8,
            "RoundsPerMinute": 70,
            "ReloadTime": 0.75,
            "AudioData": {
                "RowName": "Shotgun"
            },
            "WeaponLoudness": 5
        },
        {
            "Name": "Farmers_Shotgun",
            "HipAccuracy": {
                "X": 0.6000000238418579,
                "Y": 0.6000000238418579
            },
            "AimAccuracy": {
                "X": 0.10000000149011612,
                "Y": 0.10000000149011612
            },
            "LaunchForce": 600,
            "ChargeData": {
                "ChargeSpeed": 0
            },
            "VisualData": {
                "PreviewItemAttachSocket3P": "R_prop_00",
                "FireShake": "BlueprintGeneratedClass'/Game/BP/CameraShake/Weapons/CS_Shotgun_Fire.CS_Shotgun_Fire_C'",
                "FireParticle": "/Game/ASS/VFX/WEP/NS_ShotgunMuzzle.NS_ShotgunMuzzle",
                "VisualRecoil": 20,
                "AimFOVMultiplier": 0.8999999761581421,
                "SkeletalItemAnimData": {
                    "Fire": "/Game/ASS/WEP/SK_GUN_Shotgun/1ST_GUN_ShotgunShoot_Montage.1ST_GUN_ShotgunShoot_Montage",
                    "Reload": "/Game/ASS/WEP/SK_GUN_Shotgun/1ST_GUN_ShotgunReload_Montage_Chambered.1ST_GUN_ShotgunReload_Montage_Chambered"
                },
                "FirstPersonAnimData": {
                    "Idle": "/Game/ASS/CHA/1ST/1ST_NewRig/1ST_CHA_2HGunIdle.1ST_CHA_2HGunIdle",
                    "Aim": "/Game/ASS/CHA/1ST/1ST_NewRig/1ST_CHA_2HGunAimIdle.1ST_CHA_2HGunAimIdle",
                    "Fire": "/Game/ASS/CHA/1ST/1ST_NewRig/1ST_CHA_Shotgun_Shoot_Montage.1ST_CHA_Shotgun_Shoot_Montage",
                    "AimFire": "/Game/ASS/CHA/1ST/1ST_NewRig/1ST_CHA_Shotgun_AimShoot_Montage.1ST_CHA_Shotgun_AimShoot_Montage",
                    "Reload": "/Game/ASS/CHA/1ST/1ST_NewRig/1ST_CHA_Shotgun_Reload_Chambered.1ST_CHA_Shotgun_Reload_Chambered"
                },
                "ThirdPersonAnimData": {
                    "Idle": "/Game/ASS/CHA/Human/3RD/Animations/3RD_CHA_MAL_ShotgunUpToDown.3RD_CHA_MAL_ShotgunUpToDown",
                    "Aim": "/Game/ASS/CHA/Human/3RD/Animations/3RD_CHA_MAL_ShotgunAimUpToDwn.3RD_CHA_MAL_ShotgunAimUpToDwn",
                    "Fire": "/Game/ASS/CHA/Human/3RD/Animations/3RD_CHA_ShotgunShoot_BS.3RD_CHA_ShotgunShoot_BS",
                    "AimFire": "/Game/ASS/CHA/Human/3RD/Animations/3RD_CHA_ShotgunAimShoot_BS.3RD_CHA_ShotgunAimShoot_BS",
                    "ReloadMontage": "/Game/ASS/CHA/Human/3RD/Animations/3RD_CHA_ShotgunReload_Chambered.3RD_CHA_ShotgunReload_Chambered"
                }
            },
            "ReloadType": "Chambered",
            "ValidAmmoTypes": {
                "RowName": "AllShotgun"
            },
            "AmmoCapacity": 4,
            "RoundsPerMinute": 55,
            "ReloadTime": 0.75,
            "AudioData": {
                "RowName": "ShotgunRusty"
            },
            "WeaponLoudness": 5
        },
        {
            "Name": "Platinum_Crossbow",
            "HipAccuracy": {
                "X": 0.4000000059604645,
                "Y": 0.4000000059604645
            },
            "AimAccuracy": {
                "X": 0.10000000149011612,
                "Y": 0.10000000149011612
            },
            "LaunchForce": 500,
            "ChargeData": {
                "ChargeSpeed": 0
            },
            "VisualData": {
                "bUsesPreviewItem": true,
                "PreviewItemAttachType": "Weapon",
                "PreviewItemAttachSocket1P": "Bolt_JNT",
                "PreviewItemAttachSocket3P": "Bolt_JNT",
                "FireShake": "BlueprintGeneratedClass'/Game/BP/CameraShake/Weapons/CS_Crossbow_Fire.CS_Crossbow_Fire_C'",
                "FireShakeScale": 0.4000000059604645,
                "FireShakeAimScale": 0.20000000298023224,
                "FireShakeCrouchScale": 0.25,
                "VisualRecoil": 30,
                "AimFOVMultiplier": 0.8999999761581421,
                "SkeletalItemAnimData": {
                    "Fire": "/Game/ASS/WEP/SK_BOW_Crossbow_T4_Titanium/ANI_BOW_Crossbow_T4_Shoot_Montage.ANI_BOW_Crossbow_T4_Shoot_Montage",
                    "AimFire": "/Game/ASS/WEP/SK_BOW_Crossbow_T4_Titanium/ANI_BOW_Crossbow_T4_Shoot_Montage.ANI_BOW_Crossbow_T4_Shoot_Montage",
                    "Reload": "/Game/ASS/WEP/SK_BOW_Crossbow_T4_Titanium/SK_BOW_Crossbow_T4_reload_Montage_Chambered.SK_BOW_Crossbow_T4_reload_Montage_Chambered"
                },
                "FirstPersonAnimData": {
                    "Idle": "/Game/ASS/CHA/1ST/1ST_NewRig/1ST_CHA_CrossbowIdle.1ST_CHA_CrossbowIdle",
                    "Aim": "/Game/ASS/CHA/1ST/1ST_NewRig/1ST_CHA_CrossbowAimIdle.1ST_CHA_CrossbowAimIdle",
                    "Fire": "/Game/ASS/CHA/1ST/1ST_NewRig/1ST_CHA_Crossbow_Shoot_Montage.1ST_CHA_Crossbow_Shoot_Montage",
                    "AimFire": "/Game/ASS/CHA/1ST/1ST_NewRig/1ST_CHA_Crossbow_AimShoot_Montage.1ST_CHA_Crossbow_AimShoot_Montage",
                    "Reload": "/Game/ASS/CHA/1ST/1ST_NewRig/1ST_CHA_Crossbow_Reload_Chambered.1ST_CHA_Crossbow_Reload_Chambered"
                },
                "ThirdPersonAnimData": {
                    "Idle": "/Game/ASS/CHA/Human/3RD/Animations/3RD_CHA_MAL_CrossbowIdleUpToDwn.3RD_CHA_MAL_CrossbowIdleUpToDwn",
                    "Aim": "/Game/ASS/CHA/Human/3RD/Animations/3RD_CHA_MAL_CrossbowAimUpToDwn.3RD_CHA_MAL_CrossbowAimUpToDwn",
                    "Fire": "/Game/ASS/CHA/Human/3RD/Animations/3RD_CHA_CrossbowShoot_BS.3RD_CHA_CrossbowShoot_BS",
                    "AimFire": "/Game/ASS/CHA/Human/3RD/Animations/3RD_CHA_CrossbowAimShoot_BS.3RD_CHA_CrossbowAimShoot_BS",
                    "ReloadMontage": "/Game/ASS/CHA/Human/3RD/Animations/3RD_CHA_CrossbowReload_Chambered.3RD_CHA_CrossbowReload_Chambered"
                }
            },
            "ReloadType": "Chambered",
            "ValidAmmoTypes": {
                "RowName": "AllBolts"
            },
            "AmmoCapacity": 4,
            "RoundsPerMinute": 50,
            "ReloadTime": 0.800000011920929,
            "AudioData": {
                "RowName": "CrossbowT3"
            },
            "WeaponLoudness": 0.5
        },
        {
            "Name": "Titanium_Crossbow",
            "HipAccuracy": {
                "X": 0.4000000059604645,
                "Y": 0.4000000059604645
            },
            "AimAccuracy": {
                "X": 0.10000000149011612,
                "Y": 0.10000000149011612
            },
            "LaunchForce": 500,
            "ChargeData": {
                "ChargeSpeed": 0
            },
            "VisualData": {
                "bUsesPreviewItem": true,
                "PreviewItemAttachType": "Weapon",
                "PreviewItemAttachSocket1P": "Bolt_JNT",
                "PreviewItemAttachSocket3P": "Bolt_JNT",
                "FireShake": "BlueprintGeneratedClass'/Game/BP/CameraShake/Weapons/CS_Crossbow_Fire.CS_Crossbow_Fire_C'",
                "FireShakeScale": 0.4000000059604645,
                "FireShakeAimScale": 0.20000000298023224,
                "FireShakeCrouchScale": 0.25,
                "VisualRecoil": 30,
                "AimFOVMultiplier": 0.8999999761581421,
                "SkeletalItemAnimData": {
                    "Idle": "/Game/ASS/WEP/SK_BOW_Crossbow_T4_Titanium/ANI_BOW_Crossbow_T4_Idle.ANI_BOW_Crossbow_T4_Idle",
                    "Fire": "/Game/ASS/WEP/SK_BOW_Crossbow_T4_Titanium/ANI_BOW_Crossbow_T4_Shoot_Montage.ANI_BOW_Crossbow_T4_Shoot_Montage",
                    "AimFire": "/Game/ASS/WEP/SK_BOW_Crossbow_T4_Titanium/ANI_BOW_Crossbow_T4_Shoot_Montage.ANI_BOW_Crossbow_T4_Shoot_Montage",
                    "Reload": "/Game/ASS/WEP/SK_BOW_Crossbow_T4_Titanium/SK_BOW_Crossbow_T4_reload_Montage_Chambered.SK_BOW_Crossbow_T4_reload_Montage_Chambered"
                },
                "FirstPersonAnimData": {
                    "Idle": "/Game/ASS/CHA/1ST/1ST_NewRig/1ST_CHA_CrossbowIdle.1ST_CHA_CrossbowIdle",
                    "Aim": "/Game/ASS/CHA/1ST/1ST_NewRig/1ST_CHA_CrossbowAimIdle.1ST_CHA_CrossbowAimIdle",
                    "Fire": "/Game/ASS/CHA/1ST/1ST_NewRig/1ST_CHA_Crossbow_Shoot_Montage.1ST_CHA_Crossbow_Shoot_Montage",
                    "AimFire": "/Game/ASS/CHA/1ST/1ST_NewRig/1ST_CHA_Crossbow_AimShoot_Montage.1ST_CHA_Crossbow_AimShoot_Montage",
                    "Reload": "/Game/ASS/CHA/1ST/1ST_NewRig/1ST_CHA_Crossbow_Reload_Chambered.1ST_CHA_Crossbow_Reload_Chambered"
                },
                "ThirdPersonAnimData": {
                    "Idle": "/Game/ASS/CHA/Human/3RD/Animations/3RD_CHA_MAL_CrossbowIdleUpToDwn.3RD_CHA_MAL_CrossbowIdleUpToDwn",
                    "Aim": "/Game/ASS/CHA/Human/3RD/Animations/3RD_CHA_MAL_CrossbowAimUpToDwn.3RD_CHA_MAL_CrossbowAimUpToDwn",
                    "Fire": "/Game/ASS/CHA/Human/3RD/Animations/3RD_CHA_CrossbowShoot_BS.3RD_CHA_CrossbowShoot_BS",
                    "AimFire": "/Game/ASS/CHA/Human/3RD/Animations/3RD_CHA_CrossbowAimShoot_BS.3RD_CHA_CrossbowAimShoot_BS",
                    "ReloadMontage": "/Game/ASS/CHA/Human/3RD/Animations/3RD_CHA_CrossbowReload_Chambered.3RD_CHA_CrossbowReload_Chambered"
                }
            },
            "DamageMultiplier": 1.5,
            "ReloadType": "Chambered",
            "ValidAmmoTypes": {
                "RowName": "AllBolts"
            },
            "AmmoCapacity": 6,
            "RoundsPerMinute": 40,
            "ReloadTime": 1,
            "AudioData": {
                "RowName": "CrossbowT4"
            },
            "WeaponLoudness": 0.5
        }
    ]
}