{
    "RowStruct": "/Script/Icarus.RangedWeaponData",
    "Defaults": {
        "HipAccuracy": {
            "X": 0,
            "Y": 0
        },
        "AdsAccuracy": {
            "X": 0,
            "Y": 0
        },
        "SwayCurve_X": "None",
        "SwayCurve_Y": "None",
        "AdsSwayMultiplier": 0.25,
        "WeaponFireShake": "None",
        "WeaponFireShakeAdsScale": 0.5,
        "WeaponFireShakeCrouchScale": 0.75,
        "WeaponReloadTime": 1,
        "HipFOVMultiplier": 1,
        "AdsFOVMultiplier": 1,
        "MinRequiredCharge": 0,
        "MinThrowCharge": 0,
        "ChargeSpeed": 1,
        "LaunchForceCurve": "None",
        "ValidAmmoItems": [],
        "Stats": {}
    },
    "Rows": [
        {
            "Name": "Grenade",
            "HipAccuracy": {
                "X": 0.10000000149011612,
                "Y": 0.10000000149011612
            },
            "WeaponFireShake": "BlueprintGeneratedClass'/Game/BP/CameraShake/Weapons/CS_Wood_Spear_Throw.CS_Wood_Spear_Throw_C'",
            "AdsFOVMultiplier": 0.949999988079071,
            "MinRequiredCharge": 0.20000000298023224,
            "ChargeSpeed": 1.5,
            "LaunchForceCurve": "CurveFloat'/Game/BP/Curves/Firearms/C_Throwable_Grenade.C_Throwable_Grenade'"
        },
        {
            "Name": "Knife",
            "HipAccuracy": {
                "X": 1,
                "Y": 1
            },
            "WeaponFireShake": "BlueprintGeneratedClass'/Game/BP/CameraShake/Weapons/CS_Wood_Spear_Throw.CS_Wood_Spear_Throw_C'",
            "AdsFOVMultiplier": 0.949999988079071,
            "MinRequiredCharge": 0.4000000059604645,
            "MinThrowCharge": 0.4000000059604645,
            "LaunchForceCurve": "CurveFloat'/Game/BP/Curves/Firearms/C_Throwable_Knife.C_Throwable_Knife'"
        },
        {
            "Name": "FireWhacker",
            "HipAccuracy": {
                "X": 0.10000000149011612,
                "Y": 0.10000000149011612
            },
            "WeaponFireShake": "BlueprintGeneratedClass'/Game/BP/CameraShake/Weapons/CS_Wood_Spear_Throw.CS_Wood_Spear_Throw_C'",
            "AdsFOVMultiplier": 0.949999988079071,
            "MinThrowCharge": 0.20000000298023224,
            "ChargeSpeed": 1.5,
            "LaunchForceCurve": "CurveFloat'/Game/BP/Curves/Wood_Spear_PowerCurve.Wood_Spear_PowerCurve'"
        },
        {
            "Name": "Axe",
            "WeaponFireShake": "BlueprintGeneratedClass'/Game/BP/CameraShake/Weapons/CS_Wood_Spear_Throw.CS_Wood_Spear_Throw_C'",
            "AdsFOVMultiplier": 0.949999988079071,
            "MinRequiredCharge": 0.10000000149011612,
            "LaunchForceCurve": "CurveFloat'/Game/BP/Curves/Wood_Spear_PowerCurve.Wood_Spear_PowerCurve'"
        },
        {
            "Name": "Waterbomb",
            "HipAccuracy": {
                "X": 0.10000000149011612,
                "Y": 0.10000000149011612
            },
            "WeaponFireShake": "BlueprintGeneratedClass'/Game/BP/CameraShake/Weapons/CS_Wood_Spear_Throw.CS_Wood_Spear_Throw_C'",
            "AdsFOVMultiplier": 0.949999988079071,
            "MinRequiredCharge": 0.20000000298023224,
            "LaunchForceCurve": "CurveFloat'/Game/BP/Curves/Firearms/C_Throwable_Grenade.C_Throwable_Grenade'"
        },
        {
            "Name": "Throwing_Spear",
            "HipAccuracy": {
                "X": 0.5,
                "Y": 0.5
            },
            "WeaponFireShake": "BlueprintGeneratedClass'/Game/BP/CameraShake/Weapons/CS_Wood_Spear_Throw.CS_Wood_Spear_Throw_C'",
            "AdsFOVMultiplier": 0.949999988079071,
            "MinRequiredCharge": 0.20000000298023224,
            "ChargeSpeed": 2,
            "LaunchForceCurve": "CurveFloat'/Game/BP/Curves/Wood_Spear_PowerCurve.Wood_Spear_PowerCurve'"
        }
    ]
}