{
    "RowStruct": "/Script/Icarus.ValidAmmoTypes",
    "Defaults": {
        "AmmoTypes": []
    },
    "Rows": [
        {
            "Name": "AllArrows",
            "AmmoTypes": [
                {
                    "RowName": "Aluminium_Arrow",
                    "DataTableName": "D_ItemsStatic"
                },
                {
                    "RowName": "Black_Wolf_Arrow",
                    "DataTableName": "D_ItemsStatic"
                },
                {
                    "RowName": "Bone_Arrow",
                    "DataTableName": "D_ItemsStatic"
                },
                {
                    "RowName": "Carbon_Arrow",
                    "DataTableName": "D_ItemsStatic"
                },
                {
                    "RowName": "Caveworm_Arrow",
                    "DataTableName": "D_ItemsStatic"
                },
                {
                    "RowName": "Composite_Arrow",
                    "DataTableName": "D_ItemsStatic"
                },
                {
                    "RowName": "Fire_Arrow",
                    "DataTableName": "D_ItemsStatic"
                },
                {
                    "RowName": "Flare_Arrow",
                    "DataTableName": "D_ItemsStatic"
                },
                {
                    "RowName": "Flint_Arrow",
                    "DataTableName": "D_ItemsStatic"
                },
                {
                    "RowName": "Meta_Arrow_Inaris_Alpha",
                    "DataTableName": "D_ItemsStatic"
                },
                {
                    "RowName": "Meta_Arrow_Inaris_Bravo",
                    "DataTableName": "D_ItemsStatic"
                },
                {
                    "RowName": "Meta_Arrow_Inaris_Charlie",
                    "DataTableName": "D_ItemsStatic"
                },
                {
                    "RowName": "Meta_Arrow_Inaris_Delta",
                    "DataTableName": "D_ItemsStatic"
                },
                {
                    "RowName": "Meta_Arrow_Larkwell_Bait",
                    "DataTableName": "D_ItemsStatic"
                },
                {
                    "RowName": "Meta_Arrow_Larkwell_Ballistic",
                    "DataTableName": "D_ItemsStatic"
                },
                {
                    "RowName": "Meta_Arrow_Larkwell_Bleed",
                    "DataTableName": "D_ItemsStatic"
                },
                {
                    "RowName": "Meta_Arrow_Larkwell_Standard",
                    "DataTableName": "D_ItemsStatic"
                },
                {
                    "RowName": "Meta_Arrow_Larkwell_Tazer",
                    "DataTableName": "D_ItemsStatic"
                },
                {
                    "RowName": "Meta_Arrow_Larkwell_Whistling",
                    "DataTableName": "D_ItemsStatic"
                },
                {
                    "RowName": "Meta_Arrow_Printed_Alpha",
                    "DataTableName": "D_ItemsStatic"
                },
                {
                    "RowName": "Meta_Arrow_Printed_Beta",
                    "DataTableName": "D_ItemsStatic"
                },
                {
                    "RowName": "Meta_Arrow_Printed_Charlie",
                    "DataTableName": "D_ItemsStatic"
                },
                {
                    "RowName": "Meta_Arrow_Shengong",
                    "DataTableName": "D_ItemsStatic"
                },
                {
                    "RowName": "Poison_Arrow",
                    "DataTableName": "D_ItemsStatic"
                },
                {
                    "RowName": "Sandworm_Arrow",
                    "DataTableName": "D_ItemsStatic"
                },
                {
                    "RowName": "Steel_Arrow",
                    "DataTableName": "D_ItemsStatic"
                },
                {
                    "RowName": "Stone_Arrow",
                    "DataTableName": "D_ItemsStatic"
                },
                {
                    "RowName": "Titanium_Arrow",
                    "DataTableName": "D_ItemsStatic"
                }
            ]
        },
        {
            "Name": "AllBolts",
            "AmmoTypes": [
                {
                    "RowName": "Copper_Bolt",
                    "DataTableName": "D_ItemsStatic"
                },
                {
                    "RowName": "Meta_Bolt_Larkwell_Standard",
                    "DataTableName": "D_ItemsStatic"
                },
                {
                    "RowName": "Meta_Bolt_Larkwell_Whistling",
                    "DataTableName": "D_ItemsStatic"
                },
                {
                    "RowName": "Metal_Bolt",
                    "DataTableName": "D_ItemsStatic"
                },
                {
                    "RowName": "Platinum_Bolt",
                    "DataTableName": "D_ItemsStatic"
                },
                {
                    "RowName": "Steel_Bolt",
                    "DataTableName": "D_ItemsStatic"
                },
                {
                    "RowName": "Titanium_Bolt",
                    "DataTableName": "D_ItemsStatic"
                },
                {
                    "RowName": "Tranquilizer_Bolt",
                    "DataTableName": "D_ItemsStatic"
                }
            ]
        },
        {
            "Name": "AllRifle",
            "AmmoTypes": [
                {
                    "RowName": "Ammo_Rifle_Round",
                    "DataTableName": "D_ItemsStatic"
                },
                {
                    "RowName": "Ammo_Rifle_Round_Incendiary",
                    "DataTableName": "D_ItemsStatic"
                }
            ]
        },
        {
            "Name": "AllPistol",
            "AmmoTypes": [
                {
                    "RowName": "Ammo_Pistol_Round",
                    "DataTableName": "D_ItemsStatic"
                }
            ]
        },
        {
            "Name": "AllShotgun",
            "AmmoTypes": [
                {
                    "RowName": "Ammo_Shell_Buckshot",
                    "DataTableName": "D_ItemsStatic"
                }
            ]
        }
    ]
}