{
    "RowStruct": "/Script/Icarus.AccountFlag",
    "Defaults": {},
    "GenerateEnum": true,
    "Rows": [
        {
            "Name": "Mission_Communicator_T2_Upgrade",
            "Metadata": {
                "RequiredFeatureLevel": {
                    "RowName": "NewFrontiers"
                }
            }
        },
        {
            "Name": "Mission_Communicator_T3_Upgrade",
            "Metadata": {
                "RequiredFeatureLevel": {
                    "RowName": "NewFrontiers"
                }
            }
        },
        {
            "Name": "Mission_Communicator_T4_Upgrade",
            "Metadata": {
                "RequiredFeatureLevel": {
                    "RowName": "NewFrontiers"
                }
            }
        },
        {
            "Name": "Styx_Level_Boost_Claimed",
            "Metadata": {
                "RequiredFeatureLevel": {
                    "RowName": "NewFrontiers"
                }
            }
        },
        {
            "Name": "Prometheus_Level_Boost_Claimed",
            "Metadata": {
                "RequiredFeatureLevel": {
                    "RowName": "NewFrontiers"
                }
            }
        },
        {
            "Name": "Has_Seen_NewGame_Prompt",
            "Metadata": {
                "RequiredFeatureLevel": {
                    "RowName": "NewFrontiers"
                }
            }
        }
    ]
}