{
    "RowStruct": "/Script/Icarus.ItemWeightStatQueries",
    "Defaults": {
        "WeightStatToApply": {
            "Value": "None"
        },
        "ItemTagQuery": {
            "RowName": "None",
            "DataTableName": "D_TagQueries"
        }
    },
    "Rows": [
        {
            "Name": "Arrow",
            "WeightStatToApply": {
                "Value": "BaseArrowCarryWeight_+%"
            },
            "ItemTagQuery": {
                "RowName": "Projectile_Arrow"
            }
        },
        {
            "Name": "Any_Building",
            "WeightStatToApply": {
                "Value": "BaseBuildableCarryWeight_+%"
            },
            "ItemTagQuery": {
                "RowName": "Any_Building"
            }
        },
        {
            "Name": "Wood_Building",
            "WeightStatToApply": {
                "Value": "BaseWoodBuildableCarryWeight_+%"
            },
            "ItemTagQuery": {
                "RowName": "Building_Wood"
            }
        },
        {
            "Name": "Stone_Building",
            "WeightStatToApply": {
                "Value": "BaseStoneBuildableCarryWeight_+%"
            },
            "ItemTagQuery": {
                "RowName": "Building_Stone"
            }
        },
        {
            "Name": "Thatch_Building",
            "WeightStatToApply": {
                "Value": "BaseThatchBuildableCarryWeight_+%"
            },
            "ItemTagQuery": {
                "RowName": "Building_Thatch"
            }
        },
        {
            "Name": "Concrete_Building",
            "WeightStatToApply": {
                "Value": "BaseConcreteBuildableCarryWeight_+%"
            },
            "ItemTagQuery": {
                "RowName": "Building_Concrete"
            }
        },
        {
            "Name": "Resource_Ore",
            "WeightStatToApply": {
                "Value": "BaseOreCarryWeight_+%"
            },
            "ItemTagQuery": {
                "RowName": "Any_Ore"
            }
        },
        {
            "Name": "Resource_Stone",
            "WeightStatToApply": {
                "Value": "BaseStoneCarryWeight_+%"
            },
            "ItemTagQuery": {
                "RowName": "Resource_Stone"
            }
        },
        {
            "Name": "Resource_Fiber",
            "WeightStatToApply": {
                "Value": "BaseFiberCarryWeight_+%"
            },
            "ItemTagQuery": {
                "RowName": "Resource_Fiber"
            }
        },
        {
            "Name": "Resource_Sticks",
            "WeightStatToApply": {
                "Value": "BaseStickCarryWeight_+%"
            },
            "ItemTagQuery": {
                "RowName": "Resource_Sticks"
            }
        },
        {
            "Name": "Resource_Wood",
            "WeightStatToApply": {
                "Value": "BaseWoodCarryWeight_+%"
            },
            "ItemTagQuery": {
                "RowName": "Resource_Wood"
            }
        },
        {
            "Name": "Resource_Exotic",
            "WeightStatToApply": {
                "Value": "BaseExoticCarryWeight_+%"
            },
            "ItemTagQuery": {
                "RowName": "Any_Exotic"
            }
        },
        {
            "Name": "Firearm",
            "WeightStatToApply": {
                "Value": "BaseFirearmCarryWeight_+%"
            },
            "ItemTagQuery": {
                "RowName": "Any_Firearm"
            }
        },
        {
            "Name": "CarriedExtractor",
            "WeightStatToApply": {
                "Value": "BaseExtractorCarryWeight_+%"
            },
            "ItemTagQuery": {
                "RowName": "Any_Extractor"
            }
        }
    ]
}