{
    "RowStruct": "/Script/Icarus.FarmableData",
    "Defaults": {
        "AllowedSeeds": [],
        "NumberOfCultivations": 1,
        "bReseedsAfterHarvest": false
    },
    "Rows": [
        {
            "Name": "Small_Planter",
            "AllowedSeeds": [
                {
                    "RowName": "Beans",
                    "DataTableName": "D_FarmingSeeds"
                },
                {
                    "RowName": "BerryBush",
                    "DataTableName": "D_FarmingSeeds"
                },
                {
                    "RowName": "Carrot",
                    "DataTableName": "D_FarmingSeeds"
                },
                {
                    "RowName": "Cocoa",
                    "DataTableName": "D_FarmingSeeds"
                },
                {
                    "RowName": "Coffee",
                    "DataTableName": "D_FarmingSeeds"
                },
                {
                    "RowName": "Corn",
                    "DataTableName": "D_FarmingSeeds"
                },
                {
                    "RowName": "GreenTea",
                    "DataTableName": "D_FarmingSeeds"
                },
                {
                    "RowName": "Lily",
                    "DataTableName": "D_FarmingSeeds"
                },
                {
                    "RowName": "Pumpkin",
                    "DataTableName": "D_FarmingSeeds"
                },
                {
                    "RowName": "ReedFlower",
                    "DataTableName": "D_FarmingSeeds"
                },
                {
                    "RowName": "Squash",
                    "DataTableName": "D_FarmingSeeds"
                },
                {
                    "RowName": "Watermelon",
                    "DataTableName": "D_FarmingSeeds"
                },
                {
                    "RowName": "Wheat",
                    "DataTableName": "D_FarmingSeeds"
                },
                {
                    "RowName": "WildTea",
                    "DataTableName": "D_FarmingSeeds"
                },
                {
                    "RowName": "Yeast",
                    "DataTableName": "D_FarmingSeeds"
                },
                {
                    "RowName": "Mushroom",
                    "DataTableName": "D_FarmingSeeds"
                },
                {
                    "RowName": "Potato",
                    "DataTableName": "D_FarmingSeeds"
                },
                {
                    "RowName": "Tomato",
                    "DataTableName": "D_FarmingSeeds"
                },
                {
                    "RowName": "Red_Exotic_Seed",
                    "DataTableName": "D_FarmingSeeds"
                },
                {
                    "RowName": "Rhubarb",
                    "DataTableName": "D_FarmingSeeds"
                },
                {
                    "RowName": "Kumara",
                    "DataTableName": "D_FarmingSeeds"
                },
                {
                    "RowName": "Avocado",
                    "DataTableName": "D_FarmingSeeds"
                },
                {
                    "RowName": "Strawberry",
                    "DataTableName": "D_FarmingSeeds"
                },
                {
                    "RowName": "Fiber",
                    "DataTableName": "D_FarmingSeeds"
                },
                {
                    "RowName": "Test_Seed",
                    "DataTableName": "D_FarmingSeeds"
                },
                {
                    "RowName": "Sugar_Cane",
                    "DataTableName": "D_FarmingSeeds"
                },
                {
                    "RowName": "Coconut",
                    "DataTableName": "D_FarmingSeeds"
                },
                {
                    "RowName": "Bramble",
                    "DataTableName": "D_FarmingSeeds"
                }
            ],
            "bReseedsAfterHarvest": true
        },
        {
            "Name": "Dirt_Mound",
            "AllowedSeeds": [
                {
                    "RowName": "Beans",
                    "DataTableName": "D_FarmingSeeds"
                },
                {
                    "RowName": "BerryBush",
                    "DataTableName": "D_FarmingSeeds"
                },
                {
                    "RowName": "Carrot",
                    "DataTableName": "D_FarmingSeeds"
                },
                {
                    "RowName": "Cocoa",
                    "DataTableName": "D_FarmingSeeds"
                },
                {
                    "RowName": "Coffee",
                    "DataTableName": "D_FarmingSeeds"
                },
                {
                    "RowName": "Corn",
                    "DataTableName": "D_FarmingSeeds"
                },
                {
                    "RowName": "GreenTea",
                    "DataTableName": "D_FarmingSeeds"
                },
                {
                    "RowName": "Lily",
                    "DataTableName": "D_FarmingSeeds"
                },
                {
                    "RowName": "Pumpkin",
                    "DataTableName": "D_FarmingSeeds"
                },
                {
                    "RowName": "ReedFlower",
                    "DataTableName": "D_FarmingSeeds"
                },
                {
                    "RowName": "Squash",
                    "DataTableName": "D_FarmingSeeds"
                },
                {
                    "RowName": "Watermelon",
                    "DataTableName": "D_FarmingSeeds"
                },
                {
                    "RowName": "Wheat",
                    "DataTableName": "D_FarmingSeeds"
                },
                {
                    "RowName": "WildTea",
                    "DataTableName": "D_FarmingSeeds"
                },
                {
                    "RowName": "Yeast",
                    "DataTableName": "D_FarmingSeeds"
                },
                {
                    "RowName": "Mushroom",
                    "DataTableName": "D_FarmingSeeds"
                },
                {
                    "RowName": "Potato",
                    "DataTableName": "D_FarmingSeeds"
                },
                {
                    "RowName": "Tomato",
                    "DataTableName": "D_FarmingSeeds"
                },
                {
                    "RowName": "Red_Exotic_Seed",
                    "DataTableName": "D_FarmingSeeds"
                },
                {
                    "RowName": "Rhubarb",
                    "DataTableName": "D_FarmingSeeds"
                },
                {
                    "RowName": "Kumara",
                    "DataTableName": "D_FarmingSeeds"
                },
                {
                    "RowName": "Avocado",
                    "DataTableName": "D_FarmingSeeds"
                },
                {
                    "RowName": "Strawberry",
                    "DataTableName": "D_FarmingSeeds"
                },
                {
                    "RowName": "Fiber",
                    "DataTableName": "D_FarmingSeeds"
                },
                {
                    "RowName": "Test_Seed",
                    "DataTableName": "D_FarmingSeeds"
                },
                {
                    "RowName": "Sugar_Cane",
                    "DataTableName": "D_FarmingSeeds"
                },
                {
                    "RowName": "Coconut",
                    "DataTableName": "D_FarmingSeeds"
                },
                {
                    "RowName": "Bramble",
                    "DataTableName": "D_FarmingSeeds"
                }
            ]
        }
    ]
}