{
    "RowStruct": "/Script/Icarus.IcarusFoodType",
    "Defaults": {
        "TagQuery": {
            "RowName": "None",
            "DataTableName": "D_TagQueries"
        }
    },
    "GenerateEnum": true,
    "Rows": [
        {
            "Name": "Cooked",
            "TagQuery": {
                "RowName": "Food_Cooked"
            }
        },
        {
            "Name": "Raw",
            "TagQuery": {
                "RowName": "Food_Raw"
            }
        },
        {
            "Name": "Spoiled",
            "TagQuery": {
                "RowName": "Food_Spoiled"
            }
        }
    ]
}