{
    "RowStruct": "/Script/Icarus.IcarusProjectileType",
    "Defaults": {
        "TagQuery": {
            "RowName": "None",
            "DataTableName": "D_TagQueries"
        }
    },
    "GenerateEnum": true,
    "Rows": [
        {
            "Name": "Invalid"
        },
        {
            "Name": "Knife",
            "TagQuery": {
                "RowName": "Any_Knife"
            }
        },
        {
            "Name": "Spear",
            "TagQuery": {
                "RowName": "Any_Spear"
            }
        },
        {
            "Name": "Arrow",
            "TagQuery": {
                "RowName": "Projectile_Arrow"
            }
        },
        {
            "Name": "Bullet",
            "TagQuery": {
                "RowName": "Projectile_Bullet"
            }
        },
        {
            "Name": "Bolt",
            "TagQuery": {
                "RowName": "Projectile_Bolt"
            }
        }
    ]
}