{
  "documents": [
    {
      "name": "projects/projectdaedalus-fb09f/databases/(default)/documents/mods/2cbf2wNV0bmFCkRt75qz",
      "fields": {
        "name": {
          "stringValue": "Easy Cave"
        },
        "fileURL": {
          "stringValue": "https://github.com/Jimk72/Icarus_Mods/raw/main/Jimk_Easy_Cave_P.pak"
        },
        "imageURL": {
          "stringValue": ""
        },
        "compatibility": {
          "stringValue": "w57"
        },
        "fileType": {
          "stringValue": "pak"
        },
        "description": {
          "stringValue": "This prevents Caveworms from spawning and removes the cave debuff to change the game back to pre-release mode."
        },
        "author": {
          "stringValue": "Jimk72"
        },
        "version": {
          "stringValue": "1.0"
        },
        "long_description": {
          "stringValue": ""
        }
      },
      "createTime": "2023-01-11T06:06:59.298234Z",
      "updateTime": "2023-01-11T06:06:59.298234Z"
    },
    {
      "name": "projects/projectdaedalus-fb09f/databases/(default)/documents/mods/3VY07Pm7rf5028bqax9U",
      "fields": {
        "long_description": {
          "stringValue": "This modifies all structure UASSET files for added height ability and removes the building difference part so they are all the same. So wood can be built just as high as concrete and is interchangable. I could not change the amount of side build so spanning a large gap is still not possible without support But you can build extremely high! Just remember if you build with this mod and then load the level without the mod installed your structure may fail!"
        },
        "fileURL": {
          "stringValue": "https://github.com/Jimk72/Icarus_Mods/raw/main/Building_Height_Strength_P.pak"
        },
        "version": {
          "stringValue": "1.0"
        },
        "compatibility": {
          "stringValue": "w56"
        },
        "author": {
          "stringValue": "Jimk72"
        },
        "description": {
          "stringValue": "Changes all building materials to be stronger than concrete for super tall structures."
        },
        "name": {
          "stringValue": "Building Height and Strength"
        },
        "fileType": {
          "stringValue": "pak"
        },
        "imageURL": {
          "stringValue": "https://github.com/Jimk72/Icarus_Mods/raw/main/Building_Height_Strength_P.png"
        }
      },
      "createTime": "2023-01-01T21:41:50.237181Z",
      "updateTime": "2023-01-11T06:06:57.350309Z"
    },
    {
      "name": "projects/projectdaedalus-fb09f/databases/(default)/documents/mods/3jLl6obff7Vb0q31Mbwl",
      "fields": {
        "version": {
          "stringValue": "1.0"
        },
        "fileType": {
          "stringValue": "pak"
        },
        "imageURL": {
          "stringValue": "https://github.com/Jimk72/Icarus_Mods/raw/main/Jimk_Craftables.png"
        },
        "fileURL": {
          "stringValue": "https://github.com/Jimk72/Icarus_Mods/raw/main/Jimk_Craftables_P.pak"
        },
        "description": {
          "stringValue": "Allows crafting of large statues for display in your home or patio."
        },
        "author": {
          "stringValue": "Jimk72"
        },
        "name": {
          "stringValue": "Craftables"
        },
        "compatibility": {
          "stringValue": "w57"
        },
        "long_description": {
          "stringValue": "The Items that are avail to craft include Windmill, Cupboard, Interior Cupboard, Metal Cupboard, Large Stone Cave worm statue, Extremely Large Stone Caveworm statue, Large Stone Deer statue, Large Stone Elephant statue, Large Wood Deer stature."
        }
      },
      "createTime": "2023-01-11T06:06:59.086903Z",
      "updateTime": "2023-01-11T06:06:59.086903Z"
    },
    {
      "name": "projects/projectdaedalus-fb09f/databases/(default)/documents/mods/3mmr0RuE7PTciqN2x9Aj",
      "fields": {
        "imageURL": {
          "stringValue": "https://github.com/Venomtron/Icarus-Mods/raw/main/Venomtron.png"
        },
        "name": {
          "stringValue": "Venomtron"
        },
        "compatibility": {
          "stringValue": "W58"
        },
        "version": {
          "stringValue": "1.0"
        },
        "fileURL": {
          "stringValue": "https://github.com/Venomtron/Icarus-Mods/raw/main/Venomtron.pak"
        },
        "fileType": {
          "stringValue": "pak"
        },
        "long_description": {
          "nullValue": null
        },
        "author": {
          "stringValue": "Venomtron"
        },
        "description": {
          "stringValue": "Large amount of basic changes to the game see read me on Github for full details"
        }
      },
      "createTime": "2023-01-11T06:22:50.989824Z",
      "updateTime": "2023-01-13T05:54:26.604931Z"
    },
    {
      "name": "projects/projectdaedalus-fb09f/databases/(default)/documents/mods/57MaMSfOIBU9V4qONbMc",
      "fields": {
        "version": {
          "stringValue": "1.0"
        },
        "fileType": {
          "stringValue": "pak"
        },
        "long_description": {
          "stringValue": ""
        },
        "name": {
          "stringValue": "Mini Generator"
        },
        "imageURL": {
          "stringValue": "https://github.com/Jimk72/Icarus_Mods/raw/main/Mini_Generator.png"
        },
        "author": {
          "stringValue": "Jimk72"
        },
        "fileURL": {
          "stringValue": "https://github.com/Jimk72/Icarus_Mods/raw/main/Mini_Generator_P.pak"
        },
        "compatibility": {
          "stringValue": "w57"
        },
        "description": {
          "stringValue": "Replaces the Biofuel generator model with a much smaller version so you can place it on top of items and allows them to be stacked."
        }
      },
      "createTime": "2023-01-11T06:07:00.097493Z",
      "updateTime": "2023-01-11T06:07:00.097493Z"
    },
    {
      "name": "projects/projectdaedalus-fb09f/databases/(default)/documents/mods/62sk5Q9Qym3q22VP74zR",
      "fields": {
        "long_description": {
          "stringValue": "This is depreciated. I am working on a menu system in game to enable these changes on the fly."
        },
        "author": {
          "stringValue": "Jimk72"
        },
        "fileURL": {
          "stringValue": "https://github.com/Jimk72/Icarus_Mods/raw/main/Jimk_700_Jump_P.pak"
        },
        "imageURL": {
          "stringValue": ""
        },
        "compatibility": {
          "stringValue": "w56"
        },
        "fileType": {
          "stringValue": "pak"
        },
        "description": {
          "stringValue": "Changes the jump height to 700"
        },
        "version": {
          "stringValue": "1.0"
        },
        "name": {
          "stringValue": "700 Jump"
        }
      },
      "createTime": "2023-01-01T21:41:51.694567Z",
      "updateTime": "2023-01-11T06:06:58.750647Z"
    },
    {
      "name": "projects/projectdaedalus-fb09f/databases/(default)/documents/mods/HAvrHgM6r07FENXIi9GM",
      "fields": {
        "fileType": {
          "stringValue": "pak"
        },
        "author": {
          "stringValue": "Jimk72"
        },
        "name": {
          "stringValue": "900 Jump"
        },
        "version": {
          "stringValue": "1.0"
        },
        "imageURL": {
          "stringValue": ""
        },
        "compatibility": {
          "stringValue": "w56"
        },
        "description": {
          "stringValue": "Changes the jump height to 900"
        },
        "long_description": {
          "stringValue": "This is depreciated. I am working on a menu system in game to enable these changes on the fly."
        },
        "fileURL": {
          "stringValue": "https://github.com/Jimk72/Icarus_Mods/raw/main/Jimk_900_Jump_P.pak"
        }
      },
      "createTime": "2023-01-01T21:41:51.893414Z",
      "updateTime": "2023-01-11T06:06:58.980033Z"
    },
    {
      "name": "projects/projectdaedalus-fb09f/databases/(default)/documents/mods/IWF6LBV6YsE0mROvBD6Q",
      "fields": {
        "compatibility": {
          "stringValue": "w57"
        },
        "name": {
          "stringValue": "Zombie Wolf Texture"
        },
        "author": {
          "stringValue": "Jimk72"
        },
        "description": {
          "stringValue": "Changes the Wolfs texture to make it look like a zombie wolf."
        },
        "long_description": {
          "stringValue": ""
        },
        "fileURL": {
          "stringValue": "https://github.com/Jimk72/Icarus_Mods/raw/main/ZombieWolf_Texture_P.pak"
        },
        "version": {
          "stringValue": "1.0"
        },
        "fileType": {
          "stringValue": "pak"
        },
        "imageURL": {
          "stringValue": ""
        }
      },
      "createTime": "2023-01-11T06:07:01.045635Z",
      "updateTime": "2023-01-11T06:07:01.045635Z"
    },
    {
      "name": "projects/projectdaedalus-fb09f/databases/(default)/documents/mods/J52VPwIbidkJFH1zmdai",
      "fields": {
        "description": {
          "stringValue": "Pr0fPack, Is A Overhaul Mod, Which Changes Alot Of Things"
        },
        "fileURL": {
          "stringValue": "https://gitlab.floofsnetwork.xyz/icarus-modding/Mods/-/raw/master/Pr0f23ss0R/pr0fpack/Pr0fPack_P.pak?inline=false"
        },
        "imageURL": {
          "nullValue": null
        },
        "long_description": {
          "nullValue": null
        },
        "author": {
          "stringValue": "Pr0f23ss0R"
        },
        "compatibility": {
          "stringValue": "w58"
        },
        "version": {
          "stringValue": "1.0"
        },
        "fileType": {
          "stringValue": "pak"
        },
        "name": {
          "stringValue": "Pr0fPack"
        }
      },
      "createTime": "2023-01-03T04:43:29.108268Z",
      "updateTime": "2023-01-14T13:45:18.047798Z"
    },
    {
      "name": "projects/projectdaedalus-fb09f/databases/(default)/documents/mods/M7r38GTfPl9edw4yNyxx",
      "fields": {
        "imageURL": {
          "stringValue": ""
        },
        "compatibility": {
          "stringValue": "w57"
        },
        "version": {
          "stringValue": "1.0"
        },
        "fileURL": {
          "stringValue": "https://github.com/Jimk72/Icarus_Mods/raw/main/More_Daylight_P.pak"
        },
        "description": {
          "stringValue": "Its supposed to add more daylight hours to the game. Seems to work sometimes."
        },
        "fileType": {
          "stringValue": "pak"
        },
        "long_description": {
          "stringValue": ""
        },
        "name": {
          "stringValue": "More Daylight"
        },
        "author": {
          "stringValue": "Jimk72"
        }
      },
      "createTime": "2023-01-11T06:07:00.300692Z",
      "updateTime": "2023-01-11T06:07:00.300692Z"
    },
    {
      "name": "projects/projectdaedalus-fb09f/databases/(default)/documents/mods/OU8NtLjO5B29sGWIPjxi",
      "fields": {
        "long_description": {
          "stringValue": ""
        },
        "description": {
          "stringValue": "This makes every zone of Icarus the same with very high level animals."
        },
        "imageURL": {
          "stringValue": ""
        },
        "author": {
          "stringValue": "Jimk72"
        },
        "fileURL": {
          "stringValue": "https://github.com/Jimk72/Icarus_Mods/raw/main/HardMode_P.pak"
        },
        "version": {
          "stringValue": "1.0"
        },
        "compatibility": {
          "stringValue": "w56"
        },
        "fileType": {
          "stringValue": "pak"
        },
        "name": {
          "stringValue": "Hard Mode"
        }
      },
      "createTime": "2023-01-01T21:41:51.289616Z",
      "updateTime": "2023-01-11T06:06:58.299381Z"
    },
    {
      "name": "projects/projectdaedalus-fb09f/databases/(default)/documents/mods/OttQjTpzpUSgvns492fO",
      "fields": {
        "fileURL": {
          "stringValue": "https://github.com/Jimk72/Icarus_Mods/raw/main/HalloweenPumpkins_P.pak"
        },
        "description": {
          "stringValue": "Allows crafting of several variations of Halloween Pumpkins to deploy around your home."
        },
        "fileType": {
          "stringValue": "pak"
        },
        "name": {
          "stringValue": "Halloween Pumpkins"
        },
        "author": {
          "stringValue": "Jimk72"
        },
        "version": {
          "stringValue": "1.0"
        },
        "imageURL": {
          "stringValue": "https://github.com/Jimk72/Icarus_Mods/raw/main/HalloweenPumpkins.png"
        },
        "long_description": {
          "stringValue": "I created this for halloween. I always thought it was cool how some games released content for holidays. I know this is a survival game but who doesnt enjoy the holidays!"
        },
        "compatibility": {
          "stringValue": "w56"
        }
      },
      "createTime": "2023-01-01T21:41:51.187394Z",
      "updateTime": "2023-01-11T06:06:58.157903Z"
    },
    {
      "name": "projects/projectdaedalus-fb09f/databases/(default)/documents/mods/QrhqqG6b5Ev3lNaaBv3C",
      "fields": {
        "compatibility": {
          "stringValue": "w58"
        },
        "author": {
          "stringValue": "Pr0f23ss0R"
        },
        "fileURL": {
          "stringValue": "https://gitlab.floofsnetwork.xyz/icarus-modding/Mods/-/raw/master/Pr0f23ss0R/standalone/Pr0fInventoryExtensions_P.pak?inline=false"
        },
        "long_description": {
          "nullValue": null
        },
        "version": {
          "stringValue": "1.0"
        },
        "description": {
          "stringValue": "30 DropShip slots + prefilled canteen and o2 tank from the workshop"
        },
        "fileType": {
          "stringValue": "pak"
        },
        "name": {
          "stringValue": "Pr0fInventoryExtensions"
        },
        "imageURL": {
          "nullValue": null
        }
      },
      "createTime": "2023-01-03T04:43:29.287019Z",
      "updateTime": "2023-01-14T13:45:18.245182Z"
    },
    {
      "name": "projects/projectdaedalus-fb09f/databases/(default)/documents/mods/Sb2fTWPnunjnOLzZLrS4",
      "fields": {
        "fileType": {
          "stringValue": "pak"
        },
        "author": {
          "stringValue": "TheOrangeFloof"
        },
        "version": {
          "stringValue": "42.0"
        },
        "long_description": {
          "nullValue": null
        },
        "fileURL": {
          "stringValue": "https://gitlab.floofsnetwork.xyz/icarus-modding/Mods/-/raw/master/TheOrangeFloof/Floof_Modpack_P.pak?inline=false"
        },
        "name": {
          "stringValue": "Floofs ModPack"
        },
        "compatibility": {
          "stringValue": "w68"
        },
        "imageURL": {
          "nullValue": null
        },
        "description": {
          "stringValue": "Floofs Modpack, Introduces A Bunch Of Changes And Overhauls To Items"
        }
      },
      "createTime": "2023-01-03T04:43:29.015482Z",
      "updateTime": "2023-01-14T13:45:17.952765Z"
    },
    {
      "name": "projects/projectdaedalus-fb09f/databases/(default)/documents/mods/Sp9FKdERlP7yHfZeCqqw",
      "fields": {
        "name": {
          "stringValue": "Bear Mount"
        },
        "fileType": {
          "stringValue": "pak"
        },
        "description": {
          "stringValue": "Allows the raising of cubs into full grown bear mounts."
        },
        "author": {
          "stringValue": "Jimk72"
        },
        "version": {
          "stringValue": "2.0"
        },
        "fileURL": {
          "stringValue": "https://github.com/Jimk72/Icarus_Mods/raw/main/Bear_Mount_P.pak"
        },
        "long_description": {
          "stringValue": "This add Mount options to the bears! All saddles work on the bear. Just find a momma bear and finish it off and then escort the juvenile bear back to a safe place with water, and a bed until it grows up to be a full sized bear! Bears don’t jump but I set the stand/look around animation to the jump button. The left mouse button does a bear attack to rid those in your path. You can hand feed them but they will not eat on thier own so I removed the need so they wont die off from starvation."
        },
        "imageURL": {
          "stringValue": "https://github.com/Jimk72/Icarus_Mods/raw/main/Bear_Mount_P.png"
        },
        "compatibility": {
          "stringValue": "w56"
        }
      },
      "createTime": "2023-01-01T21:41:50.125927Z",
      "updateTime": "2023-01-11T06:06:57.232525Z"
    },
    {
      "name": "projects/projectdaedalus-fb09f/databases/(default)/documents/mods/Thl878RGCpFQpX45qluM",
      "fields": {
        "compatibility": {
          "stringValue": "w58"
        },
        "author": {
          "stringValue": "TheOrangeFloof"
        },
        "long_description": {
          "nullValue": null
        },
        "fileURL": {
          "stringValue": "https://gitlab.floofsnetwork.xyz/icarus-modding/Mods/-/raw/master/TheOrangeFloof/Extraction_10_Seconds_P.pak?inline=false"
        },
        "description": {
          "stringValue": "Decreases Exotics Extractor Time To 10 Seconds"
        },
        "fileType": {
          "stringValue": "pak"
        },
        "version": {
          "stringValue": "1.0"
        },
        "name": {
          "stringValue": "Extraction 10 Seconds"
        },
        "imageURL": {
          "nullValue": null
        }
      },
      "createTime": "2023-01-01T21:41:51.095870Z",
      "updateTime": "2023-01-14T13:45:17.541217Z"
    },
    {
      "name": "projects/projectdaedalus-fb09f/databases/(default)/documents/mods/Ura9Xz3qwChiANtQroQ6",
      "fields": {
        "fileType": {
          "stringValue": "pak"
        },
        "author": {
          "stringValue": "Donovan"
        },
        "long_description": {
          "stringValue": "Halfs the critical kill cam time. *WARNING* This mod is not compatible with multiplayer, and may cause desyncs!"
        },
        "imageURL": {
          "nullValue": null
        },
        "version": {
          "stringValue": "1.0"
        },
        "compatibility": {
          "stringValue": "w56"
        },
        "fileURL": {
          "stringValue": "https://github.com/DonovanMods/Icarus-Mods/raw/main/FasterKillCam/FasterKillCam_P.pak"
        },
        "description": {
          "stringValue": "Halfs the critical kill cam time [Solo players only]"
        },
        "name": {
          "stringValue": "Faster Kill Cam"
        }
      },
      "createTime": "2022-12-29T18:38:45.571095Z",
      "updateTime": "2023-01-09T05:40:44.352298Z"
    },
    {
      "name": "projects/projectdaedalus-fb09f/databases/(default)/documents/mods/XVDjDOPacOxcJKidCF2N",
      "fields": {
        "description": {
          "stringValue": "Extractors & Radars can be placed in inventory"
        },
        "version": {
          "stringValue": "1.0"
        },
        "imageURL": {
          "stringValue": "https://github.com/Venomtron/Icarus-Mods/raw/main/Extractor-Radar_P.png"
        },
        "name": {
          "stringValue": "Extractor-Radar"
        },
        "compatibility": {
          "stringValue": "W58"
        },
        "fileType": {
          "stringValue": "pak"
        },
        "author": {
          "stringValue": "Venomtron"
        },
        "long_description": {
          "nullValue": null
        },
        "fileURL": {
          "stringValue": "https://github.com/Venomtron/Icarus-Mods/raw/main/Extractor-Radar_P.pak"
        }
      },
      "createTime": "2023-01-11T06:22:51.085233Z",
      "updateTime": "2023-01-13T05:54:26.705869Z"
    },
    {
      "name": "projects/projectdaedalus-fb09f/databases/(default)/documents/mods/XiEOOsdcOfFw4HaT6423",
      "fields": {
        "author": {
          "stringValue": "Jimk72"
        },
        "name": {
          "stringValue": "Extraction 10 Seconds"
        },
        "compatibility": {
          "stringValue": "w56"
        },
        "fileType": {
          "stringValue": "pak"
        },
        "imageURL": {
          "stringValue": "https://github.com/Jimk72/Icarus_Mods/raw/main/Extraction_10_Seconds.png"
        },
        "description": {
          "stringValue": "Changes the extraction speed to 10 seconds per ore."
        },
        "fileURL": {
          "stringValue": "https://github.com/Jimk72/Icarus_Mods/raw/main/Extraction_10_Seconds_P.pak"
        },
        "version": {
          "stringValue": "1.0"
        },
        "long_description": {
          "stringValue": ""
        }
      },
      "createTime": "2023-01-01T21:41:51.002562Z",
      "updateTime": "2023-01-11T06:06:57.926619Z"
    },
    {
      "name": "projects/projectdaedalus-fb09f/databases/(default)/documents/mods/XtquLIEhfuWZmZqFvGt1",
      "fields": {
        "version": {
          "stringValue": "1.0"
        },
        "fileType": {
          "stringValue": "pak"
        },
        "imageURL": {
          "stringValue": ""
        },
        "description": {
          "stringValue": "Gives 1000 Seconds of the respawn buff when you die and increases the out of bounds time to 50 seconds."
        },
        "long_description": {
          "stringValue": "This is depreciated. I am working on a menu system in game to enable these changes on the fly."
        },
        "author": {
          "stringValue": "Jimk72"
        },
        "fileURL": {
          "stringValue": "https://github.com/Jimk72/Icarus_Mods/raw/main/Jimk_50_Seconds_OutofBounds_P.pak"
        },
        "name": {
          "stringValue": "50 seconds out of bounds timer"
        },
        "compatibility": {
          "stringValue": "w56"
        }
      },
      "createTime": "2023-01-01T21:41:51.597569Z",
      "updateTime": "2023-01-11T06:06:58.632037Z"
    },
    {
      "name": "projects/projectdaedalus-fb09f/databases/(default)/documents/mods/ZEDwUlM8MHbcNABMBc9B",
      "fields": {
        "author": {
          "stringValue": "Jimk72"
        },
        "long_description": {
          "stringValue": ""
        },
        "name": {
          "stringValue": "Prefilled Items"
        },
        "imageURL": {
          "stringValue": ""
        },
        "compatibility": {
          "stringValue": "w57"
        },
        "description": {
          "stringValue": "When liquid and oxygen containers are crafted they will come pre filled."
        },
        "fileURL": {
          "stringValue": "https://github.com/Jimk72/Icarus_Mods/raw/main/Prefilled_Items_P.pak"
        },
        "fileType": {
          "stringValue": "pak"
        },
        "version": {
          "stringValue": "1.0"
        }
      },
      "createTime": "2023-01-11T06:07:00.515057Z",
      "updateTime": "2023-01-11T06:07:00.515057Z"
    },
    {
      "name": "projects/projectdaedalus-fb09f/databases/(default)/documents/mods/Zg5gTkKdGo9XXSpD061c",
      "fields": {
        "name": {
          "stringValue": "Windmill"
        },
        "version": {
          "stringValue": "1.0"
        },
        "author": {
          "stringValue": "Jimk72"
        },
        "fileURL": {
          "stringValue": "https://github.com/Jimk72/Icarus_Mods/raw/main/Windmill_Generator_P.pak"
        },
        "description": {
          "stringValue": "Allows you to craft a windmill generator. This should have been in game from begining."
        },
        "fileType": {
          "stringValue": "pak"
        },
        "imageURL": {
          "stringValue": "https://github.com/Jimk72/Icarus_Mods/raw/main/Windmill_Generator.png"
        },
        "long_description": {
          "stringValue": "Item is crafted in character using Wood, Leather, Rope, Iron Nails, and Refined Metal. Will supply 5000 watts? of Electric energy. I Added this to the game because I always felt the grind to get lights was way to much. I later created Puck lights that run on batteries to also help with the grind for electricity."
        },
        "compatibility": {
          "stringValue": "w57"
        }
      },
      "createTime": "2023-01-12T00:28:46.190137Z",
      "updateTime": "2023-01-12T00:28:46.190137Z"
    },
    {
      "name": "projects/projectdaedalus-fb09f/databases/(default)/documents/mods/ZrnGDYnN2fw8xKVXWuoK",
      "fields": {
        "compatibility": {
          "stringValue": "w56"
        },
        "description": {
          "stringValue": "Changes the jump height to 800"
        },
        "fileURL": {
          "stringValue": "https://github.com/Jimk72/Icarus_Mods/raw/main/Jimk_800_Jump_P.pak"
        },
        "version": {
          "stringValue": "1.0"
        },
        "fileType": {
          "stringValue": "pak"
        },
        "author": {
          "stringValue": "Jimk72"
        },
        "imageURL": {
          "stringValue": ""
        },
        "long_description": {
          "stringValue": "This is depreciated. I am working on a menu system in game to enable these changes on the fly."
        },
        "name": {
          "stringValue": "800 Jump"
        }
      },
      "createTime": "2023-01-01T21:41:51.794423Z",
      "updateTime": "2023-01-11T06:06:58.871552Z"
    },
    {
      "name": "projects/projectdaedalus-fb09f/databases/(default)/documents/mods/aC9TsZ5zWdYTA8HMDkgv",
      "fields": {
        "long_description": {
          "nullValue": null
        },
        "author": {
          "stringValue": "TheOrangeFloof"
        },
        "fileType": {
          "stringValue": "pak"
        },
        "version": {
          "stringValue": "1.0"
        },
        "description": {
          "stringValue": "Increases Displayed Level And Max Level, Does Not Grant Extra Points After Level 50"
        },
        "imageURL": {
          "nullValue": null
        },
        "name": {
          "stringValue": "Floof LevelCap"
        },
        "compatibility": {
          "stringValue": "w58"
        },
        "fileURL": {
          "stringValue": "https://gitlab.floofsnetwork.xyz/icarus-modding/Mods/-/raw/master/TheOrangeFloof/FloofLevelCap%20_P.pak?inline=false"
        }
      },
      "createTime": "2023-01-03T04:43:28.831033Z",
      "updateTime": "2023-01-14T13:45:17.748312Z"
    },
    {
      "name": "projects/projectdaedalus-fb09f/databases/(default)/documents/mods/aQz2GKso5vIBAjh8XHpU",
      "fields": {
        "fileType": {
          "stringValue": "pak"
        },
        "long_description": {
          "stringValue": "This is a UASSET mod that removes the short limit initialy added to the Photo Camera. You can get great far away shots of your buildings and structures."
        },
        "name": {
          "stringValue": "Camera Distance"
        },
        "author": {
          "stringValue": "Jimk72"
        },
        "imageURL": {
          "stringValue": "https://github.com/Jimk72/Icarus_Mods/raw/main/Camera_Distance_P.png"
        },
        "description": {
          "stringValue": "Allows the photo camera to move far away from player to get better shots."
        },
        "compatibility": {
          "stringValue": "w56"
        },
        "version": {
          "stringValue": "1.0"
        },
        "fileURL": {
          "stringValue": "https://github.com/Jimk72/Icarus_Mods/raw/main/Camera_Distance_P.pak"
        }
      },
      "createTime": "2023-01-01T21:41:50.344038Z",
      "updateTime": "2023-01-11T06:06:57.446512Z"
    },
    {
      "name": "projects/projectdaedalus-fb09f/databases/(default)/documents/mods/aX4eEaQtOVCnk93eNEM9",
      "fields": {
        "fileURL": {
          "stringValue": "https://gitlab.floofsnetwork.xyz/icarus-modding/Mods/-/raw/master/Pr0f23ss0R/qolpack/QolPack_P.pak?inline=false"
        },
        "imageURL": {
          "nullValue": null
        },
        "fileType": {
          "stringValue": "pak"
        },
        "description": {
          "stringValue": "Adds A Few QOL Changes To Inventory, Equiment And Crafting"
        },
        "name": {
          "stringValue": "QolPack"
        },
        "compatibility": {
          "stringValue": "w58"
        },
        "author": {
          "stringValue": "Pr0f23ss0R"
        },
        "version": {
          "stringValue": "1.0"
        },
        "long_description": {
          "nullValue": null
        }
      },
      "createTime": "2023-01-03T04:43:29.200351Z",
      "updateTime": "2023-01-14T13:45:18.143854Z"
    },
    {
      "name": "projects/projectdaedalus-fb09f/databases/(default)/documents/mods/bRiAUoVCEZy2b8GFMU6f",
      "fields": {
        "long_description": {
          "stringValue": ""
        },
        "description": {
          "stringValue": "This mod allows you to place normaly G slot only items(Extractors, radars, ect) in any slot including character inventory. Really helps out the solo players!"
        },
        "name": {
          "stringValue": "Remove G slot restrictions"
        },
        "compatibility": {
          "stringValue": "w57"
        },
        "fileType": {
          "stringValue": "pak"
        },
        "version": {
          "stringValue": "1.0"
        },
        "imageURL": {
          "stringValue": ""
        },
        "author": {
          "stringValue": "Jimk72"
        },
        "fileURL": {
          "stringValue": "https://github.com/Jimk72/Icarus_Mods/raw/main/Remove_G_Slot_Restrictions_P.pak"
        }
      },
      "createTime": "2023-01-11T06:07:00.630229Z",
      "updateTime": "2023-01-11T06:07:00.630229Z"
    },
    {
      "name": "projects/projectdaedalus-fb09f/databases/(default)/documents/mods/dPSwal6UtRMavnHkdeGY",
      "fields": {
        "fileType": {
          "stringValue": "pak"
        },
        "compatibility": {
          "stringValue": "w56"
        },
        "fileURL": {
          "stringValue": "https://github.com/DonovanMods/Icarus-Mods/raw/main/LargerResourceStacks/LargerResourceStacks_P.pak"
        },
        "long_description": {
          "nullValue": null
        },
        "imageURL": {
          "nullValue": null
        },
        "author": {
          "stringValue": "Donovan"
        },
        "description": {
          "stringValue": "Increases the stack size of wood and stone, including the craftable resource stacks"
        },
        "name": {
          "stringValue": "Larger Stack Sizes"
        },
        "version": {
          "stringValue": "1.0"
        }
      },
      "createTime": "2023-01-01T21:41:49.902523Z",
      "updateTime": "2023-01-09T05:33:30.389093Z"
    },
    {
      "name": "projects/projectdaedalus-fb09f/databases/(default)/documents/mods/fArb5i5Xlq83v6QSd2gR",
      "fields": {
        "author": {
          "stringValue": "Jimk72"
        },
        "description": {
          "stringValue": "There are several versions people have made this is mine that I use. It bumps up almost all stack sizes to 100."
        },
        "compatibility": {
          "stringValue": "w57"
        },
        "long_description": {
          "stringValue": ""
        },
        "name": {
          "stringValue": "Increase stacks"
        },
        "fileURL": {
          "stringValue": "https://github.com/Jimk72/Icarus_Mods/raw/main/Jimk_Increase_Stacks_P.pak"
        },
        "imageURL": {
          "stringValue": ""
        },
        "fileType": {
          "stringValue": "pak"
        },
        "version": {
          "stringValue": "1.0"
        }
      },
      "createTime": "2023-01-11T06:06:59.402923Z",
      "updateTime": "2023-01-11T06:06:59.402923Z"
    },
    {
      "name": "projects/projectdaedalus-fb09f/databases/(default)/documents/mods/fwigC8sd87nVivKCl9r4",
      "fields": {
        "imageURL": {
          "stringValue": "https://github.com/Jimk72/Icarus_Mods/raw/main/Custom_Puck_Lights_V2.png"
        },
        "description": {
          "stringValue": "Workshop Item that when consumed give you a crate and 4 new types of deployable LED lights(No Power Needed)."
        },
        "name": {
          "stringValue": "Custom Puck Lights"
        },
        "version": {
          "stringValue": "2.0"
        },
        "fileType": {
          "stringValue": "pak"
        },
        "long_description": {
          "stringValue": "Once added to game it will show up in the Workshop in the gels section. After you craft it in the workshop you just take it with you down to the planet and then consume it(Open crate). This will give you several of each of the 4 types of lights. There is a Light pole for lighting up your outdoor area, Short pole with light on top to light up caves, The basic ceiling light that you can mount on walls now, and the small puck light for placing under cabinets or ontop of mantel to highlight things."
        },
        "fileURL": {
          "stringValue": "https://github.com/Jimk72/Icarus_Mods/raw/main/Custom_Puck_Lights_V2_P.pak"
        },
        "compatibility": {
          "stringValue": "w56"
        },
        "author": {
          "stringValue": "Jimk72"
        }
      },
      "createTime": "2023-01-01T21:41:50.528681Z",
      "updateTime": "2023-01-11T06:06:57.690732Z"
    },
    {
      "name": "projects/projectdaedalus-fb09f/databases/(default)/documents/mods/jYaYH1c8rriyPN6Jhpyg",
      "fields": {
        "fileType": {
          "stringValue": "pak"
        },
        "version": {
          "stringValue": "1.0"
        },
        "imageURL": {
          "stringValue": ""
        },
        "description": {
          "stringValue": "Removes poisonous fish from all bodies of water."
        },
        "compatibility": {
          "stringValue": "w57"
        },
        "name": {
          "stringValue": "No Poison Fish"
        },
        "author": {
          "stringValue": "Jimk72"
        },
        "fileURL": {
          "stringValue": "https://github.com/Jimk72/Icarus_Mods/raw/main/No_Poison_Fish_P.pak"
        },
        "long_description": {
          "stringValue": ""
        }
      },
      "createTime": "2023-01-11T06:07:00.403009Z",
      "updateTime": "2023-01-11T06:07:00.403009Z"
    },
    {
      "name": "projects/projectdaedalus-fb09f/databases/(default)/documents/mods/klA6DIjGVN5gbuc5qofA",
      "fields": {
        "author": {
          "stringValue": "Semac"
        },
        "fileType": {
          "stringValue": "pak"
        },
        "description": {
          "stringValue": "Changes a little of almost everything."
        },
        "name": {
          "stringValue": "Semac_IcarusOverhaul"
        },
        "imageURL": {
          "nullValue": null
        },
        "fileURL": {
          "stringValue": "https://github.com/S-e-m-a-c/Icarus-Mods/raw/main/Semac_IcarusOverhaul_v1.52_P.pak"
        },
        "version": {
          "stringValue": "1.52"
        },
        "compatibility": {
          "stringValue": "w58"
        },
        "long_description": {
          "stringValue": "This Modpack changes a little of almost everything in the game with ideas taken from other mods and combines it all, and also includes JimK_Weapons_Mod"
        }
      },
      "createTime": "2023-01-01T21:41:52.110874Z",
      "updateTime": "2023-01-14T13:45:17.054961Z"
    },
    {
      "name": "projects/projectdaedalus-fb09f/databases/(default)/documents/mods/ltOFSoHhmbWjoBMfELRd",
      "fields": {
        "version": {
          "stringValue": "1.00"
        },
        "long_description": {
          "stringValue": "Same as above"
        },
        "imageURL": {
          "nullValue": null
        },
        "fileType": {
          "stringValue": "pak"
        },
        "fileURL": {
          "stringValue": "https://github.com/S-e-m-a-c/Icarus-Mods/raw/main/Semac_Meta_Lantern_v1.00_P.pak"
        },
        "name": {
          "stringValue": "Semac_Meta_Lantern"
        },
        "compatibility": {
          "stringValue": "w58"
        },
        "description": {
          "stringValue": "Replaces the Meta Bandage with a refillable Lantern (Included with the Overhaul mods)."
        },
        "author": {
          "stringValue": "Semac"
        }
      },
      "createTime": "2023-01-01T21:41:52.433357Z",
      "updateTime": "2023-01-14T13:45:17.380254Z"
    },
    {
      "name": "projects/projectdaedalus-fb09f/databases/(default)/documents/mods/lwZYMCqgqMAnyG1D99Xh",
      "fields": {
        "version": {
          "stringValue": "2.0"
        },
        "fileType": {
          "stringValue": "pak"
        },
        "long_description": {
          "stringValue": "This is a custom mod created in UE4. To place the elevator it has to be placed on a floor structure. It will show as a large green cube and will snap to the floor spaces avail. Be careful when using on multiplayer as it sometimes has sync issues depending on lag."
        },
        "compatibility": {
          "stringValue": "w56"
        },
        "name": {
          "stringValue": "Elevators"
        },
        "imageURL": {
          "stringValue": "https://github.com/Jimk72/Icarus_Mods/raw/main/Elevators.png"
        },
        "description": {
          "stringValue": "A craftable platform that will raise character 1,2,3,4,8,or 16 floors. When Deploying hold R for different variations. Must be deployed on a floor structure."
        },
        "author": {
          "stringValue": "Jimk72"
        },
        "fileURL": {
          "stringValue": "https://github.com/Jimk72/Icarus_Mods/raw/main/Elevators_P.pak"
        }
      },
      "createTime": "2023-01-01T21:41:50.879007Z",
      "updateTime": "2023-01-11T06:06:57.803940Z"
    },
    {
      "name": "projects/projectdaedalus-fb09f/databases/(default)/documents/mods/n3UfMtV80anQo1CmybHB",
      "fields": {
        "description": {
          "stringValue": "Replaces the workshop item Meta Soda with the thor hammer."
        },
        "imageURL": {
          "stringValue": ""
        },
        "fileType": {
          "stringValue": "pak"
        },
        "compatibility": {
          "stringValue": "w57"
        },
        "fileURL": {
          "stringValue": "https://github.com/Jimk72/Icarus_Mods/raw/main/ThorHammer_P.pak"
        },
        "name": {
          "stringValue": "Thor Hammer"
        },
        "long_description": {
          "stringValue": "This hammer when equiped allows you to fly around and float in mid air. Left click spins hammer and then can launch you into air. Then press and hold left mouse to fly around. If you want to stay in mid air you can hit the right mouse button and it will keep you suspended in air. This works great for complicated builds like long bridges. When using it adds a buff so you dont take fall damage."
        },
        "version": {
          "stringValue": "1.0"
        },
        "author": {
          "stringValue": "Jimk72"
        }
      },
      "createTime": "2023-01-11T06:07:00.739641Z",
      "updateTime": "2023-01-11T06:07:00.739641Z"
    },
    {
      "name": "projects/projectdaedalus-fb09f/databases/(default)/documents/mods/nFsGNa5aWwIAK7Dx6Yeb",
      "fields": {
        "name": {
          "stringValue": "Slider"
        },
        "version": {
          "stringValue": "1.0"
        },
        "description": {
          "stringValue": "This is similar to my Elevator mod but creates a platform that when standing on will slide out 4 or 8 floor spots in any direction."
        },
        "fileURL": {
          "stringValue": "https://github.com/Jimk72/Icarus_Mods/raw/main/Jimk_Slider_P.pak"
        },
        "compatibility": {
          "stringValue": "w57"
        },
        "long_description": {
          "stringValue": ""
        },
        "author": {
          "stringValue": "Jimk72"
        },
        "fileType": {
          "stringValue": "pak"
        },
        "imageURL": {
          "stringValue": "https://github.com/Jimk72/Icarus_Mods/raw/main/Jimk_Slider.png"
        }
      },
      "createTime": "2023-01-11T06:06:59.664859Z",
      "updateTime": "2023-01-11T06:06:59.664859Z"
    },
    {
      "name": "projects/projectdaedalus-fb09f/databases/(default)/documents/mods/ndocPWYfbTx7Lq2jDg3X",
      "fields": {
        "compatibility": {
          "stringValue": "w57"
        },
        "imageURL": {
          "stringValue": ""
        },
        "fileType": {
          "stringValue": "pak"
        },
        "description": {
          "stringValue": "Bumps the durability to 120000 for almost all items."
        },
        "fileURL": {
          "stringValue": "https://github.com/Jimk72/Icarus_Mods/raw/main/Jimk_Durability_P.pak"
        },
        "version": {
          "stringValue": "1.0"
        },
        "long_description": {
          "stringValue": ""
        },
        "author": {
          "stringValue": "Jimk72"
        },
        "name": {
          "stringValue": "Durability"
        }
      },
      "createTime": "2023-01-11T06:06:59.214031Z",
      "updateTime": "2023-01-11T06:06:59.214031Z"
    },
    {
      "name": "projects/projectdaedalus-fb09f/databases/(default)/documents/mods/pxxYXwkooLNDfgDiduHu",
      "fields": {
        "imageURL": {
          "nullValue": null
        },
        "name": {
          "stringValue": "Extraction 5 Seconds"
        },
        "compatibility": {
          "stringValue": "w58"
        },
        "version": {
          "stringValue": "1.0"
        },
        "author": {
          "stringValue": "TheOrangeFloof"
        },
        "fileType": {
          "stringValue": "pak"
        },
        "long_description": {
          "nullValue": null
        },
        "description": {
          "stringValue": "Decreases Exotics Extractor Time To 10 Seconds"
        },
        "fileURL": {
          "stringValue": "https://gitlab.floofsnetwork.xyz/icarus-modding/Mods/-/raw/master/TheOrangeFloof/Extraction_5_Seconds_P.pak?inline=false"
        }
      },
      "createTime": "2023-01-03T04:43:28.749575Z",
      "updateTime": "2023-01-14T13:45:17.654906Z"
    },
    {
      "name": "projects/projectdaedalus-fb09f/databases/(default)/documents/mods/q43Bnus6ebT4AmY417oT",
      "fields": {
        "compatibility": {
          "stringValue": "w58"
        },
        "imageURL": {
          "nullValue": null
        },
        "fileURL": {
          "stringValue": "https://github.com/WZG-Mods/wzg-icarus-balance-overhaul/releases/download/WZG_310/WZG_Mod_V310_P.pak"
        },
        "version": {
          "stringValue": "310.0"
        },
        "long_description": {
          "nullValue": null
        },
        "fileType": {
          "stringValue": "pak"
        },
        "name": {
          "stringValue": "WZG Icarus balance overhaul"
        },
        "author": {
          "stringValue": "Waldo"
        },
        "description": {
          "stringValue": "Easy, casual Icarus game mode"
        }
      },
      "createTime": "2023-01-01T21:41:51.998627Z",
      "updateTime": "2023-01-14T13:45:16.932751Z"
    },
    {
      "name": "projects/projectdaedalus-fb09f/databases/(default)/documents/mods/rd7cl16EH7bNS9TaJViV",
      "fields": {
        "name": {
          "stringValue": "Christmas tree"
        },
        "fileURL": {
          "stringValue": "https://github.com/Jimk72/Icarus_Mods/raw/main/Christmas_Tree_P.zip"
        },
        "long_description": {
          "stringValue": "Due to the size of the file you will have to unzip and use UnrealPak.exe to unpak file in order to add it to Mod Manager. I will be adding a version that this will not be necesary soon."
        },
        "description": {
          "stringValue": "Creates a craftable Christmas tree you can place ornaments and presents around."
        },
        "compatibility": {
          "stringValue": "w56"
        },
        "author": {
          "stringValue": "Jimk72"
        },
        "version": {
          "stringValue": "1.0"
        },
        "fileType": {
          "stringValue": "pak"
        },
        "imageURL": {
          "stringValue": "https://github.com/Jimk72/Icarus_Mods/raw/main/Christmas_Tree_P.png"
        }
      },
      "createTime": "2023-01-01T21:41:50.436231Z",
      "updateTime": "2023-01-12T06:34:44.354730Z"
    },
    {
      "name": "projects/projectdaedalus-fb09f/databases/(default)/documents/mods/rflik61mky0SPdPaKnPp",
      "fields": {
        "fileType": {
          "stringValue": "pak"
        },
        "fileURL": {
          "stringValue": "https://gitlab.floofsnetwork.xyz/icarus-modding/Mods/-/raw/master/Pr0f23ss0R/standalone/Pr0fWorkshopKits_P.pak?inline=false"
        },
        "name": {
          "stringValue": "Pr0fWorkshopKits"
        },
        "compatibility": {
          "stringValue": "w58"
        },
        "description": {
          "stringValue": "Adds Three Kits. Aluminium Base Kit (replaces stamina gel), Concrete Base Kit (replaces oxygen gel), Greenhouse Kit (replaces soda)"
        },
        "imageURL": {
          "nullValue": null
        },
        "long_description": {
          "nullValue": null
        },
        "version": {
          "stringValue": "1.0"
        },
        "author": {
          "stringValue": "Pr0f23ss0R"
        }
      },
      "createTime": "2023-01-03T04:43:29.375570Z",
      "updateTime": "2023-01-14T13:45:18.350608Z"
    },
    {
      "name": "projects/projectdaedalus-fb09f/databases/(default)/documents/mods/u7jxtAUnVOsFQvk7UhrQ",
      "fields": {
        "author": {
          "stringValue": "Jimk72"
        },
        "fileType": {
          "stringValue": "pak"
        },
        "description": {
          "stringValue": "Is a workshop item that when consumed will give you a base station and a hand held controller."
        },
        "imageURL": {
          "stringValue": "https://github.com/Jimk72/Icarus_Mods/raw/main/Jimk_Teleporter.png"
        },
        "long_description": {
          "stringValue": "Replaces the Meta Ration in the workshop. The base has to snap to a floor tile in order to place. Once its placed down you can add the handheld controller to your equipment slot and then when equiped clicking the left mouse button will return you to the teleporter base. Once you step off the base it will glow green showing there is a stored location. If you walk back on the the base it will teleport you back to the location you clicked the button. If you have 2 base units the right mouse button will take you to the second base unit you placed. Reloading the gaem resets all stored locations!"
        },
        "name": {
          "stringValue": "Teleporter"
        },
        "compatibility": {
          "stringValue": "w57"
        },
        "fileURL": {
          "stringValue": "https://github.com/Jimk72/Icarus_Mods/raw/main/Jimk_Teleporter_P.pak"
        },
        "version": {
          "stringValue": "1.0"
        }
      },
      "createTime": "2023-01-11T06:06:59.771721Z",
      "updateTime": "2023-01-11T06:06:59.771721Z"
    },
    {
      "name": "projects/projectdaedalus-fb09f/databases/(default)/documents/mods/uMelOv61h0jaE9oyDqr6",
      "fields": {
        "fileType": {
          "stringValue": "pak"
        },
        "imageURL": {
          "nullValue": null
        },
        "author": {
          "stringValue": "Semac"
        },
        "version": {
          "stringValue": "1.52"
        },
        "description": {
          "stringValue": "An Extreme version of Semac_IcarusOverhaul, Hard difficulty is turned up to 11."
        },
        "name": {
          "stringValue": "Semac_IcarusOverhaulExtreme"
        },
        "fileURL": {
          "stringValue": "https://github.com/S-e-m-a-c/Icarus-Mods/raw/main/Semac_IcarusOverhaulExtreme_v1.52_P.pak"
        },
        "long_description": {
          "stringValue": "This Modpack changes a little of almost everything in the game with ideas taken from other mods and combines it all, and also includes JimK_Weapons_Mod, Hard mode has Creature Speed Damage HP and spawn rates increased, also added 5 x Death Respawns instead of 3"
        },
        "compatibility": {
          "stringValue": "w58"
        }
      },
      "createTime": "2023-01-01T21:41:52.324842Z",
      "updateTime": "2023-01-14T13:45:17.266794Z"
    },
    {
      "name": "projects/projectdaedalus-fb09f/databases/(default)/documents/mods/umjG4moSB2YlDQspcqMg",
      "fields": {
        "name": {
          "stringValue": "Tier 3 Electricity"
        },
        "compatibility": {
          "stringValue": "w57"
        },
        "fileType": {
          "stringValue": "pak"
        },
        "description": {
          "stringValue": "Moves the Biofuel generator and the spline tool to the Machining bench where it should be."
        },
        "fileURL": {
          "stringValue": "https://github.com/Jimk72/Icarus_Mods/raw/main/Tier3Electricity_P.pak"
        },
        "imageURL": {
          "stringValue": ""
        },
        "long_description": {
          "stringValue": ""
        },
        "version": {
          "stringValue": "1.0"
        },
        "author": {
          "stringValue": "Jimk72"
        }
      },
      "createTime": "2023-01-11T06:07:00.836907Z",
      "updateTime": "2023-01-11T06:07:00.836907Z"
    },
    {
      "name": "projects/projectdaedalus-fb09f/databases/(default)/documents/mods/v1VyL23P0oUglbRYRRJl",
      "fields": {
        "name": {
          "stringValue": "Increase Slots"
        },
        "compatibility": {
          "stringValue": "w57"
        },
        "author": {
          "stringValue": "Jimk72"
        },
        "fileType": {
          "stringValue": "pak"
        },
        "fileURL": {
          "stringValue": "https://github.com/Jimk72/Icarus_Mods/raw/main/Jimk_Increased_Slots_P.pak"
        },
        "version": {
          "stringValue": "1.0"
        },
        "imageURL": {
          "stringValue": ""
        },
        "description": {
          "stringValue": "There are several versions people have made this is mine that I use. It bumps up a few storage and firepits storage slots."
        },
        "long_description": {
          "stringValue": ""
        }
      },
      "createTime": "2023-01-11T06:06:59.530807Z",
      "updateTime": "2023-01-11T06:06:59.530807Z"
    },
    {
      "name": "projects/projectdaedalus-fb09f/databases/(default)/documents/mods/vzQcRKUL0M7TP0LPpLK5",
      "fields": {
        "fileURL": {
          "stringValue": "https://github.com/Jimk72/Icarus_Mods/raw/main/JimK_Scoped_rifle_P.pak"
        },
        "fileType": {
          "stringValue": "pak"
        },
        "author": {
          "stringValue": "Jimk72"
        },
        "compatibility": {
          "stringValue": "w56"
        },
        "version": {
          "stringValue": "1.0"
        },
        "description": {
          "stringValue": "Allows you to craft a scoped hunting rifle using the Fabricator bench. Has a 10x and 20x zoom option."
        },
        "long_description": {
          "stringValue": "No other changes have been made to the rifles. So if you have rifle mods, add them before this mod. I loaded the default rifle into blender and added a scope to it. Then imported it into UE4 to create the scope UI and re add all the sockets to the bone structure so all the animations still work."
        },
        "imageURL": {
          "stringValue": "https://github.com/Jimk72/Icarus_Mods/raw/main/JimK_Scoped_rifle.png"
        },
        "name": {
          "stringValue": "Scoped Hunting Rifle"
        }
      },
      "createTime": "2023-01-01T21:41:51.385526Z",
      "updateTime": "2023-01-11T06:06:58.407563Z"
    },
    {
      "name": "projects/projectdaedalus-fb09f/databases/(default)/documents/mods/x6pVEnhB2YnaUqPWuNI0",
      "fields": {
        "description": {
          "stringValue": "Gives 1000 Seconds of the respawn buff when you die and increases the out of bounds time to 50 seconds."
        },
        "long_description": {
          "stringValue": "This is depreciated. I am working on a menu system in game to enable these changes on the fly."
        },
        "name": {
          "stringValue": "1000 Seconds respawn buff"
        },
        "fileURL": {
          "stringValue": "https://github.com/Jimk72/Icarus_Mods/raw/main/Jimk_1000_second_Respawn_Buff_P.pak"
        },
        "compatibility": {
          "stringValue": "w56"
        },
        "author": {
          "stringValue": "Jimk72"
        },
        "imageURL": {
          "stringValue": ""
        },
        "version": {
          "stringValue": "1.0"
        },
        "fileType": {
          "stringValue": "pak"
        }
      },
      "createTime": "2023-01-01T21:41:51.494541Z",
      "updateTime": "2023-01-11T06:06:58.511850Z"
    },
    {
      "name": "projects/projectdaedalus-fb09f/databases/(default)/documents/mods/xqjfQHL3v1QkfppSihKM",
      "fields": {
        "fileType": {
          "stringValue": "pak"
        },
        "name": {
          "stringValue": "Extraction 5 Seconds"
        },
        "version": {
          "stringValue": "1.0"
        },
        "long_description": {
          "stringValue": ""
        },
        "description": {
          "stringValue": "Changes the extraction speed to 5 seconds per ore."
        },
        "author": {
          "stringValue": "Jimk72"
        },
        "fileURL": {
          "stringValue": "https://github.com/Jimk72/Icarus_Mods/raw/main/Extraction_5_Seconds_P.pak"
        },
        "imageURL": {
          "stringValue": "https://github.com/Jimk72/Icarus_Mods/raw/main/Extraction_5_Seconds.png"
        },
        "compatibility": {
          "stringValue": "w56"
        }
      },
      "createTime": "2023-01-11T06:06:58.041083Z",
      "updateTime": "2023-01-11T06:06:58.041083Z"
    },
    {
      "name": "projects/projectdaedalus-fb09f/databases/(default)/documents/mods/yDiyFTQBJUXVpmhSv6oS",
      "fields": {
        "long_description": {
          "nullValue": null
        },
        "compatibility": {
          "stringValue": "w58"
        },
        "author": {
          "stringValue": "TheOrangeFloof"
        },
        "imageURL": {
          "nullValue": null
        },
        "fileType": {
          "stringValue": "pak"
        },
        "version": {
          "stringValue": "1.0"
        },
        "name": {
          "stringValue": "Floofs Leveling Mod"
        },
        "description": {
          "stringValue": "Increases Displayed Level And Max Level, Should Grant Extra Points After Level 50"
        },
        "fileURL": {
          "stringValue": "https://gitlab.floofsnetwork.xyz/icarus-modding/Mods/-/raw/master/TheOrangeFloof/LevelingMod_P.pak?inline=false"
        }
      },
      "createTime": "2023-01-03T04:43:28.928805Z",
      "updateTime": "2023-01-14T13:45:17.855254Z"
    },
    {
      "name": "projects/projectdaedalus-fb09f/databases/(default)/documents/mods/zir2FwNdhwML8VhKzarx",
      "fields": {
        "name": {
          "stringValue": "Kryptic Camo for Workshop armor."
        },
        "fileURL": {
          "stringValue": "https://github.com/Jimk72/Icarus_Mods/raw/main/Jimk_Workshop_Armor_Kryptic_Camo_Mod_V1_P.pak"
        },
        "version": {
          "stringValue": "1.0"
        },
        "imageURL": {
          "stringValue": ""
        },
        "fileType": {
          "stringValue": "pak"
        },
        "description": {
          "stringValue": "Replaces the workshop armor textures with custom ones that uses a green kryptic pattern."
        },
        "compatibility": {
          "stringValue": "w57"
        },
        "author": {
          "stringValue": "Jimk72"
        },
        "long_description": {
          "stringValue": ""
        }
      },
      "createTime": "2023-01-11T06:06:59.994598Z",
      "updateTime": "2023-01-11T06:06:59.994598Z"
    },
    {
      "name": "projects/projectdaedalus-fb09f/databases/(default)/documents/mods/znQSXnCjzTHIjbqqz370",
      "fields": {
        "long_description": {
          "stringValue": "This Modpack changes a little of almost everything in the game with ideas taken from other mods and combines it all, and also includes JimK_Weapons_Mod, with Thor Dev Hammer"
        },
        "name": {
          "stringValue": "Semac_IcarusOverhaul_Thor"
        },
        "imageURL": {
          "nullValue": null
        },
        "fileURL": {
          "stringValue": "https://github.com/S-e-m-a-c/Icarus-Mods/raw/main/Semac_IcarusOverhaul_Thor_v1.52_P.pak"
        },
        "fileType": {
          "stringValue": "pak"
        },
        "description": {
          "stringValue": "Same as Semac_IcarusOverhaul but the Thor Dev Hammer is added."
        },
        "version": {
          "stringValue": "1.52"
        },
        "author": {
          "stringValue": "Semac"
        },
        "compatibility": {
          "stringValue": "w58"
        }
      },
      "createTime": "2023-01-01T21:41:52.216514Z",
      "updateTime": "2023-01-14T13:45:17.159412Z"
    }
  ]
}
