{
  "name": "projects/projectdaedalus-fb09f/databases/(default)/documents/meta/repos",
  "fields": {
    "list": {
      "arrayValue": {
        "values": [
          {
            "stringValue": "https://github.com/DonovanMods/Icarus-Mods"
          },
          {
            "stringValue": "https://github.com/Jimk72/Icarus_Mods"
          },
          {
            "stringValue": "https://gitlab.floofsnetwork.xyz/icarus-modding/Mods"
          },
          {
            "stringValue": "https://github.com/Venomtron/Icarus-Mods"
          },
          {
            "stringValue": "https://github.com/CritFailMods/Icarus-Mods"
          },
          {
            "stringValue": "https://github.com/WZG-Mods/wzg-icarus-balance-overhaul"
          },
          {
            "stringValue": "https://github.com/S-e-m-a-c/Icarus-Mods"
          },
          {
            "stringValue": "https://github.com/ckdextergames/Icarus_mods"
          }
        ]
      }
    }
  },
  "createTime": "2022-12-30T00:51:11.194415Z",
  "updateTime": "2023-01-08T20:13:11.920843Z"
}
