{
    "RowStruct": "/Script/Icarus.AccountFlag",
    "Defaults": {},
    "GenerateEnum": true,
    "Rows": [
        {
            "Name": "DLC_Deluxe_Edition_Envirosuit"
        },
        {
            "Name": "DLC_Preorder_Content"
        },
        {
            "Name": "DLC_New_Frontiers"
        },
        {
            "Name": "DLC_Dangerous_Horizons"
        },
        {
            "Name": "DLC_Forest_Outpost"
        },
        {
            "Name": "DLC_Arctic_Outpost"
        }
    ]
}