{
    "RowStruct": "/Script/Icarus.CharacterFlag",
    "Defaults": {
        "Description": ""
    },
    "GenerateEnum": true,
    "Rows": [
        {
            "Name": "TestDataFlag"
        },
        {
            "Name": "TutorialTestFlag"
        },
        {
            "Name": "FirstScanComplete"
        },
        {
            "Name": "Talent_RepairBench"
        },
        {
            "Name": "Talent_WaterBomb"
        },
        {
            "Name": "Talent_Ghillie_Armor"
        },
        {
            "Name": "Talent_Trophy_Bench"
        },
        {
            "Name": "Talent_Solo_Blueprints1"
        },
        {
            "Name": "Talent_Solo_Blueprints2"
        },
        {
            "Name": "Talent_SkinningBench"
        },
        {
            "Name": "Talent_Wood_Sticks"
        },
        {
            "Name": "Talent_Polarbear_Armor"
        },
        {
            "Name": "Talent_Leather_Rope"
        },
        {
            "Name": "Talent_CropPlot"
        },
        {
            "Name": "Talent_Rifle_Bulk_Ammo"
        },
        {
            "Name": "Talent_Shotgun_Bulk_Ammo"
        },
        {
            "Name": "Talent_Pistol_Bulk_Ammo"
        },
        {
            "Name": "Voxel_Meta_Resources_Visible",
            "Description": "NSLOCTEXT(\"D_CharacterFlags\", \"Voxel_Meta_Resources_Visible-Description\", \"Pickaxe Mineable Exotics to Appear on All Missions\")"
        },
        {
            "Name": "Deposit_Meta_Resources_Visible",
            "Description": "NSLOCTEXT(\"D_CharacterFlags\", \"Deposit_Meta_Resources_Visible-Description\", \"Access to Workshop Radar and Extractor\")"
        },
        {
            "Name": "Unlocked_Bait",
            "Description": "NSLOCTEXT(\"D_CharacterFlags\", \"Unlocked_Bait-Description\", \"New Bait to Attract Animals\")"
        },
        {
            "Name": "Talent_GunpowderRecipe",
            "Description": "NSLOCTEXT(\"D_CharacterFlags\", \"Talent_GunpowderRecipe-Description\", \"Character flag for the fertilizer to gunpowder recipe\")"
        },
        {
            "Name": "Talent_ShotgunRecipe",
            "Description": "NSLOCTEXT(\"D_CharacterFlags\", \"Talent_ShotgunRecipe-Description\", \"Character flag to make the Farmers Shotgun\")"
        },
        {
            "Name": "Mission_Cave_Worm_Analyser",
            "Description": "NSLOCTEXT(\"D_CharacterFlags\", \"Mission_Cave_Worm_Analyser-Description\", \"New Creature Weapons\")"
        },
        {
            "Name": "Mission_Handheld_Scanners",
            "Description": "NSLOCTEXT(\"D_CharacterFlags\", \"Mission_Handheld_Scanners-Description\", \"New Scanning Equipment\")"
        },
        {
            "Name": "Mission_Scorpion_Item_Analyzer",
            "Description": "NSLOCTEXT(\"D_CharacterFlags\", \"Mission_Scorpion_Item_Analyzer-Description\", \"New Scorpion Defences\")"
        },
        {
            "Name": "Mission_Sandworm_Items",
            "Description": "NSLOCTEXT(\"D_CharacterFlags\", \"Mission_Sandworm_Items-Description\", \"New Craftable Creature Items\")"
        }
    ]
}