{
    "RowStruct": "/Script/Icarus.SessionFlag",
    "Defaults": {},
    "GenerateEnum": true,
    "Rows": [
        {
            "Name": "Tutorial_BuildingLocked"
        },
        {
            "Name": "Tutorial_BuildingVariationsLocked"
        },
        {
            "Name": "Tutorial_BuildingVariationsRestricted"
        },
        {
            "Name": "Tutorial_DoorLocked"
        },
        {
            "Name": "Tutorial_HuntingLocked"
        },
        {
            "Name": "Tutorial_CampfireLocked"
        },
        {
            "Name": "Tutorial_TalentsLocked"
        },
        {
            "Name": "Tutorial_RepairToolLocked"
        },
        {
            "Name": "Tutorial_Locked"
        },
        {
            "Name": "Tutorial_HighlightTechTreeMenu"
        },
        {
            "Name": "Tutorial_HighlightTalentsMenu"
        },
        {
            "Name": "Tutorial_HighlightCraftingMenu"
        },
        {
            "Name": "Tutorial_HighlightInventoryMenu"
        },
        {
            "Name": "Tutorial_HighlightMapMenu"
        },
        {
            "Name": "Tutorial_HighlightPickaxeRecipe"
        },
        {
            "Name": "Tutorial_HighlightCraftButton"
        },
        {
            "Name": "Tutorial_HighlightBuildingTech"
        },
        {
            "Name": "Tutorial_HighlightAxeRecipe"
        },
        {
            "Name": "Tutorial_HighlightBuildingRecipe"
        },
        {
            "Name": "Tutorial_HighlightDoorTech"
        },
        {
            "Name": "Tutorial_HighlightDoorRecipe"
        },
        {
            "Name": "Tutorial_HighlightOxygenSlot"
        },
        {
            "Name": "Tutorial_HighlightBowTech"
        },
        {
            "Name": "Tutorial_HighlightBowRecipe"
        },
        {
            "Name": "Tutorial_HighlightKnifeTech"
        },
        {
            "Name": "Tutorial_HighlightKnifeRecipe"
        },
        {
            "Name": "Tutorial_HighlightCampfireTech"
        },
        {
            "Name": "Tutorial_HighlightCampfireRecipe"
        },
        {
            "Name": "Tutorial_HighlightFuel"
        },
        {
            "Name": "Tutorial_HighlightFuelActivate"
        },
        {
            "Name": "Tutorial_HighlightDeployableInventory"
        },
        {
            "Name": "Tutorial_HighlightRepairToolTech"
        },
        {
            "Name": "Tutorial_HighlightRepairToolRecipe"
        },
        {
            "Name": "Tutorial_HighlightLeaveButton"
        },
        {
            "Name": "Tutorial_HungerCapped"
        },
        {
            "Name": "Tutorial_ThirstCapped"
        },
        {
            "Name": "Tutorial_OxygenCapped"
        },
        {
            "Name": "Session_SoloPlay"
        },
        {
            "Name": "Faction_SatelliteDefendActive"
        },
        {
            "Name": "DrillReady"
        },
        {
            "Name": "DrillHasBiofuel"
        },
        {
            "Name": "RadarReady"
        },
        {
            "Name": "ScanComplete"
        },
        {
            "Name": "ScanningStarted"
        },
        {
            "Name": "SpawnedBoss"
        },
        {
            "Name": "DroppedSample"
        },
        {
            "Name": "PickedUpSample"
        },
        {
            "Name": "BossItemCrafted"
        },
        {
            "Name": "BW5_KilledWorm"
        },
        {
            "Name": "MissionComplete"
        },
        {
            "Name": "Mission_RecoveredTech"
        },
        {
            "Name": "Mission_Glacier_Expedition_Tech"
        },
        {
            "Name": "Mission_RecoveredHighTech"
        },
        {
            "Name": "Location1Complete"
        },
        {
            "Name": "Location2Complete"
        },
        {
            "Name": "Location3Complete"
        },
        {
            "Name": "SetA"
        },
        {
            "Name": "SetB"
        },
        {
            "Name": "SetC"
        },
        {
            "Name": "Generic_Quest_Event_1"
        },
        {
            "Name": "ExoticVoxelsVisible"
        },
        {
            "Name": "ExoticDepositlsVisible"
        },
        {
            "Name": "ShipPartRecipes"
        },
        {
            "Name": "MissionFailed"
        },
        {
            "Name": "Forest_Defence_Recipes"
        },
        {
            "Name": "Recipe_PrototypeLaser"
        }
    ]
}