{
    "RowStruct": "/Script/Icarus.ItemClassificationsIconsData",
    "Defaults": {
        "TagQuery": {
            "RowName": "None",
            "DataTableName": "D_TagQueries"
        },
        "Icon": "None",
        "Tooltip": ""
    },
    "Rows": [
        {
            "Name": "Generic",
            "Icon": "Texture2D'/Game/Assets/2DArt/UI/Icons/Icon_All.Icon_All'",
            "Tooltip": "NSLOCTEXT(\"D_ItemClassificationsIcons\", \"Generic-Tooltip\", \"All\")"
        },
        {
            "Name": "Tools",
            "TagQuery": {
                "RowName": "Any_Tool"
            },
            "Icon": "Texture2D'/Game/Assets/2DArt/UI/Icons/Icon_Harvest.Icon_Harvest'",
            "Tooltip": "NSLOCTEXT(\"D_ItemClassificationsIcons\", \"Tools-Tooltip\", \"Tools\")"
        },
        {
            "Name": "Bows",
            "TagQuery": {
                "RowName": "Any_Bow"
            },
            "Icon": "Texture2D'/Game/Assets/2DArt/UI/Icons/T_ICON_ClassBow.T_ICON_ClassBow'",
            "Tooltip": "NSLOCTEXT(\"D_ItemClassificationsIcons\", \"Bows-Tooltip\", \"Bows\")"
        },
        {
            "Name": "Guns",
            "TagQuery": {
                "RowName": "Any_Firearm"
            },
            "Icon": "Texture2D'/Game/Assets/2DArt/UI/Icons/Icon_ClassGun.Icon_ClassGun'",
            "Tooltip": "NSLOCTEXT(\"D_ItemClassificationsIcons\", \"Guns-Tooltip\", \"Firearms\")"
        },
        {
            "Name": "Armor",
            "TagQuery": {
                "RowName": "Any_Armor"
            },
            "Icon": "Texture2D'/Game/Assets/2DArt/UI/Icons/Icon_BodyArmour.Icon_BodyArmour'",
            "Tooltip": "NSLOCTEXT(\"D_ItemClassificationsIcons\", \"Armor-Tooltip\", \"Armor\")"
        },
        {
            "Name": "Structures",
            "TagQuery": {
                "RowName": "Any_Building"
            },
            "Icon": "Texture2D'/Game/Assets/2DArt/UI/Icons/Icon_Structures.Icon_Structures'",
            "Tooltip": "NSLOCTEXT(\"D_ItemClassificationsIcons\", \"Structures-Tooltip\", \"Structures\")"
        },
        {
            "Name": "Deployables",
            "TagQuery": {
                "RowName": "Any_Deployable"
            },
            "Icon": "Texture2D'/Game/Assets/2DArt/UI/Icons/Icon_Deployables.Icon_Deployables'",
            "Tooltip": "NSLOCTEXT(\"D_ItemClassificationsIcons\", \"Deployables-Tooltip\", \"Deployables\")"
        },
        {
            "Name": "Consumables",
            "TagQuery": {
                "RowName": "Any_Food"
            },
            "Icon": "Texture2D'/Game/Assets/2DArt/UI/Icons/Icon_Consumables.Icon_Consumables'",
            "Tooltip": "NSLOCTEXT(\"D_ItemClassificationsIcons\", \"Consumables-Tooltip\", \"Consumables\")"
        },
        {
            "Name": "Storage",
            "TagQuery": {
                "RowName": "Any_DeployableStorage"
            },
            "Icon": "Texture2D'/Game/Assets/2DArt/UI/Icons/Icon_Storage.Icon_Storage'",
            "Tooltip": "NSLOCTEXT(\"D_ItemClassificationsIcons\", \"Storage-Tooltip\", \"Storage\")"
        },
        {
            "Name": "Resource",
            "TagQuery": {
                "RowName": "Any_Resource"
            },
            "Icon": "Texture2D'/Game/Assets/2DArt/UI/Icons/Icon_Resources.Icon_Resources'",
            "Tooltip": "NSLOCTEXT(\"D_ItemClassificationsIcons\", \"Resource-Tooltip\", \"Resource\")"
        },
        {
            "Name": "Projectiles",
            "TagQuery": {
                "RowName": "Any_Ammo"
            },
            "Icon": "Texture2D'/Game/Assets/2DArt/UI/Icons/Icon_Projectiles.Icon_Projectiles'",
            "Tooltip": "NSLOCTEXT(\"D_ItemClassificationsIcons\", \"Projectiles-Tooltip\", \"Projectiles\")"
        },
        {
            "Name": "Axe_Attachments",
            "TagQuery": {
                "RowName": "Any_Axe_Attachment"
            },
            "Icon": "Texture2D'/Game/Assets/2DArt/UI/Icons/Icon_ContextChop.Icon_ContextChop'",
            "Tooltip": "NSLOCTEXT(\"D_ItemClassificationsIcons\", \"Axe_Attachments-Tooltip\", \"Axe Attachments\")"
        },
        {
            "Name": "Pickaxe_Attachments",
            "TagQuery": {
                "RowName": "Any_Pickaxe_Attachment"
            },
            "Icon": "Texture2D'/Game/Assets/2DArt/UI/Icons/Icon_ContextMine.Icon_ContextMine'",
            "Tooltip": "NSLOCTEXT(\"D_ItemClassificationsIcons\", \"Pickaxe_Attachments-Tooltip\", \"Pickaxe Attachments\")"
        },
        {
            "Name": "Knife_Attachments",
            "TagQuery": {
                "RowName": "Any_Knife_Attachment"
            },
            "Icon": "Texture2D'/Game/Assets/2DArt/UI/Icons/Icon_ContextSkin.Icon_ContextSkin'",
            "Tooltip": "NSLOCTEXT(\"D_ItemClassificationsIcons\", \"Knife_Attachments-Tooltip\", \"Knife Attachments\")"
        },
        {
            "Name": "Spear_Attachments",
            "TagQuery": {
                "RowName": "Any_Spear_Attachement"
            },
            "Icon": "Texture2D'/Game/Assets/2DArt/UI/Icons/Icon_Spear.Icon_Spear'",
            "Tooltip": "NSLOCTEXT(\"D_ItemClassificationsIcons\", \"Spear_Attachments-Tooltip\", \"Spear Attachments\")"
        },
        {
            "Name": "Sickle_Attachments",
            "TagQuery": {
                "RowName": "Any_Sickle_Attachement"
            },
            "Icon": "Texture2D'/Game/Assets/2DArt/UI/Icons/Icon_ContextSickle.Icon_ContextSickle'",
            "Tooltip": "NSLOCTEXT(\"D_ItemClassificationsIcons\", \"Sickle_Attachments-Tooltip\", \"Sickle Attachments\")"
        },
        {
            "Name": "Hammer_Attachments",
            "TagQuery": {
                "RowName": "Any_Hammer_Attachment"
            },
            "Icon": "Texture2D'/Game/Assets/2DArt/UI/Icons/Icon_Hammer.Icon_Hammer'",
            "Tooltip": "NSLOCTEXT(\"D_ItemClassificationsIcons\", \"Hammer_Attachments-Tooltip\", \"Hammer Attachments\")"
        },
        {
            "Name": "Sledgehammer_Attachments",
            "TagQuery": {
                "RowName": "Any_Sledgehammer_Attachment"
            },
            "Icon": "Texture2D'/Game/Assets/2DArt/UI/Icons/Icon_SledgehammerNodes.Icon_SledgehammerNodes'",
            "Tooltip": "NSLOCTEXT(\"D_ItemClassificationsIcons\", \"Sledgehammer_Attachments-Tooltip\", \"Sledgehammer Attachments\")"
        },
        {
            "Name": "Head_Attachments",
            "TagQuery": {
                "RowName": "Any_Head_Attachment"
            },
            "Icon": "Texture2D'/Game/Assets/2DArt/UI/Icons/Icon_HeadArmor.Icon_HeadArmor'",
            "Tooltip": "NSLOCTEXT(\"D_ItemClassificationsIcons\", \"Head_Attachments-Tooltip\", \"Head Armor Attachments\")"
        },
        {
            "Name": "Arms_Attachments",
            "TagQuery": {
                "RowName": "Any_Arms_Attachment"
            },
            "Icon": "Texture2D'/Game/Assets/2DArt/UI/Icons/Icon_ArmArmor.Icon_ArmArmor'",
            "Tooltip": "NSLOCTEXT(\"D_ItemClassificationsIcons\", \"Arms_Attachments-Tooltip\", \"Arms Armor Attachments\")"
        },
        {
            "Name": "Body_Attachments",
            "TagQuery": {
                "RowName": "Any_Body_Attachment"
            },
            "Icon": "Texture2D'/Game/Assets/2DArt/UI/Icons/Icon_BodyArmor.Icon_BodyArmor'",
            "Tooltip": "NSLOCTEXT(\"D_ItemClassificationsIcons\", \"Body_Attachments-Tooltip\", \"Body Armor Attachments\")"
        },
        {
            "Name": "Legs_Attachments",
            "TagQuery": {
                "RowName": "Any_Legs_Attachment"
            },
            "Icon": "Texture2D'/Game/Assets/2DArt/UI/Icons/Icon_LegsArmor.Icon_LegsArmor'",
            "Tooltip": "NSLOCTEXT(\"D_ItemClassificationsIcons\", \"Legs_Attachments-Tooltip\", \"Legs Armor Attachments\")"
        },
        {
            "Name": "Feet_Attachments",
            "TagQuery": {
                "RowName": "Any_Feet_Attachment"
            },
            "Icon": "Texture2D'/Game/Assets/2DArt/UI/Icons/Icon_FeetArmor.Icon_FeetArmor'",
            "Tooltip": "NSLOCTEXT(\"D_ItemClassificationsIcons\", \"Feet_Attachments-Tooltip\", \"Feet Armor Attachments\")"
        },
        {
            "Name": "Bow_Attachments",
            "TagQuery": {
                "RowName": "Any_Bow_Attachment"
            },
            "Icon": "Texture2D'/Game/Assets/2DArt/UI/Icons/Icon_ClassBow.Icon_ClassBow'",
            "Tooltip": "NSLOCTEXT(\"D_ItemClassificationsIcons\", \"Bow_Attachments-Tooltip\", \"Bow Attachments\")"
        },
        {
            "Name": "Crossbow_Attachments",
            "TagQuery": {
                "RowName": "Any_Crossbow_Attachment"
            },
            "Icon": "Texture2D'/Game/Assets/2DArt/UI/Icons/Icon_ClassCrossbow.Icon_ClassCrossbow'",
            "Tooltip": "NSLOCTEXT(\"D_ItemClassificationsIcons\", \"Crossbow_Attachments-Tooltip\", \"Crossbow Attachments\")"
        },
        {
            "Name": "Pistol_Attachments",
            "TagQuery": {
                "RowName": "Any_Pistol_Attachment"
            },
            "Icon": "Texture2D'/Game/Assets/2DArt/UI/Icons/Icon_ClassGun.Icon_ClassGun'",
            "Tooltip": "NSLOCTEXT(\"D_ItemClassificationsIcons\", \"Pistol_Attachments-Tooltip\", \"Pistol Attachments\")"
        },
        {
            "Name": "Rifle_Atachments",
            "TagQuery": {
                "RowName": "Any_Rifle_Attachment"
            },
            "Icon": "Texture2D'/Game/Assets/2DArt/UI/Icons/Icon_ClassRifle.Icon_ClassRifle'",
            "Tooltip": "NSLOCTEXT(\"D_ItemClassificationsIcons\", \"Rifle_Atachments-Tooltip\", \"Rifle Attachments\")"
        },
        {
            "Name": "Shotgun_Attachments",
            "TagQuery": {
                "RowName": "Any_Shotgun_Attachment"
            },
            "Icon": "Texture2D'/Game/Assets/2DArt/UI/Icons/Icon_ClassShotgun.Icon_ClassShotgun'",
            "Tooltip": "NSLOCTEXT(\"D_ItemClassificationsIcons\", \"Shotgun_Attachments-Tooltip\", \"Shotgun Attachments\")"
        },
        {
            "Name": "Fishing_Attachments",
            "TagQuery": {
                "RowName": "Any_FishingRod_Attachment"
            },
            "Icon": "Texture2D'/Game/Assets/2DArt/UI/FieldGuide/Icons/Icon_FishHook.Icon_FishHook'",
            "Tooltip": "NSLOCTEXT(\"D_ItemClassificationsIcons\", \"Fishing_Attachments-Tooltip\", \"Lures\")"
        },
        {
            "Name": "Decorations_Statues",
            "TagQuery": {
                "RowName": "Decorations_Any_Statue"
            },
            "Icon": "Texture2D'/Game/Assets/2DArt/UI/FieldGuide/Icons/Icon_Statue.Icon_Statue'",
            "Tooltip": "NSLOCTEXT(\"D_ItemClassificationsIcons\", \"Decorations_Statues-Tooltip\", \"Statues\")"
        },
        {
            "Name": "Decorations_Rustic",
            "TagQuery": {
                "RowName": "Decorations_Any_Rustic"
            },
            "Icon": "Texture2D'/Game/Assets/2DArt/UI/FieldGuide/Icons/Icon_Rustic.Icon_Rustic'",
            "Tooltip": "NSLOCTEXT(\"D_ItemClassificationsIcons\", \"Decorations_Rustic-Tooltip\", \"Rustic Decorations\")"
        },
        {
            "Name": "Decorations_ArtDeco",
            "TagQuery": {
                "RowName": "Decorations_Any_ArtDeco"
            },
            "Icon": "Texture2D'/Game/Assets/2DArt/UI/FieldGuide/Icons/Icon_ArtDeco.Icon_ArtDeco'",
            "Tooltip": "NSLOCTEXT(\"D_ItemClassificationsIcons\", \"Decorations_ArtDeco-Tooltip\", \"Art Deco Decorations\")"
        },
        {
            "Name": "Decorations_Brutalist",
            "TagQuery": {
                "RowName": "Decorations_Any_Brutalist"
            },
            "Icon": "Texture2D'/Game/Assets/2DArt/UI/FieldGuide/Icons/Icon_Brutalist.Icon_Brutalist'",
            "Tooltip": "NSLOCTEXT(\"D_ItemClassificationsIcons\", \"Decorations_Brutalist-Tooltip\", \"Brutalist Decorations\")"
        },
        {
            "Name": "Decorations_Industrialist",
            "TagQuery": {
                "RowName": "Decorations_Any_Industrialist"
            },
            "Icon": "Texture2D'/Game/Assets/2DArt/UI/FieldGuide/Icons/Icon_Industrialist.Icon_Industrialist'",
            "Tooltip": "NSLOCTEXT(\"D_ItemClassificationsIcons\", \"Decorations_Industrialist-Tooltip\", \"Industrialist Decorations\")"
        },
        {
            "Name": "MissionItems",
            "TagQuery": {
                "RowName": "Any_Quest_Item"
            },
            "Icon": "Texture2D'/Game/Assets/2DArt/UI/Icons/Icon_Assigned.Icon_Assigned'",
            "Tooltip": "NSLOCTEXT(\"D_ItemClassificationsIcons\", \"MissionItems-Tooltip\", \"Mission Items\")"
        }
    ]
}