{
    "RowStruct": "/Script/Icarus.ItemRank",
    "Defaults": {
        "TagQuery": {
            "RowName": "None",
            "DataTableName": "D_TagQueries"
        },
        "Icon": "None"
    },
    "Rows": [
        {
            "Name": "Attachment_1",
            "TagQuery": {
                "RowName": "Attachment_Rank_1"
            },
            "Icon": "/Game/Assets/2DArt/UI/Icons/Icon_Tier_1.Icon_Tier_1"
        },
        {
            "Name": "Attachment_2",
            "TagQuery": {
                "RowName": "Attachment_Rank_2"
            },
            "Icon": "/Game/Assets/2DArt/UI/Icons/Icon_Tier_2.Icon_Tier_2"
        },
        {
            "Name": "Attachment_IceMammoth",
            "TagQuery": {
                "RowName": "Attachment_Rank_IceMammoth"
            },
            "Icon": "/Game/Assets/2DArt/UI/Icons/T_ICON_currency_Mammoth.T_ICON_currency_Mammoth"
        },
        {
            "Name": "Attachment_Sandworm",
            "TagQuery": {
                "RowName": "Attachment_Rank_Sandworm"
            },
            "Icon": "/Game/Assets/2DArt/UI/Icons/T_ICON_currency_sandworm.T_ICON_currency_sandworm"
        },
        {
            "Name": "Attachment_AlphaWolf",
            "TagQuery": {
                "RowName": "Attachment_Rank_AlphaWolf"
            },
            "Icon": "/Game/Assets/2DArt/UI/Icons/T_ICON_currency_Wolf.T_ICON_currency_Wolf"
        },
        {
            "Name": "Attachment_Scorpion",
            "TagQuery": {
                "RowName": "Attachment_Rank_Scorpion"
            },
            "Icon": "/Game/Assets/2DArt/UI/Icons/T_ICON_currency_Scorpion.T_ICON_currency_Scorpion"
        }
    ]
}