{
    "RowStruct": "/Script/Icarus.RulesetData",
    "Defaults": {
        "RulesetClass": "None",
        "bEnabledByDefault": false,
        "bSpawnOnClient": false
    },
    "GenerateEnum": true,
    "Columns": [
        {
            "Name": "RulesetClass",
            "Key": true,
            "KeyType": "UClass*",
            "ForwardDeclare": "class"
        }
    ],
    "Rows": [
        {
            "Name": "Tutorial",
            "bEnabledByDefault": true
        }
    ]
}