{
    "RowStruct": "/Script/Icarus.MusicLocationCondition",
    "Defaults": {},
    "Rows": [
        {
            "Name": "Conifer"
        },
        {
            "Name": "Desert"
        },
        {
            "Name": "Arctic"
        },
        {
            "Name": "Cave"
        },
        {
            "Name": "Wetlands"
        },
        {
            "Name": "Lava"
        },
        {
            "Name": "OutOfBounds"
        },
        {
            "Name": "Grasslands"
        }
    ]
}