{
    "RowStruct": "/Script/Icarus.KeyData",
    "Defaults": {
        "Key": "None",
        "DisplayNameOverride": ""
    },
    "Columns": [
        {
            "Name": "Key",
            "Key": true,
            "ForwardDeclare": "struct"
        }
    ],
    "Rows": [
        {
            "Name": "Unbound",
            "Key": {
                "KeyName": "None"
            },
            "DisplayNameOverride": "NSLOCTEXT(\"D_Keys\", \"Unbound-DisplayNameOverride\", \"UNBOUND\")"
        },
        {
            "Name": "Backslash",
            "Key": {
                "KeyName": "Backslash"
            },
            "DisplayNameOverride": "INVTEXT(\"\\\\\")"
        },
        {
            "Name": "Spacebar",
            "Key": {
                "KeyName": "SpaceBar"
            },
            "DisplayNameOverride": "NSLOCTEXT(\"D_Keys\", \"Spacebar-DisplayNameOverride\", \"SPACE\")"
        },
        {
            "Name": "LeftControl",
            "Key": {
                "KeyName": "LeftControl"
            },
            "DisplayNameOverride": "NSLOCTEXT(\"D_Keys\", \"LeftControl-DisplayNameOverride\", \"LCTRL\")"
        },
        {
            "Name": "Comma",
            "Key": {
                "KeyName": "Comma"
            },
            "DisplayNameOverride": "INVTEXT(\",\")"
        },
        {
            "Name": "Period",
            "Key": {
                "KeyName": "Period"
            },
            "DisplayNameOverride": "INVTEXT(\".\")"
        },
        {
            "Name": "Ampersand",
            "Key": {
                "KeyName": "Ampersand"
            },
            "DisplayNameOverride": "INVTEXT(\"&\")"
        },
        {
            "Name": "LeftAlt",
            "Key": {
                "KeyName": "LeftAlt"
            },
            "DisplayNameOverride": "NSLOCTEXT(\"D_Keys\", \"LeftAlt-DisplayNameOverride\", \"LALT\")"
        },
        {
            "Name": "LeftShift",
            "Key": {
                "KeyName": "LeftShift"
            },
            "DisplayNameOverride": "NSLOCTEXT(\"D_Keys\", \"LeftShift-DisplayNameOverride\", \"LSHFT\")"
        },
        {
            "Name": "RightShift",
            "Key": {
                "KeyName": "RightShift"
            },
            "DisplayNameOverride": "NSLOCTEXT(\"D_Keys\", \"RightShift-DisplayNameOverride\", \"RSHFT\")"
        },
        {
            "Name": "Escape",
            "Key": {
                "KeyName": "Escape"
            },
            "DisplayNameOverride": "NSLOCTEXT(\"D_Keys\", \"Escape-DisplayNameOverride\", \"ESC\")"
        },
        {
            "Name": "RightControl",
            "Key": {
                "KeyName": "RightControl"
            },
            "DisplayNameOverride": "NSLOCTEXT(\"D_Keys\", \"RightControl-DisplayNameOverride\", \"RCTRL\")"
        },
        {
            "Name": "RightBracket",
            "Key": {
                "KeyName": "RightBracket"
            },
            "DisplayNameOverride": "INVTEXT(\"]\")"
        },
        {
            "Name": "LeftBracket",
            "Key": {
                "KeyName": "LeftBracket"
            },
            "DisplayNameOverride": "INVTEXT(\"[\")"
        },
        {
            "Name": "Tilde",
            "Key": {
                "KeyName": "Tilde"
            },
            "DisplayNameOverride": "INVTEXT(\"`\")"
        },
        {
            "Name": "RightAlt",
            "Key": {
                "KeyName": "RightAlt"
            },
            "DisplayNameOverride": "NSLOCTEXT(\"D_Keys\", \"RightAlt-DisplayNameOverride\", \"RALT\")"
        },
        {
            "Name": "Semicolon",
            "Key": {
                "KeyName": "Semicolon"
            },
            "DisplayNameOverride": "INVTEXT(\";\")"
        },
        {
            "Name": "Apostrophe",
            "Key": {
                "KeyName": "Apostrophe"
            },
            "DisplayNameOverride": "INVTEXT(\"\\'\")"
        },
        {
            "Name": "ForwardSlash",
            "Key": {
                "KeyName": "Slash"
            },
            "DisplayNameOverride": "INVTEXT(\"/\")"
        },
        {
            "Name": "Hyphen",
            "Key": {
                "KeyName": "Hyphen"
            },
            "DisplayNameOverride": "INVTEXT(\"-\")"
        },
        {
            "Name": "Equals",
            "Key": {
                "KeyName": "Equals"
            },
            "DisplayNameOverride": "INVTEXT(\"=\")"
        },
        {
            "Name": "Insert",
            "Key": {
                "KeyName": "Insert"
            },
            "DisplayNameOverride": "NSLOCTEXT(\"D_Keys\", \"Insert-DisplayNameOverride\", \"INS\")"
        },
        {
            "Name": "Home",
            "Key": {
                "KeyName": "Home"
            },
            "DisplayNameOverride": "NSLOCTEXT(\"D_Keys\", \"Home-DisplayNameOverride\", \"Home\")"
        },
        {
            "Name": "Delete",
            "Key": {
                "KeyName": "Delete"
            },
            "DisplayNameOverride": "NSLOCTEXT(\"D_Keys\", \"Delete-DisplayNameOverride\", \"DEL\")"
        },
        {
            "Name": "PageUp",
            "Key": {
                "KeyName": "PageUp"
            },
            "DisplayNameOverride": "NSLOCTEXT(\"D_Keys\", \"PageUp-DisplayNameOverride\", \"PG UP\")"
        },
        {
            "Name": "PageDown",
            "Key": {
                "KeyName": "PageDown"
            },
            "DisplayNameOverride": "NSLOCTEXT(\"D_Keys\", \"PageDown-DisplayNameOverride\", \"PG DN\")"
        },
        {
            "Name": "MouseButton4",
            "Key": {
                "KeyName": "ThumbMouseButton"
            },
            "DisplayNameOverride": "NSLOCTEXT(\"D_Keys\", \"MouseButton4-DisplayNameOverride\", \"M4\")"
        },
        {
            "Name": "MouseButton5",
            "Key": {
                "KeyName": "ThumbMouseButton2"
            },
            "DisplayNameOverride": "NSLOCTEXT(\"D_Keys\", \"MouseButton5-DisplayNameOverride\", \"M5\")"
        }
    ]
}