{
    "RowStruct": "/Script/Icarus.CurrencyConversion",
    "Defaults": {
        "StartingCurrency": {
            "RowName": "None",
            "DataTableName": "D_MetaCurrency"
        },
        "StartingAmount": 0,
        "ConvertedCurrency": {
            "RowName": "None",
            "DataTableName": "D_MetaCurrency"
        },
        "ConvertedAmount": 0
    },
    "GenerateEnum": true,
    "Rows": [
        {
            "Name": "Purchase_Refund_1",
            "StartingCurrency": {
                "RowName": "Credits"
            },
            "StartingAmount": 150,
            "ConvertedCurrency": {
                "RowName": "Refund"
            },
            "ConvertedAmount": 1
        },
        {
            "Name": "Currency_Exchange",
            "StartingCurrency": {
                "RowName": "Exotic1"
            },
            "StartingAmount": 1,
            "ConvertedCurrency": {
                "RowName": "Credits"
            },
            "ConvertedAmount": 5
        }
    ]
}