{
    "RowStruct": "/Script/Icarus.IcarusLogCategory",
    "Defaults": {
        "Name": "",
        "Description": ""
    },
    "GenerateEnum": true,
    "Rows": [
        {
            "Name": "LogSession"
        },
        {
            "Name": "LogPlayer"
        },
        {
            "Name": "LogConnection"
        },
        {
            "Name": "LogErrorSystem",
            "Description": "NSLOCTEXT(\"D_LogCategories\", \"LogErrorSystem-Description\", \"Logging for the error subsystem\")"
        },
        {
            "Name": "LogContent",
            "Description": "NSLOCTEXT(\"D_LogCategories\", \"LogContent-Description\", \"Basic local user file system checks\")"
        }
    ]
}