{
    "RowStruct": "/Script/Icarus.ItemTraitMask",
    "Defaults": {
        "bMeshable": true,
        "bItemable": true,
        "bInteractable": true,
        "bHitable": true,
        "bEquippable": true,
        "bFocusable": true,
        "bHighlightable": true,
        "bActionable": true,
        "bBuildable": true,
        "bConsumable": true,
        "bUsable": true,
        "bCombustible": true,
        "bDeployable": true,
        "bArmour": true,
        "bBallistic": true,
        "bVehicular": true,
        "bFillable": true,
        "bDurable": true,
        "bFloatable": true,
        "bRocketable": true,
        "bInventory": true,
        "bProcessing": true,
        "bEnergy": true,
        "bWater": true,
        "bOxygen": true,
        "bFuel": true,
        "bThermal": true,
        "bExperience": true,
        "bSlotable": true,
        "bDecayable": true,
        "bFlammable": true,
        "bTransmutable": true,
        "bGenerator": true,
        "bWeight": true,
        "bFarmable": true,
        "bInventoryContainer": true
    },
    "Rows": [
        {
            "Name": "World",
            "bEquippable": false,
            "bFocusable": false,
            "bActionable": false,
            "bBuildable": false,
            "bDeployable": false,
            "bArmour": false,
            "bVehicular": false,
            "bRocketable": false,
            "bInventory": false,
            "bProcessing": false,
            "bEnergy": false,
            "bWater": false,
            "bOxygen": false,
            "bFuel": false,
            "bSlotable": false,
            "bWeight": false
        },
        {
            "Name": "EquipHand",
            "bInteractable": false,
            "bHitable": false,
            "bEquippable": false,
            "bHighlightable": false,
            "bArmour": false,
            "bBallistic": false,
            "bVehicular": false,
            "bFloatable": false,
            "bRocketable": false,
            "bProcessing": false,
            "bEnergy": false,
            "bWater": false,
            "bOxygen": false,
            "bFuel": false,
            "bSlotable": false,
            "bDecayable": false,
            "bTransmutable": false,
            "bWeight": false,
            "bFarmable": false
        },
        {
            "Name": "EquipBack",
            "bItemable": false,
            "bInteractable": false,
            "bHitable": false,
            "bEquippable": false,
            "bFocusable": false,
            "bHighlightable": false,
            "bActionable": false,
            "bBuildable": false,
            "bConsumable": false,
            "bUsable": false,
            "bCombustible": false,
            "bDeployable": false,
            "bArmour": false,
            "bBallistic": false,
            "bVehicular": false,
            "bFillable": false,
            "bDurable": false,
            "bFloatable": false,
            "bRocketable": false,
            "bProcessing": false,
            "bEnergy": false,
            "bWater": false,
            "bOxygen": false,
            "bFuel": false,
            "bSlotable": false,
            "bDecayable": false,
            "bFlammable": false,
            "bTransmutable": false,
            "bWeight": false,
            "bFarmable": false,
            "bInventoryContainer": false
        },
        {
            "Name": "Vehicle",
            "bEquippable": false,
            "bFocusable": false,
            "bActionable": false,
            "bBuildable": false,
            "bConsumable": false,
            "bDeployable": false,
            "bArmour": false,
            "bBallistic": false,
            "bFloatable": false,
            "bRocketable": false,
            "bSlotable": false,
            "bDecayable": false,
            "bFarmable": false
        },
        {
            "Name": "Deployable",
            "bEquippable": false,
            "bFocusable": false,
            "bActionable": false,
            "bBuildable": false,
            "bArmour": false,
            "bBallistic": false,
            "bVehicular": false,
            "bDecayable": false
        },
        {
            "Name": "Slotable",
            "bHitable": false,
            "bEquippable": false,
            "bFocusable": false,
            "bActionable": false,
            "bBuildable": false,
            "bUsable": false,
            "bCombustible": false,
            "bDeployable": false,
            "bArmour": false,
            "bBallistic": false,
            "bVehicular": false,
            "bFloatable": false,
            "bRocketable": false,
            "bInventory": false,
            "bProcessing": false,
            "bEnergy": false,
            "bWater": false,
            "bOxygen": false,
            "bFuel": false,
            "bThermal": false,
            "bExperience": false,
            "bDecayable": false,
            "bTransmutable": false,
            "bWeight": false,
            "bFarmable": false,
            "bInventoryContainer": false
        },
        {
            "Name": "Buildable",
            "bItemable": false,
            "bInteractable": false,
            "bEquippable": false,
            "bFocusable": false,
            "bHighlightable": false,
            "bActionable": false,
            "bBuildable": false,
            "bConsumable": false,
            "bUsable": false,
            "bCombustible": false,
            "bDeployable": false,
            "bArmour": false,
            "bBallistic": false,
            "bVehicular": false,
            "bFillable": false,
            "bFloatable": false,
            "bRocketable": false,
            "bInventory": false,
            "bProcessing": false,
            "bEnergy": false,
            "bWater": false,
            "bOxygen": false,
            "bFuel": false,
            "bExperience": false,
            "bDecayable": false,
            "bTransmutable": false,
            "bWeight": false,
            "bFarmable": false,
            "bInventoryContainer": false
        },
        {
            "Name": "DropshipPart",
            "bEquippable": false,
            "bFocusable": false,
            "bActionable": false,
            "bBuildable": false,
            "bDeployable": false,
            "bArmour": false,
            "bVehicular": false,
            "bRocketable": false,
            "bInventory": false,
            "bProcessing": false,
            "bEnergy": false,
            "bWater": false,
            "bOxygen": false,
            "bFuel": false,
            "bSlotable": false,
            "bDecayable": false,
            "bWeight": false,
            "bFarmable": false,
            "bInventoryContainer": false
        },
        {
            "Name": "Gravestone",
            "bEquippable": false,
            "bFocusable": false,
            "bActionable": false,
            "bBuildable": false,
            "bArmour": false,
            "bBallistic": false,
            "bVehicular": false,
            "bDecayable": false,
            "bInventoryContainer": false
        },
        {
            "Name": "Light",
            "bInteractable": false,
            "bHitable": false,
            "bEquippable": false,
            "bFocusable": false,
            "bHighlightable": false,
            "bBuildable": false,
            "bConsumable": false,
            "bUsable": false,
            "bCombustible": false,
            "bDeployable": false,
            "bArmour": false,
            "bBallistic": false,
            "bVehicular": false,
            "bFloatable": false,
            "bRocketable": false,
            "bProcessing": false,
            "bEnergy": false,
            "bWater": false,
            "bOxygen": false,
            "bFuel": false,
            "bSlotable": false,
            "bDecayable": false,
            "bFlammable": false,
            "bTransmutable": false,
            "bWeight": false,
            "bFarmable": false
        }
    ]
}