{
    "RowStruct": "/Script/Icarus.StaminaCost",
    "Defaults": {
        "BeginActionCost": 0,
        "EndActionCost": 0,
        "PerSecondCost": 0,
        "EffectingStat": {
            "Value": "StaminaActionCost_+%"
        },
        "bCanPerformActionWithInsufficientStamina": false
    },
    "GenerateEnum": true,
    "Rows": [
        {
            "Name": "Generic_Melee_1H",
            "BeginActionCost": 10,
            "EffectingStat": {
                "Value": "ToolStaminaActionCost_+%"
            }
        },
        {
            "Name": "Wood_Bow_Draw",
            "PerSecondCost": 8,
            "EffectingStat": {
                "Value": "ToolStaminaActionCost_+%"
            }
        },
        {
            "Name": "Longbow_Draw",
            "PerSecondCost": 4,
            "EffectingStat": {
                "Value": "ToolStaminaActionCost_+%"
            }
        },
        {
            "Name": "Recurve_Bow_Draw",
            "PerSecondCost": 4,
            "EffectingStat": {
                "Value": "ToolStaminaActionCost_+%"
            }
        },
        {
            "Name": "Compound_Bow_Draw",
            "PerSecondCost": 2,
            "EffectingStat": {
                "Value": "ToolStaminaActionCost_+%"
            }
        },
        {
            "Name": "PlayerCharacter_Sprint",
            "PerSecondCost": 16,
            "EffectingStat": {
                "Value": "SprintingStaminaActionCost_+%"
            }
        },
        {
            "Name": "PlayerCharacter_Jump",
            "BeginActionCost": 10,
            "EffectingStat": {
                "Value": "JumpingStaminaActionCost_+%"
            },
            "bCanPerformActionWithInsufficientStamina": true
        },
        {
            "Name": "PlayerCharacter_SprintJump",
            "BeginActionCost": 20,
            "EffectingStat": {
                "Value": "JumpingStaminaActionCost_+%"
            }
        },
        {
            "Name": "PlayerCharacter_Crouch"
        },
        {
            "Name": "PlayerCharacter_Walk"
        },
        {
            "Name": "Generic_Consume"
        },
        {
            "Name": "Shovel_Melee",
            "BeginActionCost": 70,
            "EffectingStat": {
                "Value": "ToolStaminaActionCost_+%"
            }
        },
        {
            "Name": "Spear_Throw",
            "EndActionCost": 60,
            "PerSecondCost": 10,
            "EffectingStat": {
                "Value": "ToolStaminaActionCost_+%"
            }
        },
        {
            "Name": "Spear_Melee",
            "BeginActionCost": 20,
            "EffectingStat": {
                "Value": "ToolStaminaActionCost_+%"
            }
        },
        {
            "Name": "Repair_Tool",
            "BeginActionCost": 20,
            "PerSecondCost": 20,
            "EffectingStat": {
                "Value": "ToolStaminaActionCost_+%"
            }
        },
        {
            "Name": "Repair_Item",
            "BeginActionCost": 200
        },
        {
            "Name": "FireWhacker_Melee",
            "BeginActionCost": 10,
            "EffectingStat": {
                "Value": "ToolStaminaActionCost_+%"
            }
        },
        {
            "Name": "Knife_Throw",
            "BeginActionCost": 10,
            "PerSecondCost": 6,
            "EffectingStat": {
                "Value": "ToolStaminaActionCost_+%"
            }
        },
        {
            "Name": "Grenade_Throw",
            "BeginActionCost": 20,
            "PerSecondCost": 10,
            "EffectingStat": {
                "Value": "ToolStaminaActionCost_+%"
            }
        },
        {
            "Name": "Melee_1H_Steel",
            "BeginActionCost": 6,
            "EffectingStat": {
                "Value": "ToolStaminaActionCost_+%"
            }
        },
        {
            "Name": "Melee_1H_Titanium",
            "BeginActionCost": 4,
            "EffectingStat": {
                "Value": "ToolStaminaActionCost_+%"
            }
        },
        {
            "Name": "Melee_1H_Platinum",
            "BeginActionCost": 4,
            "EffectingStat": {
                "Value": "ToolStaminaActionCost_+%"
            }
        },
        {
            "Name": "Mount_Jump",
            "BeginActionCost": 25,
            "EffectingStat": {
                "Value": "JumpingStaminaActionCost_+%"
            }
        },
        {
            "Name": "Mount_Attack",
            "BeginActionCost": 35,
            "EffectingStat": {
                "Value": "JumpingStaminaActionCost_+%"
            }
        },
        {
            "Name": "Shield_Hold",
            "BeginActionCost": 10,
            "PerSecondCost": 10,
            "EffectingStat": {
                "Value": "ToolStaminaActionCost_+%"
            }
        },
        {
            "Name": "Shield_OnHit",
            "BeginActionCost": 50,
            "EffectingStat": {
                "Value": "ToolStaminaActionCost_+%"
            }
        },
        {
            "Name": "Sledge_Melee",
            "BeginActionCost": 40,
            "EffectingStat": {
                "Value": "ToolStaminaActionCost_+%"
            }
        }
    ]
}