{
    "RowStruct": "/Script/Icarus.GraphicsTierDescription",
    "Defaults": {
        "CardVendor": "Unknown",
        "CardDescriptionProbe": "",
        "CardPercent": 0
    },
    "GenerateEnum": true,
    "Rows": [
        {
            "Name": "RTX4090",
            "CardVendor": "Nvidia",
            "CardDescriptionProbe": "RTX 4090 ",
            "CardPercent": 275
        },
        {
            "Name": "RTX4080",
            "CardVendor": "Nvidia",
            "CardDescriptionProbe": "RTX 4080 ",
            "CardPercent": 240
        },
        {
            "Name": "RTX4070",
            "CardVendor": "Nvidia",
            "CardDescriptionProbe": "RTX 4070 ",
            "CardPercent": 220
        },
        {
            "Name": "RTX3090",
            "CardVendor": "Nvidia",
            "CardDescriptionProbe": "RTX 3090 ",
            "CardPercent": 183
        },
        {
            "Name": "RTX4060",
            "CardVendor": "Nvidia",
            "CardDescriptionProbe": "RTX 4060 ",
            "CardPercent": 235
        },
        {
            "Name": "TITANRTX",
            "CardVendor": "Nvidia",
            "CardDescriptionProbe": "TITAN RTX ",
            "CardPercent": 142
        },
        {
            "Name": "RTX3070",
            "CardVendor": "Nvidia",
            "CardDescriptionProbe": "RTX 3070 ",
            "CardPercent": 141
        },
        {
            "Name": "TITANV",
            "CardVendor": "Nvidia",
            "CardDescriptionProbe": "TITAN V ",
            "CardPercent": 115
        },
        {
            "Name": "RTX2080",
            "CardVendor": "Nvidia",
            "CardDescriptionProbe": "RTX 2080 ",
            "CardPercent": 108
        },
        {
            "Name": "RTX4050",
            "CardVendor": "Nvidia",
            "CardDescriptionProbe": "RTX 4050 ",
            "CardPercent": 101
        },
        {
            "Name": "TITANXp",
            "CardVendor": "Nvidia",
            "CardDescriptionProbe": "TITAN Xp ",
            "CardPercent": 98
        },
        {
            "Name": "GTX1080",
            "CardVendor": "Nvidia",
            "CardDescriptionProbe": "GTX 1080 ",
            "CardPercent": 83
        },
        {
            "Name": "RTX3060",
            "CardVendor": "Nvidia",
            "CardDescriptionProbe": "RTX 3060 ",
            "CardPercent": 96
        },
        {
            "Name": "RTX2070",
            "CardVendor": "Nvidia",
            "CardDescriptionProbe": "RTX 2070 ",
            "CardPercent": 92
        },
        {
            "Name": "RTX2060",
            "CardVendor": "Nvidia",
            "CardDescriptionProbe": "RTX 2060 ",
            "CardPercent": 80
        },
        {
            "Name": "GTXTITANX",
            "CardVendor": "Nvidia",
            "CardDescriptionProbe": "GTX TITAN X ",
            "CardPercent": 76
        },
        {
            "Name": "RTX3050",
            "CardVendor": "Nvidia",
            "CardDescriptionProbe": "RTX 3050 ",
            "CardPercent": 73
        },
        {
            "Name": "GTX1660",
            "CardVendor": "Nvidia",
            "CardDescriptionProbe": "GTX 1660 ",
            "CardPercent": 70
        },
        {
            "Name": "GTX1070",
            "CardVendor": "Nvidia",
            "CardDescriptionProbe": "GTX 1070 ",
            "CardPercent": 73
        },
        {
            "Name": "GTX980",
            "CardVendor": "Nvidia",
            "CardDescriptionProbe": "GTX 980 ",
            "CardPercent": 54
        },
        {
            "Name": "GTX1060",
            "CardVendor": "Nvidia",
            "CardDescriptionProbe": "GTX 1060 ",
            "CardPercent": 50
        },
        {
            "Name": "RX7900XTX",
            "CardVendor": "AMD",
            "CardDescriptionProbe": "RX 7900 XTX ",
            "CardPercent": 210
        },
        {
            "Name": "RX7900",
            "CardVendor": "AMD",
            "CardDescriptionProbe": "RX 7900 ",
            "CardPercent": 170
        },
        {
            "Name": "RX6900",
            "CardVendor": "AMD",
            "CardDescriptionProbe": "RX 6900 ",
            "CardPercent": 160
        },
        {
            "Name": "RX6800",
            "CardVendor": "AMD",
            "CardDescriptionProbe": "RX 6800 ",
            "CardPercent": 155
        },
        {
            "Name": "RX6700",
            "CardVendor": "AMD",
            "CardDescriptionProbe": "RX 6700 ",
            "CardPercent": 105
        },
        {
            "Name": "RX6600",
            "CardVendor": "AMD",
            "CardDescriptionProbe": "RX 6600 ",
            "CardPercent": 88
        },
        {
            "Name": "RX5700",
            "CardVendor": "AMD",
            "CardDescriptionProbe": "RX 5700 ",
            "CardPercent": 82
        },
        {
            "Name": "RX5600",
            "CardVendor": "AMD",
            "CardDescriptionProbe": "RX 5600 ",
            "CardPercent": 76
        },
        {
            "Name": "RXVega64",
            "CardVendor": "AMD",
            "CardDescriptionProbe": "RX Vega 64 ",
            "CardPercent": 73
        },
        {
            "Name": "RXVega56",
            "CardVendor": "AMD",
            "CardDescriptionProbe": "RX Vega 56 ",
            "CardPercent": 70
        },
        {
            "Name": "RX295X2",
            "CardVendor": "AMD",
            "CardDescriptionProbe": "RX 295X2 ",
            "CardPercent": 68
        },
        {
            "Name": "R9FURYX",
            "CardVendor": "AMD",
            "CardDescriptionProbe": "RX FURY X ",
            "CardPercent": 53
        },
        {
            "Name": "RX590",
            "CardVendor": "AMD",
            "CardDescriptionProbe": "RX 590 ",
            "CardPercent": 53
        },
        {
            "Name": "R9Nano",
            "CardVendor": "AMD",
            "CardDescriptionProbe": "R9 Nano ",
            "CardPercent": 50
        },
        {
            "Name": "RX580",
            "CardVendor": "AMD",
            "CardDescriptionProbe": "RX 580 ",
            "CardPercent": 50
        },
        {
            "Name": "A770",
            "CardVendor": "Intel",
            "CardDescriptionProbe": "A770 ",
            "CardPercent": 110
        },
        {
            "Name": "A750",
            "CardVendor": "Intel",
            "CardDescriptionProbe": "A750 ",
            "CardPercent": 100
        },
        {
            "Name": "A580",
            "CardVendor": "Intel",
            "CardDescriptionProbe": "A580 ",
            "CardPercent": 80
        },
        {
            "Name": "RadeonVII",
            "CardVendor": "AMD",
            "CardDescriptionProbe": "Radeon VII ",
            "CardPercent": 100
        }
    ]
}