{
    "RowStruct": "/Script/Icarus.BagPriorityData",
    "Defaults": {
        "ItemQuery": {
            "RowName": "None",
            "DataTableName": "D_TagQueries"
        },
        "BagItems": []
    },
    "Rows": [
        {
            "Name": "SeedBag",
            "ItemQuery": {
                "RowName": "Any_Seed"
            },
            "BagItems": [
                {
                    "RowName": "Seed_Pouch",
                    "DataTableName": "D_ItemsStatic"
                }
            ]
        }
    ]
}