{
    "RowStruct": "/Script/Icarus.QuickMove",
    "Defaults": {
        "Source": {
            "Value": "None"
        },
        "Destinations": []
    },
    "Columns": [
        {
            "Name": "Source",
            "Key": true,
            "Cardinality": "Single",
            "ForwardDeclare": "struct"
        }
    ],
    "Rows": [
        {
            "Name": "Undefined",
            "Source": {
                "Value": "Undefined"
            },
            "Destinations": [
                {
                    "Value": "Backpack"
                },
                {
                    "Value": "Quickbar"
                }
            ]
        },
        {
            "Name": "Quickbar",
            "Source": {
                "Value": "Quickbar"
            },
            "Destinations": [
                {
                    "Value": "Backpack"
                }
            ]
        },
        {
            "Name": "Backpack",
            "Source": {
                "Value": "Backpack"
            },
            "Destinations": [
                {
                    "Value": "Fuel"
                },
                {
                    "Value": "BeehiveUpgrades"
                },
                {
                    "Value": "General"
                },
                {
                    "Value": "Processor"
                },
                {
                    "Value": "Equipment"
                },
                {
                    "Value": "Suit"
                },
                {
                    "Value": "Upgrade"
                },
                {
                    "Value": "Vision"
                },
                {
                    "Value": "Seed"
                },
                {
                    "Value": "Fertilizer"
                },
                {
                    "Value": "Saddle"
                },
                {
                    "Value": "Mount_Cargo"
                },
                {
                    "Value": "Quickbar"
                }
            ]
        },
        {
            "Name": "Suit",
            "Source": {
                "Value": "Suit"
            },
            "Destinations": [
                {
                    "Value": "Backpack"
                },
                {
                    "Value": "Quickbar"
                }
            ]
        },
        {
            "Name": "Equipment",
            "Source": {
                "Value": "Equipment"
            },
            "Destinations": [
                {
                    "Value": "Backpack"
                },
                {
                    "Value": "Quickbar"
                }
            ]
        },
        {
            "Name": "Processing",
            "Source": {
                "Value": "Processor"
            },
            "Destinations": [
                {
                    "Value": "Fuel"
                },
                {
                    "Value": "Backpack"
                }
            ]
        },
        {
            "Name": "Fuel",
            "Source": {
                "Value": "Fuel"
            },
            "Destinations": [
                {
                    "Value": "Backpack"
                },
                {
                    "Value": "Quickbar"
                }
            ]
        },
        {
            "Name": "Corpse",
            "Source": {
                "Value": "Corpse"
            },
            "Destinations": [
                {
                    "Value": "Backpack"
                },
                {
                    "Value": "Quickbar"
                }
            ]
        },
        {
            "Name": "Vision",
            "Source": {
                "Value": "Vision"
            },
            "Destinations": [
                {
                    "Value": "Backpack"
                },
                {
                    "Value": "Quickbar"
                }
            ]
        },
        {
            "Name": "Upgrade",
            "Source": {
                "Value": "Upgrade"
            },
            "Destinations": [
                {
                    "Value": "Backpack"
                },
                {
                    "Value": "Quickbar"
                }
            ]
        },
        {
            "Name": "Slotable",
            "Source": {
                "Value": "Slotable"
            },
            "Destinations": [
                {
                    "Value": "Backpack"
                },
                {
                    "Value": "Quickbar"
                }
            ]
        },
        {
            "Name": "Hands",
            "Source": {
                "Value": "Hands"
            },
            "Destinations": [
                {
                    "Value": "Habitat"
                }
            ]
        },
        {
            "Name": "General",
            "Source": {
                "Value": "General"
            },
            "Destinations": [
                {
                    "Value": "Backpack"
                },
                {
                    "Value": "Quickbar"
                }
            ]
        },
        {
            "Name": "Seed",
            "Source": {
                "Value": "Seed"
            },
            "Destinations": [
                {
                    "Value": "Backpack"
                }
            ]
        },
        {
            "Name": "Habitat",
            "Source": {
                "Value": "Habitat"
            },
            "Destinations": [
                {
                    "Value": "Loadout"
                }
            ]
        },
        {
            "Name": "Loadout",
            "Source": {
                "Value": "Loadout"
            },
            "Destinations": [
                {
                    "Value": "Habitat"
                }
            ]
        },
        {
            "Name": "Mount_Cargo",
            "Source": {
                "Value": "Mount_Cargo"
            },
            "Destinations": [
                {
                    "Value": "Backpack"
                },
                {
                    "Value": "Quickbar"
                }
            ]
        },
        {
            "Name": "Saddle",
            "Source": {
                "Value": "Saddle"
            },
            "Destinations": [
                {
                    "Value": "Backpack"
                },
                {
                    "Value": "Quickbar"
                }
            ]
        },
        {
            "Name": "On_Prospect_Habitat",
            "Source": {
                "Value": "On_Prospect_Habitat"
            },
            "Destinations": [
                {
                    "Value": "On_Prospect_Loadout"
                }
            ]
        },
        {
            "Name": "On_Prospect_Loadout",
            "Source": {
                "Value": "On_Prospect_Loadout"
            },
            "Destinations": [
                {
                    "Value": "On_Prospect_Habitat"
                }
            ]
        },
        {
            "Name": "Beehive",
            "Source": {
                "Value": "BeehiveUpgrades"
            },
            "Destinations": [
                {
                    "Value": "Backpack"
                },
                {
                    "Value": "Quickbar"
                }
            ]
        }
    ]
}