{
    "RowStruct": "/Script/Icarus.GraphicsTierDescriptionMods",
    "Defaults": {
        "CardVendor": "Unknown",
        "CardDescriptionModProbe": "",
        "CardModPercent": 0
    },
    "GenerateEnum": true,
    "Rows": [
        {
            "Name": "Ti",
            "CardVendor": "Nvidia",
            "CardDescriptionModProbe": "Ti ",
            "CardModPercent": 20
        },
        {
            "Name": "Super",
            "CardVendor": "Nvidia",
            "CardDescriptionModProbe": "Super ",
            "CardModPercent": 20
        },
        {
            "Name": "MobileN",
            "CardVendor": "Nvidia",
            "CardDescriptionModProbe": "Mobile ",
            "CardModPercent": -20
        },
        {
            "Name": "Max-Q",
            "CardVendor": "Nvidia",
            "CardDescriptionModProbe": "Max-Q ",
            "CardModPercent": -20
        },
        {
            "Name": "MaxSpaceQ",
            "CardVendor": "Nvidia",
            "CardDescriptionModProbe": "Max Q ",
            "CardModPercent": -20
        },
        {
            "Name": "3GbN",
            "CardVendor": "Nvidia",
            "CardDescriptionModProbe": "3Gb ",
            "CardModPercent": -20
        },
        {
            "Name": "3GbSpaceN",
            "CardVendor": "Nvidia",
            "CardDescriptionModProbe": "3 Gb ",
            "CardModPercent": -20
        },
        {
            "Name": "4GbN",
            "CardVendor": "Nvidia",
            "CardDescriptionModProbe": "4Gb ",
            "CardModPercent": -15
        },
        {
            "Name": "4GbSpaceN",
            "CardVendor": "Nvidia",
            "CardDescriptionModProbe": "4 Gb ",
            "CardModPercent": -15
        },
        {
            "Name": "3GbA",
            "CardVendor": "AMD",
            "CardDescriptionModProbe": "3Gb ",
            "CardModPercent": -20
        },
        {
            "Name": "3GbSpaceA",
            "CardVendor": "AMD",
            "CardDescriptionModProbe": "3 Gb ",
            "CardModPercent": -20
        },
        {
            "Name": "4GbA",
            "CardVendor": "AMD",
            "CardDescriptionModProbe": "4Gb ",
            "CardModPercent": -15
        },
        {
            "Name": "4GbSpaceA",
            "CardVendor": "AMD",
            "CardDescriptionModProbe": "4 Gb ",
            "CardModPercent": -15
        },
        {
            "Name": "XT",
            "CardVendor": "AMD",
            "CardDescriptionModProbe": "XT ",
            "CardModPercent": 20
        },
        {
            "Name": "MobileA",
            "CardVendor": "AMD",
            "CardDescriptionModProbe": "Mobile ",
            "CardModPercent": -20
        }
    ]
}