{
    "RowStruct": "/Script/Icarus.DLCPackageData",
    "Defaults": {
        "PackageID": -1,
        "LinkedAccountFlag": {
            "RowName": "None",
            "DataTableName": "D_AccountFlags"
        }
    },
    "Rows": [
        {
            "Name": "Deluxe_Edition_Envirosuit",
            "PackageID": 1648531,
            "LinkedAccountFlag": {
                "RowName": "DLC_Deluxe_Edition_Envirosuit"
            }
        },
        {
            "Name": "Preorder_Content",
            "PackageID": 1648530,
            "LinkedAccountFlag": {
                "RowName": "DLC_Preorder_Content"
            }
        },
        {
            "Name": "New_Frontiers",
            "PackageID": 1648532,
            "LinkedAccountFlag": {
                "RowName": "DLC_New_Frontiers"
            }
        },
        {
            "Name": "Dangerous_Horizons",
            "PackageID": 1648533,
            "LinkedAccountFlag": {
                "RowName": "DLC_Dangerous_Horizons"
            }
        },
        {
            "Name": "Forest_Outpost",
            "PackageID": 1648540,
            "LinkedAccountFlag": {
                "RowName": "DLC_Forest_Outpost"
            }
        },
        {
            "Name": "Arctic_Outpost",
            "PackageID": 1648541,
            "LinkedAccountFlag": {
                "RowName": "DLC_Arctic_Outpost"
            }
        }
    ]
}