{
    "RowStruct": "/Script/Icarus.CharacterCreationData",
    "Defaults": {
        "DisplayName": "",
        "Category": "Head",
        "BodyType": "Masculine",
        "Icon": "None",
        "Item": {
            "RowName": "None",
            "DataTableName": "D_ItemTemplate"
        },
        "Color": [],
        "ScalarParamValue": 0,
        "TextureParamValue": "None",
        "MaterialOverrides": {},
        "bEnabled": true,
        "RequiredPackageID": {
            "RowName": "None",
            "DataTableName": "D_DLCPackageData"
        }
    },
    "Rows": [
        {
            "Name": "BodyMale",
            "DisplayName": "NSLOCTEXT(\"D_CharacterCreationData\", \"BodyMale-DisplayName\", \"Masculine\")",
            "Category": "Body",
            "Item": {
                "RowName": "Envirosuit"
            }
        },
        {
            "Name": "BodyFemale",
            "DisplayName": "NSLOCTEXT(\"D_CharacterCreationData\", \"BodyFemale-DisplayName\", \"Feminine\")",
            "Category": "Body",
            "BodyType": "Feminine",
            "Item": {
                "RowName": "Envirosuit"
            }
        },
        {
            "Name": "SpacesuitMale",
            "DisplayName": "NSLOCTEXT(\"D_CharacterCreationData\", \"SpacesuitMale-DisplayName\", \"Masculine\")",
            "Category": "Body",
            "Item": {
                "RowName": "Spacesuit_Male"
            },
            "bEnabled": false
        },
        {
            "Name": "SpacesuitFemale",
            "DisplayName": "NSLOCTEXT(\"D_CharacterCreationData\", \"SpacesuitFemale-DisplayName\", \"Feminine\")",
            "Category": "Body",
            "BodyType": "Feminine",
            "Item": {
                "RowName": "Spacesuit_Female"
            },
            "bEnabled": false
        },
        {
            "Name": "Scar_1",
            "DisplayName": "NSLOCTEXT(\"D_CharacterCreationData\", \"Scar_1-DisplayName\", \"Scar 1\")",
            "Category": "Head_Scar",
            "BodyType": "Neutral",
            "ScalarParamValue": 1
        },
        {
            "Name": "Scar_2",
            "DisplayName": "NSLOCTEXT(\"D_CharacterCreationData\", \"Scar_2-DisplayName\", \"Scar 2\")",
            "Category": "Head_Scar",
            "BodyType": "Neutral",
            "ScalarParamValue": 2
        },
        {
            "Name": "Scar_3",
            "DisplayName": "NSLOCTEXT(\"D_CharacterCreationData\", \"Scar_3-DisplayName\", \"Scar 3\")",
            "Category": "Head_Scar",
            "BodyType": "Neutral",
            "ScalarParamValue": 3
        },
        {
            "Name": "Scar_4",
            "DisplayName": "NSLOCTEXT(\"D_CharacterCreationData\", \"Scar_4-DisplayName\", \"Scar 4\")",
            "Category": "Head_Scar",
            "BodyType": "Neutral",
            "ScalarParamValue": 4
        },
        {
            "Name": "Scar_5",
            "DisplayName": "NSLOCTEXT(\"D_CharacterCreationData\", \"Scar_5-DisplayName\", \"Scar 5\")",
            "Category": "Head_Scar",
            "BodyType": "Neutral",
            "ScalarParamValue": 5
        },
        {
            "Name": "Scar_6",
            "DisplayName": "NSLOCTEXT(\"D_CharacterCreationData\", \"Scar_6-DisplayName\", \"Scar 6\")",
            "Category": "Head_Scar",
            "BodyType": "Neutral",
            "ScalarParamValue": 6
        },
        {
            "Name": "FacialHair_1",
            "DisplayName": "NSLOCTEXT(\"D_CharacterCreationData\", \"FacialHair_1-DisplayName\", \"Facial Hair 1\")",
            "Category": "Head_FacialHair",
            "BodyType": "Neutral",
            "ScalarParamValue": 1
        },
        {
            "Name": "Tattoo_1",
            "DisplayName": "NSLOCTEXT(\"D_CharacterCreationData\", \"Tattoo_1-DisplayName\", \"Tattoo 1\")",
            "Category": "Head_Tattoo",
            "BodyType": "Neutral",
            "ScalarParamValue": 1,
            "TextureParamValue": "/Game/ASS/CHA/Head/Tat/cha_tattoo_01.cha_tattoo_01"
        },
        {
            "Name": "Tattoo_2",
            "DisplayName": "NSLOCTEXT(\"D_CharacterCreationData\", \"Tattoo_2-DisplayName\", \"Tattoo 2\")",
            "Category": "Head_Tattoo",
            "BodyType": "Neutral",
            "ScalarParamValue": 1,
            "TextureParamValue": "/Game/ASS/CHA/Head/Tat/cha_tattoo_02.cha_tattoo_02"
        },
        {
            "Name": "Tattoo_3",
            "DisplayName": "NSLOCTEXT(\"D_CharacterCreationData\", \"Tattoo_3-DisplayName\", \"Tattoo 3\")",
            "Category": "Head_Tattoo",
            "BodyType": "Neutral",
            "ScalarParamValue": 1,
            "TextureParamValue": "/Game/ASS/CHA/Head/Tat/cha_tattoo_03.cha_tattoo_03"
        },
        {
            "Name": "Tattoo_4",
            "DisplayName": "NSLOCTEXT(\"D_CharacterCreationData\", \"Tattoo_4-DisplayName\", \"Tattoo 4\")",
            "Category": "Head_Tattoo",
            "BodyType": "Neutral",
            "ScalarParamValue": 1,
            "TextureParamValue": "/Game/ASS/CHA/Head/Tat/cha_tattoo_04.cha_tattoo_04"
        },
        {
            "Name": "Tattoo_5",
            "DisplayName": "NSLOCTEXT(\"D_CharacterCreationData\", \"Tattoo_5-DisplayName\", \"Tattoo 5\")",
            "Category": "Head_Tattoo",
            "BodyType": "Neutral",
            "ScalarParamValue": 1,
            "TextureParamValue": "/Game/ASS/CHA/Head/Tat/cha_tattoo_05.cha_tattoo_05"
        },
        {
            "Name": "Tattoo_6",
            "DisplayName": "NSLOCTEXT(\"D_CharacterCreationData\", \"Tattoo_6-DisplayName\", \"Tattoo 6\")",
            "Category": "Head_Tattoo",
            "BodyType": "Neutral",
            "ScalarParamValue": 1,
            "TextureParamValue": "/Game/ASS/CHA/Head/Tat/cha_tattoo_06.cha_tattoo_06"
        },
        {
            "Name": "Tattoo_7",
            "DisplayName": "NSLOCTEXT(\"D_CharacterCreationData\", \"Tattoo_7-DisplayName\", \"Tattoo 7\")",
            "Category": "Head_Tattoo",
            "BodyType": "Neutral",
            "ScalarParamValue": 1,
            "TextureParamValue": "/Game/ASS/CHA/Head/Tat/cha_tattoo_07.cha_tattoo_07"
        },
        {
            "Name": "Tattoo_8",
            "DisplayName": "NSLOCTEXT(\"D_CharacterCreationData\", \"Tattoo_8-DisplayName\", \"Tattoo 8\")",
            "Category": "Head_Tattoo",
            "BodyType": "Neutral",
            "ScalarParamValue": 1,
            "TextureParamValue": "/Game/ASS/CHA/Head/Tat/cha_tattoo_08.cha_tattoo_08"
        },
        {
            "Name": "SkinTone_1",
            "DisplayName": "NSLOCTEXT(\"D_CharacterCreationData\", \"SkinTone_1-DisplayName\", \"Skin 1\")",
            "Category": "SkinTone",
            "BodyType": "Neutral",
            "Color": [
                {
                    "B": 183,
                    "G": 194,
                    "R": 232,
                    "A": 255
                }
            ]
        },
        {
            "Name": "SkinTone_2",
            "DisplayName": "NSLOCTEXT(\"D_CharacterCreationData\", \"SkinTone_2-DisplayName\", \"Skin 2\")",
            "Category": "SkinTone",
            "BodyType": "Neutral",
            "Color": [
                {
                    "B": 151,
                    "G": 174,
                    "R": 200,
                    "A": 255
                }
            ],
            "ScalarParamValue": 1
        },
        {
            "Name": "SkinTone_3",
            "DisplayName": "NSLOCTEXT(\"D_CharacterCreationData\", \"SkinTone_3-DisplayName\", \"Skin 3\")",
            "Category": "SkinTone",
            "BodyType": "Neutral",
            "Color": [
                {
                    "B": 119,
                    "G": 165,
                    "R": 220,
                    "A": 255
                }
            ],
            "ScalarParamValue": 2
        },
        {
            "Name": "SkinTone_4",
            "DisplayName": "NSLOCTEXT(\"D_CharacterCreationData\", \"SkinTone_4-DisplayName\", \"Skin 4\")",
            "Category": "SkinTone",
            "BodyType": "Neutral",
            "Color": [
                {
                    "B": 125,
                    "G": 153,
                    "R": 194,
                    "A": 255
                }
            ],
            "ScalarParamValue": 3
        },
        {
            "Name": "SkinTone_5",
            "DisplayName": "NSLOCTEXT(\"D_CharacterCreationData\", \"SkinTone_5-DisplayName\", \"Skin 5\")",
            "Category": "SkinTone",
            "BodyType": "Neutral",
            "Color": [
                {
                    "B": 95,
                    "G": 127,
                    "R": 220,
                    "A": 255
                }
            ],
            "ScalarParamValue": 4
        },
        {
            "Name": "SkinTone_6",
            "DisplayName": "NSLOCTEXT(\"D_CharacterCreationData\", \"SkinTone_6-DisplayName\", \"Skin 6\")",
            "Category": "SkinTone",
            "BodyType": "Neutral",
            "Color": [
                {
                    "B": 65,
                    "G": 79,
                    "R": 151,
                    "A": 255
                }
            ],
            "ScalarParamValue": 5
        },
        {
            "Name": "SkinTone_7",
            "DisplayName": "NSLOCTEXT(\"D_CharacterCreationData\", \"SkinTone_7-DisplayName\", \"Skin 7\")",
            "Category": "SkinTone",
            "BodyType": "Neutral",
            "Color": [
                {
                    "B": 29,
                    "G": 42,
                    "R": 89,
                    "A": 255
                }
            ],
            "ScalarParamValue": 6
        },
        {
            "Name": "CapIcon_1",
            "DisplayName": "NSLOCTEXT(\"D_CharacterCreationData\", \"CapIcon_1-DisplayName\", \"Logo 1\")",
            "Category": "Decal",
            "BodyType": "Neutral",
            "TextureParamValue": "/Game/ASS/CHA/Head/Cap/Logo/BlankIcon.BlankIcon"
        },
        {
            "Name": "CapIcon_2",
            "DisplayName": "NSLOCTEXT(\"D_CharacterCreationData\", \"CapIcon_2-DisplayName\", \"Logo 2\")",
            "Category": "Decal",
            "BodyType": "Neutral",
            "TextureParamValue": "/Game/ASS/CHA/Head/Cap/Logo/cha_icon_00.cha_icon_00"
        },
        {
            "Name": "CapIcon_3",
            "DisplayName": "NSLOCTEXT(\"D_CharacterCreationData\", \"CapIcon_3-DisplayName\", \"Logo 3\")",
            "Category": "Decal",
            "BodyType": "Neutral",
            "TextureParamValue": "/Game/ASS/CHA/Head/Cap/Logo/Inaris_icon00.Inaris_icon00"
        },
        {
            "Name": "Color_1",
            "DisplayName": "NSLOCTEXT(\"D_CharacterCreationData\", \"Color_1-DisplayName\", \"Clementine\")",
            "Category": "Color",
            "BodyType": "Neutral",
            "Color": [
                {
                    "B": 21,
                    "G": 173,
                    "R": 242,
                    "A": 255
                }
            ]
        },
        {
            "Name": "Color_2",
            "DisplayName": "NSLOCTEXT(\"D_CharacterCreationData\", \"Color_2-DisplayName\", \"White\")",
            "Category": "Color",
            "BodyType": "Neutral",
            "Color": [
                {
                    "B": 255,
                    "G": 255,
                    "R": 255,
                    "A": 255
                }
            ]
        },
        {
            "Name": "Color_3",
            "DisplayName": "NSLOCTEXT(\"D_CharacterCreationData\", \"Color_3-DisplayName\", \"Black\")",
            "Category": "Color",
            "BodyType": "Neutral",
            "Color": [
                {
                    "B": 21,
                    "G": 21,
                    "R": 21,
                    "A": 255
                }
            ]
        },
        {
            "Name": "Color_4",
            "DisplayName": "NSLOCTEXT(\"D_CharacterCreationData\", \"Color_4-DisplayName\", \"Vulcan\")",
            "Category": "Color",
            "BodyType": "Neutral",
            "Color": [
                {
                    "B": 102,
                    "G": 73,
                    "R": 71,
                    "A": 255
                }
            ]
        },
        {
            "Name": "Color_5",
            "DisplayName": "NSLOCTEXT(\"D_CharacterCreationData\", \"Color_5-DisplayName\", \"Deep Cove\")",
            "Category": "Color",
            "BodyType": "Neutral",
            "Color": [
                {
                    "B": 127,
                    "G": 55,
                    "R": 46,
                    "A": 255
                }
            ]
        },
        {
            "Name": "Color_6",
            "DisplayName": "NSLOCTEXT(\"D_CharacterCreationData\", \"Color_6-DisplayName\", \"Melanzane\")",
            "Category": "Color",
            "BodyType": "Neutral",
            "Color": [
                {
                    "B": 112,
                    "G": 46,
                    "R": 127,
                    "A": 255
                }
            ]
        },
        {
            "Name": "Color_7",
            "DisplayName": "NSLOCTEXT(\"D_CharacterCreationData\", \"Color_7-DisplayName\", \"Woodland\")",
            "Category": "Color",
            "BodyType": "Neutral",
            "Color": [
                {
                    "B": 105,
                    "G": 152,
                    "R": 154,
                    "A": 255
                }
            ]
        },
        {
            "Name": "Color_8",
            "DisplayName": "NSLOCTEXT(\"D_CharacterCreationData\", \"Color_8-DisplayName\", \"Turquoise\")",
            "Category": "Color",
            "BodyType": "Neutral",
            "Color": [
                {
                    "B": 231,
                    "G": 235,
                    "R": 146,
                    "A": 255
                }
            ]
        },
        {
            "Name": "Color_9",
            "DisplayName": "NSLOCTEXT(\"D_CharacterCreationData\", \"Color_9-DisplayName\", \"Tamarillo\")",
            "Category": "Color",
            "BodyType": "Neutral",
            "Color": [
                {
                    "B": 77,
                    "G": 64,
                    "R": 211,
                    "A": 255
                }
            ]
        },
        {
            "Name": "HeadCap_Male",
            "DisplayName": "NSLOCTEXT(\"D_CharacterCreationData\", \"HeadCap_Male-DisplayName\", \"Head Cap 1\")",
            "Category": "HairStyle",
            "Item": {
                "RowName": "Spacesuit_Cap_Male"
            }
        },
        {
            "Name": "HeadCap_Female",
            "DisplayName": "NSLOCTEXT(\"D_CharacterCreationData\", \"HeadCap_Female-DisplayName\", \"Head Cap 1\")",
            "Category": "HairStyle",
            "BodyType": "Feminine",
            "Item": {
                "RowName": "Spacesuit_Cap_Female"
            }
        },
        {
            "Name": "HeadCap_Male_01",
            "DisplayName": "NSLOCTEXT(\"D_CharacterCreationData\", \"HeadCap_Male_01-DisplayName\", \"Head Cap 2\")",
            "Category": "HairStyle",
            "Item": {
                "RowName": "Spacesuit_Cap_Male_01"
            }
        },
        {
            "Name": "HeadCap_Female_01",
            "DisplayName": "NSLOCTEXT(\"D_CharacterCreationData\", \"HeadCap_Female_01-DisplayName\", \"Head Cap 2\")",
            "Category": "HairStyle",
            "BodyType": "Feminine",
            "Item": {
                "RowName": "Spacesuit_Cap_Female_01"
            }
        },
        {
            "Name": "HeadCap_Male_02",
            "DisplayName": "NSLOCTEXT(\"D_CharacterCreationData\", \"HeadCap_Male_02-DisplayName\", \"Head Cap 3\")",
            "Category": "HairStyle",
            "Item": {
                "RowName": "Spacesuit_Cap_Male_02"
            }
        },
        {
            "Name": "HeadCap_Female_02",
            "DisplayName": "NSLOCTEXT(\"D_CharacterCreationData\", \"HeadCap_Female_02-DisplayName\", \"Head Cap 3\")",
            "Category": "HairStyle",
            "BodyType": "Feminine",
            "Item": {
                "RowName": "Spacesuit_Cap_Female_02"
            }
        },
        {
            "Name": "HeadCap_Male_03",
            "DisplayName": "NSLOCTEXT(\"D_CharacterCreationData\", \"HeadCap_Male_03-DisplayName\", \"Head Cap 4\")",
            "Category": "HairStyle",
            "Item": {
                "RowName": "Spacesuit_Cap_Male_03"
            }
        },
        {
            "Name": "HeadCap_Female_03",
            "DisplayName": "NSLOCTEXT(\"D_CharacterCreationData\", \"HeadCap_Female_03-DisplayName\", \"Head Cap 4\")",
            "Category": "HairStyle",
            "BodyType": "Feminine",
            "Item": {
                "RowName": "Spacesuit_Cap_Female_03"
            }
        },
        {
            "Name": "Suit_Color_1",
            "DisplayName": "NSLOCTEXT(\"D_CharacterCreationData\", \"Suit_Color_1-DisplayName\", \"Color 1\")",
            "Category": "BodyColor",
            "BodyType": "Neutral",
            "Color": [
                {
                    "B": 65,
                    "G": 113,
                    "R": 147,
                    "A": 255
                },
                {
                    "B": 44,
                    "G": 89,
                    "R": 107,
                    "A": 255
                },
                {
                    "B": 18,
                    "G": 40,
                    "R": 49,
                    "A": 255
                },
                {
                    "B": 36,
                    "G": 50,
                    "R": 57,
                    "A": 255
                }
            ],
            "MaterialOverrides": {
                "/Game/ASS/CHA/3RD/CHA_MAL_001_MAT/Version01/DLS_CHA_MAL_001_Feet_V01.DLS_CHA_MAL_001_Feet_V01": "/Game/ASS/CHA/3RD/CHA_MAL_001_MAT/Version01/DLS_CHA_MAL_001_Feet_V01.DLS_CHA_MAL_001_Feet_V01",
                "/Game/ASS/CHA/3RD/CHA_MAL_001_MAT/Version01/DLS_CHA_MAL_001_Hands_V01.DLS_CHA_MAL_001_Hands_V01": "/Game/ASS/CHA/3RD/CHA_MAL_001_MAT/Version01/DLS_CHA_MAL_001_Hands_V01.DLS_CHA_MAL_001_Hands_V01",
                "/Game/ASS/CHA/3RD/CHA_MAL_001_MAT/Version01/DLS_CHA_MAL_001_Chest_V01_MASTER.DLS_CHA_MAL_001_Chest_V01_MASTER": "/Game/ASS/CHA/3RD/CHA_MAL_001_MAT/Version01/DLS_CHA_MAL_001_Chest_V01_MASTER.DLS_CHA_MAL_001_Chest_V01_MASTER",
                "/Game/ASS/CHA/3RD/CHA_MAL_001_MAT/Version01/DLS_CHA_MAL_001_Legs_V01.DLS_CHA_MAL_001_Legs_V01": "/Game/ASS/CHA/3RD/CHA_MAL_001_MAT/Version01/DLS_CHA_MAL_001_Legs_V01.DLS_CHA_MAL_001_Legs_V01",
                "/Game/ASS/CHA/3RD/CHA_MAL_001_MAT/Version01/M_CHA_MAL_001_Decal_V01.M_CHA_MAL_001_Decal_V01": "/Game/ASS/CHA/3RD/CHA_MAL_001_MAT/Version01/M_CHA_MAL_001_Decal_V01.M_CHA_MAL_001_Decal_V01"
            }
        },
        {
            "Name": "Suit_Color_2",
            "DisplayName": "NSLOCTEXT(\"D_CharacterCreationData\", \"Suit_Color_2-DisplayName\", \"Color 2\")",
            "Category": "BodyColor",
            "BodyType": "Neutral",
            "Color": [
                {
                    "B": 121,
                    "G": 111,
                    "R": 111,
                    "A": 255
                },
                {
                    "B": 70,
                    "G": 57,
                    "R": 47,
                    "A": 255
                },
                {
                    "B": 0,
                    "G": 12,
                    "R": 117,
                    "A": 255
                },
                {
                    "B": 67,
                    "G": 75,
                    "R": 165,
                    "A": 255
                }
            ],
            "MaterialOverrides": {
                "/Game/ASS/CHA/3RD/CHA_MAL_001_MAT/Version01/DLS_CHA_MAL_001_Feet_V01.DLS_CHA_MAL_001_Feet_V01": "/Game/ASS/CHA/3RD/CHA_MAL_001_MAT/Version02/DLS_CHA_MAL_001_Feet_V02.DLS_CHA_MAL_001_Feet_V02",
                "/Game/ASS/CHA/3RD/CHA_MAL_001_MAT/Version01/DLS_CHA_MAL_001_Hands_V01.DLS_CHA_MAL_001_Hands_V01": "/Game/ASS/CHA/3RD/CHA_MAL_001_MAT/Version02/DLS_CHA_MAL_001_Hands_V02.DLS_CHA_MAL_001_Hands_V02",
                "/Game/ASS/CHA/3RD/CHA_MAL_001_MAT/Version01/DLS_CHA_MAL_001_Chest_V01_MASTER.DLS_CHA_MAL_001_Chest_V01_MASTER": "/Game/ASS/CHA/3RD/CHA_MAL_001_MAT/Version02/DLS_CHA_MAL_001_Chest_V02_MASTER.DLS_CHA_MAL_001_Chest_V02_MASTER",
                "/Game/ASS/CHA/3RD/CHA_MAL_001_MAT/Version01/DLS_CHA_MAL_001_Legs_V01.DLS_CHA_MAL_001_Legs_V01": "/Game/ASS/CHA/3RD/CHA_MAL_001_MAT/Version02/DLS_CHA_MAL_001_Legs_V02.DLS_CHA_MAL_001_Legs_V02",
                "/Game/ASS/CHA/3RD/CHA_MAL_001_MAT/Version01/M_CHA_MAL_001_Decal_V01.M_CHA_MAL_001_Decal_V01": "/Game/ASS/CHA/3RD/CHA_MAL_001_MAT/Version02/M_CHA_MAL_001_Decal_V02.M_CHA_MAL_001_Decal_V02"
            }
        },
        {
            "Name": "Suit_Color_3",
            "DisplayName": "NSLOCTEXT(\"D_CharacterCreationData\", \"Suit_Color_3-DisplayName\", \"Color 3\")",
            "Category": "BodyColor",
            "BodyType": "Neutral",
            "Color": [
                {
                    "B": 152,
                    "G": 137,
                    "R": 116,
                    "A": 255
                },
                {
                    "B": 29,
                    "G": 50,
                    "R": 97,
                    "A": 255
                },
                {
                    "B": 19,
                    "G": 20,
                    "R": 21,
                    "A": 255
                },
                {
                    "B": 70,
                    "G": 81,
                    "R": 82,
                    "A": 255
                }
            ],
            "MaterialOverrides": {
                "/Game/ASS/CHA/3RD/CHA_MAL_001_MAT/Version01/DLS_CHA_MAL_001_Feet_V01.DLS_CHA_MAL_001_Feet_V01": "/Game/ASS/CHA/3RD/CHA_MAL_001_MAT/Version03/DLS_CHA_MAL_001_Feet_V03.DLS_CHA_MAL_001_Feet_V03",
                "/Game/ASS/CHA/3RD/CHA_MAL_001_MAT/Version01/DLS_CHA_MAL_001_Hands_V01.DLS_CHA_MAL_001_Hands_V01": "/Game/ASS/CHA/3RD/CHA_MAL_001_MAT/Version03/DLS_CHA_MAL_001_Hands_V03.DLS_CHA_MAL_001_Hands_V03",
                "/Game/ASS/CHA/3RD/CHA_MAL_001_MAT/Version01/DLS_CHA_MAL_001_Chest_V01_MASTER.DLS_CHA_MAL_001_Chest_V01_MASTER": "/Game/ASS/CHA/3RD/CHA_MAL_001_MAT/Version03/DLS_CHA_MAL_001_Chest_V03_MASTER.DLS_CHA_MAL_001_Chest_V03_MASTER",
                "/Game/ASS/CHA/3RD/CHA_MAL_001_MAT/Version01/DLS_CHA_MAL_001_Legs_V01.DLS_CHA_MAL_001_Legs_V01": "/Game/ASS/CHA/3RD/CHA_MAL_001_MAT/Version03/DLS_CHA_MAL_001_Legs_V03.DLS_CHA_MAL_001_Legs_V03",
                "/Game/ASS/CHA/3RD/CHA_MAL_001_MAT/Version01/M_CHA_MAL_001_Decal_V01.M_CHA_MAL_001_Decal_V01": "/Game/ASS/CHA/3RD/CHA_MAL_001_MAT/Version03/M_CHA_MAL_001_Decal_V03.M_CHA_MAL_001_Decal_V03"
            }
        },
        {
            "Name": "Suit_Color_4",
            "DisplayName": "NSLOCTEXT(\"D_CharacterCreationData\", \"Suit_Color_4-DisplayName\", \"Color 4\")",
            "Category": "BodyColor",
            "BodyType": "Neutral",
            "Color": [
                {
                    "B": 155,
                    "G": 155,
                    "R": 155,
                    "A": 255
                },
                {
                    "B": 76,
                    "G": 64,
                    "R": 48,
                    "A": 255
                },
                {
                    "B": 52,
                    "G": 61,
                    "R": 59,
                    "A": 255
                },
                {
                    "B": 88,
                    "G": 102,
                    "R": 103,
                    "A": 255
                }
            ],
            "MaterialOverrides": {
                "/Game/ASS/CHA/3RD/CHA_MAL_001_MAT/Version01/DLS_CHA_MAL_001_Feet_V01.DLS_CHA_MAL_001_Feet_V01": "/Game/ASS/CHA/3RD/CHA_MAL_001_MAT/Version04/DLS_CHA_MAL_001_Feet_V04.DLS_CHA_MAL_001_Feet_V04",
                "/Game/ASS/CHA/3RD/CHA_MAL_001_MAT/Version01/DLS_CHA_MAL_001_Hands_V01.DLS_CHA_MAL_001_Hands_V01": "/Game/ASS/CHA/3RD/CHA_MAL_001_MAT/Version04/DLS_CHA_MAL_001_Hands_V04.DLS_CHA_MAL_001_Hands_V04",
                "/Game/ASS/CHA/3RD/CHA_MAL_001_MAT/Version01/DLS_CHA_MAL_001_Chest_V01_MASTER.DLS_CHA_MAL_001_Chest_V01_MASTER": "/Game/ASS/CHA/3RD/CHA_MAL_001_MAT/Version04/DLS_CHA_MAL_001_Chest_V04_MASTER.DLS_CHA_MAL_001_Chest_V04_MASTER",
                "/Game/ASS/CHA/3RD/CHA_MAL_001_MAT/Version01/DLS_CHA_MAL_001_Legs_V01.DLS_CHA_MAL_001_Legs_V01": "/Game/ASS/CHA/3RD/CHA_MAL_001_MAT/Version04/DLS_CHA_MAL_001_Legs_V04.DLS_CHA_MAL_001_Legs_V04",
                "/Game/ASS/CHA/3RD/CHA_MAL_001_MAT/Version01/M_CHA_MAL_001_Decal_V01.M_CHA_MAL_001_Decal_V01": "/Game/ASS/CHA/3RD/CHA_MAL_001_MAT/Version04/M_CHA_MAL_001_Decal_V04.M_CHA_MAL_001_Decal_V04"
            }
        },
        {
            "Name": "Suit_Color_5",
            "DisplayName": "NSLOCTEXT(\"D_CharacterCreationData\", \"Suit_Color_5-DisplayName\", \"Color 5\")",
            "Category": "BodyColor",
            "BodyType": "Neutral",
            "Color": [
                {
                    "B": 74,
                    "G": 122,
                    "R": 203,
                    "A": 255
                },
                {
                    "B": 44,
                    "G": 37,
                    "R": 16,
                    "A": 255
                },
                {
                    "B": 58,
                    "G": 80,
                    "R": 92,
                    "A": 255
                },
                {
                    "B": 104,
                    "G": 141,
                    "R": 161,
                    "A": 255
                }
            ],
            "MaterialOverrides": {
                "/Game/ASS/CHA/3RD/CHA_MAL_001_MAT/Version01/DLS_CHA_MAL_001_Feet_V01.DLS_CHA_MAL_001_Feet_V01": "/Game/ASS/CHA/3RD/CHA_MAL_001_MAT/Version05/DLS_CHA_MAL_001_Feet_V05.DLS_CHA_MAL_001_Feet_V05",
                "/Game/ASS/CHA/3RD/CHA_MAL_001_MAT/Version01/DLS_CHA_MAL_001_Hands_V01.DLS_CHA_MAL_001_Hands_V01": "/Game/ASS/CHA/3RD/CHA_MAL_001_MAT/Version05/DLS_CHA_MAL_001_Hands_V05.DLS_CHA_MAL_001_Hands_V05",
                "/Game/ASS/CHA/3RD/CHA_MAL_001_MAT/Version01/DLS_CHA_MAL_001_Chest_V01_MASTER.DLS_CHA_MAL_001_Chest_V01_MASTER": "/Game/ASS/CHA/3RD/CHA_MAL_001_MAT/Version05/DLS_CHA_MAL_001_Chest_V05_MASTER.DLS_CHA_MAL_001_Chest_V05_MASTER",
                "/Game/ASS/CHA/3RD/CHA_MAL_001_MAT/Version01/DLS_CHA_MAL_001_Legs_V01.DLS_CHA_MAL_001_Legs_V01": "/Game/ASS/CHA/3RD/CHA_MAL_001_MAT/Version05/DLS_CHA_MAL_001_Legs_V05.DLS_CHA_MAL_001_Legs_V05",
                "/Game/ASS/CHA/3RD/CHA_MAL_001_MAT/Version01/M_CHA_MAL_001_Decal_V01.M_CHA_MAL_001_Decal_V01": "/Game/ASS/CHA/3RD/CHA_MAL_001_MAT/Version05/M_CHA_MAL_001_Decal_V05.M_CHA_MAL_001_Decal_V05"
            }
        },
        {
            "Name": "Suit_Color_6",
            "DisplayName": "NSLOCTEXT(\"D_CharacterCreationData\", \"Suit_Color_6-DisplayName\", \"Color 6\")",
            "Category": "BodyColor",
            "BodyType": "Neutral",
            "Color": [
                {
                    "B": 182,
                    "G": 131,
                    "R": 80,
                    "A": 255
                },
                {
                    "B": 95,
                    "G": 114,
                    "R": 77,
                    "A": 255
                },
                {
                    "B": 70,
                    "G": 45,
                    "R": 17,
                    "A": 255
                },
                {
                    "B": 103,
                    "G": 68,
                    "R": 28,
                    "A": 255
                }
            ],
            "MaterialOverrides": {
                "/Game/ASS/CHA/3RD/CHA_MAL_001_MAT/Version01/DLS_CHA_MAL_001_Feet_V01.DLS_CHA_MAL_001_Feet_V01": "/Game/ASS/CHA/3RD/CHA_MAL_001_MAT/Version06/DLS_CHA_MAL_001_Feet_V06.DLS_CHA_MAL_001_Feet_V06",
                "/Game/ASS/CHA/3RD/CHA_MAL_001_MAT/Version01/DLS_CHA_MAL_001_Hands_V01.DLS_CHA_MAL_001_Hands_V01": "/Game/ASS/CHA/3RD/CHA_MAL_001_MAT/Version06/DLS_CHA_MAL_001_Hands_V06.DLS_CHA_MAL_001_Hands_V06",
                "/Game/ASS/CHA/3RD/CHA_MAL_001_MAT/Version01/DLS_CHA_MAL_001_Chest_V01_MASTER.DLS_CHA_MAL_001_Chest_V01_MASTER": "/Game/ASS/CHA/3RD/CHA_MAL_001_MAT/Version06/DLS_CHA_MAL_001_Chest_V06_MASTER.DLS_CHA_MAL_001_Chest_V06_MASTER",
                "/Game/ASS/CHA/3RD/CHA_MAL_001_MAT/Version01/DLS_CHA_MAL_001_Legs_V01.DLS_CHA_MAL_001_Legs_V01": "/Game/ASS/CHA/3RD/CHA_MAL_001_MAT/Version06/DLS_CHA_MAL_001_Legs_V06.DLS_CHA_MAL_001_Legs_V06",
                "/Game/ASS/CHA/3RD/CHA_MAL_001_MAT/Version01/M_CHA_MAL_001_Decal_V01.M_CHA_MAL_001_Decal_V01": "/Game/ASS/CHA/3RD/CHA_MAL_001_MAT/Version06/M_CHA_MAL_001_Decal_V06.M_CHA_MAL_001_Decal_V06"
            }
        },
        {
            "Name": "Suit_Color_7",
            "DisplayName": "NSLOCTEXT(\"D_CharacterCreationData\", \"Suit_Color_7-DisplayName\", \"Color 7\")",
            "Category": "BodyColor",
            "BodyType": "Neutral",
            "Color": [
                {
                    "B": 120,
                    "G": 82,
                    "R": 44,
                    "A": 255
                },
                {
                    "B": 40,
                    "G": 140,
                    "R": 178,
                    "A": 255
                },
                {
                    "B": 68,
                    "G": 55,
                    "R": 0,
                    "A": 255
                },
                {
                    "B": 127,
                    "G": 118,
                    "R": 26,
                    "A": 255
                }
            ],
            "MaterialOverrides": {
                "/Game/ASS/CHA/3RD/CHA_MAL_001_MAT/Version01/DLS_CHA_MAL_001_Feet_V01.DLS_CHA_MAL_001_Feet_V01": "/Game/ASS/CHA/3RD/CHA_MAL_001_MAT/Version07/DLS_CHA_MAL_001_Feet_V07.DLS_CHA_MAL_001_Feet_V07",
                "/Game/ASS/CHA/3RD/CHA_MAL_001_MAT/Version01/DLS_CHA_MAL_001_Hands_V01.DLS_CHA_MAL_001_Hands_V01": "/Game/ASS/CHA/3RD/CHA_MAL_001_MAT/Version07/DLS_CHA_MAL_001_Hands_V07.DLS_CHA_MAL_001_Hands_V07",
                "/Game/ASS/CHA/3RD/CHA_MAL_001_MAT/Version01/DLS_CHA_MAL_001_Chest_V01_MASTER.DLS_CHA_MAL_001_Chest_V01_MASTER": "/Game/ASS/CHA/3RD/CHA_MAL_001_MAT/Version07/DLS_CHA_MAL_001_Chest_V07_MASTER.DLS_CHA_MAL_001_Chest_V07_MASTER",
                "/Game/ASS/CHA/3RD/CHA_MAL_001_MAT/Version01/DLS_CHA_MAL_001_Legs_V01.DLS_CHA_MAL_001_Legs_V01": "/Game/ASS/CHA/3RD/CHA_MAL_001_MAT/Version07/DLS_CHA_MAL_001_Legs_V07.DLS_CHA_MAL_001_Legs_V07",
                "/Game/ASS/CHA/3RD/CHA_MAL_001_MAT/Version01/M_CHA_MAL_001_Decal_V01.M_CHA_MAL_001_Decal_V01": "/Game/ASS/CHA/3RD/CHA_MAL_001_MAT/Version07/M_CHA_MAL_001_Decal_V07.M_CHA_MAL_001_Decal_V07"
            }
        },
        {
            "Name": "Suit_Color_8",
            "DisplayName": "NSLOCTEXT(\"D_CharacterCreationData\", \"Suit_Color_8-DisplayName\", \"Color 8\")",
            "Category": "BodyColor",
            "BodyType": "Neutral",
            "Color": [
                {
                    "B": 135,
                    "G": 160,
                    "R": 190,
                    "A": 255
                },
                {
                    "B": 80,
                    "G": 81,
                    "R": 77,
                    "A": 255
                },
                {
                    "B": 56,
                    "G": 89,
                    "R": 117,
                    "A": 255
                },
                {
                    "B": 70,
                    "G": 110,
                    "R": 143,
                    "A": 255
                }
            ],
            "MaterialOverrides": {
                "/Game/ASS/CHA/3RD/CHA_MAL_001_MAT/Version01/DLS_CHA_MAL_001_Feet_V01.DLS_CHA_MAL_001_Feet_V01": "/Game/ASS/CHA/3RD/CHA_MAL_001_MAT/Version08/DLS_CHA_MAL_001_Feet_V08.DLS_CHA_MAL_001_Feet_V08",
                "/Game/ASS/CHA/3RD/CHA_MAL_001_MAT/Version01/DLS_CHA_MAL_001_Hands_V01.DLS_CHA_MAL_001_Hands_V01": "/Game/ASS/CHA/3RD/CHA_MAL_001_MAT/Version08/DLS_CHA_MAL_001_Hands_V08.DLS_CHA_MAL_001_Hands_V08",
                "/Game/ASS/CHA/3RD/CHA_MAL_001_MAT/Version01/DLS_CHA_MAL_001_Chest_V01_MASTER.DLS_CHA_MAL_001_Chest_V01_MASTER": "/Game/ASS/CHA/3RD/CHA_MAL_001_MAT/Version08/DLS_CHA_MAL_001_Chest_V08_MASTER.DLS_CHA_MAL_001_Chest_V08_MASTER",
                "/Game/ASS/CHA/3RD/CHA_MAL_001_MAT/Version01/DLS_CHA_MAL_001_Legs_V01.DLS_CHA_MAL_001_Legs_V01": "/Game/ASS/CHA/3RD/CHA_MAL_001_MAT/Version08/DLS_CHA_MAL_001_Legs_V08.DLS_CHA_MAL_001_Legs_V08",
                "/Game/ASS/CHA/3RD/CHA_MAL_001_MAT/Version01/M_CHA_MAL_001_Decal_V01.M_CHA_MAL_001_Decal_V01": "/Game/ASS/CHA/3RD/CHA_MAL_001_MAT/Version08/M_CHA_MAL_001_Decal_V08.M_CHA_MAL_001_Decal_V08"
            }
        },
        {
            "Name": "Suit_Color_9",
            "DisplayName": "NSLOCTEXT(\"D_CharacterCreationData\", \"Suit_Color_9-DisplayName\", \"Color 9\")",
            "Category": "BodyColor",
            "BodyType": "Neutral",
            "Color": [
                {
                    "B": 187,
                    "G": 187,
                    "R": 187,
                    "A": 255
                },
                {
                    "B": 43,
                    "G": 49,
                    "R": 49,
                    "A": 255
                },
                {
                    "B": 43,
                    "G": 49,
                    "R": 49,
                    "A": 255
                },
                {
                    "B": 161,
                    "G": 163,
                    "R": 165,
                    "A": 255
                }
            ],
            "MaterialOverrides": {
                "/Game/ASS/CHA/3RD/CHA_MAL_001_MAT/Version01/DLS_CHA_MAL_001_Feet_V01.DLS_CHA_MAL_001_Feet_V01": "/Game/ASS/CHA/3RD/CHA_MAL_001_MAT/Version09/DLS_CHA_MAL_001_Feet_V09.DLS_CHA_MAL_001_Feet_V09",
                "/Game/ASS/CHA/3RD/CHA_MAL_001_MAT/Version01/DLS_CHA_MAL_001_Hands_V01.DLS_CHA_MAL_001_Hands_V01": "/Game/ASS/CHA/3RD/CHA_MAL_001_MAT/Version09/DLS_CHA_MAL_001_Gloves_V09.DLS_CHA_MAL_001_Gloves_V09",
                "/Game/ASS/CHA/3RD/CHA_MAL_001_MAT/Version01/DLS_CHA_MAL_001_Chest_V01_MASTER.DLS_CHA_MAL_001_Chest_V01_MASTER": "/Game/ASS/CHA/3RD/CHA_MAL_001_MAT/Version09/DLS_CHA_MAL_001_Chest_V09_MASTER.DLS_CHA_MAL_001_Chest_V09_MASTER",
                "/Game/ASS/CHA/3RD/CHA_MAL_001_MAT/Version01/DLS_CHA_MAL_001_Legs_V01.DLS_CHA_MAL_001_Legs_V01": "/Game/ASS/CHA/3RD/CHA_MAL_001_MAT/Version09/DLS_CHA_MAL_001_Legs_V09.DLS_CHA_MAL_001_Legs_V09",
                "/Game/ASS/CHA/3RD/CHA_MAL_001_MAT/Version01/M_CHA_MAL_001_Decal_V01.M_CHA_MAL_001_Decal_V01": "/Game/ASS/CHA/3RD/CHA_MAL_001_MAT/Version09/M_CHA_MAL_001_Decal_V09.M_CHA_MAL_001_Decal_V09"
            }
        },
        {
            "Name": "Suit_Color_Deluxe_Edition_01",
            "DisplayName": "NSLOCTEXT(\"D_CharacterCreationData\", \"Suit_Color_Deluxe_Edition_01-DisplayName\", \"Color 1\")",
            "Category": "BodyColor",
            "BodyType": "Neutral",
            "Icon": "/Game/ASS/CHA/Head/Cap/Logo/cha_icon_00.cha_icon_00",
            "MaterialOverrides": {
                "/Game/ASS/CHA/3RD/CHA_MAL_001_MAT/Version01/DLS_CHA_MAL_001_Feet_V01.DLS_CHA_MAL_001_Feet_V01": "/Game/ASS/CHA/3RD/CHA_MAL_EnviroSuit_Deluxe_MAT/V1/DLS_CHA_MAL_EnviroSuit_Deluxe_Boots_inst.DLS_CHA_MAL_EnviroSuit_Deluxe_Boots_inst",
                "/Game/ASS/CHA/3RD/CHA_MAL_001_MAT/Version01/DLS_CHA_MAL_001_Hands_V01.DLS_CHA_MAL_001_Hands_V01": "/Game/ASS/CHA/3RD/CHA_MAL_EnviroSuit_Deluxe_MAT/V1/DLS_CHA_MAL_EnviroSuit_Deluxe_Hands_inst.DLS_CHA_MAL_EnviroSuit_Deluxe_Hands_inst",
                "/Game/ASS/CHA/3RD/CHA_MAL_001_MAT/Version01/DLS_CHA_MAL_001_Chest_V01_MASTER.DLS_CHA_MAL_001_Chest_V01_MASTER": "/Game/ASS/CHA/3RD/CHA_MAL_EnviroSuit_Deluxe_MAT/V1/DLS_CHA_MAL_EnviroSuit_Deluxe_Chest_inst.DLS_CHA_MAL_EnviroSuit_Deluxe_Chest_inst",
                "/Game/ASS/CHA/3RD/CHA_MAL_001_MAT/Version01/DLS_CHA_MAL_001_Legs_V01.DLS_CHA_MAL_001_Legs_V01": "/Game/ASS/CHA/3RD/CHA_MAL_EnviroSuit_Deluxe_MAT/V1/DLS_CHA_MAL_EnviroSuit_Deluxe_Legs_inst.DLS_CHA_MAL_EnviroSuit_Deluxe_Legs_inst",
                "/Game/ASS/CHA/3RD/CHA_MAL_001_MAT/Version01/M_CHA_MAL_001_Decal_V01.M_CHA_MAL_001_Decal_V01": "/Game/ASS/CHA/3RD/CHA_MAL_EnviroSuit_Deluxe_MAT/V1/CHA_MAL_EnviroSuit_Deluxe_decals.CHA_MAL_EnviroSuit_Deluxe_decals"
            },
            "bEnabled": false,
            "RequiredPackageID": {
                "RowName": "Deluxe_Edition_Envirosuit"
            }
        },
        {
            "Name": "Eye_Color_1",
            "DisplayName": "NSLOCTEXT(\"D_CharacterCreationData\", \"Eye_Color_1-DisplayName\", \"Color 1\")",
            "Category": "EyeColor",
            "BodyType": "Neutral",
            "Color": [
                {
                    "B": 114,
                    "G": 149,
                    "R": 179,
                    "A": 255
                }
            ]
        },
        {
            "Name": "Eye_Color_2",
            "DisplayName": "NSLOCTEXT(\"D_CharacterCreationData\", \"Eye_Color_2-DisplayName\", \"Color 2\")",
            "Category": "EyeColor",
            "BodyType": "Neutral",
            "Color": [
                {
                    "B": 57,
                    "G": 93,
                    "R": 118,
                    "A": 255
                }
            ]
        },
        {
            "Name": "Eye_Color_3",
            "DisplayName": "NSLOCTEXT(\"D_CharacterCreationData\", \"Eye_Color_3-DisplayName\", \"Color 3\")",
            "Category": "EyeColor",
            "BodyType": "Neutral",
            "Color": [
                {
                    "B": 33,
                    "G": 60,
                    "R": 76,
                    "A": 255
                }
            ]
        },
        {
            "Name": "Eye_Color_4",
            "DisplayName": "NSLOCTEXT(\"D_CharacterCreationData\", \"Eye_Color_4-DisplayName\", \"Color 4\")",
            "Category": "EyeColor",
            "BodyType": "Neutral",
            "Color": [
                {
                    "B": 153,
                    "G": 226,
                    "R": 109,
                    "A": 255
                }
            ]
        },
        {
            "Name": "Eye_Color_5",
            "DisplayName": "NSLOCTEXT(\"D_CharacterCreationData\", \"Eye_Color_5-DisplayName\", \"Color 5\")",
            "Category": "EyeColor",
            "BodyType": "Neutral",
            "Color": [
                {
                    "B": 110,
                    "G": 127,
                    "R": 89,
                    "A": 255
                }
            ]
        },
        {
            "Name": "Eye_Color_6",
            "DisplayName": "NSLOCTEXT(\"D_CharacterCreationData\", \"Eye_Color_6-DisplayName\", \"Color 6\")",
            "Category": "EyeColor",
            "BodyType": "Neutral",
            "Color": [
                {
                    "B": 235,
                    "G": 167,
                    "R": 167,
                    "A": 255
                }
            ]
        },
        {
            "Name": "Eye_Color_7",
            "DisplayName": "NSLOCTEXT(\"D_CharacterCreationData\", \"Eye_Color_7-DisplayName\", \"Color 7\")",
            "Category": "EyeColor",
            "BodyType": "Neutral",
            "Color": [
                {
                    "B": 147,
                    "G": 90,
                    "R": 90,
                    "A": 255
                }
            ]
        },
        {
            "Name": "Eye_Color_8",
            "DisplayName": "NSLOCTEXT(\"D_CharacterCreationData\", \"Eye_Color_8-DisplayName\", \"Color 8\")",
            "Category": "EyeColor",
            "BodyType": "Neutral",
            "Color": [
                {
                    "B": 188,
                    "G": 179,
                    "R": 183,
                    "A": 255
                }
            ]
        },
        {
            "Name": "Eye_Color_9",
            "DisplayName": "NSLOCTEXT(\"D_CharacterCreationData\", \"Eye_Color_9-DisplayName\", \"Color 9\")",
            "Category": "EyeColor",
            "BodyType": "Neutral",
            "Color": [
                {
                    "B": 0,
                    "G": 9,
                    "R": 16,
                    "A": 255
                }
            ]
        },
        {
            "Name": "Cap_Color_1",
            "DisplayName": "NSLOCTEXT(\"D_CharacterCreationData\", \"Cap_Color_1-DisplayName\", \"Color 1\")",
            "Category": "HairColor",
            "BodyType": "Neutral",
            "Color": [
                {
                    "B": 21,
                    "G": 21,
                    "R": 21,
                    "A": 255
                }
            ],
            "MaterialOverrides": {
                "/Game/ASS/CHA/Head/Cap/Cap_00/char_cap_00_mi.char_cap_00_mi": "/Game/ASS/CHA/Head/Cap/Cap_00/char_cap_00_mi.char_cap_00_mi"
            }
        },
        {
            "Name": "Cap_Color_2",
            "DisplayName": "NSLOCTEXT(\"D_CharacterCreationData\", \"Cap_Color_2-DisplayName\", \"Color 2\")",
            "Category": "HairColor",
            "BodyType": "Neutral",
            "Color": [
                {
                    "B": 21,
                    "G": 21,
                    "R": 21,
                    "A": 255
                },
                {
                    "B": 255,
                    "G": 255,
                    "R": 255,
                    "A": 255
                }
            ],
            "MaterialOverrides": {
                "/Game/ASS/CHA/Head/Cap/Cap_00/char_cap_00_mi.char_cap_00_mi": "/Game/ASS/CHA/Head/Cap/Cap_00/char_cap_02_mi.char_cap_02_mi"
            }
        },
        {
            "Name": "HeadMale_01",
            "DisplayName": "NSLOCTEXT(\"D_CharacterCreationData\", \"HeadMale_01-DisplayName\", \"Head 1\")",
            "Icon": "/Game/Assets/2DArt/UI/CharacterCreation/HeadMale_1.HeadMale_1",
            "Item": {
                "RowName": "Skin_Head_Male_01"
            }
        },
        {
            "Name": "HeadMale_02",
            "DisplayName": "NSLOCTEXT(\"D_CharacterCreationData\", \"HeadMale_02-DisplayName\", \"Head 2\")",
            "Icon": "/Game/Assets/2DArt/UI/CharacterCreation/HeadMale_1.HeadMale_1",
            "Item": {
                "RowName": "Skin_Head_Male_02"
            }
        },
        {
            "Name": "HeadMale_03",
            "DisplayName": "NSLOCTEXT(\"D_CharacterCreationData\", \"HeadMale_03-DisplayName\", \"Head 3\")",
            "Icon": "/Game/Assets/2DArt/UI/CharacterCreation/HeadMale_1.HeadMale_1",
            "Item": {
                "RowName": "Skin_Head_Male_03"
            }
        },
        {
            "Name": "HeadMale_04",
            "DisplayName": "NSLOCTEXT(\"D_CharacterCreationData\", \"HeadMale_04-DisplayName\", \"Head 4\")",
            "Icon": "/Game/Assets/2DArt/UI/CharacterCreation/HeadMale_1.HeadMale_1",
            "Item": {
                "RowName": "Skin_Head_Male_04"
            }
        },
        {
            "Name": "HeadMale_05",
            "DisplayName": "NSLOCTEXT(\"D_CharacterCreationData\", \"HeadMale_05-DisplayName\", \"Head 5\")",
            "Icon": "/Game/Assets/2DArt/UI/CharacterCreation/HeadMale_1.HeadMale_1",
            "Item": {
                "RowName": "Skin_Head_Male_05"
            }
        },
        {
            "Name": "HeadMale_06",
            "DisplayName": "NSLOCTEXT(\"D_CharacterCreationData\", \"HeadMale_06-DisplayName\", \"Head 6\")",
            "Icon": "/Game/Assets/2DArt/UI/CharacterCreation/HeadMale_1.HeadMale_1",
            "Item": {
                "RowName": "Skin_Head_Male_06"
            }
        },
        {
            "Name": "HeadFemale_01",
            "DisplayName": "NSLOCTEXT(\"D_CharacterCreationData\", \"HeadFemale_01-DisplayName\", \"Head 1\")",
            "BodyType": "Feminine",
            "Icon": "/Game/Assets/2DArt/UI/CharacterCreation/HeadFemale_1.HeadFemale_1",
            "Item": {
                "RowName": "Skin_Head_Female_01"
            }
        },
        {
            "Name": "HeadFemale_02",
            "DisplayName": "NSLOCTEXT(\"D_CharacterCreationData\", \"HeadFemale_02-DisplayName\", \"Head 2\")",
            "BodyType": "Feminine",
            "Icon": "/Game/Assets/2DArt/UI/CharacterCreation/HeadFemale_1.HeadFemale_1",
            "Item": {
                "RowName": "Skin_Head_Female_02"
            }
        },
        {
            "Name": "HeadFemale_03",
            "DisplayName": "NSLOCTEXT(\"D_CharacterCreationData\", \"HeadFemale_03-DisplayName\", \"Head 3\")",
            "BodyType": "Feminine",
            "Icon": "/Game/Assets/2DArt/UI/CharacterCreation/HeadFemale_1.HeadFemale_1",
            "Item": {
                "RowName": "Skin_Head_Female_03"
            }
        },
        {
            "Name": "HeadFemale_04",
            "DisplayName": "NSLOCTEXT(\"D_CharacterCreationData\", \"HeadFemale_04-DisplayName\", \"Head 4\")",
            "BodyType": "Feminine",
            "Icon": "/Game/Assets/2DArt/UI/CharacterCreation/HeadFemale_1.HeadFemale_1",
            "Item": {
                "RowName": "Skin_Head_Female_04"
            }
        },
        {
            "Name": "HeadFemale_05",
            "DisplayName": "NSLOCTEXT(\"D_CharacterCreationData\", \"HeadFemale_05-DisplayName\", \"Head 5\")",
            "BodyType": "Feminine",
            "Icon": "/Game/Assets/2DArt/UI/CharacterCreation/HeadFemale_1.HeadFemale_1",
            "Item": {
                "RowName": "Skin_Head_Female_05"
            }
        },
        {
            "Name": "HeadFemale_06",
            "DisplayName": "NSLOCTEXT(\"D_CharacterCreationData\", \"HeadFemale_06-DisplayName\", \"Head 6\")",
            "BodyType": "Feminine",
            "Icon": "/Game/Assets/2DArt/UI/CharacterCreation/HeadFemale_1.HeadFemale_1",
            "Item": {
                "RowName": "Skin_Head_Female_06"
            }
        },
        {
            "Name": "CapIcon_4",
            "DisplayName": "NSLOCTEXT(\"D_CharacterCreationData\", \"CapIcon_4-DisplayName\", \"Logo 4\")",
            "Category": "Decal",
            "BodyType": "Neutral",
            "TextureParamValue": "/Game/ASS/CHA/Head/Cap/Logo/ShenGong_icon00.ShenGong_icon00"
        }
    ]
}