{
    "RowStruct": "/Script/Icarus.StatCategory",
    "Defaults": {
        "Title": ""
    },
    "Rows": [
        {
            "Name": "Health",
            "Title": "NSLOCTEXT(\"D_StatCategories\", \"Health-Title\", \"Health\")"
        },
        {
            "Name": "Stamina",
            "Title": "NSLOCTEXT(\"D_StatCategories\", \"Stamina-Title\", \"Stamina\")"
        },
        {
            "Name": "Melee_DMG",
            "Title": "NSLOCTEXT(\"D_StatCategories\", \"Melee_DMG-Title\", \"Melee Damage\")"
        },
        {
            "Name": "Ranged_DMG",
            "Title": "NSLOCTEXT(\"D_StatCategories\", \"Ranged_DMG-Title\", \"Ranged Damage\")"
        },
        {
            "Name": "Generic_Damage",
            "Title": "NSLOCTEXT(\"D_StatCategories\", \"Generic_Damage-Title\", \"Generic Damage\")"
        },
        {
            "Name": "Stealth",
            "Title": "NSLOCTEXT(\"D_StatCategories\", \"Stealth-Title\", \"Stealth\")"
        },
        {
            "Name": "Resistance",
            "Title": "NSLOCTEXT(\"D_StatCategories\", \"Resistance-Title\", \"Resistance\")"
        },
        {
            "Name": "Exposure",
            "Title": "NSLOCTEXT(\"D_StatCategories\", \"Exposure-Title\", \"Exposure\")"
        },
        {
            "Name": "Hunting",
            "Title": "NSLOCTEXT(\"D_StatCategories\", \"Hunting-Title\", \"Hunting\")"
        },
        {
            "Name": "Skinning",
            "Title": "NSLOCTEXT(\"D_StatCategories\", \"Skinning-Title\", \"Skinning\")"
        },
        {
            "Name": "Butchery",
            "Title": "NSLOCTEXT(\"D_StatCategories\", \"Butchery-Title\", \"Butchery\")"
        },
        {
            "Name": "Mining",
            "Title": "NSLOCTEXT(\"D_StatCategories\", \"Mining-Title\", \"Mining\")"
        },
        {
            "Name": "Felling",
            "Title": "NSLOCTEXT(\"D_StatCategories\", \"Felling-Title\", \"Felling\")"
        },
        {
            "Name": "Foraging",
            "Title": "NSLOCTEXT(\"D_StatCategories\", \"Foraging-Title\", \"Foraging\")"
        },
        {
            "Name": "Farming",
            "Title": "NSLOCTEXT(\"D_StatCategories\", \"Farming-Title\", \"Farming\")"
        },
        {
            "Name": "Reaping",
            "Title": "NSLOCTEXT(\"D_StatCategories\", \"Reaping-Title\", \"Reaping\")"
        },
        {
            "Name": "Generic_Harvesting",
            "Title": "NSLOCTEXT(\"D_StatCategories\", \"Generic_Harvesting-Title\", \"Generic Harvesting\")"
        },
        {
            "Name": "Melee_Weapon",
            "Title": "NSLOCTEXT(\"D_StatCategories\", \"Melee_Weapon-Title\", \"Melee Weapon\")"
        },
        {
            "Name": "Ranged_Weapon",
            "Title": "NSLOCTEXT(\"D_StatCategories\", \"Ranged_Weapon-Title\", \"Ranged Weapon\")"
        },
        {
            "Name": "Character",
            "Title": "NSLOCTEXT(\"D_StatCategories\", \"Character-Title\", \"Character\")"
        },
        {
            "Name": "Upkeep",
            "Title": "NSLOCTEXT(\"D_StatCategories\", \"Upkeep-Title\", \"Upkeep\")"
        },
        {
            "Name": "Temperature",
            "Title": "NSLOCTEXT(\"D_StatCategories\", \"Temperature-Title\", \"Temperature\")"
        },
        {
            "Name": "Weather",
            "Title": "NSLOCTEXT(\"D_StatCategories\", \"Weather-Title\", \"Weather\")"
        },
        {
            "Name": "Envirosuit",
            "Title": "NSLOCTEXT(\"D_StatCategories\", \"Envirosuit-Title\", \"Envirosuit\")"
        },
        {
            "Name": "Movement",
            "Title": "NSLOCTEXT(\"D_StatCategories\", \"Movement-Title\", \"Movement\")"
        },
        {
            "Name": "Weight",
            "Title": "NSLOCTEXT(\"D_StatCategories\", \"Weight-Title\", \"Weight\")"
        },
        {
            "Name": "Environmental",
            "Title": "NSLOCTEXT(\"D_StatCategories\", \"Environmental-Title\", \"Enviromental\")"
        },
        {
            "Name": "Crafting",
            "Title": "NSLOCTEXT(\"D_StatCategories\", \"Crafting-Title\", \"Crafting\")"
        },
        {
            "Name": "Experience",
            "Title": "NSLOCTEXT(\"D_StatCategories\", \"Experience-Title\", \"Experience\")"
        },
        {
            "Name": "Modifiers",
            "Title": "NSLOCTEXT(\"D_StatCategories\", \"Modifiers-Title\", \"Modifiers\")"
        },
        {
            "Name": "Fire",
            "Title": "NSLOCTEXT(\"D_StatCategories\", \"Fire-Title\", \"Fire\")"
        },
        {
            "Name": "Consumption",
            "Title": "NSLOCTEXT(\"D_StatCategories\", \"Consumption-Title\", \"Consumption\")"
        },
        {
            "Name": "Biome",
            "Title": "NSLOCTEXT(\"D_StatCategories\", \"Biome-Title\", \"Biome\")"
        },
        {
            "Name": "AI",
            "Title": "NSLOCTEXT(\"D_StatCategories\", \"AI-Title\", \"Creatures\")"
        },
        {
            "Name": "Map",
            "Title": "NSLOCTEXT(\"D_StatCategories\", \"Map-Title\", \"Map\")"
        },
        {
            "Name": "Decay",
            "Title": "NSLOCTEXT(\"D_StatCategories\", \"Decay-Title\", \"Decay\")"
        },
        {
            "Name": "Item",
            "Title": "NSLOCTEXT(\"D_StatCategories\", \"Item-Title\", \"Item\")"
        },
        {
            "Name": "Building",
            "Title": "NSLOCTEXT(\"D_StatCategories\", \"Building-Title\", \"Building\")"
        },
        {
            "Name": "Explosive",
            "Title": "NSLOCTEXT(\"D_StatCategories\", \"Explosive-Title\", \"Explosive\")"
        },
        {
            "Name": "Deployable",
            "Title": "NSLOCTEXT(\"D_StatCategories\", \"Deployable-Title\", \"Deployable\")"
        },
        {
            "Name": "Transmutation",
            "Title": "NSLOCTEXT(\"D_StatCategories\", \"Transmutation-Title\", \"Transmutation\")"
        },
        {
            "Name": "World",
            "Title": "NSLOCTEXT(\"D_StatCategories\", \"World-Title\", \"World\")"
        },
        {
            "Name": "Time",
            "Title": "NSLOCTEXT(\"D_StatCategories\", \"Time-Title\", \"Time\")"
        },
        {
            "Name": "Respawn",
            "Title": "NSLOCTEXT(\"D_StatCategories\", \"Respawn-Title\", \"Respawn\")"
        },
        {
            "Name": "AI_Spawning",
            "Title": "NSLOCTEXT(\"D_StatCategories\", \"AI_Spawning-Title\", \"Creature Spawning\")"
        },
        {
            "Name": "CreatureTaming",
            "Title": "NSLOCTEXT(\"D_StatCategories\", \"CreatureTaming-Title\", \"Creature Taming\")"
        },
        {
            "Name": "Atmosphere",
            "Title": "NSLOCTEXT(\"D_StatCategories\", \"Atmosphere-Title\", \"Atmosphere\")"
        },
        {
            "Name": "Shattering",
            "Title": "NSLOCTEXT(\"D_StatCategories\", \"Shattering-Title\", \"Shattering\")"
        },
        {
            "Name": "Mounts",
            "Title": "NSLOCTEXT(\"D_StatCategories\", \"Mounts-Title\", \"Mounts\")"
        }
    ]
}