{
    "RowStruct": "/Script/Icarus.ArmourSetBonus",
    "Defaults": {
        "RequiredGear": 0,
        "Description": "",
        "StatsGranted": {}
    },
    "Rows": [
        {
            "Name": "Cloth_5",
            "RequiredGear": 5,
            "Description": "NSLOCTEXT(\"D_ArmourSetBonus\", \"Cloth_5-Description\", \"Cloth Armor Set\")",
            "StatsGranted": {
                "(Value=\"BaseMovementSpeed_+%\")": 5
            }
        },
        {
            "Name": "Leather_5",
            "RequiredGear": 5,
            "Description": "NSLOCTEXT(\"D_ArmourSetBonus\", \"Leather_5-Description\", \"Leather Armor Set\")",
            "StatsGranted": {
                "(Value=\"BaseHealthRegen_+%\")": 10,
                "(Value=\"BaseStaminaRegen_+%\")": 10
            }
        },
        {
            "Name": "Fur_5",
            "RequiredGear": 5,
            "Description": "NSLOCTEXT(\"D_ArmourSetBonus\", \"Fur_5-Description\", \"Fur Armor Set\")",
            "StatsGranted": {
                "(Value=\"BaseArcticExposureResistance_+%\")": 5
            }
        },
        {
            "Name": "Ghillie_5",
            "RequiredGear": 5,
            "Description": "NSLOCTEXT(\"D_ArmourSetBonus\", \"Ghillie_5-Description\", \"Ghillie Armor Set\")",
            "StatsGranted": {
                "(Value=\"BaseAnimalThreatModifier_+%\")": -25
            }
        },
        {
            "Name": "Carbon_5",
            "RequiredGear": 5,
            "Description": "NSLOCTEXT(\"D_ArmourSetBonus\", \"Carbon_5-Description\", \"Naneo Armor Set\")",
            "StatsGranted": {
                "(Value=\"BaseWeightCapacity_+%\")": 10,
                "(Value=\"BaseCollisionDamageResistance_+%\")": 10,
                "(Value=\"BaseStaminaRegen_+%\")": 10,
                "(Value=\"BaseMaximumStamina_+\")": 10
            }
        },
        {
            "Name": "Composite_5",
            "RequiredGear": 5,
            "Description": "NSLOCTEXT(\"D_ArmourSetBonus\", \"Composite_5-Description\", \"Composite Armor Set\")",
            "StatsGranted": {
                "(Value=\"BaseHealthRegen_+%\")": 30,
                "(Value=\"BaseStaminaRegen_+%\")": 30
            }
        },
        {
            "Name": "Polarbear_5",
            "RequiredGear": 5,
            "Description": "NSLOCTEXT(\"D_ArmourSetBonus\", \"Polarbear_5-Description\", \"Polar Bear Armor Set\")",
            "StatsGranted": {
                "(Value=\"BaseArcticMovementSpeed_+%\")": 10,
                "(Value=\"BaseArcticAnimalThreatModifier_+%\")": -20,
                "(Value=\"BaseArcticExposureResistance_+%\")": 5
            }
        },
        {
            "Name": "Hunter_5",
            "RequiredGear": 5,
            "Description": "NSLOCTEXT(\"D_ArmourSetBonus\", \"Hunter_5-Description\", \"Hunter Armor Set\")",
            "StatsGranted": {
                "(Value=\"BaseCrouchSpeed_+%\")": 15,
                "(Value=\"BaseAnimalThreatModifier_+%\")": -25,
                "(Value=\"BaseStaminaRegen_+%\")": 5
            }
        },
        {
            "Name": "Scale_5",
            "RequiredGear": 5,
            "Description": "NSLOCTEXT(\"D_ArmourSetBonus\", \"Scale_5-Description\", \"Scale Armor Set\")",
            "StatsGranted": {
                "(Value=\"BasePoisonDamageResistance_+%\")": 25,
                "(Value=\"BasePoisonModifierDuration_+%\")": -50,
                "(Value=\"BaseDesertWaterConsumption_+%\")": -75
            }
        },
        {
            "Name": "Scorpion_5",
            "RequiredGear": 5,
            "Description": "NSLOCTEXT(\"D_ArmourSetBonus\", \"Scorpion_5-Description\", \"Scorpion Armor Set\")",
            "StatsGranted": {
                "(Value=\"BaseProjectileDamageResistance_+%\")": 20,
                "(Value=\"BaseCollisionDamageResistance_+%\")": 10,
                "(Value=\"BaseAnimalThreatModifier_+%\")": 20,
                "(Value=\"BaseChanceToReturnDamage_%\")": 40,
                "(Value=\"BaseDamageReturned_%\")": 20
            }
        },
        {
            "Name": "Carbon_Alpha_5",
            "RequiredGear": 5,
            "Description": "NSLOCTEXT(\"D_ArmourSetBonus\", \"Carbon_Alpha_5-Description\", \"ST-700 Armor Set\")",
            "StatsGranted": {
                "(Value=\"BaseAnimalThreatModifier_+%\")": -35,
                "(Value=\"BaseCrouchSpeed_+%\")": 15,
                "(Value=\"BaseStealthDamage_+%\")": 15
            }
        },
        {
            "Name": "Carbon_Beta_5",
            "RequiredGear": 5,
            "Description": "NSLOCTEXT(\"D_ArmourSetBonus\", \"Carbon_Beta_5-Description\", \"CX-400 Armor Set\")",
            "StatsGranted": {
                "(Value=\"BaseChanceToFellTreeInstantly_%\")": 1,
                "(Value=\"BaseChanceToMineVoxelInstantly_+%\")": 1,
                "(Value=\"BaseMiningRewards_%\")": 25,
                "(Value=\"BaseFellingRewards_%\")": 25
            }
        },
        {
            "Name": "Advanced_Leather_5",
            "RequiredGear": 5,
            "Description": "NSLOCTEXT(\"D_ArmourSetBonus\", \"Advanced_Leather_5-Description\", \"Cured Leather Armor Set\")",
            "StatsGranted": {
                "(Value=\"BaseHealthRegen_+%\")": 20,
                "(Value=\"BaseStaminaRegen_+%\")": 20
            }
        },
        {
            "Name": "Advanced_Cloth_5",
            "RequiredGear": 5,
            "Description": "NSLOCTEXT(\"D_ArmourSetBonus\", \"Advanced_Cloth_5-Description\", \"Wayfarer Armor Set\")",
            "StatsGranted": {
                "(Value=\"BaseDesertExposureResistance_+%\")": 5,
                "(Value=\"BaseWaterConsumption_+%\")": -10
            }
        },
        {
            "Name": "Bone_5",
            "RequiredGear": 5,
            "Description": "NSLOCTEXT(\"D_ArmourSetBonus\", \"Bone_5-Description\", \"Bone Armor Set\")",
            "StatsGranted": {
                "(Value=\"BaseMeleeDamage_+%\")": 15,
                "(Value=\"BaseMeleeDamageResistance_%\")": 20
            }
        },
        {
            "Name": "Heavy_Obsidian_Armor_Set_5",
            "RequiredGear": 5,
            "Description": "NSLOCTEXT(\"D_ArmourSetBonus\", \"Heavy_Obsidian_Armor_Set_5-Description\", \"Heavy Obsidian Armor Set\")",
            "StatsGranted": {
                "(Value=\"BaseFireDamageResistanceWhileInLava_%\")": 90,
                "(Value=\"BaseWaterConsumption_+%\")": 10
            }
        },
        {
            "Name": "Obsidian_Armor_Set_5",
            "RequiredGear": 5,
            "Description": "NSLOCTEXT(\"D_ArmourSetBonus\", \"Obsidian_Armor_Set_5-Description\", \"Obsidian Armor Set\")",
            "StatsGranted": {
                "(Value=\"BaseExplosiveDamageResistance_%\")": 50,
                "(Value=\"BaseVolcanicExposureResistance_+%\")": 20
            }
        },
        {
            "Name": "Larkwell_Armor_Alpha",
            "RequiredGear": 5,
            "Description": "NSLOCTEXT(\"D_ArmourSetBonus\", \"Larkwell_Armor_Alpha-Description\", \"Larkwell Alpha Armor Set\")",
            "StatsGranted": {
                "(Value=\"BaseSprintSpeed_+%\")": 10,
                "(Value=\"BaseJumpingStaminaActionCost_+%\")": -50,
                "(Value=\"BaseStaminaRegen_+%\")": 25
            }
        },
        {
            "Name": "Larkwell_Armor_Black",
            "RequiredGear": 5,
            "Description": "NSLOCTEXT(\"D_ArmourSetBonus\", \"Larkwell_Armor_Black-Description\", \"Larkwell Black Armor Set\")",
            "StatsGranted": {
                "(Value=\"BaseWaterConsumption_+%\")": -10,
                "(Value=\"BasePhysicalTraumaModifierDuration_+%\")": -25,
                "(Value=\"BaseMeleeDamageResistance_%\")": 20
            }
        },
        {
            "Name": "Larkwell_Armor_White",
            "RequiredGear": 5,
            "Description": "NSLOCTEXT(\"D_ArmourSetBonus\", \"Larkwell_Armor_White-Description\", \"Larkwell White Armor Set\")",
            "StatsGranted": {
                "(Value=\"BaseCookedFoodModifierEffectiveness_+%\")": 20,
                "(Value=\"BaseHarvestingRewards_+%\")": 20,
                "(Value=\"BaseSleepQuality_%\")": 20
            }
        },
        {
            "Name": "Brownbear_5",
            "RequiredGear": 5,
            "Description": "NSLOCTEXT(\"D_ArmourSetBonus\", \"Brownbear_5-Description\", \"Brown Bear Armor Set\")",
            "StatsGranted": {
                "(Value=\"BaseAttackSpeed_+%\")": 10,
                "(Value=\"BaseMeleeDamageResistance_%\")": 20
            }
        },
        {
            "Name": "Black_Wolf",
            "RequiredGear": 5,
            "Description": "NSLOCTEXT(\"D_ArmourSetBonus\", \"Black_Wolf-Description\", \"\\\"Black Wolf Armor Set\")",
            "StatsGranted": {
                "(Value=\"BaseConiferMovementSpeed_+%\")": 5,
                "(Value=\"BaseAttacksCauseMinorHemorrhage_%\")": 20,
                "(Value=\"BaseBleedResistance_%\")": 50
            }
        }
    ]
}