{
    "RowStruct": "/Script/Icarus.ItemClassificationsIconsData",
    "Defaults": {
        "TagQuery": {
            "RowName": "None",
            "DataTableName": "D_TagQueries"
        },
        "Icon": "None",
        "Tooltip": ""
    },
    "Rows": [
        {
            "Name": "Generic",
            "Icon": "Texture2D'/Game/Assets/2DArt/UI/Icons/Icon_All.Icon_All'",
            "Tooltip": "NSLOCTEXT(\"D_ItemClassificationsIcons\", \"Generic-Tooltip\", \"All\")"
        },
        {
            "Name": "Tools",
            "TagQuery": {
                "RowName": "Any_Tool"
            },
            "Icon": "Texture2D'/Game/Assets/2DArt/UI/Icons/Icon_Harvest.Icon_Harvest'",
            "Tooltip": "NSLOCTEXT(\"D_ItemClassificationsIcons\", \"Tools-Tooltip\", \"Tools\")"
        },
        {
            "Name": "Armor",
            "TagQuery": {
                "RowName": "Any_Armor"
            },
            "Icon": "Texture2D'/Game/Assets/2DArt/UI/Icons/Icon_BodyArmour.Icon_BodyArmour'",
            "Tooltip": "NSLOCTEXT(\"D_ItemClassificationsIcons\", \"Armor-Tooltip\", \"Armor\")"
        },
        {
            "Name": "Structures",
            "TagQuery": {
                "RowName": "Any_Building"
            },
            "Icon": "Texture2D'/Game/Assets/2DArt/UI/Icons/Icon_Structures.Icon_Structures'",
            "Tooltip": "NSLOCTEXT(\"D_ItemClassificationsIcons\", \"Structures-Tooltip\", \"Structures\")"
        },
        {
            "Name": "Deployables",
            "TagQuery": {
                "RowName": "Any_Deployable"
            },
            "Icon": "Texture2D'/Game/Assets/2DArt/UI/Icons/Icon_Deployables.Icon_Deployables'",
            "Tooltip": "NSLOCTEXT(\"D_ItemClassificationsIcons\", \"Deployables-Tooltip\", \"Deployables\")"
        },
        {
            "Name": "Consumables",
            "TagQuery": {
                "RowName": "Any_Food"
            },
            "Icon": "Texture2D'/Game/Assets/2DArt/UI/Icons/Icon_Consumables.Icon_Consumables'",
            "Tooltip": "NSLOCTEXT(\"D_ItemClassificationsIcons\", \"Consumables-Tooltip\", \"Consumables\")"
        },
        {
            "Name": "Storage",
            "TagQuery": {
                "RowName": "Any_DeployableStorage"
            },
            "Icon": "Texture2D'/Game/Assets/2DArt/UI/Icons/Icon_Storage.Icon_Storage'",
            "Tooltip": "NSLOCTEXT(\"D_ItemClassificationsIcons\", \"Storage-Tooltip\", \"Storage\")"
        },
        {
            "Name": "Resource",
            "TagQuery": {
                "RowName": "Any_Resource"
            },
            "Icon": "Texture2D'/Game/Assets/2DArt/UI/Icons/Icon_Resources.Icon_Resources'",
            "Tooltip": "NSLOCTEXT(\"D_ItemClassificationsIcons\", \"Resource-Tooltip\", \"Resource\")"
        },
        {
            "Name": "Projectiles",
            "TagQuery": {
                "RowName": "Any_Ammo"
            },
            "Icon": "Texture2D'/Game/Assets/2DArt/UI/Icons/Icon_Projectiles.Icon_Projectiles'",
            "Tooltip": "NSLOCTEXT(\"D_ItemClassificationsIcons\", \"Projectiles-Tooltip\", \"Projectiles\")"
        }
    ]
}