{
    "RowStruct": "/Script/Icarus.AIAudioData",
    "Defaults": {
        "FootstepSound": "None",
        "FrontFootSocket": "None",
        "RearFootSocket": "None",
        "MovementSound": "None",
        "DeathCollisionSound": "None",
        "DeathCollisionSocket": "None",
        "WaterDeathSound": "None",
        "VocalisationSocket": "None",
        "AttackVocalisation": {
            "RowName": "None",
            "DataTableName": "D_Vocalisations"
        },
        "FlinchVocalisation": {
            "RowName": "None",
            "DataTableName": "D_Vocalisations"
        },
        "DeathVocalisation": {
            "RowName": "None",
            "DataTableName": "D_Vocalisations"
        },
        "StateVocalisations": {},
        "ThreatComponentClass": "None",
        "ThreatLevel": 0,
        "ThreatConfig": {
            "RowName": "None",
            "DataTableName": "D_CreatureAudioThreatData"
        },
        "CombatMusicConditionOverride": "None",
        "MusicConditionOverrideMinThreatLevel": 0,
        "FootstepMaxDistance": 5000,
        "FoliageCheckMaxDistance": 5000,
        "bUsesShelter": true
    },
    "Rows": [
        {
            "Name": "Deer",
            "FootstepSound": "/Game/FMOD/Events/SFX/Creatures/Footsteps/Deer/SFX_FOOTSTEP_DEER.SFX_FOOTSTEP_DEER",
            "FrontFootSocket": "RigNeck2",
            "RearFootSocket": "RigTail1",
            "MovementSound": "/Game/FMOD/Events/SFX/Creatures/Movement/SFX_CRE_FOLIAGE_MEDIUM.SFX_CRE_FOLIAGE_MEDIUM",
            "DeathCollisionSound": "/Game/FMOD/Events/SFX/Creatures/Movement/SFX_CRE_BODY_FALL_MEDIUM.SFX_CRE_BODY_FALL_MEDIUM",
            "DeathCollisionSocket": "RigChest",
            "WaterDeathSound": "/Game/FMOD/Events/SFX/Creatures/Movement/SFX_CRE_DEATHFALL_WATER_MED.SFX_CRE_DEATHFALL_WATER_MED",
            "VocalisationSocket": "RigJaw1",
            "FlinchVocalisation": {
                "RowName": "DeerFlinch"
            },
            "DeathVocalisation": {
                "RowName": "DeerDeath"
            },
            "StateVocalisations": {
                "Fleeing": {
                    "StateEnteredVocalisation": {
                        "RowName": "None",
                        "DataTableName": "D_Vocalisations"
                    },
                    "StatePersistentVocalisation": {
                        "RowName": "DeerFlee",
                        "DataTableName": "D_Vocalisations"
                    },
                    "StateExitedVocalisation": {
                        "RowName": "None",
                        "DataTableName": "D_Vocalisations"
                    }
                },
                "Idle": {
                    "StateEnteredVocalisation": {
                        "RowName": "None",
                        "DataTableName": "D_Vocalisations"
                    },
                    "StatePersistentVocalisation": {
                        "RowName": "DeerIdle",
                        "DataTableName": "D_Vocalisations"
                    },
                    "StateExitedVocalisation": {
                        "RowName": "None",
                        "DataTableName": "D_Vocalisations"
                    }
                }
            },
            "FootstepMaxDistance": 6000,
            "FoliageCheckMaxDistance": 6000
        },
        {
            "Name": "Chamois",
            "FootstepSound": "/Game/FMOD/Events/SFX/Creatures/Footsteps/Chamois/SFX_FOOTSTEP_CHAMOIS.SFX_FOOTSTEP_CHAMOIS",
            "FrontFootSocket": "RigNeck3",
            "RearFootSocket": "RigTail2",
            "MovementSound": "/Game/FMOD/Events/SFX/Creatures/Movement/SFX_CRE_FOLIAGE_MEDIUM.SFX_CRE_FOLIAGE_MEDIUM",
            "DeathCollisionSound": "/Game/FMOD/Events/SFX/Creatures/Movement/SFX_CRE_BODY_FALL_SMALL.SFX_CRE_BODY_FALL_SMALL",
            "DeathCollisionSocket": "RigChest",
            "WaterDeathSound": "/Game/FMOD/Events/SFX/Creatures/Movement/SFX_CRE_DEATHFALL_WATER_SMALL.SFX_CRE_DEATHFALL_WATER_SMALL",
            "VocalisationSocket": "RigJaw",
            "FlinchVocalisation": {
                "RowName": "ChamoisFlinch"
            },
            "DeathVocalisation": {
                "RowName": "ChamoisDeath"
            },
            "StateVocalisations": {
                "Idle": {
                    "StateEnteredVocalisation": {
                        "RowName": "None",
                        "DataTableName": "D_Vocalisations"
                    },
                    "StatePersistentVocalisation": {
                        "RowName": "ChamoisIdle",
                        "DataTableName": "D_Vocalisations"
                    },
                    "StateExitedVocalisation": {
                        "RowName": "None",
                        "DataTableName": "D_Vocalisations"
                    }
                },
                "Fleeing": {
                    "StateEnteredVocalisation": {
                        "RowName": "ChamoisFlee",
                        "DataTableName": "D_Vocalisations"
                    },
                    "StatePersistentVocalisation": {
                        "RowName": "None",
                        "DataTableName": "D_Vocalisations"
                    },
                    "StateExitedVocalisation": {
                        "RowName": "None",
                        "DataTableName": "D_Vocalisations"
                    }
                }
            }
        },
        {
            "Name": "Bear",
            "FootstepSound": "/Game/FMOD/Events/SFX/Creatures/Footsteps/Bear/SFX_CRE_FOOTSTEPS_BEAR.SFX_CRE_FOOTSTEPS_BEAR",
            "FrontFootSocket": "RigNeck2",
            "RearFootSocket": "RigTail1",
            "MovementSound": "/Game/FMOD/Events/SFX/Creatures/Movement/SFX_CRE_FOLIAGE_LARGE.SFX_CRE_FOLIAGE_LARGE",
            "DeathCollisionSound": "/Game/FMOD/Events/SFX/Creatures/Movement/SFX_CRE_BODY_FALL_MEDIUM.SFX_CRE_BODY_FALL_MEDIUM",
            "DeathCollisionSocket": "RigChest",
            "WaterDeathSound": "/Game/FMOD/Events/SFX/Creatures/Movement/SFX_CRE_DEATHFALL_WATER_MED.SFX_CRE_DEATHFALL_WATER_MED",
            "VocalisationSocket": "RigJaw",
            "AttackVocalisation": {
                "RowName": "BearAttack"
            },
            "FlinchVocalisation": {
                "RowName": "BearFlinch"
            },
            "DeathVocalisation": {
                "RowName": "BearDeath"
            },
            "StateVocalisations": {
                "Idle": {
                    "StateEnteredVocalisation": {
                        "RowName": "None",
                        "DataTableName": "D_Vocalisations"
                    },
                    "StatePersistentVocalisation": {
                        "RowName": "BearIdle",
                        "DataTableName": "D_Vocalisations"
                    },
                    "StateExitedVocalisation": {
                        "RowName": "None",
                        "DataTableName": "D_Vocalisations"
                    }
                },
                "Attacking": {
                    "StateEnteredVocalisation": {
                        "RowName": "BearSpot",
                        "DataTableName": "D_Vocalisations"
                    },
                    "StatePersistentVocalisation": {
                        "RowName": "BearAttacking",
                        "DataTableName": "D_Vocalisations"
                    },
                    "StateExitedVocalisation": {
                        "RowName": "None",
                        "DataTableName": "D_Vocalisations"
                    }
                }
            },
            "ThreatComponentClass": "/Script/Icarus.CreatureAudioThreatGOAPComponent",
            "ThreatLevel": 100,
            "ThreatConfig": {
                "RowName": "Default"
            },
            "FootstepMaxDistance": 6000,
            "FoliageCheckMaxDistance": 6000
        },
        {
            "Name": "Raccoon",
            "FootstepSound": "/Game/FMOD/Events/SFX/Creatures/Footsteps/Raccoon/SFX_FOOTSTEP_RACCOON.SFX_FOOTSTEP_RACCOON",
            "FrontFootSocket": "RigLFLeg2",
            "RearFootSocket": "RigTail2",
            "MovementSound": "/Game/FMOD/Events/SFX/Creatures/Movement/SFX_CRE_FOLIAGE_SMALL.SFX_CRE_FOLIAGE_SMALL",
            "WaterDeathSound": "/Game/FMOD/Events/SFX/Creatures/Movement/SFX_CRE_DEATHFALL_WATER_SMALL.SFX_CRE_DEATHFALL_WATER_SMALL",
            "VocalisationSocket": "RigJaw",
            "DeathVocalisation": {
                "RowName": "RaccoonDeath"
            },
            "StateVocalisations": {
                "Idle": {
                    "StateEnteredVocalisation": {
                        "RowName": "None",
                        "DataTableName": "D_Vocalisations"
                    },
                    "StatePersistentVocalisation": {
                        "RowName": "RaccoonIdle",
                        "DataTableName": "D_Vocalisations"
                    },
                    "StateExitedVocalisation": {
                        "RowName": "None",
                        "DataTableName": "D_Vocalisations"
                    }
                },
                "Fleeing": {
                    "StateEnteredVocalisation": {
                        "RowName": "None",
                        "DataTableName": "D_Vocalisations"
                    },
                    "StatePersistentVocalisation": {
                        "RowName": "RaccoonFlee",
                        "DataTableName": "D_Vocalisations"
                    },
                    "StateExitedVocalisation": {
                        "RowName": "None",
                        "DataTableName": "D_Vocalisations"
                    }
                }
            },
            "FootstepMaxDistance": 1500,
            "FoliageCheckMaxDistance": 3500,
            "bUsesShelter": false
        },
        {
            "Name": "MuleDeer",
            "FootstepSound": "/Game/FMOD/Events/SFX/Creatures/Footsteps/Deer/SFX_FOOTSTEP_MULE_DEER.SFX_FOOTSTEP_MULE_DEER",
            "FrontFootSocket": "RigRFLeg3",
            "RearFootSocket": "RigRBLeg3",
            "MovementSound": "/Game/FMOD/Events/SFX/Creatures/Movement/SFX_CRE_FOLIAGE_MEDIUM.SFX_CRE_FOLIAGE_MEDIUM",
            "DeathCollisionSound": "/Game/FMOD/Events/SFX/Creatures/Movement/SFX_CRE_BODY_FALL_SMALL.SFX_CRE_BODY_FALL_SMALL",
            "DeathCollisionSocket": "RigChest",
            "WaterDeathSound": "/Game/FMOD/Events/SFX/Creatures/Movement/SFX_CRE_DEATHFALL_WATER_SMALL.SFX_CRE_DEATHFALL_WATER_SMALL",
            "VocalisationSocket": "RigJaw1",
            "DeathVocalisation": {
                "RowName": "MuleDeerDeath"
            },
            "StateVocalisations": {
                "Idle": {
                    "StateEnteredVocalisation": {
                        "RowName": "None",
                        "DataTableName": "D_Vocalisations"
                    },
                    "StatePersistentVocalisation": {
                        "RowName": "MuleDeerIdle",
                        "DataTableName": "D_Vocalisations"
                    },
                    "StateExitedVocalisation": {
                        "RowName": "None",
                        "DataTableName": "D_Vocalisations"
                    }
                }
            }
        },
        {
            "Name": "Elephant",
            "FootstepSound": "/Game/FMOD/Events/SFX/Creatures/Footsteps/Elephant/SFX_CRE_FOOTSTEPS_ELEPHANT.SFX_CRE_FOOTSTEPS_ELEPHANT",
            "FrontFootSocket": "RigLFLeg1",
            "RearFootSocket": "RigLBLeg1",
            "MovementSound": "/Game/FMOD/Events/SFX/Creatures/Movement/SFX_CRE_FOLIAGE_LARGE.SFX_CRE_FOLIAGE_LARGE",
            "DeathCollisionSound": "/Game/FMOD/Events/SFX/Creatures/Movement/SFX_CRE_BODY_FALL_LARGE.SFX_CRE_BODY_FALL_LARGE",
            "DeathCollisionSocket": "RigChest",
            "WaterDeathSound": "/Game/FMOD/Events/SFX/Creatures/Movement/SFX_CRE_DEATHFALL_WATER_LARGE.SFX_CRE_DEATHFALL_WATER_LARGE",
            "VocalisationSocket": "RigJaw2",
            "FlinchVocalisation": {
                "RowName": "ElephantFlinch"
            },
            "DeathVocalisation": {
                "RowName": "ElephantDie"
            },
            "StateVocalisations": {
                "Idle": {
                    "StateEnteredVocalisation": {
                        "RowName": "None",
                        "DataTableName": "D_Vocalisations"
                    },
                    "StatePersistentVocalisation": {
                        "RowName": "ElephantIdle",
                        "DataTableName": "D_Vocalisations"
                    },
                    "StateExitedVocalisation": {
                        "RowName": "None",
                        "DataTableName": "D_Vocalisations"
                    }
                },
                "Fleeing": {
                    "StateEnteredVocalisation": {
                        "RowName": "ElephantFlee",
                        "DataTableName": "D_Vocalisations"
                    },
                    "StatePersistentVocalisation": {
                        "RowName": "None",
                        "DataTableName": "D_Vocalisations"
                    },
                    "StateExitedVocalisation": {
                        "RowName": "None",
                        "DataTableName": "D_Vocalisations"
                    }
                },
                "Relaxing": {
                    "StateEnteredVocalisation": {
                        "RowName": "None",
                        "DataTableName": "D_Vocalisations"
                    },
                    "StatePersistentVocalisation": {
                        "RowName": "ElephantRelax",
                        "DataTableName": "D_Vocalisations"
                    },
                    "StateExitedVocalisation": {
                        "RowName": "None",
                        "DataTableName": "D_Vocalisations"
                    }
                }
            },
            "ThreatComponentClass": "/Script/Icarus.CreatureAudioThreatGOAPComponent",
            "ThreatLevel": 100,
            "ThreatConfig": {
                "RowName": "Default"
            },
            "FootstepMaxDistance": 7000,
            "FoliageCheckMaxDistance": 7000
        },
        {
            "Name": "PolarBear",
            "FootstepSound": "/Game/FMOD/Events/SFX/Creatures/Footsteps/Bear/SFX_CRE_FOOTSTEPS_BEAR.SFX_CRE_FOOTSTEPS_BEAR",
            "FrontFootSocket": "RigNeck2",
            "RearFootSocket": "RigTail1",
            "MovementSound": "/Game/FMOD/Events/SFX/Creatures/Movement/SFX_CRE_FOLIAGE_LARGE.SFX_CRE_FOLIAGE_LARGE",
            "DeathCollisionSound": "/Game/FMOD/Events/SFX/Creatures/Movement/SFX_CRE_BODY_FALL_LARGE.SFX_CRE_BODY_FALL_LARGE",
            "DeathCollisionSocket": "RigSpine2",
            "WaterDeathSound": "/Game/FMOD/Events/SFX/Creatures/Movement/SFX_CRE_DEATHFALL_WATER_LARGE.SFX_CRE_DEATHFALL_WATER_LARGE",
            "VocalisationSocket": "RigJaw1",
            "AttackVocalisation": {
                "RowName": "PolarBearAttack"
            },
            "FlinchVocalisation": {
                "RowName": "PolarBearFlinch"
            },
            "DeathVocalisation": {
                "RowName": "PolarBearDeath"
            },
            "StateVocalisations": {
                "Idle": {
                    "StateEnteredVocalisation": {
                        "RowName": "None",
                        "DataTableName": "D_Vocalisations"
                    },
                    "StatePersistentVocalisation": {
                        "RowName": "PolarBearIdle",
                        "DataTableName": "D_Vocalisations"
                    },
                    "StateExitedVocalisation": {
                        "RowName": "None",
                        "DataTableName": "D_Vocalisations"
                    }
                },
                "Attacking": {
                    "StateEnteredVocalisation": {
                        "RowName": "PolarBearSpot",
                        "DataTableName": "D_Vocalisations"
                    },
                    "StatePersistentVocalisation": {
                        "RowName": "PolarBearAttacking",
                        "DataTableName": "D_Vocalisations"
                    },
                    "StateExitedVocalisation": {
                        "RowName": "None",
                        "DataTableName": "D_Vocalisations"
                    }
                }
            },
            "ThreatComponentClass": "/Script/Icarus.CreatureAudioThreatGOAPComponent",
            "ThreatLevel": 100,
            "ThreatConfig": {
                "RowName": "Default"
            },
            "FootstepMaxDistance": 6000,
            "FoliageCheckMaxDistance": 6000
        },
        {
            "Name": "Wolf",
            "FootstepSound": "/Game/FMOD/Events/SFX/Creatures/Footsteps/Wolf/SFX_CRE_WOLF_FOOTSTEPS.SFX_CRE_WOLF_FOOTSTEPS",
            "FrontFootSocket": "RigLFLeg1",
            "RearFootSocket": "RigLBLeg1",
            "MovementSound": "/Game/FMOD/Events/SFX/Creatures/Movement/SFX_CRE_FOLIAGE_MEDIUM.SFX_CRE_FOLIAGE_MEDIUM",
            "DeathCollisionSound": "/Game/FMOD/Events/SFX/Creatures/Movement/SFX_CRE_BODY_FALL_SMALL.SFX_CRE_BODY_FALL_SMALL",
            "DeathCollisionSocket": "RigChest",
            "WaterDeathSound": "/Game/FMOD/Events/SFX/Creatures/Movement/SFX_CRE_DEATHFALL_WATER_SMALL.SFX_CRE_DEATHFALL_WATER_SMALL",
            "VocalisationSocket": "RigJaw",
            "AttackVocalisation": {
                "RowName": "WolfAttack"
            },
            "FlinchVocalisation": {
                "RowName": "WolfFlinch"
            },
            "DeathVocalisation": {
                "RowName": "WolfDie"
            },
            "StateVocalisations": {
                "Idle": {
                    "StateEnteredVocalisation": {
                        "RowName": "None",
                        "DataTableName": "D_Vocalisations"
                    },
                    "StatePersistentVocalisation": {
                        "RowName": "WolfIdle",
                        "DataTableName": "D_Vocalisations"
                    },
                    "StateExitedVocalisation": {
                        "RowName": "None",
                        "DataTableName": "D_Vocalisations"
                    }
                },
                "Fleeing": {
                    "StateEnteredVocalisation": {
                        "RowName": "None",
                        "DataTableName": "D_Vocalisations"
                    },
                    "StatePersistentVocalisation": {
                        "RowName": "WolfFlee",
                        "DataTableName": "D_Vocalisations"
                    },
                    "StateExitedVocalisation": {
                        "RowName": "None",
                        "DataTableName": "D_Vocalisations"
                    }
                },
                "Attacking": {
                    "StateEnteredVocalisation": {
                        "RowName": "WolfSpot",
                        "DataTableName": "D_Vocalisations"
                    },
                    "StatePersistentVocalisation": {
                        "RowName": "WolfAttacking",
                        "DataTableName": "D_Vocalisations"
                    },
                    "StateExitedVocalisation": {
                        "RowName": "None",
                        "DataTableName": "D_Vocalisations"
                    }
                },
                "Relaxing": {
                    "StateEnteredVocalisation": {
                        "RowName": "None",
                        "DataTableName": "D_Vocalisations"
                    },
                    "StatePersistentVocalisation": {
                        "RowName": "WolfIdle",
                        "DataTableName": "D_Vocalisations"
                    },
                    "StateExitedVocalisation": {
                        "RowName": "None",
                        "DataTableName": "D_Vocalisations"
                    }
                }
            },
            "ThreatComponentClass": "/Script/Icarus.CreatureAudioThreatGOAPComponent",
            "ThreatLevel": 100,
            "ThreatConfig": {
                "RowName": "Default"
            },
            "FoliageCheckMaxDistance": 6000
        },
        {
            "Name": "Cougar",
            "FootstepSound": "/Game/FMOD/Events/SFX/Creatures/Footsteps/Jaguar/SFX_CRE_JAGUAR_FOOTSTEPS.SFX_CRE_JAGUAR_FOOTSTEPS",
            "FrontFootSocket": "RigLFLeg1",
            "RearFootSocket": "RigLBLeg1",
            "MovementSound": "/Game/FMOD/Events/SFX/Creatures/Movement/SFX_CRE_FOLIAGE_MEDIUM.SFX_CRE_FOLIAGE_MEDIUM",
            "DeathCollisionSound": "/Game/FMOD/Events/SFX/Creatures/Movement/SFX_CRE_BODY_FALL_MEDIUM.SFX_CRE_BODY_FALL_MEDIUM",
            "DeathCollisionSocket": "RigChest",
            "WaterDeathSound": "/Game/FMOD/Events/SFX/Creatures/Movement/SFX_CRE_DEATHFALL_WATER_SMALL.SFX_CRE_DEATHFALL_WATER_SMALL",
            "VocalisationSocket": "RigJaw1",
            "AttackVocalisation": {
                "RowName": "CougarAttack"
            },
            "FlinchVocalisation": {
                "RowName": "CougarFlinch"
            },
            "DeathVocalisation": {
                "RowName": "CougarDeath"
            },
            "StateVocalisations": {
                "Idle": {
                    "StateEnteredVocalisation": {
                        "RowName": "None",
                        "DataTableName": "D_Vocalisations"
                    },
                    "StatePersistentVocalisation": {
                        "RowName": "CougarIdle",
                        "DataTableName": "D_Vocalisations"
                    },
                    "StateExitedVocalisation": {
                        "RowName": "None",
                        "DataTableName": "D_Vocalisations"
                    }
                },
                "Fleeing": {
                    "StateEnteredVocalisation": {
                        "RowName": "None",
                        "DataTableName": "D_Vocalisations"
                    },
                    "StatePersistentVocalisation": {
                        "RowName": "CougarFlee",
                        "DataTableName": "D_Vocalisations"
                    },
                    "StateExitedVocalisation": {
                        "RowName": "None",
                        "DataTableName": "D_Vocalisations"
                    }
                },
                "Attacking": {
                    "StateEnteredVocalisation": {
                        "RowName": "CougarSpot",
                        "DataTableName": "D_Vocalisations"
                    },
                    "StatePersistentVocalisation": {
                        "RowName": "CougarAttacking",
                        "DataTableName": "D_Vocalisations"
                    },
                    "StateExitedVocalisation": {
                        "RowName": "None",
                        "DataTableName": "D_Vocalisations"
                    }
                }
            },
            "ThreatComponentClass": "/Script/Icarus.CreatureAudioThreatGOAPComponent",
            "ThreatLevel": 100,
            "ThreatConfig": {
                "RowName": "Default"
            },
            "FoliageCheckMaxDistance": 6000
        },
        {
            "Name": "Mammoth",
            "FootstepSound": "/Game/FMOD/Events/SFX/Creatures/Footsteps/Mammoth/SFX_CRE_FOOTSTEPS_MAMMOTH.SFX_CRE_FOOTSTEPS_MAMMOTH",
            "FrontFootSocket": "RigLFLeg1",
            "RearFootSocket": "RigLBLeg1",
            "MovementSound": "/Game/FMOD/Events/SFX/Creatures/Movement/SFX_CRE_FOLIAGE_LARGE.SFX_CRE_FOLIAGE_LARGE",
            "DeathCollisionSound": "/Game/FMOD/Events/SFX/Creatures/Movement/SFX_CRE_BODY_FALL_LARGE.SFX_CRE_BODY_FALL_LARGE",
            "DeathCollisionSocket": "RigChest",
            "WaterDeathSound": "/Game/FMOD/Events/SFX/Creatures/Movement/SFX_CRE_DEATHFALL_WATER_LARGE.SFX_CRE_DEATHFALL_WATER_LARGE",
            "VocalisationSocket": "RigJaw2",
            "FlinchVocalisation": {
                "RowName": "Mammoth_Flinch"
            },
            "DeathVocalisation": {
                "RowName": "Mammoth_Die"
            },
            "StateVocalisations": {
                "Idle": {
                    "StateEnteredVocalisation": {
                        "RowName": "None",
                        "DataTableName": "D_Vocalisations"
                    },
                    "StatePersistentVocalisation": {
                        "RowName": "Mammoth_Idle",
                        "DataTableName": "D_Vocalisations"
                    },
                    "StateExitedVocalisation": {
                        "RowName": "None",
                        "DataTableName": "D_Vocalisations"
                    }
                },
                "Fleeing": {
                    "StateEnteredVocalisation": {
                        "RowName": "Mammoth_Flee",
                        "DataTableName": "D_Vocalisations"
                    },
                    "StatePersistentVocalisation": {
                        "RowName": "None",
                        "DataTableName": "D_Vocalisations"
                    },
                    "StateExitedVocalisation": {
                        "RowName": "None",
                        "DataTableName": "D_Vocalisations"
                    }
                },
                "Relaxing": {
                    "StateEnteredVocalisation": {
                        "RowName": "None",
                        "DataTableName": "D_Vocalisations"
                    },
                    "StatePersistentVocalisation": {
                        "RowName": "Mammoth_Relax",
                        "DataTableName": "D_Vocalisations"
                    },
                    "StateExitedVocalisation": {
                        "RowName": "None",
                        "DataTableName": "D_Vocalisations"
                    }
                },
                "Attacking": {
                    "StateEnteredVocalisation": {
                        "RowName": "MammothSpot",
                        "DataTableName": "D_Vocalisations"
                    },
                    "StatePersistentVocalisation": {
                        "RowName": "MammothAggro",
                        "DataTableName": "D_Vocalisations"
                    },
                    "StateExitedVocalisation": {
                        "RowName": "None",
                        "DataTableName": "D_Vocalisations"
                    }
                }
            },
            "ThreatComponentClass": "/Script/Icarus.CreatureAudioThreatGOAPComponent",
            "ThreatLevel": 100,
            "ThreatConfig": {
                "RowName": "Default"
            },
            "FootstepMaxDistance": 8000,
            "FoliageCheckMaxDistance": 8000
        },
        {
            "Name": "DesertDeer",
            "FootstepSound": "/Game/FMOD/Events/SFX/Creatures/Footsteps/Deer/SFX_FOOTSTEP_DEER.SFX_FOOTSTEP_DEER",
            "FrontFootSocket": "RigNeck2",
            "RearFootSocket": "RigTail1",
            "MovementSound": "/Game/FMOD/Events/SFX/Creatures/Movement/SFX_CRE_FOLIAGE_MEDIUM.SFX_CRE_FOLIAGE_MEDIUM",
            "DeathCollisionSound": "/Game/FMOD/Events/SFX/Creatures/Movement/SFX_CRE_BODY_FALL_MEDIUM.SFX_CRE_BODY_FALL_MEDIUM",
            "DeathCollisionSocket": "RigChest",
            "WaterDeathSound": "/Game/FMOD/Events/SFX/Creatures/Movement/SFX_CRE_DEATHFALL_WATER_MED.SFX_CRE_DEATHFALL_WATER_MED",
            "VocalisationSocket": "RigJaw1",
            "FlinchVocalisation": {
                "RowName": "DesertDeerFlinch"
            },
            "DeathVocalisation": {
                "RowName": "DesertDeerDeath"
            },
            "StateVocalisations": {
                "Idle": {
                    "StateEnteredVocalisation": {
                        "RowName": "None",
                        "DataTableName": "D_Vocalisations"
                    },
                    "StatePersistentVocalisation": {
                        "RowName": "DesertDeerIdle",
                        "DataTableName": "D_Vocalisations"
                    },
                    "StateExitedVocalisation": {
                        "RowName": "None",
                        "DataTableName": "D_Vocalisations"
                    }
                },
                "Fleeing": {
                    "StateEnteredVocalisation": {
                        "RowName": "None",
                        "DataTableName": "D_Vocalisations"
                    },
                    "StatePersistentVocalisation": {
                        "RowName": "DesertDeerFlee",
                        "DataTableName": "D_Vocalisations"
                    },
                    "StateExitedVocalisation": {
                        "RowName": "None",
                        "DataTableName": "D_Vocalisations"
                    }
                }
            },
            "FootstepMaxDistance": 6000,
            "FoliageCheckMaxDistance": 6000
        },
        {
            "Name": "Zebra",
            "FootstepSound": "/Game/FMOD/Events/SFX/Creatures/Footsteps/Zebra/SFX_FOOTSTEP_ZEBRA.SFX_FOOTSTEP_ZEBRA",
            "FrontFootSocket": "RigNeck1",
            "RearFootSocket": "RigPelvis",
            "MovementSound": "/Game/FMOD/Events/SFX/Creatures/Movement/SFX_CRE_FOLIAGE_LARGE.SFX_CRE_FOLIAGE_LARGE",
            "DeathCollisionSound": "/Game/FMOD/Events/SFX/Creatures/Movement/SFX_CRE_BODY_FALL_MEDIUM.SFX_CRE_BODY_FALL_MEDIUM",
            "DeathCollisionSocket": "RigChest",
            "WaterDeathSound": "/Game/FMOD/Events/SFX/Creatures/Movement/SFX_CRE_DEATHFALL_WATER_MED.SFX_CRE_DEATHFALL_WATER_MED",
            "VocalisationSocket": "RigJaw1",
            "FlinchVocalisation": {
                "RowName": "ZebraFlinch"
            },
            "DeathVocalisation": {
                "RowName": "ZebraDeath"
            },
            "StateVocalisations": {
                "Idle": {
                    "StateEnteredVocalisation": {
                        "RowName": "None",
                        "DataTableName": "D_Vocalisations"
                    },
                    "StatePersistentVocalisation": {
                        "RowName": "ZebraIdle",
                        "DataTableName": "D_Vocalisations"
                    },
                    "StateExitedVocalisation": {
                        "RowName": "None",
                        "DataTableName": "D_Vocalisations"
                    }
                },
                "Fleeing": {
                    "StateEnteredVocalisation": {
                        "RowName": "None",
                        "DataTableName": "D_Vocalisations"
                    },
                    "StatePersistentVocalisation": {
                        "RowName": "ZebraFlee",
                        "DataTableName": "D_Vocalisations"
                    },
                    "StateExitedVocalisation": {
                        "RowName": "None",
                        "DataTableName": "D_Vocalisations"
                    }
                },
                "Relaxing": {
                    "StateEnteredVocalisation": {
                        "RowName": "None",
                        "DataTableName": "D_Vocalisations"
                    },
                    "StatePersistentVocalisation": {
                        "RowName": "ZebraRelax",
                        "DataTableName": "D_Vocalisations"
                    },
                    "StateExitedVocalisation": {
                        "RowName": "None",
                        "DataTableName": "D_Vocalisations"
                    }
                }
            },
            "FootstepMaxDistance": 6000,
            "FoliageCheckMaxDistance": 6000
        },
        {
            "Name": "DesertDeerFem",
            "FootstepSound": "/Game/FMOD/Events/SFX/Creatures/Footsteps/Deer/SFX_FOOTSTEP_DEER.SFX_FOOTSTEP_DEER",
            "FrontFootSocket": "RigNeck2",
            "RearFootSocket": "RigTail1",
            "MovementSound": "/Game/FMOD/Events/SFX/Creatures/Movement/SFX_CRE_FOLIAGE_MEDIUM.SFX_CRE_FOLIAGE_MEDIUM",
            "DeathCollisionSound": "/Game/FMOD/Events/SFX/Creatures/Movement/SFX_CRE_BODY_FALL_MEDIUM.SFX_CRE_BODY_FALL_MEDIUM",
            "DeathCollisionSocket": "RigChest",
            "WaterDeathSound": "/Game/FMOD/Events/SFX/Creatures/Movement/SFX_CRE_DEATHFALL_WATER_MED.SFX_CRE_DEATHFALL_WATER_MED",
            "VocalisationSocket": "RigJaw1",
            "FlinchVocalisation": {
                "RowName": "DesertDeerFemFlinch"
            },
            "DeathVocalisation": {
                "RowName": "DesertDeerFemDeath"
            },
            "StateVocalisations": {
                "Idle": {
                    "StateEnteredVocalisation": {
                        "RowName": "None",
                        "DataTableName": "D_Vocalisations"
                    },
                    "StatePersistentVocalisation": {
                        "RowName": "DesertDeerFemIdle",
                        "DataTableName": "D_Vocalisations"
                    },
                    "StateExitedVocalisation": {
                        "RowName": "None",
                        "DataTableName": "D_Vocalisations"
                    }
                },
                "Fleeing": {
                    "StateEnteredVocalisation": {
                        "RowName": "None",
                        "DataTableName": "D_Vocalisations"
                    },
                    "StatePersistentVocalisation": {
                        "RowName": "DesertDeerFemFlee",
                        "DataTableName": "D_Vocalisations"
                    },
                    "StateExitedVocalisation": {
                        "RowName": "None",
                        "DataTableName": "D_Vocalisations"
                    }
                }
            },
            "FootstepMaxDistance": 6000,
            "FoliageCheckMaxDistance": 6000
        },
        {
            "Name": "AlphaWolf",
            "FootstepSound": "/Game/FMOD/Events/SFX/Creatures/Footsteps/Wolf/SFX_CRE_WOLF_FOOTSTEPS.SFX_CRE_WOLF_FOOTSTEPS",
            "FrontFootSocket": "RigLFLeg1",
            "RearFootSocket": "RigLBLeg1",
            "MovementSound": "/Game/FMOD/Events/SFX/Creatures/Movement/SFX_CRE_FOLIAGE_MEDIUM.SFX_CRE_FOLIAGE_MEDIUM",
            "DeathCollisionSound": "/Game/FMOD/Events/SFX/Creatures/Movement/SFX_CRE_BODY_FALL_MEDIUM.SFX_CRE_BODY_FALL_MEDIUM",
            "DeathCollisionSocket": "RigChest",
            "WaterDeathSound": "/Game/FMOD/Events/SFX/Creatures/Movement/SFX_CRE_DEATHFALL_WATER_SMALL.SFX_CRE_DEATHFALL_WATER_SMALL",
            "VocalisationSocket": "RigJaw",
            "AttackVocalisation": {
                "RowName": "AlphaWolfAttack"
            },
            "FlinchVocalisation": {
                "RowName": "AlphaWolfFlinch"
            },
            "DeathVocalisation": {
                "RowName": "AlphaWolfDie"
            },
            "StateVocalisations": {
                "Idle": {
                    "StateEnteredVocalisation": {
                        "RowName": "None",
                        "DataTableName": "D_Vocalisations"
                    },
                    "StatePersistentVocalisation": {
                        "RowName": "AlphaWolfIdle",
                        "DataTableName": "D_Vocalisations"
                    },
                    "StateExitedVocalisation": {
                        "RowName": "None",
                        "DataTableName": "D_Vocalisations"
                    }
                },
                "Attacking": {
                    "StateEnteredVocalisation": {
                        "RowName": "AlphaSpot",
                        "DataTableName": "D_Vocalisations"
                    },
                    "StatePersistentVocalisation": {
                        "RowName": "AlphaWolfAggro",
                        "DataTableName": "D_Vocalisations"
                    },
                    "StateExitedVocalisation": {
                        "RowName": "None",
                        "DataTableName": "D_Vocalisations"
                    }
                },
                "Relaxing": {
                    "StateEnteredVocalisation": {
                        "RowName": "None",
                        "DataTableName": "D_Vocalisations"
                    },
                    "StatePersistentVocalisation": {
                        "RowName": "AlphaWolfIdle",
                        "DataTableName": "D_Vocalisations"
                    },
                    "StateExitedVocalisation": {
                        "RowName": "None",
                        "DataTableName": "D_Vocalisations"
                    }
                }
            },
            "ThreatComponentClass": "/Script/Icarus.CreatureAudioThreatGOAPComponent",
            "ThreatLevel": 100,
            "ThreatConfig": {
                "RowName": "Boss"
            },
            "MusicConditionOverrideMinThreatLevel": 20,
            "FoliageCheckMaxDistance": 6000
        },
        {
            "Name": "Jaguar",
            "FootstepSound": "/Game/FMOD/Events/SFX/Creatures/Footsteps/Jaguar/SFX_CRE_JAGUAR_FOOTSTEPS.SFX_CRE_JAGUAR_FOOTSTEPS",
            "FrontFootSocket": "RigLFLeg1",
            "RearFootSocket": "RigLBLeg1",
            "MovementSound": "/Game/FMOD/Events/SFX/Creatures/Movement/SFX_CRE_FOLIAGE_MEDIUM.SFX_CRE_FOLIAGE_MEDIUM",
            "DeathCollisionSound": "/Game/FMOD/Events/SFX/Creatures/Movement/SFX_CRE_BODY_FALL_MEDIUM.SFX_CRE_BODY_FALL_MEDIUM",
            "DeathCollisionSocket": "RigChest",
            "WaterDeathSound": "/Game/FMOD/Events/SFX/Creatures/Movement/SFX_CRE_DEATHFALL_WATER_MED.SFX_CRE_DEATHFALL_WATER_MED",
            "VocalisationSocket": "RigJaw1",
            "AttackVocalisation": {
                "RowName": "JaguarAttack"
            },
            "FlinchVocalisation": {
                "RowName": "JaguarFlinch"
            },
            "DeathVocalisation": {
                "RowName": "JaguarDie"
            },
            "StateVocalisations": {
                "Idle": {
                    "StateEnteredVocalisation": {
                        "RowName": "None",
                        "DataTableName": "D_Vocalisations"
                    },
                    "StatePersistentVocalisation": {
                        "RowName": "JaguarIdle",
                        "DataTableName": "D_Vocalisations"
                    },
                    "StateExitedVocalisation": {
                        "RowName": "None",
                        "DataTableName": "D_Vocalisations"
                    }
                },
                "Attacking": {
                    "StateEnteredVocalisation": {
                        "RowName": "JaguarSpot",
                        "DataTableName": "D_Vocalisations"
                    },
                    "StatePersistentVocalisation": {
                        "RowName": "JaguarAggro",
                        "DataTableName": "D_Vocalisations"
                    },
                    "StateExitedVocalisation": {
                        "RowName": "None",
                        "DataTableName": "D_Vocalisations"
                    }
                }
            },
            "ThreatComponentClass": "/Script/Icarus.CreatureAudioThreatGOAPComponent",
            "ThreatLevel": 100,
            "ThreatConfig": {
                "RowName": "Default"
            },
            "FoliageCheckMaxDistance": 6000
        },
        {
            "Name": "SnowLeopard",
            "FootstepSound": "/Game/FMOD/Events/SFX/Creatures/Footsteps/Jaguar/SFX_CRE_JAGUAR_FOOTSTEPS.SFX_CRE_JAGUAR_FOOTSTEPS",
            "FrontFootSocket": "RigLFLeg1",
            "RearFootSocket": "RigLBLeg1",
            "MovementSound": "/Game/FMOD/Events/SFX/Creatures/Movement/SFX_CRE_FOLIAGE_MEDIUM.SFX_CRE_FOLIAGE_MEDIUM",
            "DeathCollisionSound": "/Game/FMOD/Events/SFX/Creatures/Movement/SFX_CRE_BODY_FALL_MEDIUM.SFX_CRE_BODY_FALL_MEDIUM",
            "DeathCollisionSocket": "RigChest",
            "WaterDeathSound": "/Game/FMOD/Events/SFX/Creatures/Movement/SFX_CRE_DEATHFALL_WATER_MED.SFX_CRE_DEATHFALL_WATER_MED",
            "VocalisationSocket": "RigJaw1",
            "AttackVocalisation": {
                "RowName": "SnowLeopardAttack"
            },
            "FlinchVocalisation": {
                "RowName": "SnowLeopardFlinch"
            },
            "DeathVocalisation": {
                "RowName": "SnowLeopardDie"
            },
            "StateVocalisations": {
                "Idle": {
                    "StateEnteredVocalisation": {
                        "RowName": "None",
                        "DataTableName": "D_Vocalisations"
                    },
                    "StatePersistentVocalisation": {
                        "RowName": "SnowLeopardIdle",
                        "DataTableName": "D_Vocalisations"
                    },
                    "StateExitedVocalisation": {
                        "RowName": "None",
                        "DataTableName": "D_Vocalisations"
                    }
                },
                "Attacking": {
                    "StateEnteredVocalisation": {
                        "RowName": "SnowLeopardSpot",
                        "DataTableName": "D_Vocalisations"
                    },
                    "StatePersistentVocalisation": {
                        "RowName": "SnowLeopardAggro",
                        "DataTableName": "D_Vocalisations"
                    },
                    "StateExitedVocalisation": {
                        "RowName": "None",
                        "DataTableName": "D_Vocalisations"
                    }
                }
            },
            "ThreatComponentClass": "/Script/Icarus.CreatureAudioThreatGOAPComponent",
            "ThreatLevel": 100,
            "ThreatConfig": {
                "RowName": "Default"
            },
            "FoliageCheckMaxDistance": 6000
        },
        {
            "Name": "Rabbit",
            "FootstepSound": "/Game/FMOD/Events/SFX/Creatures/Footsteps/Rabbit/SFX_FOOTSTEP_RABBIT.SFX_FOOTSTEP_RABBIT",
            "FrontFootSocket": "RigLFLeg2",
            "RearFootSocket": "RigTail2",
            "MovementSound": "/Game/FMOD/Events/SFX/Creatures/Movement/SFX_CRE_FOLIAGE_SMALL.SFX_CRE_FOLIAGE_SMALL",
            "DeathCollisionSocket": "RigChest",
            "WaterDeathSound": "/Game/FMOD/Events/SFX/Creatures/Movement/SFX_CRE_DEATHFALL_WATER_SMALL.SFX_CRE_DEATHFALL_WATER_SMALL",
            "VocalisationSocket": "RigJaw",
            "DeathVocalisation": {
                "RowName": "RabbitDeath"
            },
            "FootstepMaxDistance": 2000,
            "FoliageCheckMaxDistance": 3500,
            "bUsesShelter": false
        },
        {
            "Name": "PolarBear_Boss",
            "FootstepSound": "/Game/FMOD/Events/SFX/Creatures/Footsteps/Bear/SFX_CRE_FOOTSTEPS_BEAR.SFX_CRE_FOOTSTEPS_BEAR",
            "FrontFootSocket": "RigNeck2",
            "RearFootSocket": "RigTail1",
            "MovementSound": "/Game/FMOD/Events/SFX/Creatures/Movement/SFX_CRE_FOLIAGE_LARGE.SFX_CRE_FOLIAGE_LARGE",
            "DeathCollisionSound": "/Game/FMOD/Events/SFX/Creatures/Movement/SFX_CRE_BODY_FALL_LARGE.SFX_CRE_BODY_FALL_LARGE",
            "DeathCollisionSocket": "RigSpine2",
            "WaterDeathSound": "/Game/FMOD/Events/SFX/Creatures/Movement/SFX_CRE_DEATHFALL_WATER_LARGE.SFX_CRE_DEATHFALL_WATER_LARGE",
            "VocalisationSocket": "RigJaw1",
            "AttackVocalisation": {
                "RowName": "PolarBearAttack"
            },
            "FlinchVocalisation": {
                "RowName": "PolarBearFlinch"
            },
            "DeathVocalisation": {
                "RowName": "PolarBearDeath"
            },
            "StateVocalisations": {
                "Idle": {
                    "StateEnteredVocalisation": {
                        "RowName": "None",
                        "DataTableName": "D_Vocalisations"
                    },
                    "StatePersistentVocalisation": {
                        "RowName": "PolarBearIdle",
                        "DataTableName": "D_Vocalisations"
                    },
                    "StateExitedVocalisation": {
                        "RowName": "None",
                        "DataTableName": "D_Vocalisations"
                    }
                },
                "Attacking": {
                    "StateEnteredVocalisation": {
                        "RowName": "PolarBearSpot",
                        "DataTableName": "D_Vocalisations"
                    },
                    "StatePersistentVocalisation": {
                        "RowName": "PolarBearAttacking",
                        "DataTableName": "D_Vocalisations"
                    },
                    "StateExitedVocalisation": {
                        "RowName": "None",
                        "DataTableName": "D_Vocalisations"
                    }
                }
            },
            "ThreatComponentClass": "/Script/Icarus.CreatureAudioThreatGOAPComponent",
            "ThreatLevel": 100,
            "ThreatConfig": {
                "RowName": "Boss"
            },
            "CombatMusicConditionOverride": "InCombat_EpicBoss",
            "MusicConditionOverrideMinThreatLevel": 20,
            "FootstepMaxDistance": 6000,
            "FoliageCheckMaxDistance": 6000
        },
        {
            "Name": "Mammoth_Boss",
            "FootstepSound": "/Game/FMOD/Events/SFX/Creatures/Footsteps/Mammoth/SFX_CRE_FOOTSTEPS_MAMMOTH.SFX_CRE_FOOTSTEPS_MAMMOTH",
            "FrontFootSocket": "RigLFLeg1",
            "RearFootSocket": "RigLBLeg1",
            "MovementSound": "/Game/FMOD/Events/SFX/Creatures/Movement/SFX_CRE_FOLIAGE_LARGE.SFX_CRE_FOLIAGE_LARGE",
            "DeathCollisionSound": "/Game/FMOD/Events/SFX/Creatures/Movement/SFX_CRE_BODY_FALL_LARGE.SFX_CRE_BODY_FALL_LARGE",
            "DeathCollisionSocket": "RigChest",
            "WaterDeathSound": "/Game/FMOD/Events/SFX/Creatures/Movement/SFX_CRE_DEATHFALL_WATER_LARGE.SFX_CRE_DEATHFALL_WATER_LARGE",
            "VocalisationSocket": "RigJaw2",
            "FlinchVocalisation": {
                "RowName": "Mammoth_Flinch"
            },
            "DeathVocalisation": {
                "RowName": "Mammoth_Die"
            },
            "StateVocalisations": {
                "Idle": {
                    "StateEnteredVocalisation": {
                        "RowName": "None",
                        "DataTableName": "D_Vocalisations"
                    },
                    "StatePersistentVocalisation": {
                        "RowName": "Mammoth_Idle",
                        "DataTableName": "D_Vocalisations"
                    },
                    "StateExitedVocalisation": {
                        "RowName": "None",
                        "DataTableName": "D_Vocalisations"
                    }
                },
                "Fleeing": {
                    "StateEnteredVocalisation": {
                        "RowName": "Mammoth_Flee",
                        "DataTableName": "D_Vocalisations"
                    },
                    "StatePersistentVocalisation": {
                        "RowName": "None",
                        "DataTableName": "D_Vocalisations"
                    },
                    "StateExitedVocalisation": {
                        "RowName": "None",
                        "DataTableName": "D_Vocalisations"
                    }
                },
                "Relaxing": {
                    "StateEnteredVocalisation": {
                        "RowName": "None",
                        "DataTableName": "D_Vocalisations"
                    },
                    "StatePersistentVocalisation": {
                        "RowName": "Mammoth_Relax",
                        "DataTableName": "D_Vocalisations"
                    },
                    "StateExitedVocalisation": {
                        "RowName": "None",
                        "DataTableName": "D_Vocalisations"
                    }
                },
                "Attacking": {
                    "StateEnteredVocalisation": {
                        "RowName": "MammothSpot",
                        "DataTableName": "D_Vocalisations"
                    },
                    "StatePersistentVocalisation": {
                        "RowName": "MammothAggro",
                        "DataTableName": "D_Vocalisations"
                    },
                    "StateExitedVocalisation": {
                        "RowName": "None",
                        "DataTableName": "D_Vocalisations"
                    }
                }
            },
            "ThreatComponentClass": "/Script/Icarus.CreatureAudioThreatGOAPComponent",
            "ThreatLevel": 100,
            "ThreatConfig": {
                "RowName": "Boss"
            },
            "CombatMusicConditionOverride": "InCombat_EpicBoss",
            "MusicConditionOverrideMinThreatLevel": 20,
            "FootstepMaxDistance": 8000,
            "FoliageCheckMaxDistance": 8000
        },
        {
            "Name": "Jaguar_Boss",
            "FootstepSound": "/Game/FMOD/Events/SFX/Creatures/Footsteps/Jaguar/SFX_CRE_JAGUAR_FOOTSTEPS.SFX_CRE_JAGUAR_FOOTSTEPS",
            "FrontFootSocket": "RigLFLeg1",
            "RearFootSocket": "RigLBLeg1",
            "MovementSound": "/Game/FMOD/Events/SFX/Creatures/Movement/SFX_CRE_FOLIAGE_MEDIUM.SFX_CRE_FOLIAGE_MEDIUM",
            "DeathCollisionSound": "/Game/FMOD/Events/SFX/Creatures/Movement/SFX_CRE_BODY_FALL_MEDIUM.SFX_CRE_BODY_FALL_MEDIUM",
            "DeathCollisionSocket": "RigChest",
            "WaterDeathSound": "/Game/FMOD/Events/SFX/Creatures/Movement/SFX_CRE_DEATHFALL_WATER_MED.SFX_CRE_DEATHFALL_WATER_MED",
            "VocalisationSocket": "RigJaw1",
            "AttackVocalisation": {
                "RowName": "JaguarAttack"
            },
            "FlinchVocalisation": {
                "RowName": "JaguarFlinch"
            },
            "DeathVocalisation": {
                "RowName": "JaguarDie"
            },
            "StateVocalisations": {
                "Idle": {
                    "StateEnteredVocalisation": {
                        "RowName": "None",
                        "DataTableName": "D_Vocalisations"
                    },
                    "StatePersistentVocalisation": {
                        "RowName": "JaguarIdle",
                        "DataTableName": "D_Vocalisations"
                    },
                    "StateExitedVocalisation": {
                        "RowName": "None",
                        "DataTableName": "D_Vocalisations"
                    }
                },
                "Attacking": {
                    "StateEnteredVocalisation": {
                        "RowName": "JaguarSpot",
                        "DataTableName": "D_Vocalisations"
                    },
                    "StatePersistentVocalisation": {
                        "RowName": "JaguarAggro",
                        "DataTableName": "D_Vocalisations"
                    },
                    "StateExitedVocalisation": {
                        "RowName": "None",
                        "DataTableName": "D_Vocalisations"
                    }
                }
            },
            "ThreatComponentClass": "/Script/Icarus.CreatureAudioThreatGOAPComponent",
            "ThreatLevel": 100,
            "ThreatConfig": {
                "RowName": "Boss"
            },
            "CombatMusicConditionOverride": "InCombat_EpicBoss",
            "MusicConditionOverrideMinThreatLevel": 20,
            "FoliageCheckMaxDistance": 6000
        },
        {
            "Name": "RabbitConifer",
            "FootstepSound": "/Game/FMOD/Events/SFX/Creatures/Footsteps/Rabbit/SFX_FOOTSTEP_RABBIT_CONIF.SFX_FOOTSTEP_RABBIT_CONIF",
            "FrontFootSocket": "RigLFLeg2",
            "RearFootSocket": "RigTail2",
            "MovementSound": "/Game/FMOD/Events/SFX/Creatures/Movement/SFX_CRE_FOLIAGE_SMALL.SFX_CRE_FOLIAGE_SMALL",
            "DeathCollisionSocket": "RigChest",
            "WaterDeathSound": "/Game/FMOD/Events/SFX/Creatures/Movement/SFX_CRE_DEATHFALL_WATER_SMALL.SFX_CRE_DEATHFALL_WATER_SMALL",
            "VocalisationSocket": "RigJaw",
            "DeathVocalisation": {
                "RowName": "RabbitDeath"
            },
            "FootstepMaxDistance": 2000,
            "FoliageCheckMaxDistance": 3500,
            "bUsesShelter": false
        },
        {
            "Name": "Hyena",
            "FootstepSound": "/Game/FMOD/Events/SFX/Creatures/Footsteps/Wolf/SFX_CRE_WOLF_FOOTSTEPS.SFX_CRE_WOLF_FOOTSTEPS",
            "FrontFootSocket": "RigLFLeg1",
            "RearFootSocket": "RigLBLeg1",
            "MovementSound": "/Game/FMOD/Events/SFX/Creatures/Movement/SFX_CRE_FOLIAGE_MEDIUM.SFX_CRE_FOLIAGE_MEDIUM",
            "DeathCollisionSound": "/Game/FMOD/Events/SFX/Creatures/Movement/SFX_CRE_BODY_FALL_SMALL.SFX_CRE_BODY_FALL_SMALL",
            "DeathCollisionSocket": "RigChest",
            "WaterDeathSound": "/Game/FMOD/Events/SFX/Creatures/Movement/SFX_CRE_DEATHFALL_WATER_SMALL.SFX_CRE_DEATHFALL_WATER_SMALL",
            "VocalisationSocket": "RigJaw",
            "AttackVocalisation": {
                "RowName": "HyenaAttack"
            },
            "FlinchVocalisation": {
                "RowName": "HyenaFlinch"
            },
            "DeathVocalisation": {
                "RowName": "HyenaDeath"
            },
            "StateVocalisations": {
                "Idle": {
                    "StateEnteredVocalisation": {
                        "RowName": "None",
                        "DataTableName": "D_Vocalisations"
                    },
                    "StatePersistentVocalisation": {
                        "RowName": "HyenaIdle",
                        "DataTableName": "D_Vocalisations"
                    },
                    "StateExitedVocalisation": {
                        "RowName": "None",
                        "DataTableName": "D_Vocalisations"
                    }
                },
                "Fleeing": {
                    "StateEnteredVocalisation": {
                        "RowName": "None",
                        "DataTableName": "D_Vocalisations"
                    },
                    "StatePersistentVocalisation": {
                        "RowName": "WolfFlee",
                        "DataTableName": "D_Vocalisations"
                    },
                    "StateExitedVocalisation": {
                        "RowName": "None",
                        "DataTableName": "D_Vocalisations"
                    }
                },
                "Attacking": {
                    "StateEnteredVocalisation": {
                        "RowName": "HyenaSpot",
                        "DataTableName": "D_Vocalisations"
                    },
                    "StatePersistentVocalisation": {
                        "RowName": "HyenaAggro",
                        "DataTableName": "D_Vocalisations"
                    },
                    "StateExitedVocalisation": {
                        "RowName": "None",
                        "DataTableName": "D_Vocalisations"
                    }
                },
                "Relaxing": {
                    "StateEnteredVocalisation": {
                        "RowName": "None",
                        "DataTableName": "D_Vocalisations"
                    },
                    "StatePersistentVocalisation": {
                        "RowName": "WolfIdle",
                        "DataTableName": "D_Vocalisations"
                    },
                    "StateExitedVocalisation": {
                        "RowName": "None",
                        "DataTableName": "D_Vocalisations"
                    }
                }
            },
            "ThreatComponentClass": "/Script/Icarus.CreatureAudioThreatGOAPComponent",
            "ThreatLevel": 100,
            "ThreatConfig": {
                "RowName": "Default"
            },
            "FoliageCheckMaxDistance": 6000
        },
        {
            "Name": "Buffalo",
            "FootstepSound": "/Game/FMOD/Events/SFX/Creatures/Footsteps/Buffalo/SFX_FOOTSTEP_BUFFALO.SFX_FOOTSTEP_BUFFALO",
            "FrontFootSocket": "RigNeck1",
            "RearFootSocket": "RigPelvis",
            "MovementSound": "/Game/FMOD/Events/SFX/Creatures/Movement/SFX_CRE_FOLIAGE_LARGE.SFX_CRE_FOLIAGE_LARGE",
            "DeathCollisionSound": "/Game/FMOD/Events/SFX/Creatures/Movement/SFX_CRE_BODY_FALL_LARGE.SFX_CRE_BODY_FALL_LARGE",
            "DeathCollisionSocket": "RigChest",
            "WaterDeathSound": "/Game/FMOD/Events/SFX/Creatures/Movement/SFX_CRE_DEATHFALL_WATER_LARGE.SFX_CRE_DEATHFALL_WATER_LARGE",
            "VocalisationSocket": "RigJaw",
            "AttackVocalisation": {
                "RowName": "BuffaloAttack"
            },
            "FlinchVocalisation": {
                "RowName": "BuffaloFlinch"
            },
            "DeathVocalisation": {
                "RowName": "BuffaloDeath"
            },
            "StateVocalisations": {
                "Idle": {
                    "StateEnteredVocalisation": {
                        "RowName": "None",
                        "DataTableName": "D_Vocalisations"
                    },
                    "StatePersistentVocalisation": {
                        "RowName": "BuffaloIdle",
                        "DataTableName": "D_Vocalisations"
                    },
                    "StateExitedVocalisation": {
                        "RowName": "None",
                        "DataTableName": "D_Vocalisations"
                    }
                },
                "Fleeing": {
                    "StateEnteredVocalisation": {
                        "RowName": "None",
                        "DataTableName": "D_Vocalisations"
                    },
                    "StatePersistentVocalisation": {
                        "RowName": "BuffaloFlee",
                        "DataTableName": "D_Vocalisations"
                    },
                    "StateExitedVocalisation": {
                        "RowName": "None",
                        "DataTableName": "D_Vocalisations"
                    }
                },
                "Relaxing": {
                    "StateEnteredVocalisation": {
                        "RowName": "None",
                        "DataTableName": "D_Vocalisations"
                    },
                    "StatePersistentVocalisation": {
                        "RowName": "BuffaloIdle",
                        "DataTableName": "D_Vocalisations"
                    },
                    "StateExitedVocalisation": {
                        "RowName": "None",
                        "DataTableName": "D_Vocalisations"
                    }
                },
                "Attacking": {
                    "StateEnteredVocalisation": {
                        "RowName": "None",
                        "DataTableName": "D_Vocalisations"
                    },
                    "StatePersistentVocalisation": {
                        "RowName": "BuffaloAttacking",
                        "DataTableName": "D_Vocalisations"
                    },
                    "StateExitedVocalisation": {
                        "RowName": "None",
                        "DataTableName": "D_Vocalisations"
                    }
                }
            },
            "ThreatComponentClass": "/Script/Icarus.CreatureAudioThreatGOAPComponent",
            "ThreatLevel": 100,
            "ThreatConfig": {
                "RowName": "Default"
            }
        },
        {
            "Name": "FollowerWolf",
            "FootstepSound": "/Game/FMOD/Events/SFX/Creatures/Footsteps/Wolf/SFX_CRE_WOLF_FOOTSTEPS.SFX_CRE_WOLF_FOOTSTEPS",
            "FrontFootSocket": "RigLFLeg1",
            "RearFootSocket": "RigLBLeg1",
            "MovementSound": "/Game/FMOD/Events/SFX/Creatures/Movement/SFX_CRE_FOLIAGE_MEDIUM.SFX_CRE_FOLIAGE_MEDIUM",
            "DeathCollisionSound": "/Game/FMOD/Events/SFX/Creatures/Movement/SFX_CRE_BODY_FALL_SMALL.SFX_CRE_BODY_FALL_SMALL",
            "DeathCollisionSocket": "RigChest",
            "WaterDeathSound": "/Game/FMOD/Events/SFX/Creatures/Movement/SFX_CRE_DEATHFALL_WATER_SMALL.SFX_CRE_DEATHFALL_WATER_SMALL",
            "VocalisationSocket": "RigJaw",
            "AttackVocalisation": {
                "RowName": "WolfAttack"
            },
            "FlinchVocalisation": {
                "RowName": "WolfFlinch"
            },
            "DeathVocalisation": {
                "RowName": "WolfDie"
            },
            "StateVocalisations": {
                "Idle": {
                    "StateEnteredVocalisation": {
                        "RowName": "None",
                        "DataTableName": "D_Vocalisations"
                    },
                    "StatePersistentVocalisation": {
                        "RowName": "WolfIdle",
                        "DataTableName": "D_Vocalisations"
                    },
                    "StateExitedVocalisation": {
                        "RowName": "None",
                        "DataTableName": "D_Vocalisations"
                    }
                },
                "Fleeing": {
                    "StateEnteredVocalisation": {
                        "RowName": "None",
                        "DataTableName": "D_Vocalisations"
                    },
                    "StatePersistentVocalisation": {
                        "RowName": "WolfFlee",
                        "DataTableName": "D_Vocalisations"
                    },
                    "StateExitedVocalisation": {
                        "RowName": "None",
                        "DataTableName": "D_Vocalisations"
                    }
                },
                "Attacking": {
                    "StateEnteredVocalisation": {
                        "RowName": "WolfSpot",
                        "DataTableName": "D_Vocalisations"
                    },
                    "StatePersistentVocalisation": {
                        "RowName": "WolfAttacking",
                        "DataTableName": "D_Vocalisations"
                    },
                    "StateExitedVocalisation": {
                        "RowName": "None",
                        "DataTableName": "D_Vocalisations"
                    }
                },
                "Relaxing": {
                    "StateEnteredVocalisation": {
                        "RowName": "None",
                        "DataTableName": "D_Vocalisations"
                    },
                    "StatePersistentVocalisation": {
                        "RowName": "WolfIdle",
                        "DataTableName": "D_Vocalisations"
                    },
                    "StateExitedVocalisation": {
                        "RowName": "None",
                        "DataTableName": "D_Vocalisations"
                    }
                }
            },
            "ThreatComponentClass": "/Script/Icarus.CreatureAudioThreatGOAPComponent",
            "ThreatLevel": 100,
            "ThreatConfig": {
                "RowName": "Default"
            },
            "CombatMusicConditionOverride": "InCombat_EpicBoss",
            "FoliageCheckMaxDistance": 6000
        },
        {
            "Name": "WIld_Boar",
            "FootstepSound": "/Game/FMOD/Events/SFX/Creatures/WildBoar/SFX_FOOTSTEP_WILDBOAR.SFX_FOOTSTEP_WILDBOAR",
            "FrontFootSocket": "RigNeck1",
            "RearFootSocket": "RigPelvis",
            "MovementSound": "/Game/FMOD/Events/SFX/Creatures/Movement/SFX_CRE_FOLIAGE_MEDIUM.SFX_CRE_FOLIAGE_MEDIUM",
            "DeathCollisionSound": "/Game/FMOD/Events/SFX/Creatures/Movement/SFX_CRE_BODY_FALL_MEDIUM.SFX_CRE_BODY_FALL_MEDIUM",
            "DeathCollisionSocket": "RigChest",
            "WaterDeathSound": "/Game/FMOD/Events/SFX/Creatures/Movement/SFX_CRE_DEATHFALL_WATER_MED.SFX_CRE_DEATHFALL_WATER_MED",
            "VocalisationSocket": "RigJaw",
            "AttackVocalisation": {
                "RowName": "WIldBoar_Attack"
            },
            "FlinchVocalisation": {
                "RowName": "WildBoar_Flinch"
            },
            "DeathVocalisation": {
                "RowName": "WIldBoar_Death"
            },
            "StateVocalisations": {
                "Idle": {
                    "StateEnteredVocalisation": {
                        "RowName": "None",
                        "DataTableName": "D_Vocalisations"
                    },
                    "StatePersistentVocalisation": {
                        "RowName": "WIldBoar_Idle",
                        "DataTableName": "D_Vocalisations"
                    },
                    "StateExitedVocalisation": {
                        "RowName": "None",
                        "DataTableName": "D_Vocalisations"
                    }
                },
                "Attacking": {
                    "StateEnteredVocalisation": {
                        "RowName": "None",
                        "DataTableName": "D_Vocalisations"
                    },
                    "StatePersistentVocalisation": {
                        "RowName": "WildBoar_Aggro",
                        "DataTableName": "D_Vocalisations"
                    },
                    "StateExitedVocalisation": {
                        "RowName": "None",
                        "DataTableName": "D_Vocalisations"
                    }
                },
                "Relaxing": {
                    "StateEnteredVocalisation": {
                        "RowName": "None",
                        "DataTableName": "D_Vocalisations"
                    },
                    "StatePersistentVocalisation": {
                        "RowName": "WIldBoar_Relax",
                        "DataTableName": "D_Vocalisations"
                    },
                    "StateExitedVocalisation": {
                        "RowName": "None",
                        "DataTableName": "D_Vocalisations"
                    }
                }
            },
            "ThreatComponentClass": "/Script/Icarus.CreatureAudioThreatGOAPComponent",
            "ThreatLevel": 100,
            "ThreatConfig": {
                "RowName": "Default"
            },
            "FootstepMaxDistance": 6000,
            "FoliageCheckMaxDistance": 6000
        },
        {
            "Name": "Kea",
            "FootstepSound": "/Game/FMOD/Events/SFX/Creatures/Footsteps/Kea/SFX_FOOTSTEP_KEA.SFX_FOOTSTEP_KEA",
            "FrontFootSocket": "RigPelvis",
            "RearFootSocket": "RigPelvis",
            "MovementSound": "/Game/FMOD/Events/SFX/Creatures/Movement/SFX_CRE_FOLIAGE_SMALL.SFX_CRE_FOLIAGE_SMALL",
            "DeathCollisionSound": "/Game/FMOD/Events/SFX/Creatures/Movement/SFX_CRE_BODY_FALL_VERY_SMALL.SFX_CRE_BODY_FALL_VERY_SMALL",
            "DeathCollisionSocket": "RigPelvis",
            "WaterDeathSound": "/Game/FMOD/Events/SFX/Creatures/Movement/SFX_CRE_DEATHFALL_WATER_SMALL.SFX_CRE_DEATHFALL_WATER_SMALL",
            "VocalisationSocket": "RigNeck",
            "DeathVocalisation": {
                "RowName": "KeaDie"
            },
            "StateVocalisations": {
                "Idle": {
                    "StateEnteredVocalisation": {
                        "RowName": "None",
                        "DataTableName": "D_Vocalisations"
                    },
                    "StatePersistentVocalisation": {
                        "RowName": "KeaFlyIdle",
                        "DataTableName": "D_Vocalisations"
                    },
                    "StateExitedVocalisation": {
                        "RowName": "None",
                        "DataTableName": "D_Vocalisations"
                    }
                },
                "Relaxing": {
                    "StateEnteredVocalisation": {
                        "RowName": "None",
                        "DataTableName": "D_Vocalisations"
                    },
                    "StatePersistentVocalisation": {
                        "RowName": "KeaIdle",
                        "DataTableName": "D_Vocalisations"
                    },
                    "StateExitedVocalisation": {
                        "RowName": "None",
                        "DataTableName": "D_Vocalisations"
                    }
                },
                "Fleeing": {
                    "StateEnteredVocalisation": {
                        "RowName": "keaFlee",
                        "DataTableName": "D_Vocalisations"
                    },
                    "StatePersistentVocalisation": {
                        "RowName": "None",
                        "DataTableName": "D_Vocalisations"
                    },
                    "StateExitedVocalisation": {
                        "RowName": "None",
                        "DataTableName": "D_Vocalisations"
                    }
                }
            },
            "FootstepMaxDistance": 2000,
            "FoliageCheckMaxDistance": 2000
        },
        {
            "Name": "Scorpion",
            "FootstepSound": "/Game/FMOD/Events/SFX/Creatures/Footsteps/Scorpion/SFX_FOOTSTEP_SCORPION_FAST.SFX_FOOTSTEP_SCORPION_FAST",
            "FrontFootSocket": "RigHead",
            "RearFootSocket": "RigTail1",
            "MovementSound": "/Game/FMOD/Events/SFX/Creatures/Movement/SFX_CRE_FOLIAGE_SMALL.SFX_CRE_FOLIAGE_SMALL",
            "DeathCollisionSound": "/Game/FMOD/Events/SFX/Creatures/Movement/SFX_CRE_BODY_FALL_VERY_SMALL.SFX_CRE_BODY_FALL_VERY_SMALL",
            "DeathCollisionSocket": "RigPelvis",
            "WaterDeathSound": "/Game/FMOD/Events/SFX/Creatures/Movement/SFX_CRE_DEATHFALL_WATER_SMALL.SFX_CRE_DEATHFALL_WATER_SMALL",
            "VocalisationSocket": "RigHead",
            "AttackVocalisation": {
                "RowName": "ScorpionAttack"
            },
            "FlinchVocalisation": {
                "RowName": "ScorpionFlinch"
            },
            "DeathVocalisation": {
                "RowName": "ScorpionDeath"
            },
            "ThreatComponentClass": "/Script/Icarus.CreatureAudioThreatGOAPComponent",
            "ThreatLevel": 100,
            "ThreatConfig": {
                "RowName": "Default"
            }
        },
        {
            "Name": "ScorpionSummon",
            "FootstepSound": "/Game/FMOD/Events/SFX/Creatures/Footsteps/Scorpion/SFX_FOOTSTEP_SCORPION_FAST.SFX_FOOTSTEP_SCORPION_FAST",
            "FrontFootSocket": "RigHead",
            "RearFootSocket": "RigTail1",
            "MovementSound": "/Game/FMOD/Events/SFX/Creatures/Movement/SFX_CRE_FOLIAGE_SMALL.SFX_CRE_FOLIAGE_SMALL",
            "DeathCollisionSound": "/Game/FMOD/Events/SFX/Creatures/Movement/SFX_CRE_BODY_FALL_VERY_SMALL.SFX_CRE_BODY_FALL_VERY_SMALL",
            "DeathCollisionSocket": "RigPelvis",
            "WaterDeathSound": "/Game/FMOD/Events/SFX/Creatures/Movement/SFX_CRE_DEATHFALL_WATER_SMALL.SFX_CRE_DEATHFALL_WATER_SMALL",
            "VocalisationSocket": "RigHead",
            "AttackVocalisation": {
                "RowName": "ScorpionAttack"
            },
            "FlinchVocalisation": {
                "RowName": "ScorpionFlinch"
            },
            "DeathVocalisation": {
                "RowName": "ScorpionSummonDeath"
            }
        },
        {
            "Name": "ScorpionBoss",
            "FootstepSound": "/Game/FMOD/Events/SFX/Creatures/Footsteps/Scorpion_Boss/SFX_FOOTSTEP_SCORPION_BOSS.SFX_FOOTSTEP_SCORPION_BOSS",
            "FrontFootSocket": "RigHead",
            "RearFootSocket": "RigTail1",
            "MovementSound": "/Game/FMOD/Events/SFX/Creatures/Movement/SFX_CRE_FOLIAGE_LARGE.SFX_CRE_FOLIAGE_LARGE",
            "DeathCollisionSound": "/Game/FMOD/Events/SFX/Creatures/Movement/SFX_CRE_BODY_FALL_LARGE.SFX_CRE_BODY_FALL_LARGE",
            "DeathCollisionSocket": "RigPelvis",
            "WaterDeathSound": "/Game/FMOD/Events/SFX/Creatures/Movement/SFX_CRE_DEATHFALL_WATER_LARGE.SFX_CRE_DEATHFALL_WATER_LARGE",
            "VocalisationSocket": "RigHeadAudio",
            "AttackVocalisation": {
                "RowName": "ScorpionBossAttack"
            },
            "FlinchVocalisation": {
                "RowName": "ScorpionBossFlinch"
            },
            "DeathVocalisation": {
                "RowName": "ScorpionBossDeath"
            },
            "ThreatComponentClass": "/Script/Icarus.CreatureAudioThreatSimpleBossComponent",
            "ThreatLevel": 100,
            "ThreatConfig": {
                "RowName": "ScorpionBoss"
            },
            "CombatMusicConditionOverride": "InCombat_EpicBoss",
            "MusicConditionOverrideMinThreatLevel": 20
        },
        {
            "Name": "Crocodile",
            "FootstepSound": "/Game/FMOD/Events/SFX/Creatures/Footsteps/Crocodile/SFX_CRE_FOOTSTEPS_CROCODILE.SFX_CRE_FOOTSTEPS_CROCODILE",
            "FrontFootSocket": "FootFront",
            "RearFootSocket": "FootBack",
            "MovementSound": "/Game/FMOD/Events/SFX/Creatures/Movement/Crocodile/SFX_CRE_FOLIAGE_CROCODILE.SFX_CRE_FOLIAGE_CROCODILE",
            "DeathCollisionSound": "/Game/FMOD/Events/SFX/Creatures/Movement/SFX_CRE_BODY_FALL_MEDIUM.SFX_CRE_BODY_FALL_MEDIUM",
            "DeathCollisionSocket": "RigChest",
            "WaterDeathSound": "/Game/FMOD/Events/SFX/Creatures/Movement/SFX_CRE_DEATHFALL_WATER_MED.SFX_CRE_DEATHFALL_WATER_MED",
            "VocalisationSocket": "RigMouth",
            "AttackVocalisation": {
                "RowName": "CrocodileAttack"
            },
            "FlinchVocalisation": {
                "RowName": "CrocodileFlinch"
            },
            "DeathVocalisation": {
                "RowName": "CrocodileDeath"
            },
            "StateVocalisations": {
                "Idle": {
                    "StateEnteredVocalisation": {
                        "RowName": "None",
                        "DataTableName": "D_Vocalisations"
                    },
                    "StatePersistentVocalisation": {
                        "RowName": "CrocodileIdle",
                        "DataTableName": "D_Vocalisations"
                    },
                    "StateExitedVocalisation": {
                        "RowName": "None",
                        "DataTableName": "D_Vocalisations"
                    }
                },
                "Attacking": {
                    "StateEnteredVocalisation": {
                        "RowName": "None",
                        "DataTableName": "D_Vocalisations"
                    },
                    "StatePersistentVocalisation": {
                        "RowName": "CrocAggro",
                        "DataTableName": "D_Vocalisations"
                    },
                    "StateExitedVocalisation": {
                        "RowName": "None",
                        "DataTableName": "D_Vocalisations"
                    }
                }
            },
            "ThreatComponentClass": "/Script/Icarus.CreatureAudioThreatGOAPComponent",
            "ThreatLevel": 100,
            "ThreatConfig": {
                "RowName": "Default"
            }
        },
        {
            "Name": "Komodo",
            "FootstepSound": "/Game/FMOD/Events/SFX/Creatures/Footsteps/Komodo_Dragon/SFX_CRE_FOOTSTEPS_KOMODO.SFX_CRE_FOOTSTEPS_KOMODO",
            "FrontFootSocket": "FootstepFront",
            "RearFootSocket": "FootstepBack",
            "MovementSound": "/Game/FMOD/Events/SFX/Creatures/Movement/Komodo_Dragon/SFX_CRE_FOLIAGE_KOMODO.SFX_CRE_FOLIAGE_KOMODO",
            "DeathCollisionSound": "/Game/FMOD/Events/SFX/Creatures/Movement/SFX_CRE_BODY_FALL_MEDIUM.SFX_CRE_BODY_FALL_MEDIUM",
            "DeathCollisionSocket": "RigSpine2",
            "WaterDeathSound": "/Game/FMOD/Events/SFX/Creatures/Movement/SFX_CRE_DEATHFALL_MED.SFX_CRE_DEATHFALL_MED",
            "VocalisationSocket": "RigJaw1",
            "AttackVocalisation": {
                "RowName": "KomodoAttack"
            },
            "FlinchVocalisation": {
                "RowName": "KomodoFlinch"
            },
            "DeathVocalisation": {
                "RowName": "KomodoDeath"
            },
            "StateVocalisations": {
                "Idle": {
                    "StateEnteredVocalisation": {
                        "RowName": "None",
                        "DataTableName": "D_Vocalisations"
                    },
                    "StatePersistentVocalisation": {
                        "RowName": "KomodoIdle",
                        "DataTableName": "D_Vocalisations"
                    },
                    "StateExitedVocalisation": {
                        "RowName": "None",
                        "DataTableName": "D_Vocalisations"
                    }
                },
                "Relaxing": {
                    "StateEnteredVocalisation": {
                        "RowName": "None",
                        "DataTableName": "D_Vocalisations"
                    },
                    "StatePersistentVocalisation": {
                        "RowName": "KomodoRelax",
                        "DataTableName": "D_Vocalisations"
                    },
                    "StateExitedVocalisation": {
                        "RowName": "None",
                        "DataTableName": "D_Vocalisations"
                    }
                },
                "Attacking": {
                    "StateEnteredVocalisation": {
                        "RowName": "None",
                        "DataTableName": "D_Vocalisations"
                    },
                    "StatePersistentVocalisation": {
                        "RowName": "KomodoAggro",
                        "DataTableName": "D_Vocalisations"
                    },
                    "StateExitedVocalisation": {
                        "RowName": "None",
                        "DataTableName": "D_Vocalisations"
                    }
                }
            },
            "ThreatComponentClass": "/Script/Icarus.CreatureAudioThreatGOAPComponent",
            "ThreatLevel": 100,
            "ThreatConfig": {
                "RowName": "Default"
            }
        },
        {
            "Name": "PolarBearCub",
            "FootstepSound": "/Game/FMOD/Events/SFX/Creatures/Footsteps/Polar_Bear/SFX_CRE_FOOTSTEPS_POLAR_BEAR_CUB.SFX_CRE_FOOTSTEPS_POLAR_BEAR_CUB",
            "FrontFootSocket": "FrontFoot",
            "RearFootSocket": "BackFoot",
            "MovementSound": "/Game/FMOD/Events/SFX/Creatures/Movement/SFX_CRE_FOLIAGE_MEDIUM.SFX_CRE_FOLIAGE_MEDIUM",
            "DeathCollisionSound": "/Game/FMOD/Events/SFX/Creatures/Movement/SFX_CRE_BODY_FALL_MEDIUM.SFX_CRE_BODY_FALL_MEDIUM",
            "DeathCollisionSocket": "RigChest",
            "WaterDeathSound": "/Game/FMOD/Events/SFX/Creatures/Movement/SFX_CRE_DEATHFALL_WATER_MED.SFX_CRE_DEATHFALL_WATER_MED",
            "VocalisationSocket": "RigJaw1",
            "AttackVocalisation": {
                "RowName": "PolarBearCubAttack"
            },
            "FlinchVocalisation": {
                "RowName": "PolarBearCubFlinch"
            },
            "DeathVocalisation": {
                "RowName": "PolarBearCubDeath"
            },
            "StateVocalisations": {
                "Attacking": {
                    "StateEnteredVocalisation": {
                        "RowName": "None",
                        "DataTableName": "D_Vocalisations"
                    },
                    "StatePersistentVocalisation": {
                        "RowName": "PolarBearCubAggro",
                        "DataTableName": "D_Vocalisations"
                    },
                    "StateExitedVocalisation": {
                        "RowName": "None",
                        "DataTableName": "D_Vocalisations"
                    }
                }
            },
            "ThreatComponentClass": "/Script/Icarus.CreatureAudioThreatGOAPComponent",
            "ThreatLevel": 100,
            "ThreatConfig": {
                "RowName": "Default"
            }
        },
        {
            "Name": "BearCub"
        }
    ]
}