{
    "RowStruct": "/Script/Icarus.BiomeAudioData",
    "Defaults": {
        "BiomeFMODParam": "None",
        "LocationMusicCondition": "None",
        "AudioAmbienceBase": "None",
        "AudioAmbienceTransitional": "None"
    },
    "Rows": [
        {
            "Name": "Conifer",
            "BiomeFMODParam": "Conifer",
            "LocationMusicCondition": "ConiferForest",
            "AudioAmbienceBase": "/Game/FMOD/Events/Ambient/Prospect/AMB_CF_BASE.AMB_CF_BASE",
            "AudioAmbienceTransitional": "/Game/FMOD/Events/Environment/Caves/ENV_CF_CAVE_ENTRANCE.ENV_CF_CAVE_ENTRANCE"
        },
        {
            "Name": "Desert",
            "BiomeFMODParam": "Desert",
            "LocationMusicCondition": "Desert",
            "AudioAmbienceBase": "/Game/FMOD/Events/Ambient/Prospect/AMB_DC_BASE.AMB_DC_BASE",
            "AudioAmbienceTransitional": "/Game/FMOD/Events/Environment/Caves/ENV_DC_CAVE_ENTRANCE.ENV_DC_CAVE_ENTRANCE"
        },
        {
            "Name": "Arctic",
            "BiomeFMODParam": "Arctic",
            "LocationMusicCondition": "Arctic",
            "AudioAmbienceBase": "/Game/FMOD/Events/Ambient/Prospect/AMB_AC_BASE.AMB_AC_BASE",
            "AudioAmbienceTransitional": "/Game/FMOD/Events/Environment/Caves/ENV_AC_CAVE_ENTRANCE.ENV_AC_CAVE_ENTRANCE"
        },
        {
            "Name": "Cave",
            "LocationMusicCondition": "Cave",
            "AudioAmbienceBase": "/Game/FMOD/Events/Ambient/Prospect/AMB_CA_BASE.AMB_CA_BASE"
        }
    ]
}