{
    "RowStruct": "/Script/Icarus.ModifierStateAudioData",
    "Defaults": {
        "PlayerModifierAddedSound": "None",
        "bReplayOnStack": false,
        "CooldownTime": 0,
        "PlayerModifierLoopSound": "None",
        "bApplyStackCountParameterToLoop": false,
        "PlayerModifierRemovedSound": "None",
        "bApplyExposedVocalisation": false
    },
    "Rows": [
        {
            "Name": "Generic_Negative",
            "PlayerModifierAddedSound": "/Game/FMOD/Events/SFX/D_Modifier_States/SFX_MODIF_GENERIC_NEGATIVE.SFX_MODIF_GENERIC_NEGATIVE",
            "bReplayOnStack": true
        },
        {
            "Name": "Hot",
            "PlayerModifierLoopSound": "/Game/FMOD/Events/SFX/D_Modifier_States/SFX_MODIF_WARN_HOT.SFX_MODIF_WARN_HOT"
        },
        {
            "Name": "Cold",
            "PlayerModifierLoopSound": "/Game/FMOD/Events/SFX/D_Modifier_States/SFX_MODIF_WARN_COLD.SFX_MODIF_WARN_COLD"
        },
        {
            "Name": "Exposure_Light",
            "PlayerModifierLoopSound": "/Game/FMOD/Events/SFX/D_Modifier_States/SFX_MODIF_EXPOSURE_LIGHT.SFX_MODIF_EXPOSURE_LIGHT"
        },
        {
            "Name": "Exposure_Medium",
            "PlayerModifierLoopSound": "/Game/FMOD/Events/SFX/D_Modifier_States/SFX_MODIF_EXPOSURE_MEDIUM.SFX_MODIF_EXPOSURE_MEDIUM",
            "bApplyExposedVocalisation": true
        },
        {
            "Name": "Exposure_Heavy",
            "PlayerModifierLoopSound": "/Game/FMOD/Events/SFX/D_Modifier_States/SFX_MODIF_EXPOSURE_HEAVY.SFX_MODIF_EXPOSURE_HEAVY",
            "bApplyExposedVocalisation": true
        },
        {
            "Name": "Generic_Negative_LongCoolDown",
            "PlayerModifierAddedSound": "/Game/FMOD/Events/SFX/D_Modifier_States/SFX_MODIF_GENERIC_NEGATIVE.SFX_MODIF_GENERIC_NEGATIVE",
            "bReplayOnStack": true,
            "CooldownTime": 60
        },
        {
            "Name": "Bandaging",
            "PlayerModifierLoopSound": "/Game/FMOD/Events/SFX/Character/Consume/SFX_CONSUME_BANDAGE_LOOP.SFX_CONSUME_BANDAGE_LOOP"
        }
    ]
}