{
    "RowStruct": "/Script/Icarus.ResourceNodeAudioData",
    "Defaults": {
        "HarvestSound": "None",
        "NodeDepletedSound": "None"
    },
    "Rows": [
        {
            "Name": "Default",
            "HarvestSound": "/Game/FMOD/Events/SFX/Character/Footsteps/SFX_FOOTSTEP_WATER.SFX_FOOTSTEP_WATER"
        },
        {
            "Name": "BerryBush",
            "HarvestSound": "/Game/FMOD/Events/SFX/D_Resource_Nodes/SFX_BERRYBUSH_HARVEST.SFX_BERRYBUSH_HARVEST"
        },
        {
            "Name": "SmallTree",
            "HarvestSound": "/Game/FMOD/Events/SFX/D_Resource_Nodes/SFX_SMALLTREE_HARVEST.SFX_SMALLTREE_HARVEST"
        },
        {
            "Name": "Fiber",
            "HarvestSound": "/Game/FMOD/Events/SFX/D_Resource_Nodes/SFX_FIBER_HARVEST.SFX_FIBER_HARVEST"
        },
        {
            "Name": "Oxite",
            "HarvestSound": "/Game/FMOD/Events/SFX/D_Resource_Nodes/SFX_OXITE_HARVEST.SFX_OXITE_HARVEST"
        },
        {
            "Name": "PineSeedBush",
            "HarvestSound": "/Game/FMOD/Events/SFX/D_Resource_Nodes/SFX_PINSEED_HARVEST.SFX_PINSEED_HARVEST"
        },
        {
            "Name": "Lily",
            "HarvestSound": "/Game/FMOD/Events/SFX/D_Resource_Nodes/SFX_LILY_HARVEST.SFX_LILY_HARVEST"
        },
        {
            "Name": "ReedFlower",
            "HarvestSound": "/Game/FMOD/Events/SFX/D_Resource_Nodes/SFX_REED_HARVEST.SFX_REED_HARVEST"
        },
        {
            "Name": "Sponge",
            "HarvestSound": "/Game/FMOD/Events/SFX/D_Resource_Nodes/SFX_SPONGE_HARVEST.SFX_SPONGE_HARVEST"
        },
        {
            "Name": "Water",
            "HarvestSound": "/Game/FMOD/Events/SFX/D_Resource_Nodes/SFX_WATER_HARVEST.SFX_WATER_HARVEST"
        },
        {
            "Name": "Wheat",
            "HarvestSound": "/Game/FMOD/Events/SFX/D_Resource_Nodes/SFX_WHEAT_HARVEST.SFX_WHEAT_HARVEST"
        },
        {
            "Name": "ConiferFlower",
            "HarvestSound": "/Game/FMOD/Events/SFX/D_Resource_Nodes/SFX_CONIFLOWER_HARVEST.SFX_CONIFLOWER_HARVEST"
        },
        {
            "Name": "Cactus",
            "HarvestSound": "/Game/FMOD/Events/SFX/D_Resource_Nodes/SFX_CACTUS_HARVEST.SFX_CACTUS_HARVEST"
        },
        {
            "Name": "Stick",
            "HarvestSound": "/Game/FMOD/Events/SFX/D_Items/SFX_STICK_PICKUP.SFX_STICK_PICKUP"
        },
        {
            "Name": "Stone",
            "HarvestSound": "/Game/FMOD/Events/SFX/D_Items/SFX_ROCK_PICKUP.SFX_ROCK_PICKUP"
        },
        {
            "Name": "Corn",
            "HarvestSound": "/Game/FMOD/Events/SFX/D_Resource_Nodes/SFX_CORN_HARVEST.SFX_CORN_HARVEST"
        },
        {
            "Name": "Ice",
            "HarvestSound": "/Game/FMOD/Events/SFX/D_Items/SFX_ICE_PICKUP.SFX_ICE_PICKUP"
        },
        {
            "Name": "Gourd",
            "HarvestSound": "/Game/FMOD/Events/SFX/D_Resource_Nodes/SFX_GOURD_HARVEST.SFX_GOURD_HARVEST"
        },
        {
            "Name": "Carrot",
            "HarvestSound": "/Game/FMOD/Events/SFX/D_Resource_Nodes/SFX_CARROT_HARVEST.SFX_CARROT_HARVEST"
        },
        {
            "Name": "Coffee",
            "HarvestSound": "/Game/FMOD/Events/SFX/D_Resource_Nodes/SFX_COFFEE_HARVEST.SFX_COFFEE_HARVEST"
        },
        {
            "Name": "Squash",
            "HarvestSound": "/Game/FMOD/Events/SFX/D_Resource_Nodes/SFX_SQUASH_HARVEST.SFX_SQUASH_HARVEST"
        },
        {
            "Name": "Mushroom",
            "HarvestSound": "/Game/FMOD/Events/SFX/D_Resource_Nodes/SFX_MUSHROOM_HARVEST.SFX_MUSHROOM_HARVEST"
        }
    ]
}