{
    "RowStruct": "/Script/Icarus.TreeAudioData",
    "Defaults": {
        "DetachTrunkSound": "None",
        "DetachBranchSound": "None",
        "DetachLeafSound": "None",
        "InitialBreakTopSound": "None",
        "InitialBreakTrunkSound": "None",
        "FallSound": "None",
        "TrunkLandSound": "None",
        "HitSound": "None",
        "HitBuildingSound": "None",
        "InstantFellSound": "None"
    },
    "Rows": [
        {
            "Name": "Conifer",
            "DetachTrunkSound": "/Game/FMOD/Events/SFX/Trees/Base/SFX_TREE_DETACH_TRUNK.SFX_TREE_DETACH_TRUNK",
            "DetachBranchSound": "/Game/FMOD/Events/SFX/Trees/Base/SFX_TREE_DETACH_STICK.SFX_TREE_DETACH_STICK",
            "InitialBreakTopSound": "/Game/FMOD/Events/SFX/Trees/Base/SFX_TREE_INITIAL_TOP.SFX_TREE_INITIAL_TOP",
            "InitialBreakTrunkSound": "/Game/FMOD/Events/SFX/Trees/Base/SFX_TREE_INITIAL_TRUNK.SFX_TREE_INITIAL_TRUNK",
            "FallSound": "/Game/FMOD/Events/SFX/Trees/Base/SFX_TREE_FALL.SFX_TREE_FALL",
            "TrunkLandSound": "/Game/FMOD/Events/SFX/Trees/Base/SFX_TREE_TRUNK_IMPACT.SFX_TREE_TRUNK_IMPACT",
            "HitSound": "/Game/FMOD/Events/SFX/Trees/Base/SFX_TREE_IMPACT.SFX_TREE_IMPACT",
            "HitBuildingSound": "/Game/FMOD/Events/SFX/Trees/Base/SFX_TREE_BUILDING_IMPACT.SFX_TREE_BUILDING_IMPACT",
            "InstantFellSound": "/Game/FMOD/Events/SFX/Character/Talents/SFX_CHAR_PERKS_LUMBERJACK_BASE.SFX_CHAR_PERKS_LUMBERJACK_BASE"
        },
        {
            "Name": "Log",
            "DetachTrunkSound": "/Game/FMOD/Events/SFX/Trees/Dead_Tree/SFX_DEAD_TREE_DETACH_TRUNK.SFX_DEAD_TREE_DETACH_TRUNK",
            "InitialBreakTrunkSound": "/Game/FMOD/Events/SFX/Trees/Dead_Tree/SFX_DEAD_TREE_INITIAL_TRUNK.SFX_DEAD_TREE_INITIAL_TRUNK",
            "TrunkLandSound": "/Game/FMOD/Events/SFX/Trees/Dead_Tree/SFX_DEAD_TREE_TRUNK_IMPACT.SFX_DEAD_TREE_TRUNK_IMPACT",
            "HitSound": "/Game/FMOD/Events/SFX/Trees/Base/SFX_TREE_IMPACT.SFX_TREE_IMPACT",
            "HitBuildingSound": "/Game/FMOD/Events/SFX/Trees/Base/SFX_TREE_BUILDING_IMPACT.SFX_TREE_BUILDING_IMPACT",
            "InstantFellSound": "/Game/FMOD/Events/SFX/Character/Talents/SFX_CHAR_PERKS_LUMBERJACK_LOG.SFX_CHAR_PERKS_LUMBERJACK_LOG"
        },
        {
            "Name": "Palm",
            "DetachTrunkSound": "/Game/FMOD/Events/SFX/Trees/Palm_Trees/SFX_PALM_TREE_DETACH_TRUNK.SFX_PALM_TREE_DETACH_TRUNK",
            "DetachLeafSound": "/Game/FMOD/Events/SFX/Trees/Palm_Trees/SFX_PALM_TREE_DETACH_STICK.SFX_PALM_TREE_DETACH_STICK",
            "InitialBreakTopSound": "/Game/FMOD/Events/SFX/Trees/Palm_Trees/SFX_PALM_TREE_INITIAL_TOP.SFX_PALM_TREE_INITIAL_TOP",
            "InitialBreakTrunkSound": "/Game/FMOD/Events/SFX/Trees/Palm_Trees/SFX_PALM_TREE_INITIAL_TRUNK.SFX_PALM_TREE_INITIAL_TRUNK",
            "FallSound": "/Game/FMOD/Events/SFX/Trees/Palm_Trees/SFX_PALM_TREE_FALL.SFX_PALM_TREE_FALL",
            "TrunkLandSound": "/Game/FMOD/Events/SFX/Trees/Palm_Trees/SFX_PALM_TREE_TRUNK_IMPACT.SFX_PALM_TREE_TRUNK_IMPACT",
            "HitSound": "/Game/FMOD/Events/SFX/Trees/Base/SFX_TREE_IMPACT.SFX_TREE_IMPACT",
            "HitBuildingSound": "/Game/FMOD/Events/SFX/Trees/Base/SFX_TREE_BUILDING_IMPACT.SFX_TREE_BUILDING_IMPACT",
            "InstantFellSound": "/Game/FMOD/Events/SFX/Character/Talents/SFX_CHAR_PERKS_LUMBERJACK_BASE.SFX_CHAR_PERKS_LUMBERJACK_BASE"
        },
        {
            "Name": "DeadTree",
            "DetachTrunkSound": "/Game/FMOD/Events/SFX/Trees/Dead_Tree/SFX_DEAD_TREE_DETACH_TRUNK.SFX_DEAD_TREE_DETACH_TRUNK",
            "DetachBranchSound": "/Game/FMOD/Events/SFX/Trees/Dead_Tree/SFX_DEAD_TREE_DETACH_STICK.SFX_DEAD_TREE_DETACH_STICK",
            "DetachLeafSound": "/Game/FMOD/Events/SFX/Trees/Palm_Trees/SFX_PALM_TREE_DETACH_STICK.SFX_PALM_TREE_DETACH_STICK",
            "InitialBreakTrunkSound": "/Game/FMOD/Events/SFX/Trees/Dead_Tree/SFX_DEAD_TREE_INITIAL_TRUNK.SFX_DEAD_TREE_INITIAL_TRUNK",
            "FallSound": "/Game/FMOD/Events/SFX/Trees/Dead_Tree/SFX_DEAD_TREE_FALL.SFX_DEAD_TREE_FALL",
            "TrunkLandSound": "/Game/FMOD/Events/SFX/Trees/Dead_Tree/SFX_DEAD_TREE_TRUNK_IMPACT.SFX_DEAD_TREE_TRUNK_IMPACT",
            "HitSound": "/Game/FMOD/Events/SFX/Trees/Base/SFX_TREE_IMPACT.SFX_TREE_IMPACT",
            "HitBuildingSound": "/Game/FMOD/Events/SFX/Trees/Base/SFX_TREE_BUILDING_IMPACT.SFX_TREE_BUILDING_IMPACT",
            "InstantFellSound": "/Game/FMOD/Events/SFX/Character/Talents/SFX_CHAR_PERKS_LUMBERJACK_BASE.SFX_CHAR_PERKS_LUMBERJACK_BASE"
        },
        {
            "Name": "Dead_Palm",
            "DetachTrunkSound": "/Game/FMOD/Events/SFX/Trees/Dead_Tree/SFX_DEAD_TREE_DETACH_TRUNK.SFX_DEAD_TREE_DETACH_TRUNK",
            "DetachLeafSound": "/Game/FMOD/Events/SFX/Trees/Dead_Tree/SFX_DEAD_TREE_DETACH_STICK.SFX_DEAD_TREE_DETACH_STICK",
            "InitialBreakTopSound": "/Game/FMOD/Events/SFX/Trees/Dead_Tree/SFX_PALM_DEAD_INITIAL_TOP.SFX_PALM_DEAD_INITIAL_TOP",
            "InitialBreakTrunkSound": "/Game/FMOD/Events/SFX/Trees/Dead_Tree/SFX_DEAD_TREE_INITIAL_TRUNK.SFX_DEAD_TREE_INITIAL_TRUNK",
            "FallSound": "/Game/FMOD/Events/SFX/Trees/Dead_Tree/SFX_DEAD_TREE_FALL.SFX_DEAD_TREE_FALL",
            "TrunkLandSound": "/Game/FMOD/Events/SFX/Trees/Dead_Tree/SFX_DEAD_TREE_TRUNK_IMPACT.SFX_DEAD_TREE_TRUNK_IMPACT",
            "HitSound": "/Game/FMOD/Events/SFX/Trees/Base/SFX_TREE_IMPACT.SFX_TREE_IMPACT",
            "HitBuildingSound": "/Game/FMOD/Events/SFX/Trees/Base/SFX_TREE_BUILDING_IMPACT.SFX_TREE_BUILDING_IMPACT",
            "InstantFellSound": "/Game/FMOD/Events/SFX/Character/Talents/SFX_CHAR_PERKS_LUMBERJACK_BASE.SFX_CHAR_PERKS_LUMBERJACK_BASE"
        }
    ]
}