{
    "RowStruct": "/Script/Icarus.VocalisationData",
    "Defaults": {
        "Sound": "None",
        "Setting": {
            "RowName": "None",
            "DataTableName": "D_VocalisationSettings"
        }
    },
    "Rows": [
        {
            "Name": "BearAttack",
            "Sound": "/Game/FMOD/Events/SFX/Creatures/Vocals/Bear/SFX_CRE_VOCAL_BEAR_ATTACK.SFX_CRE_VOCAL_BEAR_ATTACK",
            "Setting": {
                "RowName": "Important"
            }
        },
        {
            "Name": "BearFlinch",
            "Sound": "/Game/FMOD/Events/SFX/Creatures/Vocals/Bear/SFX_CRE_VOCAL_BEAR_FLINCH.SFX_CRE_VOCAL_BEAR_FLINCH",
            "Setting": {
                "RowName": "Important"
            }
        },
        {
            "Name": "BearDeath",
            "Sound": "/Game/FMOD/Events/SFX/Creatures/Vocals/Bear/SFX_CRE_VOCAL_BEAR_DIE.SFX_CRE_VOCAL_BEAR_DIE",
            "Setting": {
                "RowName": "Important"
            }
        },
        {
            "Name": "BearIdle",
            "Sound": "/Game/FMOD/Events/SFX/Creatures/Vocals/Bear/SFX_CRE_VOCAL_BEAR_IDLE.SFX_CRE_VOCAL_BEAR_IDLE",
            "Setting": {
                "RowName": "Persistent"
            }
        },
        {
            "Name": "BearAttacking",
            "Sound": "/Game/FMOD/Events/SFX/Creatures/Vocals/Bear/SFX_CRE_VOCAL_BEAR_AGGRO.SFX_CRE_VOCAL_BEAR_AGGRO",
            "Setting": {
                "RowName": "Persistent"
            }
        },
        {
            "Name": "BearSpot",
            "Sound": "/Game/FMOD/Events/SFX/Creatures/Vocals/Bear/SFX_CRE_VOCAL_BEAR_SPOT.SFX_CRE_VOCAL_BEAR_SPOT",
            "Setting": {
                "RowName": "Important"
            }
        },
        {
            "Name": "DeerFlee",
            "Sound": "/Game/FMOD/Events/SFX/Creatures/Vocals/Deer/SFX_CRE_VOC_DEER_FLEE.SFX_CRE_VOC_DEER_FLEE",
            "Setting": {
                "RowName": "Persistent"
            }
        },
        {
            "Name": "DeerFlinch",
            "Sound": "/Game/FMOD/Events/SFX/Creatures/Vocals/Deer/SFX_CRE_VOC_DEER_FLINCH.SFX_CRE_VOC_DEER_FLINCH",
            "Setting": {
                "RowName": "Important"
            }
        },
        {
            "Name": "DeerDeath",
            "Sound": "/Game/FMOD/Events/SFX/Creatures/Vocals/Deer/SFX_CRE_VOC_DEER_DIE.SFX_CRE_VOC_DEER_DIE",
            "Setting": {
                "RowName": "Important"
            }
        },
        {
            "Name": "DeerIdle",
            "Sound": "/Game/FMOD/Events/SFX/Creatures/Vocals/Deer/SFX_CRE_VOC_DEER_IDLE.SFX_CRE_VOC_DEER_IDLE",
            "Setting": {
                "RowName": "Persistent"
            }
        },
        {
            "Name": "ChamoisIdle",
            "Sound": "/Game/FMOD/Events/SFX/Creatures/Vocals/Chamois/SFX_CRE_VOC_CHAMOIS_IDLE.SFX_CRE_VOC_CHAMOIS_IDLE",
            "Setting": {
                "RowName": "Persistent"
            }
        },
        {
            "Name": "ChamoisDeath",
            "Sound": "/Game/FMOD/Events/SFX/Creatures/Vocals/Chamois/SFX_CRE_VOC_CHAMOIS_DIE.SFX_CRE_VOC_CHAMOIS_DIE",
            "Setting": {
                "RowName": "Important"
            }
        },
        {
            "Name": "ChamoisFlee",
            "Sound": "/Game/FMOD/Events/SFX/Creatures/Vocals/Chamois/SFX_CRE_VOC_CHAMOIS_FLEE.SFX_CRE_VOC_CHAMOIS_FLEE",
            "Setting": {
                "RowName": "Default"
            }
        },
        {
            "Name": "ChamoisFlinch",
            "Sound": "/Game/FMOD/Events/SFX/Creatures/Vocals/Chamois/SFX_CRE_VOC_CHAMOIS_FLINCH.SFX_CRE_VOC_CHAMOIS_FLINCH",
            "Setting": {
                "RowName": "Important"
            }
        },
        {
            "Name": "RaccoonIdle",
            "Sound": "/Game/FMOD/Events/SFX/Creatures/Vocals/Raccoon/SFX_CRE_VOC_RACCOON_IDLE.SFX_CRE_VOC_RACCOON_IDLE",
            "Setting": {
                "RowName": "Persistent"
            }
        },
        {
            "Name": "RaccoonDeath",
            "Sound": "/Game/FMOD/Events/SFX/Creatures/Vocals/Raccoon/SFX_CRE_VOC_RACCOON_DIE.SFX_CRE_VOC_RACCOON_DIE",
            "Setting": {
                "RowName": "Important"
            }
        },
        {
            "Name": "RaccoonFlee",
            "Sound": "/Game/FMOD/Events/SFX/Creatures/Vocals/Raccoon/SFX_CRE_VOC_RACCOON_FLEE.SFX_CRE_VOC_RACCOON_FLEE",
            "Setting": {
                "RowName": "Persistent"
            }
        },
        {
            "Name": "MuleDeerIdle",
            "Sound": "/Game/FMOD/Events/SFX/Creatures/Vocals/Baby_Deer/SFX_CRE_VOC_BABYDEER_IDLE.SFX_CRE_VOC_BABYDEER_IDLE",
            "Setting": {
                "RowName": "Persistent"
            }
        },
        {
            "Name": "MuleDeerDeath",
            "Sound": "/Game/FMOD/Events/SFX/Creatures/Vocals/Baby_Deer/SFX_CRE_VOC_BABYDEER_DIE.SFX_CRE_VOC_BABYDEER_DIE",
            "Setting": {
                "RowName": "Important"
            }
        },
        {
            "Name": "ElephantIdle",
            "Sound": "/Game/FMOD/Events/SFX/Creatures/Vocals/Elephant/SFX_CRE_VOC_ELEPHANT_IDLE.SFX_CRE_VOC_ELEPHANT_IDLE",
            "Setting": {
                "RowName": "Persistent"
            }
        },
        {
            "Name": "PolarBearAttack",
            "Sound": "/Game/FMOD/Events/SFX/Creatures/Vocals/Polar_Bear/SFX_CRE_VOCAL_POLAR_BEAR_ATTACK.SFX_CRE_VOCAL_POLAR_BEAR_ATTACK",
            "Setting": {
                "RowName": "Important"
            }
        },
        {
            "Name": "PolarBearFlinch",
            "Sound": "/Game/FMOD/Events/SFX/Creatures/Vocals/Polar_Bear/SFX_CRE_VOCAL_POLAR_BEAR_FLINCH.SFX_CRE_VOCAL_POLAR_BEAR_FLINCH",
            "Setting": {
                "RowName": "Important"
            }
        },
        {
            "Name": "PolarBearDeath",
            "Sound": "/Game/FMOD/Events/SFX/Creatures/Vocals/Polar_Bear/SFX_CRE_VOCAL_POLAR_BEAR_DIE.SFX_CRE_VOCAL_POLAR_BEAR_DIE",
            "Setting": {
                "RowName": "Important"
            }
        },
        {
            "Name": "PolarBearIdle",
            "Sound": "/Game/FMOD/Events/SFX/Creatures/Vocals/Polar_Bear/SFX_CRE_VOCAL_POLAR_BEAR_IDLE.SFX_CRE_VOCAL_POLAR_BEAR_IDLE",
            "Setting": {
                "RowName": "Persistent"
            }
        },
        {
            "Name": "PolarBearAttacking",
            "Sound": "/Game/FMOD/Events/SFX/Creatures/Vocals/Polar_Bear/SFX_CRE_VOCAL_POLAR_BEAR_AGGRO.SFX_CRE_VOCAL_POLAR_BEAR_AGGRO",
            "Setting": {
                "RowName": "Persistent"
            }
        },
        {
            "Name": "PolarBearSpot",
            "Sound": "/Game/FMOD/Events/SFX/Creatures/Vocals/Polar_Bear/SFX_CRE_VOCAL_POLAR_BEAR_SPOT.SFX_CRE_VOCAL_POLAR_BEAR_SPOT",
            "Setting": {
                "RowName": "Important"
            }
        },
        {
            "Name": "ElephantFlinch",
            "Sound": "/Game/FMOD/Events/SFX/Creatures/Vocals/Elephant/SFX_CRE_VOCAL_ELEPHANT_FLINCH.SFX_CRE_VOCAL_ELEPHANT_FLINCH",
            "Setting": {
                "RowName": "Important"
            }
        },
        {
            "Name": "ElephantDie",
            "Sound": "/Game/FMOD/Events/SFX/Creatures/Vocals/Elephant/SFX_CRE_VOCAL_ELEPHANT_DIE.SFX_CRE_VOCAL_ELEPHANT_DIE",
            "Setting": {
                "RowName": "Important"
            }
        },
        {
            "Name": "ElephantFlee",
            "Sound": "/Game/FMOD/Events/SFX/Creatures/Vocals/Elephant/SFX_CRE_VOCAL_ELEPHANT_FLEE.SFX_CRE_VOCAL_ELEPHANT_FLEE",
            "Setting": {
                "RowName": "Important"
            }
        },
        {
            "Name": "ElephantRelax",
            "Sound": "/Game/FMOD/Events/SFX/Creatures/Vocals/Elephant/SFX_CRE_VOC_ELEPHANT_RELAX.SFX_CRE_VOC_ELEPHANT_RELAX",
            "Setting": {
                "RowName": "Persistent"
            }
        },
        {
            "Name": "WolfAttack",
            "Sound": "/Game/FMOD/Events/SFX/Creatures/Vocals/Wolf/SFX_CRE_VOCAL_WOLF_ATTACK.SFX_CRE_VOCAL_WOLF_ATTACK",
            "Setting": {
                "RowName": "Important"
            }
        },
        {
            "Name": "WolfAttacking",
            "Sound": "/Game/FMOD/Events/SFX/Creatures/Vocals/Wolf/SFX_CRE_VOCAL_WOLF_AGGRO.SFX_CRE_VOCAL_WOLF_AGGRO",
            "Setting": {
                "RowName": "Persistent"
            }
        },
        {
            "Name": "WolfDie",
            "Sound": "/Game/FMOD/Events/SFX/Creatures/Vocals/Wolf/SFX_CRE_VOCAL_WOLF_DIE.SFX_CRE_VOCAL_WOLF_DIE",
            "Setting": {
                "RowName": "Important"
            }
        },
        {
            "Name": "WolfFlee",
            "Sound": "/Game/FMOD/Events/SFX/Creatures/Vocals/Wolf/SFX_CRE_VOCAL_WOLF_FLEE.SFX_CRE_VOCAL_WOLF_FLEE",
            "Setting": {
                "RowName": "Persistent"
            }
        },
        {
            "Name": "WolfFlinch",
            "Sound": "/Game/FMOD/Events/SFX/Creatures/Vocals/Wolf/SFX_CRE_VOCAL_WOLF_FLINCH.SFX_CRE_VOCAL_WOLF_FLINCH",
            "Setting": {
                "RowName": "Important"
            }
        },
        {
            "Name": "WolfSpot",
            "Sound": "/Game/FMOD/Events/SFX/Creatures/Vocals/Wolf/SFX_CRE_VOCAL_WOLF_SPOT.SFX_CRE_VOCAL_WOLF_SPOT",
            "Setting": {
                "RowName": "Important"
            }
        },
        {
            "Name": "WolfIdle",
            "Sound": "/Game/FMOD/Events/SFX/Creatures/Vocals/Wolf/SFX_CRE_VOCAL_WOLF_IDLE.SFX_CRE_VOCAL_WOLF_IDLE",
            "Setting": {
                "RowName": "Persistent"
            }
        },
        {
            "Name": "CougarSpot",
            "Sound": "/Game/FMOD/Events/SFX/Creatures/Vocals/Cougar/SFX_CRE_VOCAL_COUGAR_SPOT.SFX_CRE_VOCAL_COUGAR_SPOT",
            "Setting": {
                "RowName": "Important"
            }
        },
        {
            "Name": "CougarAttacking",
            "Sound": "/Game/FMOD/Events/SFX/Creatures/Vocals/Cougar/SFX_CRE_VOCAL_COUGAR_AGGRO.SFX_CRE_VOCAL_COUGAR_AGGRO",
            "Setting": {
                "RowName": "Persistent"
            }
        },
        {
            "Name": "CougarFlinch",
            "Sound": "/Game/FMOD/Events/SFX/Creatures/Vocals/Cougar/SFX_CRE_VOCAL_COUGAR_FLINCH.SFX_CRE_VOCAL_COUGAR_FLINCH",
            "Setting": {
                "RowName": "Important"
            }
        },
        {
            "Name": "CougarDeath",
            "Sound": "/Game/FMOD/Events/SFX/Creatures/Vocals/Cougar/SFX_CRE_VOCAL_COUGAR_DIE.SFX_CRE_VOCAL_COUGAR_DIE",
            "Setting": {
                "RowName": "Important"
            }
        },
        {
            "Name": "CougarAttack",
            "Sound": "/Game/FMOD/Events/SFX/Creatures/Vocals/Cougar/SFX_CRE_VOCAL_COUGAR_ATTACK.SFX_CRE_VOCAL_COUGAR_ATTACK",
            "Setting": {
                "RowName": "Important"
            }
        },
        {
            "Name": "CougarIdle",
            "Sound": "/Game/FMOD/Events/SFX/Creatures/Vocals/Cougar/SFX_CRE_VOCAL_COUGAR_IDLE.SFX_CRE_VOCAL_COUGAR_IDLE",
            "Setting": {
                "RowName": "Persistent"
            }
        },
        {
            "Name": "Mammoth_Die",
            "Sound": "/Game/FMOD/Events/SFX/Creatures/Vocals/Mammoth/SFX_CRE_VOCAL_MAMMOTH_DIE.SFX_CRE_VOCAL_MAMMOTH_DIE",
            "Setting": {
                "RowName": "Important"
            }
        },
        {
            "Name": "Mammoth_Idle",
            "Sound": "/Game/FMOD/Events/SFX/Creatures/Vocals/Mammoth/SFX_CRE_VOC_MAMMOTH_IDLE.SFX_CRE_VOC_MAMMOTH_IDLE",
            "Setting": {
                "RowName": "Persistent"
            }
        },
        {
            "Name": "Mammoth_Flinch",
            "Sound": "/Game/FMOD/Events/SFX/Creatures/Vocals/Mammoth/SFX_CRE_VOCAL_MAMMOTH_FLINCH.SFX_CRE_VOCAL_MAMMOTH_FLINCH",
            "Setting": {
                "RowName": "Important"
            }
        },
        {
            "Name": "Mammoth_Relax",
            "Sound": "/Game/FMOD/Events/SFX/Creatures/Vocals/Mammoth/SFX_CRE_VOC_MAMMOTH_RELAX.SFX_CRE_VOC_MAMMOTH_RELAX",
            "Setting": {
                "RowName": "Persistent"
            }
        },
        {
            "Name": "Mammoth_Flee",
            "Sound": "/Game/FMOD/Events/SFX/Creatures/Vocals/Mammoth/SFX_CRE_VOCAL_MAMMOTH_FLEE.SFX_CRE_VOCAL_MAMMOTH_FLEE",
            "Setting": {
                "RowName": "Important"
            }
        },
        {
            "Name": "CougarFlee",
            "Sound": "/Game/FMOD/Events/SFX/Creatures/Vocals/Cougar/SFX_CRE_VOCAL_COUGAR_FLEE.SFX_CRE_VOCAL_COUGAR_FLEE",
            "Setting": {
                "RowName": "Persistent"
            }
        },
        {
            "Name": "PlayerJump",
            "Sound": "/Game/FMOD/Events/SFX/Character/Vocals/Vocal_System/SFX_CHAR_VOC_JUMP.SFX_CHAR_VOC_JUMP",
            "Setting": {
                "RowName": "Unimportant"
            }
        },
        {
            "Name": "PlayerLand",
            "Sound": "/Game/FMOD/Events/SFX/Character/Vocals/Vocal_System/SFX_CHAR_VOC_LAND.SFX_CHAR_VOC_LAND",
            "Setting": {
                "RowName": "Unimportant"
            }
        },
        {
            "Name": "PlayerDamageLow",
            "Sound": "/Game/FMOD/Events/SFX/Character/Vocals/Vocal_System/SFX_CHAR_VOC_DAMAGE_GENERIC_LOW.SFX_CHAR_VOC_DAMAGE_GENERIC_LOW",
            "Setting": {
                "RowName": "Lowest"
            }
        },
        {
            "Name": "PlayerDamageHigh",
            "Sound": "/Game/FMOD/Events/SFX/Character/Vocals/Vocal_System/SFX_CHAR_VOC_DAMAGE_GENERIC_HIGH.SFX_CHAR_VOC_DAMAGE_GENERIC_HIGH",
            "Setting": {
                "RowName": "Default"
            }
        },
        {
            "Name": "PlayerDamageFire",
            "Sound": "/Game/FMOD/Events/SFX/Character/Damage/SFX_CHAR_DAMAGE_FIRE.SFX_CHAR_DAMAGE_FIRE",
            "Setting": {
                "RowName": "Default"
            }
        },
        {
            "Name": "PlayerDamageFall",
            "Sound": "/Game/FMOD/Events/SFX/Character/Vocals/Vocal_System/SFX_CHAR_VOC_DAMAGE_FALL.SFX_CHAR_VOC_DAMAGE_FALL",
            "Setting": {
                "RowName": "Default"
            }
        },
        {
            "Name": "PlayerDamageCreature",
            "Sound": "/Game/FMOD/Events/SFX/Character/Vocals/Vocal_System/SFX_CHAR_VOC_DAMAGE_CREATURE.SFX_CHAR_VOC_DAMAGE_CREATURE",
            "Setting": {
                "RowName": "Important"
            }
        },
        {
            "Name": "PlayerDeath",
            "Sound": "/Game/FMOD/Events/SFX/Character/Vocals/Vocal_System/SFX_CHAR_VOC_DEATH.SFX_CHAR_VOC_DEATH",
            "Setting": {
                "RowName": "Important"
            }
        },
        {
            "Name": "PlayerStaminaDepleted",
            "Sound": "/Game/FMOD/Events/SFX/Character/Vocals/Vocal_System/SFX_CHAR_VOC_STAMINA_DEPLETE.SFX_CHAR_VOC_STAMINA_DEPLETE",
            "Setting": {
                "RowName": "Default"
            }
        },
        {
            "Name": "PlayerBreathing",
            "Sound": "/Game/FMOD/Events/SFX/Character/Vocals/Vocal_System/SFX_CHAR_VOC_BREATHING.SFX_CHAR_VOC_BREATHING",
            "Setting": {
                "RowName": "Persistent"
            }
        },
        {
            "Name": "PlayerAction",
            "Sound": "/Game/FMOD/Events/SFX/Character/Vocals/Vocal_System/SFX_CHAR_VOC_ACTION.SFX_CHAR_VOC_ACTION",
            "Setting": {
                "RowName": "Default"
            }
        },
        {
            "Name": "PlayerBreathingLowHealth",
            "Sound": "/Game/FMOD/Events/SFX/Character/Vocals/Vocal_System/SFX_CHAR_VOC_BREATHING_LOW_HEALTH.SFX_CHAR_VOC_BREATHING_LOW_HEALTH",
            "Setting": {
                "RowName": "Important"
            }
        },
        {
            "Name": "MammothAttackJump",
            "Sound": "/Game/FMOD/Events/SFX/Creatures/Vocals/Mammoth/SFX_CRE_VOCAL_MAMMOTH_ATTACK_JUMP.SFX_CRE_VOCAL_MAMMOTH_ATTACK_JUMP",
            "Setting": {
                "RowName": "Important"
            }
        },
        {
            "Name": "MammothAttackHead",
            "Sound": "/Game/FMOD/Events/SFX/Creatures/Vocals/Mammoth/SFX_CRE_VOCAL_MAMMOTH_ATTACK_SIDE.SFX_CRE_VOCAL_MAMMOTH_ATTACK_SIDE",
            "Setting": {
                "RowName": "Important"
            }
        },
        {
            "Name": "MammothAggro",
            "Sound": "/Game/FMOD/Events/SFX/Creatures/Vocals/Mammoth/SFX_CRE_VOCAL_MAMMOTH_AGGRO.SFX_CRE_VOCAL_MAMMOTH_AGGRO",
            "Setting": {
                "RowName": "Persistent"
            }
        },
        {
            "Name": "MammothSpot",
            "Sound": "/Game/FMOD/Events/SFX/Creatures/Vocals/Mammoth/SFX_CRE_VOCAL_MAMMOTH_SPOT.SFX_CRE_VOCAL_MAMMOTH_SPOT",
            "Setting": {
                "RowName": "Important"
            }
        },
        {
            "Name": "MammothRoar",
            "Sound": "/Game/FMOD/Events/SFX/Creatures/Vocals/Mammoth/SFX_CRE_VOCAL_MAMMOTH_ROAR.SFX_CRE_VOCAL_MAMMOTH_ROAR",
            "Setting": {
                "RowName": "Important"
            }
        },
        {
            "Name": "MammothSingleBreath",
            "Sound": "/Game/FMOD/Events/SFX/Creatures/Vocals/Mammoth/SFX_CRE_VOCAL_MAMMOTH_BREATH.SFX_CRE_VOCAL_MAMMOTH_BREATH",
            "Setting": {
                "RowName": "Default"
            }
        },
        {
            "Name": "TutorialTest_NewObjective",
            "Sound": "/Game/FMOD/Events/Dialogue/VO_COMMAND_NEWOBJECTIVE.VO_COMMAND_NEWOBJECTIVE",
            "Setting": {
                "RowName": "Default"
            }
        },
        {
            "Name": "TutorialTest_Reminder",
            "Sound": "/Game/FMOD/Events/Dialogue/VO_COMMAND_REMIND_DITHER.VO_COMMAND_REMIND_DITHER",
            "Setting": {
                "RowName": "Default"
            }
        },
        {
            "Name": "TutorialTest_Success",
            "Sound": "/Game/FMOD/Events/Dialogue/VO_COMMAND_ONSUCCESS.VO_COMMAND_ONSUCCESS",
            "Setting": {
                "RowName": "Default"
            }
        },
        {
            "Name": "TutorialTest_Wrong",
            "Sound": "/Game/FMOD/Events/Dialogue/VO_COMMAND_WRONG.VO_COMMAND_WRONG",
            "Setting": {
                "RowName": "Default"
            }
        },
        {
            "Name": "DesertDeerDeath",
            "Sound": "/Game/FMOD/Events/SFX/Creatures/Vocals/Deer_Large/SFX_CRE_VOC_DEER_DIE_LARGE.SFX_CRE_VOC_DEER_DIE_LARGE",
            "Setting": {
                "RowName": "Important"
            }
        },
        {
            "Name": "DesertDeerFlee",
            "Sound": "/Game/FMOD/Events/SFX/Creatures/Vocals/Deer_Large/SFX_CRE_VOC_DEER_FLEE_LARGE.SFX_CRE_VOC_DEER_FLEE_LARGE",
            "Setting": {
                "RowName": "Persistent"
            }
        },
        {
            "Name": "DesertDeerFlinch",
            "Sound": "/Game/FMOD/Events/SFX/Creatures/Vocals/Deer_Large/SFX_CRE_VOC_DEER_FLINCH_LARGE.SFX_CRE_VOC_DEER_FLINCH_LARGE",
            "Setting": {
                "RowName": "Important"
            }
        },
        {
            "Name": "DesertDeerIdle",
            "Sound": "/Game/FMOD/Events/SFX/Creatures/Vocals/Deer_Large/SFX_CRE_VOC_DEER_IDLE_LARGE.SFX_CRE_VOC_DEER_IDLE_LARGE",
            "Setting": {
                "RowName": "Persistent"
            }
        },
        {
            "Name": "DesertDeerFemDeath",
            "Sound": "/Game/FMOD/Events/SFX/Creatures/Vocals/Deer_Large_Female/SFX_CRE_VOC_DEER_DIE_DES_FEM.SFX_CRE_VOC_DEER_DIE_DES_FEM",
            "Setting": {
                "RowName": "Important"
            }
        },
        {
            "Name": "DesertDeerFemFlee",
            "Sound": "/Game/FMOD/Events/SFX/Creatures/Vocals/Deer_Large_Female/SFX_CRE_VOC_DEER_FLEE_DES_FEM.SFX_CRE_VOC_DEER_FLEE_DES_FEM",
            "Setting": {
                "RowName": "Persistent"
            }
        },
        {
            "Name": "DesertDeerFemFlinch",
            "Sound": "/Game/FMOD/Events/SFX/Creatures/Vocals/Deer_Large_Female/SFX_CRE_VOC_DEER_FLINCH_DES_FEM.SFX_CRE_VOC_DEER_FLINCH_DES_FEM",
            "Setting": {
                "RowName": "Important"
            }
        },
        {
            "Name": "DesertDeerFemIdle",
            "Sound": "/Game/FMOD/Events/SFX/Creatures/Vocals/Deer_Large_Female/SFX_CRE_VOC_DEER_IDLE_DES_FEM.SFX_CRE_VOC_DEER_IDLE_DES_FEM",
            "Setting": {
                "RowName": "Persistent"
            }
        },
        {
            "Name": "AlphaWolfAttack",
            "Sound": "/Game/FMOD/Events/SFX/Creatures/Vocals/Alpha_Wolf/SFX_CRE_VOCAL_ALPHA_WOLF_ATTACK.SFX_CRE_VOCAL_ALPHA_WOLF_ATTACK",
            "Setting": {
                "RowName": "Important"
            }
        },
        {
            "Name": "AlphaWolfAggro",
            "Sound": "/Game/FMOD/Events/SFX/Creatures/Vocals/Alpha_Wolf/SFX_CRE_VOCAL_ALPHA_WOLF_AGGRO.SFX_CRE_VOCAL_ALPHA_WOLF_AGGRO",
            "Setting": {
                "RowName": "Persistent"
            }
        },
        {
            "Name": "AlphaWolfDie",
            "Sound": "/Game/FMOD/Events/SFX/Creatures/Vocals/Alpha_Wolf/SFX_CRE_VOCAL_ALPHA_WOLF_DIE.SFX_CRE_VOCAL_ALPHA_WOLF_DIE",
            "Setting": {
                "RowName": "Important"
            }
        },
        {
            "Name": "AlphaWolfFlinch",
            "Sound": "/Game/FMOD/Events/SFX/Creatures/Vocals/Alpha_Wolf/SFX_CRE_VOCAL_ALPHA_WOLF_FLINCH.SFX_CRE_VOCAL_ALPHA_WOLF_FLINCH",
            "Setting": {
                "RowName": "Important"
            }
        },
        {
            "Name": "AlphaSpot",
            "Sound": "/Game/FMOD/Events/SFX/Creatures/Vocals/Alpha_Wolf/SFX_CRE_VOCAL_ALPHA_WOLF_SPOT.SFX_CRE_VOCAL_ALPHA_WOLF_SPOT",
            "Setting": {
                "RowName": "Important"
            }
        },
        {
            "Name": "AlphaWolfIdle",
            "Sound": "/Game/FMOD/Events/SFX/Creatures/Vocals/Alpha_Wolf/SFX_CRE_VOCAL_ALPHA_WOLF_IDLE.SFX_CRE_VOCAL_ALPHA_WOLF_IDLE",
            "Setting": {
                "RowName": "Persistent"
            }
        },
        {
            "Name": "JaguarAttack",
            "Sound": "/Game/FMOD/Events/SFX/Creatures/Vocals/Jaguar/SFX_CRE_VOCAL_JAGUAR_ATTACK.SFX_CRE_VOCAL_JAGUAR_ATTACK",
            "Setting": {
                "RowName": "Important"
            }
        },
        {
            "Name": "JaguarAggro",
            "Sound": "/Game/FMOD/Events/SFX/Creatures/Vocals/Jaguar/SFX_CRE_VOCAL_JAGUAR_AGGRO.SFX_CRE_VOCAL_JAGUAR_AGGRO",
            "Setting": {
                "RowName": "Persistent"
            }
        },
        {
            "Name": "JaguarDie",
            "Sound": "/Game/FMOD/Events/SFX/Creatures/Vocals/Jaguar/SFX_CRE_VOCAL_JAGUAR_DIE.SFX_CRE_VOCAL_JAGUAR_DIE",
            "Setting": {
                "RowName": "Important"
            }
        },
        {
            "Name": "JaguarFlinch",
            "Sound": "/Game/FMOD/Events/SFX/Creatures/Vocals/Jaguar/SFX_CRE_VOCAL_JAGUAR_FLINCH.SFX_CRE_VOCAL_JAGUAR_FLINCH",
            "Setting": {
                "RowName": "Important"
            }
        },
        {
            "Name": "JaguarSpot",
            "Sound": "/Game/FMOD/Events/SFX/Creatures/Vocals/Jaguar/SFX_CRE_VOCAL_JAGUAR_SPOT.SFX_CRE_VOCAL_JAGUAR_SPOT",
            "Setting": {
                "RowName": "Important"
            }
        },
        {
            "Name": "JaguarIdle",
            "Sound": "/Game/FMOD/Events/SFX/Creatures/Vocals/Jaguar/SFX_CRE_VOCAL_JAGUAR_IDLE.SFX_CRE_VOCAL_JAGUAR_IDLE",
            "Setting": {
                "RowName": "Persistent"
            }
        },
        {
            "Name": "SnowLeopardAttack",
            "Sound": "/Game/FMOD/Events/SFX/Creatures/Vocals/Snow_Leopard/SFX_CRE_VOCAL_SNOW_LEP_ATTACK.SFX_CRE_VOCAL_SNOW_LEP_ATTACK",
            "Setting": {
                "RowName": "Important"
            }
        },
        {
            "Name": "SnowLeopardAggro",
            "Sound": "/Game/FMOD/Events/SFX/Creatures/Vocals/Snow_Leopard/SFX_CRE_VOCAL_SNOW_LEP_AGGRO.SFX_CRE_VOCAL_SNOW_LEP_AGGRO",
            "Setting": {
                "RowName": "Persistent"
            }
        },
        {
            "Name": "SnowLeopardDie",
            "Sound": "/Game/FMOD/Events/SFX/Creatures/Vocals/Snow_Leopard/SFX_CRE_VOCAL_SNOW_LEP_DIE.SFX_CRE_VOCAL_SNOW_LEP_DIE",
            "Setting": {
                "RowName": "Important"
            }
        },
        {
            "Name": "SnowLeopardFlinch",
            "Sound": "/Game/FMOD/Events/SFX/Creatures/Vocals/Snow_Leopard/SFX_CRE_VOCAL_SNOW_LEP_FLINCH.SFX_CRE_VOCAL_SNOW_LEP_FLINCH",
            "Setting": {
                "RowName": "Important"
            }
        },
        {
            "Name": "SnowLeopardSpot",
            "Sound": "/Game/FMOD/Events/SFX/Creatures/Vocals/Snow_Leopard/SFX_CRE_VOCAL_SNOW_LEP_SPOT.SFX_CRE_VOCAL_SNOW_LEP_SPOT",
            "Setting": {
                "RowName": "Important"
            }
        },
        {
            "Name": "SnowLeopardIdle",
            "Sound": "/Game/FMOD/Events/SFX/Creatures/Vocals/Snow_Leopard/SFX_CRE_VOCAL_SNOW_LEP_IDLE.SFX_CRE_VOCAL_SNOW_LEP_IDLE",
            "Setting": {
                "RowName": "Persistent"
            }
        },
        {
            "Name": "RabbitDeath",
            "Sound": "/Game/FMOD/Events/SFX/Creatures/Vocals/Rabbit/SFX_CRE_VOC_RABBIT_DIE.SFX_CRE_VOC_RABBIT_DIE",
            "Setting": {
                "RowName": "Important"
            }
        },
        {
            "Name": "HyenaIdle",
            "Sound": "/Game/FMOD/Events/SFX/Creatures/Vocals/Hyena/SFX_CRE_VOCAL_HYENA_IDLE.SFX_CRE_VOCAL_HYENA_IDLE",
            "Setting": {
                "RowName": "Persistent"
            }
        },
        {
            "Name": "HyenaAttack",
            "Sound": "/Game/FMOD/Events/SFX/Creatures/Vocals/Hyena/SFX_CRE_VOCAL_HYENA_ATTACK.SFX_CRE_VOCAL_HYENA_ATTACK",
            "Setting": {
                "RowName": "Important"
            }
        },
        {
            "Name": "HyenaFlinch",
            "Sound": "/Game/FMOD/Events/SFX/Creatures/Vocals/Hyena/SFX_CRE_VOCAL_HYENA_FLINCH.SFX_CRE_VOCAL_HYENA_FLINCH",
            "Setting": {
                "RowName": "Important"
            }
        },
        {
            "Name": "HyenaAggro",
            "Sound": "/Game/FMOD/Events/SFX/Creatures/Vocals/Hyena/SFX_CRE_VOCAL_HYENA_AGGRO.SFX_CRE_VOCAL_HYENA_AGGRO",
            "Setting": {
                "RowName": "Persistent"
            }
        },
        {
            "Name": "HyenaSpot",
            "Sound": "/Game/FMOD/Events/SFX/Creatures/Vocals/Hyena/SFX_CRE_VOCAL_HYENA_SPOT.SFX_CRE_VOCAL_HYENA_SPOT",
            "Setting": {
                "RowName": "Important"
            }
        },
        {
            "Name": "HyenaDeath",
            "Sound": "/Game/FMOD/Events/SFX/Creatures/Vocals/Hyena/SFX_CRE_VOCAL_HYENA_DIE.SFX_CRE_VOCAL_HYENA_DIE",
            "Setting": {
                "RowName": "Important"
            }
        },
        {
            "Name": "BuffaloFlinch",
            "Sound": "/Game/FMOD/Events/SFX/Creatures/Vocals/Buffalo/SFX_CRE_VOC_BUFFALO_FLINCH_LARGE.SFX_CRE_VOC_BUFFALO_FLINCH_LARGE",
            "Setting": {
                "RowName": "Important"
            }
        },
        {
            "Name": "BuffaloDeath",
            "Sound": "/Game/FMOD/Events/SFX/Creatures/Vocals/Buffalo/SFX_CRE_VOC_BUFFALO_DIE_LARGE.SFX_CRE_VOC_BUFFALO_DIE_LARGE",
            "Setting": {
                "RowName": "Important"
            }
        },
        {
            "Name": "BuffaloIdle",
            "Sound": "/Game/FMOD/Events/SFX/Creatures/Vocals/Buffalo/SFX_CRE_VOC_BUFFALO_IDLE_LARGE.SFX_CRE_VOC_BUFFALO_IDLE_LARGE",
            "Setting": {
                "RowName": "PersistentLow"
            }
        },
        {
            "Name": "BuffaloFlee",
            "Sound": "/Game/FMOD/Events/SFX/Creatures/Vocals/Buffalo/SFX_CRE_VOC_BUFFALO_FLEE_LARGE.SFX_CRE_VOC_BUFFALO_FLEE_LARGE",
            "Setting": {
                "RowName": "Persistent"
            }
        },
        {
            "Name": "ElephantAttackJump",
            "Sound": "/Game/FMOD/Events/SFX/Creatures/Vocals/Elephant/SFX_CRE_VOCAL_ELEPHANT_ATTACK_JUMP.SFX_CRE_VOCAL_ELEPHANT_ATTACK_JUMP",
            "Setting": {
                "RowName": "Important"
            }
        },
        {
            "Name": "ElephantAttackSide",
            "Sound": "/Game/FMOD/Events/SFX/Creatures/Vocals/Elephant/SFX_CRE_VOCAL_ELEPHANT_ATTACK_SIDE.SFX_CRE_VOCAL_ELEPHANT_ATTACK_SIDE",
            "Setting": {
                "RowName": "Important"
            }
        },
        {
            "Name": "ElephantRoar",
            "Sound": "/Game/FMOD/Events/SFX/Creatures/Vocals/Elephant/SFX_CRE_VOCAL_ELEPHANT_ROAR.SFX_CRE_VOCAL_ELEPHANT_ROAR",
            "Setting": {
                "RowName": "Important"
            }
        },
        {
            "Name": "ZebraFlinch",
            "Sound": "/Game/FMOD/Events/SFX/Creatures/Vocals/Zebra/SFX_CRE_VOC_ZEBRA_FLINCH.SFX_CRE_VOC_ZEBRA_FLINCH",
            "Setting": {
                "RowName": "Important"
            }
        },
        {
            "Name": "WildBoar_Flinch",
            "Sound": "/Game/FMOD/Events/SFX/Creatures/Vocals/Wild_Boar/SFX_CRE_VOCAL_WILDBOAR_FLINCH.SFX_CRE_VOCAL_WILDBOAR_FLINCH",
            "Setting": {
                "RowName": "Important"
            }
        },
        {
            "Name": "ZebraFlee",
            "Sound": "/Game/FMOD/Events/SFX/Creatures/Vocals/Zebra/SFX_CRE_VOC_ZEBRA_FLEE.SFX_CRE_VOC_ZEBRA_FLEE",
            "Setting": {
                "RowName": "Persistent"
            }
        },
        {
            "Name": "ZebraDeath",
            "Sound": "/Game/FMOD/Events/SFX/Creatures/Vocals/Zebra/SFX_CRE_VOC_ZEBRA_DEATH.SFX_CRE_VOC_ZEBRA_DEATH",
            "Setting": {
                "RowName": "Important"
            }
        },
        {
            "Name": "WIldBoar_Death",
            "Sound": "/Game/FMOD/Events/SFX/Creatures/Vocals/Wild_Boar/SFX_CRE_VOC_WILDBOAR_DEATH.SFX_CRE_VOC_WILDBOAR_DEATH",
            "Setting": {
                "RowName": "Important"
            }
        },
        {
            "Name": "ZebraIdle",
            "Sound": "/Game/FMOD/Events/SFX/Creatures/Vocals/Zebra/SFX_CRE_VOC_ZEBRA_IDLE.SFX_CRE_VOC_ZEBRA_IDLE",
            "Setting": {
                "RowName": "Persistent"
            }
        },
        {
            "Name": "ZebraNeigh",
            "Sound": "/Game/FMOD/Events/SFX/Creatures/Vocals/Zebra/SFX_CRE_VOC_ZEBRA_NEIGH.SFX_CRE_VOC_ZEBRA_NEIGH",
            "Setting": {
                "RowName": "Important"
            }
        },
        {
            "Name": "ZebraRelax",
            "Sound": "/Game/FMOD/Events/SFX/Creatures/Vocals/Zebra/SFX_CRE_VOC_ZEBRA_IDLE_RELAX.SFX_CRE_VOC_ZEBRA_IDLE_RELAX",
            "Setting": {
                "RowName": "Persistent"
            }
        },
        {
            "Name": "WIldBoar_Idle",
            "Sound": "/Game/FMOD/Events/SFX/Creatures/Vocals/Wild_Boar/SFX_CRE_VOC_WILDBOAR_IDLE.SFX_CRE_VOC_WILDBOAR_IDLE",
            "Setting": {
                "RowName": "Persistent"
            }
        },
        {
            "Name": "WIldBoar_Relax",
            "Sound": "/Game/FMOD/Events/SFX/Creatures/Vocals/Wild_Boar/SFX_CRE_VOC_WILDBOAR_RELAX.SFX_CRE_VOC_WILDBOAR_RELAX",
            "Setting": {
                "RowName": "PersistentLow"
            }
        },
        {
            "Name": "WIldBoar_Attack",
            "Sound": "/Game/FMOD/Events/SFX/Creatures/Vocals/Wild_Boar/SFX_CRE_VOC_WILDBOAR_ATTACK.SFX_CRE_VOC_WILDBOAR_ATTACK",
            "Setting": {
                "RowName": "Important"
            }
        },
        {
            "Name": "WildBoar_Aggro",
            "Sound": "/Game/FMOD/Events/SFX/Creatures/Vocals/Wild_Boar/SFX_CRE_VOCAL_WILDBOAR_AGGRO.SFX_CRE_VOCAL_WILDBOAR_AGGRO",
            "Setting": {
                "RowName": "Persistent"
            }
        },
        {
            "Name": "WildBoar_Call",
            "Sound": "/Game/FMOD/Events/SFX/Creatures/Vocals/Wild_Boar/SFX_CRE_VOCAL_WILDBOAR_CALL.SFX_CRE_VOCAL_WILDBOAR_CALL",
            "Setting": {
                "RowName": "Important"
            }
        },
        {
            "Name": "CavewormAttack",
            "Sound": "/Game/FMOD/Events/SFX/Creatures/Vocals/CaveWorm/SFX_CRE_CAVEWORM_ATTACK.SFX_CRE_CAVEWORM_ATTACK",
            "Setting": {
                "RowName": "Important"
            }
        },
        {
            "Name": "CaveWormRoar",
            "Sound": "/Game/FMOD/Events/SFX/Creatures/Vocals/CaveWorm/SFX_CRE_CAVEWORM_ROAR.SFX_CRE_CAVEWORM_ROAR",
            "Setting": {
                "RowName": "Important"
            }
        },
        {
            "Name": "CaveWormDeath",
            "Sound": "/Game/FMOD/Events/SFX/Creatures/Vocals/CaveWorm/SFX_CRE_CAVEWORM_DEATH.SFX_CRE_CAVEWORM_DEATH",
            "Setting": {
                "RowName": "Important"
            }
        },
        {
            "Name": "CaveWormSpit",
            "Sound": "/Game/FMOD/Events/SFX/Creatures/Vocals/CaveWorm/SFX_CRE_CAVEWORM_SPIT.SFX_CRE_CAVEWORM_SPIT",
            "Setting": {
                "RowName": "Default"
            }
        },
        {
            "Name": "WildBoar_Grunt",
            "Sound": "/Game/FMOD/Events/SFX/Creatures/Vocals/Wild_Boar/SFX_CRE_VOC_WILDBOAR_AGGROCALL.SFX_CRE_VOC_WILDBOAR_AGGROCALL",
            "Setting": {
                "RowName": "Important"
            }
        },
        {
            "Name": "BuffaloAttack",
            "Sound": "/Game/FMOD/Events/SFX/Creatures/Vocals/Buffalo/SFX_CRE_VOC_BUFFALO_ATTACK.SFX_CRE_VOC_BUFFALO_ATTACK",
            "Setting": {
                "RowName": "Important"
            }
        },
        {
            "Name": "BuffaloAttacking",
            "Sound": "/Game/FMOD/Events/SFX/Creatures/Vocals/Buffalo/SFX_CRE_VOC_BUFFALO_AGGRO_LARGE.SFX_CRE_VOC_BUFFALO_AGGRO_LARGE",
            "Setting": {
                "RowName": "Persistent"
            }
        },
        {
            "Name": "KeaIdle",
            "Sound": "/Game/FMOD/Events/SFX/Creatures/Vocals/Kea/SFX_CRE_VOC_KEA_IDLE.SFX_CRE_VOC_KEA_IDLE",
            "Setting": {
                "RowName": "Persistent"
            }
        },
        {
            "Name": "KeaDie",
            "Sound": "/Game/FMOD/Events/SFX/Creatures/Vocals/Kea/SFX_CRE_VOC_KEA_DIE.SFX_CRE_VOC_KEA_DIE",
            "Setting": {
                "RowName": "Important"
            }
        },
        {
            "Name": "ScorpionAttack",
            "Sound": "/Game/FMOD/Events/SFX/Creatures/Vocals/Scorpion/SFX_CRE_SCORPION_ATTACK.SFX_CRE_SCORPION_ATTACK",
            "Setting": {
                "RowName": "Important"
            }
        },
        {
            "Name": "ScorpionFlinch",
            "Sound": "/Game/FMOD/Events/SFX/Creatures/Vocals/Scorpion/SFX_CRE_SCORPION_FLINCH.SFX_CRE_SCORPION_FLINCH",
            "Setting": {
                "RowName": "Default"
            }
        },
        {
            "Name": "ScorpionDeath",
            "Sound": "/Game/FMOD/Events/SFX/Creatures/Vocals/Scorpion/SFX_CRE_SCORPION_DEATH.SFX_CRE_SCORPION_DEATH",
            "Setting": {
                "RowName": "Important"
            }
        },
        {
            "Name": "ScorpionWarcry",
            "Sound": "/Game/FMOD/Events/SFX/Creatures/Vocals/Scorpion/SFX_CRE_SCORPION_WARCRY.SFX_CRE_SCORPION_WARCRY",
            "Setting": {
                "RowName": "Important"
            }
        },
        {
            "Name": "ScorpionBossAttack",
            "Sound": "/Game/FMOD/Events/SFX/Creatures/Vocals/Scorpion_Boss/SFX_CRE_SCORPION_BOSS_VOC_ATTACK.SFX_CRE_SCORPION_BOSS_VOC_ATTACK",
            "Setting": {
                "RowName": "Important"
            }
        },
        {
            "Name": "ScorpionBossFlinch",
            "Sound": "/Game/FMOD/Events/SFX/Creatures/Vocals/Scorpion_Boss/SFX_CRE_SCORPION_BOSS_VOC_FLINCH.SFX_CRE_SCORPION_BOSS_VOC_FLINCH",
            "Setting": {
                "RowName": "Default"
            }
        },
        {
            "Name": "ScorpionBossDeath",
            "Sound": "/Game/FMOD/Events/SFX/Creatures/Vocals/Scorpion_Boss/SFX_CRE_SCORPION_BOSS_VOC_DEATH.SFX_CRE_SCORPION_BOSS_VOC_DEATH",
            "Setting": {
                "RowName": "Important"
            }
        },
        {
            "Name": "ScorpionBossWarcry",
            "Sound": "/Game/FMOD/Events/SFX/Creatures/Vocals/Scorpion_Boss/SFX_CRE_SCORPION_BOSS_VOC_WARCRY.SFX_CRE_SCORPION_BOSS_VOC_WARCRY",
            "Setting": {
                "RowName": "Important"
            }
        },
        {
            "Name": "ScorpionBossScreechAttack",
            "Sound": "/Game/FMOD/Events/SFX/Creatures/Vocals/Scorpion_Boss/SFX_CRE_SCORPION_BOSS_VOC_ATTACK_SCREECH.SFX_CRE_SCORPION_BOSS_VOC_ATTACK_SCREECH",
            "Setting": {
                "RowName": "Important"
            }
        },
        {
            "Name": "ScorpionSummonDeath",
            "Sound": "/Game/FMOD/Events/SFX/Creatures/Vocals/Scorpion/SFX_CRE_SCORPION_DEATH_FAST.SFX_CRE_SCORPION_DEATH_FAST",
            "Setting": {
                "RowName": "Important"
            }
        },
        {
            "Name": "CrocodileIdle",
            "Sound": "/Game/FMOD/Events/SFX/Creatures/Vocals/Crocodile/SFX_CRE_VOCAL_CROCODILE_IDLE.SFX_CRE_VOCAL_CROCODILE_IDLE",
            "Setting": {
                "RowName": "Persistent"
            }
        },
        {
            "Name": "CrocodileSpot",
            "Sound": "/Game/FMOD/Events/SFX/Creatures/Vocals/Crocodile/SFX_CRE_VOCAL_CROCODILE_SPOT.SFX_CRE_VOCAL_CROCODILE_SPOT",
            "Setting": {
                "RowName": "Important"
            }
        },
        {
            "Name": "CrocodileAttack",
            "Sound": "/Game/FMOD/Events/SFX/Creatures/Vocals/Crocodile/SFX_CRE_VOCAL_CROCODILE_ATTACK.SFX_CRE_VOCAL_CROCODILE_ATTACK",
            "Setting": {
                "RowName": "Important"
            }
        },
        {
            "Name": "CrocodileDeath",
            "Sound": "/Game/FMOD/Events/SFX/Creatures/Vocals/Crocodile/SFX_CRE_VOCAL_CROCODILE_DEATH.SFX_CRE_VOCAL_CROCODILE_DEATH",
            "Setting": {
                "RowName": "Important"
            }
        },
        {
            "Name": "CrocAggro",
            "Sound": "/Game/FMOD/Events/SFX/Creatures/Vocals/Crocodile/SFX_CRE_VOCAL_CROCODILE_AGGRO.SFX_CRE_VOCAL_CROCODILE_AGGRO",
            "Setting": {
                "RowName": "Persistent"
            }
        },
        {
            "Name": "CrocodilePreAttack",
            "Sound": "/Game/FMOD/Events/SFX/Creatures/Vocals/Crocodile/SFX_CRE_VOCAL_CROCODILE_PRE_ATTACK.SFX_CRE_VOCAL_CROCODILE_PRE_ATTACK",
            "Setting": {
                "RowName": "Important"
            }
        },
        {
            "Name": "KomodoIdle",
            "Sound": "/Game/FMOD/Events/SFX/Creatures/Vocals/Komodo/SFX_CRE_VOCAL_KOMODO_IDLE.SFX_CRE_VOCAL_KOMODO_IDLE",
            "Setting": {
                "RowName": "Persistent"
            }
        },
        {
            "Name": "KomodoRelax",
            "Sound": "/Game/FMOD/Events/SFX/Creatures/Vocals/Komodo/SFX_CRE_VOCAL_KOMODO_RELAX.SFX_CRE_VOCAL_KOMODO_RELAX",
            "Setting": {
                "RowName": "PersistentLow"
            }
        },
        {
            "Name": "KomodoAttack",
            "Sound": "/Game/FMOD/Events/SFX/Creatures/Vocals/Komodo/SFX_CRE_VOCAL_KOMODO_ATTACK.SFX_CRE_VOCAL_KOMODO_ATTACK",
            "Setting": {
                "RowName": "Important"
            }
        },
        {
            "Name": "KomodoSpot",
            "Sound": "/Game/FMOD/Events/SFX/Creatures/Vocals/Komodo/SFX_CRE_VOCAL_KOMODO_SPOT.SFX_CRE_VOCAL_KOMODO_SPOT",
            "Setting": {
                "RowName": "Important"
            }
        },
        {
            "Name": "KomodoFlinch",
            "Sound": "/Game/FMOD/Events/SFX/Creatures/Vocals/Komodo/SFX_CRE_VOCAL_KOMODO_FLINCH.SFX_CRE_VOCAL_KOMODO_FLINCH",
            "Setting": {
                "RowName": "Important"
            }
        },
        {
            "Name": "CrocodileFlinch",
            "Sound": "/Game/FMOD/Events/SFX/Creatures/Vocals/Crocodile/SFX_CRE_VOCAL_CROCODILE_FLINCH.SFX_CRE_VOCAL_CROCODILE_FLINCH",
            "Setting": {
                "RowName": "Default"
            }
        },
        {
            "Name": "KomodoDeath",
            "Sound": "/Game/FMOD/Events/SFX/Creatures/Vocals/Komodo/SFX_CRE_VOCAL_KOMODO_DEATH.SFX_CRE_VOCAL_KOMODO_DEATH",
            "Setting": {
                "RowName": "Important"
            }
        },
        {
            "Name": "KomodoAggro",
            "Sound": "/Game/FMOD/Events/SFX/Creatures/Vocals/Komodo/SFX_CRE_VOCAL_KOMODO_AGGRO.SFX_CRE_VOCAL_KOMODO_AGGRO",
            "Setting": {
                "RowName": "Default"
            }
        },
        {
            "Name": "CavewormTeenageAttack",
            "Sound": "/Game/FMOD/Events/SFX/Creatures/Vocals/CaveWormTeenage/SFX_CRE_CAVEWORM_TEENAGE_ATTACK.SFX_CRE_CAVEWORM_TEENAGE_ATTACK",
            "Setting": {
                "RowName": "Important"
            }
        },
        {
            "Name": "CavewormTeenageDeath",
            "Sound": "/Game/FMOD/Events/SFX/Creatures/Vocals/CaveWormTeenage/SFX_CRE_CAVEWORM_TEENAGE_DEATH.SFX_CRE_CAVEWORM_TEENAGE_DEATH",
            "Setting": {
                "RowName": "Important"
            }
        },
        {
            "Name": "CavewormTeenageRoar",
            "Sound": "/Game/FMOD/Events/SFX/Creatures/Vocals/CaveWormTeenage/SFX_CRE_CAVEWORM_TEENAGE_ROAR.SFX_CRE_CAVEWORM_TEENAGE_ROAR",
            "Setting": {
                "RowName": "Important"
            }
        },
        {
            "Name": "CavewormTeenageSpit",
            "Sound": "/Game/FMOD/Events/SFX/Creatures/Vocals/CaveWormTeenage/SFX_CRE_CAVEWORM_TEENAGE_SPIT.SFX_CRE_CAVEWORM_TEENAGE_SPIT",
            "Setting": {
                "RowName": "Important"
            }
        },
        {
            "Name": "PolarBearCubAttack",
            "Sound": "/Game/FMOD/Events/SFX/Creatures/Vocals/Polar_Bear_Cub/SFX_CRE_VOCAL_POLAR_BEAR_CUB_ATTACK.SFX_CRE_VOCAL_POLAR_BEAR_CUB_ATTACK",
            "Setting": {
                "RowName": "Important"
            }
        },
        {
            "Name": "PolarBearCubDeath",
            "Sound": "/Game/FMOD/Events/SFX/Creatures/Vocals/Polar_Bear_Cub/SFX_CRE_VOCAL_POLAR_BEAR_CUB_DEATH.SFX_CRE_VOCAL_POLAR_BEAR_CUB_DEATH",
            "Setting": {
                "RowName": "Important"
            }
        },
        {
            "Name": "PolarBearCubAggro",
            "Sound": "/Game/FMOD/Events/SFX/Creatures/Vocals/Polar_Bear_Cub/SFX_CRE_VOCAL_POLAR_BEAR_CUB_AGGRO.SFX_CRE_VOCAL_POLAR_BEAR_CUB_AGGRO",
            "Setting": {
                "RowName": "Persistent"
            }
        },
        {
            "Name": "PolarBearCubFlinch",
            "Sound": "/Game/FMOD/Events/SFX/Creatures/Vocals/Polar_Bear_Cub/SFX_CRE_VOCAL_POLAR_BEAR_CUB_FLINCH.SFX_CRE_VOCAL_POLAR_BEAR_CUB_FLINCH",
            "Setting": {
                "RowName": "Important"
            }
        },
        {
            "Name": "keaFlee",
            "Sound": "/Game/FMOD/Events/SFX/Creatures/Vocals/Kea/SFX_CRE_VOC_KEA_FLEE.SFX_CRE_VOC_KEA_FLEE",
            "Setting": {
                "RowName": "Important"
            }
        },
        {
            "Name": "KeaFlyIdle",
            "Sound": "/Game/FMOD/Events/SFX/Creatures/Vocals/Kea/SFX_CRE_VOC_KEA_IDLE_FLYING.SFX_CRE_VOC_KEA_IDLE_FLYING",
            "Setting": {
                "RowName": "Persistent"
            }
        }
    ]
}