{
    "RowStruct": "/Script/Icarus.RadialOption",
    "Defaults": {},
    "Rows": [
        {
            "Name": "Pickup_Deployable"
        },
        {
            "Name": "ToggleOn"
        },
        {
            "Name": "Boombox_NextSong"
        },
        {
            "Name": "Boombox_PreviousSong"
        },
        {
            "Name": "Drone_FollowMe"
        },
        {
            "Name": "Drone_ChangeLootFilter"
        },
        {
            "Name": "Drone_OpenInventory"
        },
        {
            "Name": "Drone_StoreInPlayerInventory"
        },
        {
            "Name": "Drone_ReturnHome"
        }
    ]
}