{
    "RowStruct": "/Script/Icarus.ExperienceEvent",
    "Defaults": {
        "EventDescription": "",
        "SharedExperience": false,
        "ExperienceGranted": 0
    },
    "Rows": [
        {
            "Name": "Shared_Experience",
            "EventDescription": "NSLOCTEXT(\"D_ExperienceEvents\", \"Shared_Experience-EventDescription\", \"Shared XP\")"
        },
        {
            "Name": "SwingAxe",
            "EventDescription": "NSLOCTEXT(\"D_ExperienceEvents\", \"SwingAxe-EventDescription\", \"Swing Axe\")",
            "SharedExperience": true
        },
        {
            "Name": "ChopTree",
            "EventDescription": "NSLOCTEXT(\"D_ExperienceEvents\", \"ChopTree-EventDescription\", \"Chop Tree\")",
            "SharedExperience": true,
            "ExperienceGranted": 100
        },
        {
            "Name": "GatherResource",
            "EventDescription": "NSLOCTEXT(\"D_ExperienceEvents\", \"GatherResource-EventDescription\", \"Gather Resource\")",
            "SharedExperience": true,
            "ExperienceGranted": 25
        },
        {
            "Name": "GatherResource_Fiber",
            "EventDescription": "NSLOCTEXT(\"D_ExperienceEvents\", \"GatherResource_Fiber-EventDescription\", \"Gather Resource\")",
            "SharedExperience": true,
            "ExperienceGranted": 10
        },
        {
            "Name": "MineVoxel",
            "EventDescription": "NSLOCTEXT(\"D_ExperienceEvents\", \"MineVoxel-EventDescription\", \"Mine Ore\")",
            "SharedExperience": true
        },
        {
            "Name": "KillAI",
            "EventDescription": "NSLOCTEXT(\"D_ExperienceEvents\", \"KillAI-EventDescription\", \"Kill AI\")",
            "SharedExperience": true,
            "ExperienceGranted": 1000
        },
        {
            "Name": "KillPlayer",
            "EventDescription": "NSLOCTEXT(\"D_ExperienceEvents\", \"KillPlayer-EventDescription\", \"Kill Player\")",
            "SharedExperience": true
        },
        {
            "Name": "CraftItem",
            "EventDescription": "NSLOCTEXT(\"D_ExperienceEvents\", \"CraftItem-EventDescription\", \"Craft Item\")",
            "SharedExperience": true
        },
        {
            "Name": "CatchFish",
            "EventDescription": "NSLOCTEXT(\"D_ExperienceEvents\", \"CatchFish-EventDescription\", \"Caught a Fish\")",
            "SharedExperience": true,
            "ExperienceGranted": 500
        },
        {
            "Name": "TestAchievement",
            "EventDescription": "NSLOCTEXT(\"D_ExperienceEvents\", \"TestAchievement-EventDescription\", \"TeshAchievement!\")"
        },
        {
            "Name": "RevivePlayer",
            "EventDescription": "NSLOCTEXT(\"D_ExperienceEvents\", \"RevivePlayer-EventDescription\", \"Revived a Player\")",
            "SharedExperience": true
        },
        {
            "Name": "ClearSnow",
            "EventDescription": "NSLOCTEXT(\"D_ExperienceEvents\", \"ClearSnow-EventDescription\", \"Cleared Snow\")",
            "ExperienceGranted": 50
        },
        {
            "Name": "SurviveStorm",
            "EventDescription": "NSLOCTEXT(\"D_ExperienceEvents\", \"SurviveStorm-EventDescription\", \"Survived a Storm\")",
            "ExperienceGranted": 1000
        },
        {
            "Name": "DiscoveredExotics",
            "EventDescription": "NSLOCTEXT(\"D_ExperienceEvents\", \"DiscoveredExotics-EventDescription\", \"Discovered Exotics\")",
            "ExperienceGranted": 5000
        },
        {
            "Name": "HarvestingAnimal",
            "EventDescription": "NSLOCTEXT(\"D_ExperienceEvents\", \"HarvestingAnimal-EventDescription\", \"Harvested Animal\")",
            "SharedExperience": true,
            "ExperienceGranted": 370
        },
        {
            "Name": "KillFish",
            "EventDescription": "NSLOCTEXT(\"D_ExperienceEvents\", \"KillFish-EventDescription\", \"Kill Fish\")",
            "SharedExperience": true,
            "ExperienceGranted": 100
        },
        {
            "Name": "KillSmallAnimal",
            "SharedExperience": true,
            "ExperienceGranted": 500
        },
        {
            "Name": "KillMediumAnimal",
            "SharedExperience": true,
            "ExperienceGranted": 1000
        },
        {
            "Name": "Kill_BabyDeer",
            "EventDescription": "NSLOCTEXT(\"D_ExperienceEvents\", \"Kill_BabyDeer-EventDescription\", \"Killed Baby Deer\")",
            "SharedExperience": true,
            "ExperienceGranted": 260
        },
        {
            "Name": "Skin_BabyDeer",
            "EventDescription": "NSLOCTEXT(\"D_ExperienceEvents\", \"Skin_BabyDeer-EventDescription\", \"Skinned Baby Deer\")",
            "ExperienceGranted": 130
        },
        {
            "Name": "Kill_Roat",
            "EventDescription": "NSLOCTEXT(\"D_ExperienceEvents\", \"Kill_Roat-EventDescription\", \"Killed Roat\")",
            "SharedExperience": true,
            "ExperienceGranted": 170
        },
        {
            "Name": "Skin_Roat",
            "EventDescription": "NSLOCTEXT(\"D_ExperienceEvents\", \"Skin_Roat-EventDescription\", \"Skinned Roat\")",
            "ExperienceGranted": 80
        },
        {
            "Name": "Kill_Raccoon",
            "EventDescription": "NSLOCTEXT(\"D_ExperienceEvents\", \"Kill_Raccoon-EventDescription\", \"Killed Raccoon\")",
            "SharedExperience": true,
            "ExperienceGranted": 170
        },
        {
            "Name": "Skin_Raccoon",
            "EventDescription": "NSLOCTEXT(\"D_ExperienceEvents\", \"Skin_Raccoon-EventDescription\", \"Skinned Raccoon\")",
            "ExperienceGranted": 80
        },
        {
            "Name": "Kill_Chamois",
            "EventDescription": "NSLOCTEXT(\"D_ExperienceEvents\", \"Kill_Chamois-EventDescription\", \"Killed Chamois\")",
            "SharedExperience": true,
            "ExperienceGranted": 350
        },
        {
            "Name": "Skin_Chamois",
            "EventDescription": "NSLOCTEXT(\"D_ExperienceEvents\", \"Skin_Chamois-EventDescription\", \"Skinned Chamois\")",
            "ExperienceGranted": 170
        },
        {
            "Name": "Kill_RedGoat",
            "EventDescription": "NSLOCTEXT(\"D_ExperienceEvents\", \"Kill_RedGoat-EventDescription\", \"Killed Red Goat\")",
            "SharedExperience": true,
            "ExperienceGranted": 520
        },
        {
            "Name": "Skin_RedGoat",
            "EventDescription": "NSLOCTEXT(\"D_ExperienceEvents\", \"Skin_RedGoat-EventDescription\", \"Skinned RedGoat\")",
            "ExperienceGranted": 260
        },
        {
            "Name": "Kill_MediumDeer",
            "EventDescription": "NSLOCTEXT(\"D_ExperienceEvents\", \"Kill_MediumDeer-EventDescription\", \"Killed Medium Deer\")",
            "SharedExperience": true,
            "ExperienceGranted": 520
        },
        {
            "Name": "Skin_MediumDeer",
            "EventDescription": "NSLOCTEXT(\"D_ExperienceEvents\", \"Skin_MediumDeer-EventDescription\", \"Skinned Medium Deer\")",
            "ExperienceGranted": 260
        },
        {
            "Name": "Kill_LargeDeer",
            "EventDescription": "NSLOCTEXT(\"D_ExperienceEvents\", \"Kill_LargeDeer-EventDescription\", \"Killed Large Deer\")",
            "SharedExperience": true,
            "ExperienceGranted": 600
        },
        {
            "Name": "Skin_LargeDeer",
            "EventDescription": "NSLOCTEXT(\"D_ExperienceEvents\", \"Skin_LargeDeer-EventDescription\", \"Skinned Large Deer\")",
            "ExperienceGranted": 300
        },
        {
            "Name": "Kill_Wolf",
            "EventDescription": "NSLOCTEXT(\"D_ExperienceEvents\", \"Kill_Wolf-EventDescription\", \"Killed Wolf\")",
            "SharedExperience": true,
            "ExperienceGranted": 1500
        },
        {
            "Name": "Skin_Wolf",
            "EventDescription": "NSLOCTEXT(\"D_ExperienceEvents\", \"Skin_Wolf-EventDescription\", \"Skinned Wolf\")",
            "ExperienceGranted": 750
        },
        {
            "Name": "Kill_Hyena",
            "EventDescription": "NSLOCTEXT(\"D_ExperienceEvents\", \"Kill_Hyena-EventDescription\", \"Killed Hyena\")",
            "SharedExperience": true,
            "ExperienceGranted": 1500
        },
        {
            "Name": "Skin_Hyena",
            "EventDescription": "NSLOCTEXT(\"D_ExperienceEvents\", \"Skin_Hyena-EventDescription\", \"Skin Hyena\")",
            "ExperienceGranted": 750
        },
        {
            "Name": "Kill_Cougar",
            "EventDescription": "NSLOCTEXT(\"D_ExperienceEvents\", \"Kill_Cougar-EventDescription\", \"Killed Cougar\")",
            "SharedExperience": true,
            "ExperienceGranted": 1750
        },
        {
            "Name": "Skin_Cougar",
            "EventDescription": "NSLOCTEXT(\"D_ExperienceEvents\", \"Skin_Cougar-EventDescription\", \"Skinned Cougar\")",
            "ExperienceGranted": 870
        },
        {
            "Name": "Kill_Elephant",
            "EventDescription": "NSLOCTEXT(\"D_ExperienceEvents\", \"Kill_Elephant-EventDescription\", \"Killed Elephant\")",
            "SharedExperience": true,
            "ExperienceGranted": 2000
        },
        {
            "Name": "Skin_Elephant",
            "EventDescription": "NSLOCTEXT(\"D_ExperienceEvents\", \"Skin_Elephant-EventDescription\", \"Skinned Elephant\")",
            "ExperienceGranted": 1000
        },
        {
            "Name": "Kill_Bear",
            "EventDescription": "NSLOCTEXT(\"D_ExperienceEvents\", \"Kill_Bear-EventDescription\", \"Killed Bear\")",
            "SharedExperience": true,
            "ExperienceGranted": 2000
        },
        {
            "Name": "Skin_Bear",
            "EventDescription": "NSLOCTEXT(\"D_ExperienceEvents\", \"Skin_Bear-EventDescription\", \"Skinned Bear\")",
            "ExperienceGranted": 1000
        },
        {
            "Name": "Kill_Mammoth",
            "EventDescription": "NSLOCTEXT(\"D_ExperienceEvents\", \"Kill_Mammoth-EventDescription\", \"Killed Mammoth\")",
            "SharedExperience": true,
            "ExperienceGranted": 2500
        },
        {
            "Name": "Skin_Mammoth",
            "EventDescription": "NSLOCTEXT(\"D_ExperienceEvents\", \"Skin_Mammoth-EventDescription\", \"Skinned Mammoth\")",
            "ExperienceGranted": 1250
        },
        {
            "Name": "Kill_PolarBear",
            "EventDescription": "NSLOCTEXT(\"D_ExperienceEvents\", \"Kill_PolarBear-EventDescription\", \"Killed Polar Bear\")",
            "SharedExperience": true,
            "ExperienceGranted": 3000
        },
        {
            "Name": "Skin_PolarBear",
            "EventDescription": "NSLOCTEXT(\"D_ExperienceEvents\", \"Skin_PolarBear-EventDescription\", \"Skinned Polar Bear\")",
            "ExperienceGranted": 1500
        },
        {
            "Name": "MineStone",
            "EventDescription": "NSLOCTEXT(\"D_ExperienceEvents\", \"MineStone-EventDescription\", \"Mine Stone\")",
            "SharedExperience": true,
            "ExperienceGranted": 30
        },
        {
            "Name": "MineMetal",
            "EventDescription": "NSLOCTEXT(\"D_ExperienceEvents\", \"MineMetal-EventDescription\", \"Mine Iron\")",
            "SharedExperience": true,
            "ExperienceGranted": 70
        },
        {
            "Name": "MineOxite",
            "EventDescription": "NSLOCTEXT(\"D_ExperienceEvents\", \"MineOxite-EventDescription\", \"Mine Oxite\")",
            "SharedExperience": true,
            "ExperienceGranted": 30
        },
        {
            "Name": "MineCopper",
            "EventDescription": "NSLOCTEXT(\"D_ExperienceEvents\", \"MineCopper-EventDescription\", \"Mine Copper\")",
            "SharedExperience": true,
            "ExperienceGranted": 70
        },
        {
            "Name": "MineGold",
            "EventDescription": "NSLOCTEXT(\"D_ExperienceEvents\", \"MineGold-EventDescription\", \"Mine Gold\")",
            "SharedExperience": true,
            "ExperienceGranted": 70
        },
        {
            "Name": "MineBauxite",
            "EventDescription": "NSLOCTEXT(\"D_ExperienceEvents\", \"MineBauxite-EventDescription\", \"Mine Aluminium\")",
            "SharedExperience": true,
            "ExperienceGranted": 70
        },
        {
            "Name": "MineSulfur",
            "EventDescription": "NSLOCTEXT(\"D_ExperienceEvents\", \"MineSulfur-EventDescription\", \"Mine Sulfur\")",
            "SharedExperience": true,
            "ExperienceGranted": 30
        },
        {
            "Name": "MineSilica",
            "EventDescription": "NSLOCTEXT(\"D_ExperienceEvents\", \"MineSilica-EventDescription\", \"Mine Silica\")",
            "SharedExperience": true,
            "ExperienceGranted": 30
        },
        {
            "Name": "MineIce",
            "EventDescription": "NSLOCTEXT(\"D_ExperienceEvents\", \"MineIce-EventDescription\", \"Mine Ice\")",
            "SharedExperience": true,
            "ExperienceGranted": 40
        },
        {
            "Name": "MinePlatinum",
            "EventDescription": "NSLOCTEXT(\"D_ExperienceEvents\", \"MinePlatinum-EventDescription\", \"Mine Platinum\")",
            "SharedExperience": true,
            "ExperienceGranted": 90
        },
        {
            "Name": "MineTitanium",
            "EventDescription": "NSLOCTEXT(\"D_ExperienceEvents\", \"MineTitanium-EventDescription\", \"Mine Titanium\")",
            "SharedExperience": true,
            "ExperienceGranted": 90
        },
        {
            "Name": "MineCoal",
            "EventDescription": "NSLOCTEXT(\"D_ExperienceEvents\", \"MineCoal-EventDescription\", \"Mine Coal\")",
            "SharedExperience": true,
            "ExperienceGranted": 40
        },
        {
            "Name": "MineExotic",
            "EventDescription": "NSLOCTEXT(\"D_ExperienceEvents\", \"MineExotic-EventDescription\", \"Mine Exotic\")",
            "SharedExperience": true,
            "ExperienceGranted": 40
        },
        {
            "Name": "FellTree",
            "EventDescription": "NSLOCTEXT(\"D_ExperienceEvents\", \"FellTree-EventDescription\", \"Fell Tree\")",
            "SharedExperience": true,
            "ExperienceGranted": 300
        },
        {
            "Name": "Kill_Rabbit",
            "EventDescription": "NSLOCTEXT(\"D_ExperienceEvents\", \"Kill_Rabbit-EventDescription\", \"Killed Rabbit\")",
            "SharedExperience": true,
            "ExperienceGranted": 170
        },
        {
            "Name": "Skin_Rabbit",
            "EventDescription": "NSLOCTEXT(\"D_ExperienceEvents\", \"Skin_Rabbit-EventDescription\", \"Skinned Rabbit\")",
            "ExperienceGranted": 80
        },
        {
            "Name": "Kill_Pack_Wolf",
            "EventDescription": "NSLOCTEXT(\"D_ExperienceEvents\", \"Kill_Pack_Wolf-EventDescription\", \"Killed Pack Wolf\")",
            "SharedExperience": true,
            "ExperienceGranted": 100
        },
        {
            "Name": "Skin_Pack_Wolf",
            "EventDescription": "NSLOCTEXT(\"D_ExperienceEvents\", \"Skin_Pack_Wolf-EventDescription\", \"Skinned Pack Wolf\")",
            "ExperienceGranted": 50
        },
        {
            "Name": "Kill_Alpha_Wolf",
            "EventDescription": "NSLOCTEXT(\"D_ExperienceEvents\", \"Kill_Alpha_Wolf-EventDescription\", \"Killed Alpha Wolf\")",
            "SharedExperience": true,
            "ExperienceGranted": 2000
        },
        {
            "Name": "Skin_Alpha_Wolf",
            "EventDescription": "NSLOCTEXT(\"D_ExperienceEvents\", \"Skin_Alpha_Wolf-EventDescription\", \"Skinned Alpha Wolf\")",
            "ExperienceGranted": 1250
        },
        {
            "Name": "Kill_Alpha_Cat",
            "EventDescription": "NSLOCTEXT(\"D_ExperienceEvents\", \"Kill_Alpha_Cat-EventDescription\", \"Killed Alpha Cat\")",
            "SharedExperience": true,
            "ExperienceGranted": 2000
        },
        {
            "Name": "Skin_Alpha_Cat",
            "EventDescription": "NSLOCTEXT(\"D_ExperienceEvents\", \"Skin_Alpha_Cat-EventDescription\", \"Skinned Alpha Cat\")",
            "ExperienceGranted": 1250
        },
        {
            "Name": "Kill_Small_Antelope",
            "EventDescription": "NSLOCTEXT(\"D_ExperienceEvents\", \"Kill_Small_Antelope-EventDescription\", \"Killed Antelope\")",
            "SharedExperience": true,
            "ExperienceGranted": 520
        },
        {
            "Name": "Kill_Large_Antelope",
            "EventDescription": "NSLOCTEXT(\"D_ExperienceEvents\", \"Kill_Large_Antelope-EventDescription\", \"Killed Antelope\")",
            "SharedExperience": true,
            "ExperienceGranted": 600
        },
        {
            "Name": "Skin_Antelope",
            "EventDescription": "NSLOCTEXT(\"D_ExperienceEvents\", \"Skin_Antelope-EventDescription\", \"Skinned Antelope\")",
            "ExperienceGranted": 260
        },
        {
            "Name": "Kill_Buffalo",
            "EventDescription": "NSLOCTEXT(\"D_ExperienceEvents\", \"Kill_Buffalo-EventDescription\", \"Killed Buffalo\")",
            "SharedExperience": true,
            "ExperienceGranted": 520
        },
        {
            "Name": "Skin_Buffalo",
            "EventDescription": "NSLOCTEXT(\"D_ExperienceEvents\", \"Skin_Buffalo-EventDescription\", \"Skinned Buffalo\")",
            "ExperienceGranted": 260
        },
        {
            "Name": "Skin_Boar",
            "EventDescription": "NSLOCTEXT(\"D_ExperienceEvents\", \"Skin_Boar-EventDescription\", \"Skinned Boar\")",
            "ExperienceGranted": 500
        },
        {
            "Name": "Kill_Boar",
            "EventDescription": "NSLOCTEXT(\"D_ExperienceEvents\", \"Kill_Boar-EventDescription\", \"Killed Boar\")",
            "SharedExperience": true,
            "ExperienceGranted": 1000
        },
        {
            "Name": "Kill_Zebra",
            "EventDescription": "NSLOCTEXT(\"D_ExperienceEvents\", \"Kill_Zebra-EventDescription\", \"Killed Zebra\")",
            "SharedExperience": true,
            "ExperienceGranted": 550
        },
        {
            "Name": "Skin_Zebra",
            "EventDescription": "NSLOCTEXT(\"D_ExperienceEvents\", \"Skin_Zebra-EventDescription\", \"Skinned Zebra\")",
            "ExperienceGranted": 200
        },
        {
            "Name": "Kill_Cave_Worm",
            "EventDescription": "NSLOCTEXT(\"D_ExperienceEvents\", \"Kill_Cave_Worm-EventDescription\", \"Killed Caveworm\")",
            "SharedExperience": true,
            "ExperienceGranted": 400
        },
        {
            "Name": "Skin_Scorpion",
            "EventDescription": "NSLOCTEXT(\"D_ExperienceEvents\", \"Skin_Scorpion-EventDescription\", \"Skinned Scorpion\")",
            "ExperienceGranted": 750
        },
        {
            "Name": "Kill_Scorpion",
            "EventDescription": "NSLOCTEXT(\"D_ExperienceEvents\", \"Kill_Scorpion-EventDescription\", \"Killed Scorpion\")",
            "SharedExperience": true,
            "ExperienceGranted": 1500
        },
        {
            "Name": "Kill_Scorpion_Summon",
            "EventDescription": "NSLOCTEXT(\"D_ExperienceEvents\", \"Kill_Scorpion_Summon-EventDescription\", \"Killed Young Scorpion\")",
            "SharedExperience": true,
            "ExperienceGranted": 100
        },
        {
            "Name": "Skin_PolarBearCub",
            "EventDescription": "NSLOCTEXT(\"D_ExperienceEvents\", \"Skin_PolarBearCub-EventDescription\", \"Skinned Polar Bear Cub\")",
            "ExperienceGranted": 750
        },
        {
            "Name": "Kill_Crocodile",
            "EventDescription": "NSLOCTEXT(\"D_ExperienceEvents\", \"Kill_Crocodile-EventDescription\", \"Killed Crocodile\")",
            "SharedExperience": true,
            "ExperienceGranted": 1000
        },
        {
            "Name": "Kill_Komodo",
            "EventDescription": "NSLOCTEXT(\"D_ExperienceEvents\", \"Kill_Komodo-EventDescription\", \"Killed Komodo\")",
            "SharedExperience": true,
            "ExperienceGranted": 800
        },
        {
            "Name": "Kill_Kea",
            "EventDescription": "NSLOCTEXT(\"D_ExperienceEvents\", \"Kill_Kea-EventDescription\", \"Killed Kea\")",
            "SharedExperience": true,
            "ExperienceGranted": 50
        },
        {
            "Name": "Kill_PolarBearCub",
            "EventDescription": "NSLOCTEXT(\"D_ExperienceEvents\", \"Kill_PolarBearCub-EventDescription\", \"Killed Polar Bear Cub\")",
            "SharedExperience": true,
            "ExperienceGranted": 100
        },
        {
            "Name": "Kill_BearCub",
            "EventDescription": "NSLOCTEXT(\"D_ExperienceEvents\", \"Kill_BearCub-EventDescription\", \"Killed Bear Cub\")",
            "SharedExperience": true,
            "ExperienceGranted": 75
        },
        {
            "Name": "Skin_Crocodile",
            "EventDescription": "NSLOCTEXT(\"D_ExperienceEvents\", \"Skin_Crocodile-EventDescription\", \"Skinned Crocodile\")",
            "ExperienceGranted": 750
        },
        {
            "Name": "Skin_Komodo",
            "EventDescription": "NSLOCTEXT(\"D_ExperienceEvents\", \"Skin_Komodo-EventDescription\", \"Skinned Komodo\")",
            "ExperienceGranted": 500
        },
        {
            "Name": "Skin_Kea",
            "EventDescription": "NSLOCTEXT(\"D_ExperienceEvents\", \"Skin_Kea-EventDescription\", \"Skinned Kea\")",
            "ExperienceGranted": 80
        },
        {
            "Name": "Skin_BearCub",
            "EventDescription": "NSLOCTEXT(\"D_ExperienceEvents\", \"Skin_BearCub-EventDescription\", \"Skinned Bear Cub\")",
            "ExperienceGranted": 500
        },
        {
            "Name": "Kill_SandWorm",
            "EventDescription": "NSLOCTEXT(\"D_ExperienceEvents\", \"Kill_SandWorm-EventDescription\", \"Killed Sand Worm\")",
            "SharedExperience": true,
            "ExperienceGranted": 5000
        },
        {
            "Name": "Kill_ScorpionBoss",
            "EventDescription": "NSLOCTEXT(\"D_ExperienceEvents\", \"Kill_ScorpionBoss-EventDescription\", \"Killed Scorpion Boss\")",
            "SharedExperience": true,
            "ExperienceGranted": 5000
        },
        {
            "Name": "HordeReward_Base",
            "EventDescription": "NSLOCTEXT(\"D_ExperienceEvents\", \"HordeReward_Base-EventDescription\", \"Vapour Condensation Complete\")",
            "SharedExperience": true,
            "ExperienceGranted": 2500
        },
        {
            "Name": "Skin_Moa",
            "EventDescription": "NSLOCTEXT(\"D_ExperienceEvents\", \"Skin_Moa-EventDescription\", \"Skinned Moa\")",
            "ExperienceGranted": 260
        },
        {
            "Name": "Skin_BabyMoa",
            "EventDescription": "NSLOCTEXT(\"D_ExperienceEvents\", \"Skin_BabyMoa-EventDescription\", \"Skinned Juvenile Moa\")",
            "ExperienceGranted": 130
        },
        {
            "Name": "Skin_BabyBuffalo",
            "EventDescription": "NSLOCTEXT(\"D_ExperienceEvents\", \"Skin_BabyBuffalo-EventDescription\", \"Skinned Juvenile Buffalo\")",
            "ExperienceGranted": 130
        },
        {
            "Name": "Kill_BabyBuffalo",
            "EventDescription": "NSLOCTEXT(\"D_ExperienceEvents\", \"Kill_BabyBuffalo-EventDescription\", \"Killed Juvenile Buffalo\")",
            "SharedExperience": true,
            "ExperienceGranted": 260
        },
        {
            "Name": "Kill_BabyMoa",
            "EventDescription": "NSLOCTEXT(\"D_ExperienceEvents\", \"Kill_BabyMoa-EventDescription\", \"Killed Juvenile Moa\")",
            "SharedExperience": true,
            "ExperienceGranted": 260
        },
        {
            "Name": "Kill_Moa",
            "EventDescription": "NSLOCTEXT(\"D_ExperienceEvents\", \"Kill_Moa-EventDescription\", \"Killed Moa\")",
            "SharedExperience": true,
            "ExperienceGranted": 520
        },
        {
            "Name": "Skin_RockDog",
            "EventDescription": "NSLOCTEXT(\"D_ExperienceEvents\", \"Skin_RockDog-EventDescription\", \"Skinned Rock Dog\")",
            "ExperienceGranted": 1000
        },
        {
            "Name": "Kill_RockDog",
            "EventDescription": "NSLOCTEXT(\"D_ExperienceEvents\", \"Kill_RockDog-EventDescription\", \"Killed Rock Dog\")",
            "SharedExperience": true,
            "ExperienceGranted": 2000
        },
        {
            "Name": "Skin_BatDog",
            "EventDescription": "NSLOCTEXT(\"D_ExperienceEvents\", \"Skin_BatDog-EventDescription\", \"Skinned BatDog\")",
            "ExperienceGranted": 750
        },
        {
            "Name": "Skin_Needler",
            "EventDescription": "NSLOCTEXT(\"D_ExperienceEvents\", \"Skin_Needler-EventDescription\", \"Skinned Needler\")",
            "ExperienceGranted": 750
        },
        {
            "Name": "Easy_Mission",
            "EventDescription": "NSLOCTEXT(\"D_ExperienceEvents\", \"Easy_Mission-EventDescription\", \"Easy Mission Complete\")",
            "ExperienceGranted": 5000
        },
        {
            "Name": "Medium_Mission",
            "EventDescription": "NSLOCTEXT(\"D_ExperienceEvents\", \"Medium_Mission-EventDescription\", \"Medium Mission Complete\")",
            "ExperienceGranted": 10000
        },
        {
            "Name": "Hard_Mission",
            "EventDescription": "NSLOCTEXT(\"D_ExperienceEvents\", \"Hard_Mission-EventDescription\", \"Hard Mission Complete\")",
            "ExperienceGranted": 15000
        },
        {
            "Name": "Skin_PredatorBird",
            "EventDescription": "NSLOCTEXT(\"D_ExperienceEvents\", \"Skin_PredatorBird-EventDescription\", \"Skinned Predator Bird\")",
            "SharedExperience": true,
            "ExperienceGranted": 80
        }
    ]
}