{
    "RowStruct": "/Script/Icarus.SurfacesData",
    "Defaults": {
        "PhysicalMaterial": "None",
        "SurfaceType": "SurfaceType_Default",
        "ParticleSystem": "None",
        "NiagaraSystem": "None",
        "PlayerFootstepAudioData": {
            "RowName": "None",
            "DataTableName": "D_PlayerFootstepAudioData"
        },
        "FMODParam": "Default",
        "AudioReflectionData": {
            "ReflectionMultiplier": 0,
            "LowFrequencies": 0,
            "HighFrequencies": 0
        },
        "AIPerceptionVolumeMultiplier": 1
    },
    "Columns": [
        {
            "Name": "SurfaceType",
            "Key": true,
            "Include": "Chaos/ChaosEngineInterface.h"
        }
    ],
    "Rows": [
        {
            "Name": "Default",
            "PlayerFootstepAudioData": {
                "RowName": "Default"
            }
        },
        {
            "Name": "Dirt",
            "PhysicalMaterial": "/Game/Physical_Materials/PM_Dirt.PM_Dirt",
            "SurfaceType": "SurfaceType1",
            "ParticleSystem": "/Game/TRD/Realistic_Starter_VFX_Pack/Particles/Hit/P_Rock.P_Rock",
            "PlayerFootstepAudioData": {
                "RowName": "Default"
            },
            "FMODParam": "Dirt",
            "AudioReflectionData": {
                "ReflectionMultiplier": 0.20000000298023224
            }
        },
        {
            "Name": "Sand",
            "PhysicalMaterial": "/Game/Physical_Materials/PM_Sand.PM_Sand",
            "SurfaceType": "SurfaceType2",
            "ParticleSystem": "/Game/TRD/Realistic_Starter_VFX_Pack/Particles/Hit/P_Sand.P_Sand",
            "PlayerFootstepAudioData": {
                "RowName": "Sand"
            },
            "FMODParam": "Sand"
        },
        {
            "Name": "Grass",
            "PhysicalMaterial": "/Game/Physical_Materials/PM_Grass.PM_Grass",
            "SurfaceType": "SurfaceType3",
            "ParticleSystem": "/Game/TRD/Realistic_Starter_VFX_Pack/Particles/Hit/P_Grass.P_Grass",
            "PlayerFootstepAudioData": {
                "RowName": "Grass"
            },
            "FMODParam": "Grass"
        },
        {
            "Name": "Wood",
            "PhysicalMaterial": "/Game/Physical_Materials/PM_Wood.PM_Wood",
            "SurfaceType": "SurfaceType4",
            "ParticleSystem": "/Game/ASS/VFX/WOD/P_WoodChips.P_WoodChips",
            "PlayerFootstepAudioData": {
                "RowName": "WoodPlank"
            },
            "FMODParam": "Wood",
            "AudioReflectionData": {
                "ReflectionMultiplier": 0.5,
                "LowFrequencies": 0.25,
                "HighFrequencies": -0.25
            },
            "AIPerceptionVolumeMultiplier": 2
        },
        {
            "Name": "Rock",
            "PhysicalMaterial": "/Game/Physical_Materials/PM_Rock.PM_Rock",
            "SurfaceType": "SurfaceType5",
            "ParticleSystem": "/Game/TRD/Realistic_Starter_VFX_Pack/Particles/Hit/P_Rock.P_Rock",
            "PlayerFootstepAudioData": {
                "RowName": "Rock"
            },
            "FMODParam": "Rock",
            "AudioReflectionData": {
                "ReflectionMultiplier": 0.800000011920929
            }
        },
        {
            "Name": "Plastic",
            "PhysicalMaterial": "/Game/Physical_Materials/PM_Plastic.PM_Plastic",
            "SurfaceType": "SurfaceType6",
            "ParticleSystem": "/Game/TRD/Realistic_Starter_VFX_Pack/Particles/Hit/P_Plastic.P_Plastic",
            "PlayerFootstepAudioData": {
                "RowName": "Default"
            },
            "FMODParam": "Plastic",
            "AudioReflectionData": {
                "ReflectionMultiplier": 0.20000000298023224
            }
        },
        {
            "Name": "Metal",
            "PhysicalMaterial": "/Game/Physical_Materials/PM_Metal.PM_Metal",
            "SurfaceType": "SurfaceType7",
            "ParticleSystem": "/Game/TRD/Realistic_Starter_VFX_Pack/Particles/Hit/P_Metal.P_Metal",
            "PlayerFootstepAudioData": {
                "RowName": "Metal"
            },
            "FMODParam": "Metal",
            "AudioReflectionData": {
                "ReflectionMultiplier": 1
            },
            "AIPerceptionVolumeMultiplier": 2
        },
        {
            "Name": "Carpet",
            "PhysicalMaterial": "/Game/Physical_Materials/PM_Carpet.PM_Carpet",
            "SurfaceType": "SurfaceType8",
            "ParticleSystem": "/Game/TRD/Realistic_Starter_VFX_Pack/Particles/Hit/P_Fabric.P_Fabric",
            "PlayerFootstepAudioData": {
                "RowName": "Default"
            },
            "FMODParam": "Carpet",
            "AudioReflectionData": {
                "HighFrequencies": -1
            }
        },
        {
            "Name": "Snow",
            "PhysicalMaterial": "/Game/Physical_Materials/PM_Snow.PM_Snow",
            "SurfaceType": "SurfaceType9",
            "ParticleSystem": "/Game/TRD/Realistic_Starter_VFX_Pack/Particles/Hit/P_Snow.P_Snow",
            "PlayerFootstepAudioData": {
                "RowName": "Snow"
            },
            "FMODParam": "Snow",
            "AudioReflectionData": {
                "HighFrequencies": -0.25
            }
        },
        {
            "Name": "Water",
            "PhysicalMaterial": "/Game/Physical_Materials/PM_Water.PM_Water",
            "SurfaceType": "SurfaceType10",
            "ParticleSystem": "/Game/TRD/Realistic_Starter_VFX_Pack/Particles/Hit/P_Water.P_Water",
            "PlayerFootstepAudioData": {
                "RowName": "Water"
            },
            "FMODParam": "Water",
            "AIPerceptionVolumeMultiplier": 3
        },
        {
            "Name": "Gravel",
            "PhysicalMaterial": "/Game/Physical_Materials/PM_Gravel.PM_Gravel",
            "SurfaceType": "SurfaceType11",
            "ParticleSystem": "/Game/TRD/Realistic_Starter_VFX_Pack/Particles/Hit/P_Rock.P_Rock",
            "PlayerFootstepAudioData": {
                "RowName": "Gravel"
            },
            "FMODParam": "Gravel",
            "AudioReflectionData": {
                "ReflectionMultiplier": 0.20000000298023224
            },
            "AIPerceptionVolumeMultiplier": 1.5
        },
        {
            "Name": "Flesh",
            "PhysicalMaterial": "/Game/Physical_Materials/PM_Flesh.PM_Flesh",
            "SurfaceType": "SurfaceType12",
            "ParticleSystem": "/Game/TRD/Realistic_Starter_VFX_Pack/Particles/Hit/P_Blood_MegaUltraSplatter.P_Blood_MegaUltraSplatter",
            "PlayerFootstepAudioData": {
                "RowName": "Default"
            },
            "FMODParam": "Flesh"
        },
        {
            "Name": "Concrete",
            "PhysicalMaterial": "/Game/Physical_Materials/PM_Concrete.PM_Concrete",
            "SurfaceType": "SurfaceType13",
            "ParticleSystem": "/Game/TRD/Realistic_Starter_VFX_Pack/Particles/Hit/P_Rock.P_Rock",
            "PlayerFootstepAudioData": {
                "RowName": "Concrete"
            },
            "FMODParam": "Concrete",
            "AudioReflectionData": {
                "ReflectionMultiplier": 1,
                "HighFrequencies": 1
            }
        },
        {
            "Name": "Mud",
            "PhysicalMaterial": "/Game/Physical_Materials/PM_Mud.PM_Mud",
            "SurfaceType": "SurfaceType14",
            "ParticleSystem": "/Game/TRD/Realistic_Starter_VFX_Pack/Particles/Hit/P_Mud_Basic.P_Mud_Basic",
            "PlayerFootstepAudioData": {
                "RowName": "Mud"
            },
            "FMODParam": "Mud",
            "AIPerceptionVolumeMultiplier": 2
        },
        {
            "Name": "Ice",
            "PhysicalMaterial": "/Game/Physical_Materials/PM_Ice.PM_Ice",
            "SurfaceType": "SurfaceType15",
            "ParticleSystem": "/Game/TRD/Realistic_Starter_VFX_Pack/Particles/Hit/P_Rock.P_Rock",
            "PlayerFootstepAudioData": {
                "RowName": "Ice"
            },
            "FMODParam": "Ice",
            "AudioReflectionData": {
                "ReflectionMultiplier": 0.4000000059604645
            }
        },
        {
            "Name": "Tree",
            "PhysicalMaterial": "/Game/Physical_Materials/PM_Tree.PM_Tree",
            "SurfaceType": "SurfaceType16",
            "ParticleSystem": "/Game/ASS/VFX/WOD/P_WoodChips.P_WoodChips",
            "PlayerFootstepAudioData": {
                "RowName": "Hardwood"
            },
            "FMODParam": "Tree"
        },
        {
            "Name": "Bush",
            "PhysicalMaterial": "/Game/Physical_Materials/PM_Bush.PM_Bush",
            "SurfaceType": "SurfaceType19",
            "ParticleSystem": "/Game/TRD/Realistic_Starter_VFX_Pack/Particles/Hit/P_Grass.P_Grass",
            "PlayerFootstepAudioData": {
                "RowName": "Grass"
            },
            "FMODParam": "Bush"
        },
        {
            "Name": "Voxel_Bauxite",
            "PhysicalMaterial": "/Game/Physical_Materials/PM_Voxel_Bauxite.PM_Voxel_Bauxite",
            "SurfaceType": "SurfaceType20",
            "ParticleSystem": "/Game/TRD/Realistic_Starter_VFX_Pack/Particles/Hit/P_Metal.P_Metal",
            "NiagaraSystem": "NiagaraSystem'/Game/ASS/VFX/VOX/NS_Voxel_Bauxite_Hit.NS_Voxel_Bauxite_Hit'",
            "PlayerFootstepAudioData": {
                "RowName": "Rock"
            },
            "FMODParam": "VoxelMetal",
            "AudioReflectionData": {
                "ReflectionMultiplier": 0.800000011920929
            }
        },
        {
            "Name": "Voxel_Copper",
            "PhysicalMaterial": "/Game/Physical_Materials/PM_Voxel_Copper.PM_Voxel_Copper",
            "SurfaceType": "SurfaceType21",
            "ParticleSystem": "/Game/TRD/Realistic_Starter_VFX_Pack/Particles/Hit/P_Metal.P_Metal",
            "NiagaraSystem": "NiagaraSystem'/Game/ASS/VFX/VOX/NS_Voxel_Copper_Hit.NS_Voxel_Copper_Hit'",
            "PlayerFootstepAudioData": {
                "RowName": "Rock"
            },
            "FMODParam": "VoxelMetal",
            "AudioReflectionData": {
                "ReflectionMultiplier": 0.800000011920929
            }
        },
        {
            "Name": "Voxel_Gold",
            "PhysicalMaterial": "/Game/Physical_Materials/PM_Voxel_Gold.PM_Voxel_Gold",
            "SurfaceType": "SurfaceType22",
            "ParticleSystem": "/Game/TRD/Realistic_Starter_VFX_Pack/Particles/Hit/P_Metal.P_Metal",
            "NiagaraSystem": "NiagaraSystem'/Game/ASS/VFX/VOX/NS_Voxel_Gold_Hit.NS_Voxel_Gold_Hit'",
            "PlayerFootstepAudioData": {
                "RowName": "Rock"
            },
            "FMODParam": "VoxelMetal",
            "AudioReflectionData": {
                "ReflectionMultiplier": 0.800000011920929
            }
        },
        {
            "Name": "Voxel_Metal",
            "PhysicalMaterial": "/Game/Physical_Materials/PM_Voxel_Metal.PM_Voxel_Metal",
            "SurfaceType": "SurfaceType23",
            "ParticleSystem": "/Game/TRD/Realistic_Starter_VFX_Pack/Particles/Hit/P_Metal.P_Metal",
            "NiagaraSystem": "NiagaraSystem'/Game/ASS/VFX/VOX/NS_Voxel_Metal_Hit.NS_Voxel_Metal_Hit'",
            "PlayerFootstepAudioData": {
                "RowName": "Rock"
            },
            "FMODParam": "VoxelMetal",
            "AudioReflectionData": {
                "ReflectionMultiplier": 0.800000011920929
            }
        },
        {
            "Name": "Voxel_Oxite",
            "PhysicalMaterial": "/Game/Physical_Materials/PM_Voxel_Oxite.PM_Voxel_Oxite",
            "SurfaceType": "SurfaceType24",
            "ParticleSystem": "/Game/TRD/Realistic_Starter_VFX_Pack/Particles/Hit/P_Rock.P_Rock",
            "NiagaraSystem": "NiagaraSystem'/Game/ASS/VFX/VOX/NS_Voxel_Oxite_Hit.NS_Voxel_Oxite_Hit'",
            "PlayerFootstepAudioData": {
                "RowName": "Rock"
            },
            "FMODParam": "VoxelMetal",
            "AudioReflectionData": {
                "ReflectionMultiplier": 0.800000011920929
            }
        },
        {
            "Name": "Voxel_Silica",
            "PhysicalMaterial": "/Game/Physical_Materials/PM_Voxel_Silica.PM_Voxel_Silica",
            "SurfaceType": "SurfaceType25",
            "ParticleSystem": "/Game/TRD/Realistic_Starter_VFX_Pack/Particles/Hit/P_Rock.P_Rock",
            "NiagaraSystem": "NiagaraSystem'/Game/ASS/VFX/VOX/NS_Voxel_Silica_Hit.NS_Voxel_Silica_Hit'",
            "PlayerFootstepAudioData": {
                "RowName": "Rock"
            },
            "FMODParam": "VoxelRock",
            "AudioReflectionData": {
                "ReflectionMultiplier": 0.800000011920929
            }
        },
        {
            "Name": "Voxel_Stone",
            "PhysicalMaterial": "/Game/Physical_Materials/PM_Voxel_Stone.PM_Voxel_Stone",
            "SurfaceType": "SurfaceType26",
            "ParticleSystem": "/Game/TRD/Realistic_Starter_VFX_Pack/Particles/Hit/P_Rock.P_Rock",
            "NiagaraSystem": "NiagaraSystem'/Game/ASS/VFX/VOX/NS_Voxel_Stone_Hit.NS_Voxel_Stone_Hit'",
            "PlayerFootstepAudioData": {
                "RowName": "Rock"
            },
            "FMODParam": "VoxelRock",
            "AudioReflectionData": {
                "ReflectionMultiplier": 0.800000011920929
            }
        },
        {
            "Name": "Voxel_Sulfur",
            "PhysicalMaterial": "/Game/Physical_Materials/PM_Voxel_Sulfur.PM_Voxel_Sulfur",
            "SurfaceType": "SurfaceType27",
            "ParticleSystem": "/Game/TRD/Realistic_Starter_VFX_Pack/Particles/Hit/P_Rock.P_Rock",
            "NiagaraSystem": "NiagaraSystem'/Game/ASS/VFX/VOX/NS_Voxel_Sulfur_Hit.NS_Voxel_Sulfur_Hit'",
            "PlayerFootstepAudioData": {
                "RowName": "Rock"
            },
            "FMODParam": "VoxelRock",
            "AudioReflectionData": {
                "ReflectionMultiplier": 0.800000011920929
            }
        },
        {
            "Name": "Glass",
            "PhysicalMaterial": "/Game/Physical_Materials/PM_Glass.PM_Glass",
            "SurfaceType": "SurfaceType28",
            "ParticleSystem": "/Game/TRD/Realistic_Starter_VFX_Pack/Particles/Hit/P_Glass.P_Glass",
            "PlayerFootstepAudioData": {
                "RowName": "Glass"
            },
            "FMODParam": "Glass",
            "AudioReflectionData": {
                "ReflectionMultiplier": 0.800000011920929,
                "LowFrequencies": -0.25
            }
        },
        {
            "Name": "Thatch",
            "PhysicalMaterial": "/Game/Physical_Materials/PM_Thatch.PM_Thatch",
            "SurfaceType": "SurfaceType29",
            "ParticleSystem": "/Game/TRD/Realistic_Starter_VFX_Pack/Particles/Hit/P_Thatch.P_Thatch",
            "PlayerFootstepAudioData": {
                "RowName": "Thatch"
            },
            "FMODParam": "Thatch"
        },
        {
            "Name": "Cactus",
            "PhysicalMaterial": "/Game/Physical_Materials/PM_Cactus.PM_Cactus",
            "SurfaceType": "SurfaceType30",
            "ParticleSystem": "/Game/ASS/VFX/WOD/P_WoodChips.P_WoodChips",
            "FMODParam": "Cactus"
        },
        {
            "Name": "Bone",
            "PhysicalMaterial": "/Game/Physical_Materials/PM_Bone.PM_Bone",
            "SurfaceType": "SurfaceType31",
            "ParticleSystem": "/Game/TRD/Realistic_Starter_VFX_Pack/Particles/Hit/P_Bone.P_Bone",
            "FMODParam": "Bone"
        },
        {
            "Name": "Corrugated_Iron",
            "PhysicalMaterial": "/Game/Physical_Materials/PM_Corrugated_Iron.PM_Corrugated_Iron",
            "SurfaceType": "SurfaceType32",
            "ParticleSystem": "/Game/TRD/Realistic_Starter_VFX_Pack/Particles/Hit/P_Metal.P_Metal",
            "PlayerFootstepAudioData": {
                "RowName": "CorrugatedIron"
            },
            "FMODParam": "CorrugatedIron",
            "AudioReflectionData": {
                "ReflectionMultiplier": 0.800000011920929
            }
        },
        {
            "Name": "Voxel_Coal",
            "PhysicalMaterial": "/Game/Physical_Materials/PM_Voxel_Coal.PM_Voxel_Coal",
            "SurfaceType": "SurfaceType33",
            "ParticleSystem": "/Game/TRD/Realistic_Starter_VFX_Pack/Particles/Hit/P_Rock.P_Rock",
            "NiagaraSystem": "NiagaraSystem'/Game/ASS/VFX/VOX/NS_Voxel_Coal_Hit.NS_Voxel_Coal_Hit'",
            "PlayerFootstepAudioData": {
                "RowName": "Rock"
            },
            "FMODParam": "VoxelRock",
            "AudioReflectionData": {
                "ReflectionMultiplier": 0.800000011920929
            }
        },
        {
            "Name": "Voxel_Platinum",
            "PhysicalMaterial": "/Game/Physical_Materials/PM_Voxel_Coal.PM_Voxel_Coal",
            "SurfaceType": "SurfaceType34",
            "ParticleSystem": "/Game/TRD/Realistic_Starter_VFX_Pack/Particles/Hit/P_Metal.P_Metal",
            "NiagaraSystem": "NiagaraSystem'/Game/ASS/VFX/VOX/NS_Voxel_Platinum_Hit.NS_Voxel_Platinum_Hit'",
            "PlayerFootstepAudioData": {
                "RowName": "Rock"
            },
            "FMODParam": "VoxelMetal",
            "AudioReflectionData": {
                "ReflectionMultiplier": 0.800000011920929
            }
        },
        {
            "Name": "Voxel_DesertStone",
            "PhysicalMaterial": "/Game/Physical_Materials/PM_Voxel_StoneDesert.PM_Voxel_StoneDesert",
            "SurfaceType": "SurfaceType35",
            "ParticleSystem": "/Game/TRD/Realistic_Starter_VFX_Pack/Particles/Hit/P_Rock.P_Rock",
            "NiagaraSystem": "NiagaraSystem'/Game/ASS/VFX/VOX/NS_Voxel_StoneDesert_Hit.NS_Voxel_StoneDesert_Hit'",
            "PlayerFootstepAudioData": {
                "RowName": "Rock"
            },
            "FMODParam": "VoxelRock",
            "AudioReflectionData": {
                "ReflectionMultiplier": 0.800000011920929
            }
        },
        {
            "Name": "Lava",
            "PhysicalMaterial": "/Game/Physical_Materials/PM_Lava.PM_Lava",
            "SurfaceType": "SurfaceType36",
            "ParticleSystem": "/Game/TRD/Realistic_Starter_VFX_Pack/Particles/Hit/P_Water.P_Water",
            "PlayerFootstepAudioData": {
                "RowName": "Lava"
            },
            "FMODParam": "Lava"
        }
    ]
}