{
    "RowStruct": "/Script/Icarus.VoxelSetupData",
    "Defaults": {
        "ResourceCategory": "None",
        "ResourceType": {
            "RowName": "None",
            "DataTableName": "D_ItemTemplate"
        },
        "SecondaryResourceType": {
            "RowName": "None",
            "DataTableName": "D_ItemTemplate"
        },
        "DensityMultiplier": 1,
        "FullyMinedSound": "None",
        "ExperienceForMining": {
            "RowName": "None",
            "DataTableName": "D_ExperienceEvents"
        },
        "RewardStat": {
            "Value": "None"
        },
        "VoxelTag": {
            "TagName": "None"
        }
    },
    "Rows": [
        {
            "Name": "Gold_Normal",
            "ResourceCategory": "Gold",
            "ResourceType": {
                "RowName": "Gold_Ore"
            },
            "SecondaryResourceType": {
                "RowName": "Stone"
            },
            "DensityMultiplier": 1.2000000476837158,
            "FullyMinedSound": "/Game/FMOD/Events/SFX/D_Surfaces/SFX_VOXEL_FINAL_HIT.SFX_VOXEL_FINAL_HIT",
            "ExperienceForMining": {
                "RowName": "MineGold"
            },
            "RewardStat": {
                "Value": "MiningGoldRewards_%"
            },
            "VoxelTag": {
                "TagName": "Harvest.Pickaxe.T1"
            }
        },
        {
            "Name": "Gold_Dense",
            "ResourceCategory": "Gold",
            "ResourceType": {
                "RowName": "Gold_Ore"
            },
            "SecondaryResourceType": {
                "RowName": "Stone"
            },
            "DensityMultiplier": 2,
            "FullyMinedSound": "/Game/FMOD/Events/SFX/D_Surfaces/SFX_VOXEL_FINAL_HIT.SFX_VOXEL_FINAL_HIT",
            "ExperienceForMining": {
                "RowName": "MineGold"
            },
            "RewardStat": {
                "Value": "MiningGoldRewards_%"
            },
            "VoxelTag": {
                "TagName": "Harvest.Pickaxe.T1"
            }
        },
        {
            "Name": "Stone_Normal",
            "ResourceCategory": "Stone",
            "ResourceType": {
                "RowName": "Stone"
            },
            "SecondaryResourceType": {
                "RowName": "Stone"
            },
            "FullyMinedSound": "/Game/FMOD/Events/SFX/D_Surfaces/SFX_VOXEL_FINAL_HIT.SFX_VOXEL_FINAL_HIT",
            "ExperienceForMining": {
                "RowName": "MineStone"
            },
            "RewardStat": {
                "Value": "MiningStoneRewards_%"
            },
            "VoxelTag": {
                "TagName": "Harvest.Pickaxe.T1"
            }
        },
        {
            "Name": "Stone_Dense",
            "ResourceCategory": "Stone",
            "ResourceType": {
                "RowName": "Stone"
            },
            "SecondaryResourceType": {
                "RowName": "Stone"
            },
            "DensityMultiplier": 2,
            "FullyMinedSound": "/Game/FMOD/Events/SFX/D_Surfaces/SFX_VOXEL_FINAL_HIT.SFX_VOXEL_FINAL_HIT",
            "ExperienceForMining": {
                "RowName": "MineStone"
            },
            "RewardStat": {
                "Value": "MiningStoneRewards_%"
            },
            "VoxelTag": {
                "TagName": "Harvest.Pickaxe.T1"
            }
        },
        {
            "Name": "Bauxite_Normal",
            "ResourceCategory": "Bauxite",
            "ResourceType": {
                "RowName": "Bauxite"
            },
            "SecondaryResourceType": {
                "RowName": "Stone"
            },
            "FullyMinedSound": "/Game/FMOD/Events/SFX/D_Surfaces/SFX_VOXEL_FINAL_HIT.SFX_VOXEL_FINAL_HIT",
            "ExperienceForMining": {
                "RowName": "MineBauxite"
            },
            "RewardStat": {
                "Value": "MiningBauxiteRewards_%"
            },
            "VoxelTag": {
                "TagName": "Harvest.Pickaxe.T2"
            }
        },
        {
            "Name": "Bauxite_Dense",
            "ResourceCategory": "Bauxite",
            "ResourceType": {
                "RowName": "Bauxite"
            },
            "SecondaryResourceType": {
                "RowName": "Stone"
            },
            "DensityMultiplier": 2,
            "FullyMinedSound": "/Game/FMOD/Events/SFX/D_Surfaces/SFX_VOXEL_FINAL_HIT.SFX_VOXEL_FINAL_HIT",
            "ExperienceForMining": {
                "RowName": "MineBauxite"
            },
            "RewardStat": {
                "Value": "MiningBauxiteRewards_%"
            },
            "VoxelTag": {
                "TagName": "Harvest.Pickaxe.T2"
            }
        },
        {
            "Name": "Metal_Normal",
            "ResourceCategory": "Metal",
            "ResourceType": {
                "RowName": "Metal_Ore"
            },
            "SecondaryResourceType": {
                "RowName": "Stone"
            },
            "DensityMultiplier": 1.100000023841858,
            "FullyMinedSound": "/Game/FMOD/Events/SFX/D_Surfaces/SFX_VOXEL_FINAL_HIT.SFX_VOXEL_FINAL_HIT",
            "ExperienceForMining": {
                "RowName": "MineMetal"
            },
            "RewardStat": {
                "Value": "MiningMetalRewards_%"
            },
            "VoxelTag": {
                "TagName": "Harvest.Pickaxe.T1"
            }
        },
        {
            "Name": "Metal_Dense",
            "ResourceCategory": "Metal",
            "ResourceType": {
                "RowName": "Metal_Ore"
            },
            "SecondaryResourceType": {
                "RowName": "Stone"
            },
            "DensityMultiplier": 2,
            "FullyMinedSound": "/Game/FMOD/Events/SFX/D_Surfaces/SFX_VOXEL_FINAL_HIT.SFX_VOXEL_FINAL_HIT",
            "ExperienceForMining": {
                "RowName": "MineMetal"
            },
            "RewardStat": {
                "Value": "MiningMetalRewards_%"
            },
            "VoxelTag": {
                "TagName": "Harvest.Pickaxe.T1"
            }
        },
        {
            "Name": "Oxite_Normal",
            "ResourceCategory": "Oxite",
            "ResourceType": {
                "RowName": "Oxite"
            },
            "SecondaryResourceType": {
                "RowName": "Stone"
            },
            "FullyMinedSound": "/Game/FMOD/Events/SFX/D_Surfaces/SFX_VOXEL_FINAL_HIT.SFX_VOXEL_FINAL_HIT",
            "ExperienceForMining": {
                "RowName": "MineOxite"
            },
            "RewardStat": {
                "Value": "MiningOxiteRewards_%"
            },
            "VoxelTag": {
                "TagName": "Harvest.Pickaxe.T1"
            }
        },
        {
            "Name": "Oxite_Dense",
            "ResourceCategory": "Oxite",
            "ResourceType": {
                "RowName": "Oxite"
            },
            "SecondaryResourceType": {
                "RowName": "Stone"
            },
            "DensityMultiplier": 2,
            "FullyMinedSound": "/Game/FMOD/Events/SFX/D_Surfaces/SFX_VOXEL_FINAL_HIT.SFX_VOXEL_FINAL_HIT",
            "ExperienceForMining": {
                "RowName": "MineOxite"
            },
            "RewardStat": {
                "Value": "MiningOxiteRewards_%"
            },
            "VoxelTag": {
                "TagName": "Harvest.Pickaxe.T1"
            }
        },
        {
            "Name": "Copper_Normal",
            "ResourceCategory": "Copper",
            "ResourceType": {
                "RowName": "Copper_Ore"
            },
            "SecondaryResourceType": {
                "RowName": "Stone"
            },
            "FullyMinedSound": "/Game/FMOD/Events/SFX/D_Surfaces/SFX_VOXEL_FINAL_HIT.SFX_VOXEL_FINAL_HIT",
            "ExperienceForMining": {
                "RowName": "MineCopper"
            },
            "RewardStat": {
                "Value": "MiningCopperRewards_%"
            },
            "VoxelTag": {
                "TagName": "Harvest.Pickaxe.T1"
            }
        },
        {
            "Name": "Copper_Dense",
            "ResourceCategory": "Copper",
            "ResourceType": {
                "RowName": "Copper_Ore"
            },
            "SecondaryResourceType": {
                "RowName": "Stone"
            },
            "DensityMultiplier": 2,
            "FullyMinedSound": "/Game/FMOD/Events/SFX/D_Surfaces/SFX_VOXEL_FINAL_HIT.SFX_VOXEL_FINAL_HIT",
            "ExperienceForMining": {
                "RowName": "MineCopper"
            },
            "RewardStat": {
                "Value": "MiningCopperRewards_%"
            },
            "VoxelTag": {
                "TagName": "Harvest.Pickaxe.T1"
            }
        },
        {
            "Name": "Sulfur_Normal",
            "ResourceCategory": "Sulfur",
            "ResourceType": {
                "RowName": "Sulfur"
            },
            "SecondaryResourceType": {
                "RowName": "Stone"
            },
            "DensityMultiplier": 2,
            "FullyMinedSound": "/Game/FMOD/Events/SFX/D_Surfaces/SFX_VOXEL_FINAL_HIT.SFX_VOXEL_FINAL_HIT",
            "ExperienceForMining": {
                "RowName": "MineSulfur"
            },
            "RewardStat": {
                "Value": "MiningSulfurRewards_%"
            },
            "VoxelTag": {
                "TagName": "Harvest.Pickaxe.T1"
            }
        },
        {
            "Name": "Sulfur_Dense",
            "ResourceCategory": "Sulfur",
            "ResourceType": {
                "RowName": "Sulfur"
            },
            "SecondaryResourceType": {
                "RowName": "Stone"
            },
            "DensityMultiplier": 4,
            "FullyMinedSound": "/Game/FMOD/Events/SFX/D_Surfaces/SFX_VOXEL_FINAL_HIT.SFX_VOXEL_FINAL_HIT",
            "ExperienceForMining": {
                "RowName": "MineSulfur"
            },
            "RewardStat": {
                "Value": "MiningSulfurRewards_%"
            },
            "VoxelTag": {
                "TagName": "Harvest.Pickaxe.T1"
            }
        },
        {
            "Name": "Silica_Normal",
            "ResourceCategory": "Silica",
            "ResourceType": {
                "RowName": "Silica"
            },
            "SecondaryResourceType": {
                "RowName": "Stone"
            },
            "FullyMinedSound": "/Game/FMOD/Events/SFX/D_Surfaces/SFX_VOXEL_FINAL_HIT.SFX_VOXEL_FINAL_HIT",
            "ExperienceForMining": {
                "RowName": "MineSilica"
            },
            "RewardStat": {
                "Value": "MiningSilicaRewards_%"
            },
            "VoxelTag": {
                "TagName": "Harvest.Pickaxe.T1"
            }
        },
        {
            "Name": "Silica_Dense",
            "ResourceCategory": "Silica",
            "ResourceType": {
                "RowName": "Silica"
            },
            "SecondaryResourceType": {
                "RowName": "Stone"
            },
            "DensityMultiplier": 2,
            "FullyMinedSound": "/Game/FMOD/Events/SFX/D_Surfaces/SFX_VOXEL_FINAL_HIT.SFX_VOXEL_FINAL_HIT",
            "ExperienceForMining": {
                "RowName": "MineSilica"
            },
            "RewardStat": {
                "Value": "MiningSilicaRewards_%"
            },
            "VoxelTag": {
                "TagName": "Harvest.Pickaxe.T1"
            }
        },
        {
            "Name": "Ice_Normal",
            "ResourceCategory": "Ice",
            "ResourceType": {
                "RowName": "Ice"
            },
            "FullyMinedSound": "/Game/FMOD/Events/SFX/D_Surfaces/SFX_VOXEL_FINAL_HIT.SFX_VOXEL_FINAL_HIT",
            "ExperienceForMining": {
                "RowName": "MineIce"
            },
            "RewardStat": {
                "Value": "MiningIceRewards_%"
            },
            "VoxelTag": {
                "TagName": "Harvest.Pickaxe.T1"
            }
        },
        {
            "Name": "Ice_Dense",
            "ResourceCategory": "Ice",
            "ResourceType": {
                "RowName": "Ice"
            },
            "DensityMultiplier": 2,
            "FullyMinedSound": "/Game/FMOD/Events/SFX/D_Surfaces/SFX_VOXEL_FINAL_HIT.SFX_VOXEL_FINAL_HIT",
            "ExperienceForMining": {
                "RowName": "MineIce"
            },
            "RewardStat": {
                "Value": "MiningIceRewards_%"
            },
            "VoxelTag": {
                "TagName": "Harvest.Pickaxe.T1"
            }
        },
        {
            "Name": "Titanium_Normal",
            "ResourceCategory": "Titanium",
            "ResourceType": {
                "RowName": "Titanium_Ore"
            },
            "SecondaryResourceType": {
                "RowName": "Stone"
            },
            "FullyMinedSound": "/Game/FMOD/Events/SFX/D_Surfaces/SFX_VOXEL_FINAL_HIT.SFX_VOXEL_FINAL_HIT",
            "ExperienceForMining": {
                "RowName": "MineTitanium"
            },
            "RewardStat": {
                "Value": "MiningTitaniumRewards_%"
            },
            "VoxelTag": {
                "TagName": "Harvest.Pickaxe.T2"
            }
        },
        {
            "Name": "Platinum_Normal",
            "ResourceCategory": "Platinum",
            "ResourceType": {
                "RowName": "Platinum_Ore"
            },
            "SecondaryResourceType": {
                "RowName": "Stone"
            },
            "FullyMinedSound": "/Game/FMOD/Events/SFX/D_Surfaces/SFX_VOXEL_FINAL_HIT.SFX_VOXEL_FINAL_HIT",
            "ExperienceForMining": {
                "RowName": "MinePlatinum"
            },
            "RewardStat": {
                "Value": "MiningPlatinumRewards_%"
            },
            "VoxelTag": {
                "TagName": "Harvest.Pickaxe.T2"
            }
        },
        {
            "Name": "Coal_Normal",
            "ResourceCategory": "Coal",
            "ResourceType": {
                "RowName": "Coal_Ore"
            },
            "DensityMultiplier": 1.399999976158142,
            "FullyMinedSound": "/Game/FMOD/Events/SFX/D_Surfaces/SFX_VOXEL_FINAL_HIT.SFX_VOXEL_FINAL_HIT",
            "ExperienceForMining": {
                "RowName": "MineCoal"
            },
            "RewardStat": {
                "Value": "MiningCoalRewards_%"
            },
            "VoxelTag": {
                "TagName": "Harvest.Pickaxe.T1"
            }
        },
        {
            "Name": "Exotic_Normal",
            "ResourceCategory": "Exotic_A",
            "ResourceType": {
                "RowName": "Meta_Resource"
            },
            "DensityMultiplier": 0.25,
            "FullyMinedSound": "/Game/FMOD/Events/SFX/D_Surfaces/SFX_VOXEL_FINAL_HIT.SFX_VOXEL_FINAL_HIT",
            "ExperienceForMining": {
                "RowName": "MineExotic"
            },
            "VoxelTag": {
                "TagName": "Harvest.Pickaxe.T1"
            }
        },
        {
            "Name": "Research_Normal",
            "ResourceCategory": "Silica",
            "ResourceType": {
                "RowName": "Silica"
            },
            "DensityMultiplier": 0.25,
            "FullyMinedSound": "/Game/FMOD/Events/SFX/D_Surfaces/SFX_VOXEL_FINAL_HIT.SFX_VOXEL_FINAL_HIT",
            "ExperienceForMining": {
                "RowName": "MineSilica"
            },
            "VoxelTag": {
                "TagName": "Harvest.Pickaxe.T2"
            }
        },
        {
            "Name": "Random_Normal",
            "DensityMultiplier": 0.25,
            "FullyMinedSound": "/Game/FMOD/Events/SFX/D_Surfaces/SFX_VOXEL_FINAL_HIT.SFX_VOXEL_FINAL_HIT"
        }
    ]
}