{
    "RowStruct": "/Script/Icarus.WaterSetup",
    "Defaults": {
        "Material": "None",
        "Fish": [],
        "FishDensity": 1,
        "Sound": "None",
        "IsInCave": false
    },
    "Rows": [
        {
            "Name": "Default",
            "Material": "/Game/ASS/ENV/WAT/MI_WaterRVT.MI_WaterRVT",
            "Fish": [
                {
                    "RowName": "Fish_01",
                    "DataTableName": "D_FishSetup"
                },
                {
                    "RowName": "Fish_02",
                    "DataTableName": "D_FishSetup"
                },
                {
                    "RowName": "Fish_03_Aggressive",
                    "DataTableName": "D_FishSetup"
                }
            ],
            "Sound": "/Game/FMOD/Events/Environment/Fluids/Lake/ENV_LAKE.ENV_LAKE"
        },
        {
            "Name": "Swamp",
            "Material": "/Game/ASS/ENV/WAT/MI_WaterRVT_Swamp.MI_WaterRVT_Swamp",
            "Fish": [
                {
                    "RowName": "Fish_01",
                    "DataTableName": "D_FishSetup"
                },
                {
                    "RowName": "Fish_02",
                    "DataTableName": "D_FishSetup"
                },
                {
                    "RowName": "Fish_03_Aggressive",
                    "DataTableName": "D_FishSetup"
                }
            ],
            "Sound": "/Game/FMOD/Events/Environment/Fluids/Lake/ENV_SWAMP_LAKE.ENV_SWAMP_LAKE"
        },
        {
            "Name": "Cave_Calm",
            "Material": "/Game/ASS/ENV/WAT/RW_Water/MI_Profile_CalmCave.MI_Profile_CalmCave",
            "FishDensity": 0.25,
            "Sound": "/Game/FMOD/Events/Environment/Fluids/Lake/ENV_LAKE_CAVE.ENV_LAKE_CAVE",
            "IsInCave": true
        },
        {
            "Name": "Cave_Glow",
            "Material": "/Game/ASS/ENV/WAT/RW_Water/MI_Profile_GlowyCave.MI_Profile_GlowyCave",
            "FishDensity": 0.25,
            "Sound": "/Game/FMOD/Events/Environment/Fluids/Lake/ENV_LAKE_CAVE.ENV_LAKE_CAVE",
            "IsInCave": true
        },
        {
            "Name": "TutorialLake",
            "Material": "/Game/ASS/ENV/WAT/MI_WaterRVT.MI_WaterRVT",
            "Fish": [
                {
                    "RowName": "Fish_01",
                    "DataTableName": "D_FishSetup"
                },
                {
                    "RowName": "Fish_02",
                    "DataTableName": "D_FishSetup"
                }
            ],
            "Sound": "/Game/FMOD/Events/Environment/Fluids/Lake/ENV_LAKE.ENV_LAKE"
        },
        {
            "Name": "Lava",
            "Material": "/Game/ASS/ENV/WAT/MI_LavaRVT.MI_LavaRVT",
            "FishDensity": 0,
            "Sound": "/Game/FMOD/Events/Environment/Fluids/Lake/ENV_LAKE.ENV_LAKE"
        },
        {
            "Name": "Lava_Lake",
            "Material": "/Game/ASS/ENV/WAT/MI_LavaLakeB.MI_LavaLakeB",
            "FishDensity": 0,
            "Sound": "/Game/FMOD/Events/Environment/Fluids/Lake/ENV_LAVA_LAKE.ENV_LAVA_LAKE"
        },
        {
            "Name": "FrozenTransparent",
            "Material": "/Game/ASS/ENV/WAT/IceWater/MI_IcePlaneBase_LitTraslucent.MI_IcePlaneBase_LitTraslucent",
            "Sound": "/Game/FMOD/Events/Environment/Fluids/Lake/ENV_LAKE.ENV_LAKE"
        },
        {
            "Name": "FrozenOpaque",
            "Material": "/Game/ASS/ENV/WAT/IceWater/MI_IcePlaneBase_LitOpaque.MI_IcePlaneBase_LitOpaque",
            "Sound": "/Game/FMOD/Events/Environment/Fluids/Lake/ENV_LAKE.ENV_LAKE"
        },
        {
            "Name": "Geothermal",
            "Material": "/Game/ASS/ENV/WAT/MI_Water_SulfurPool.MI_Water_SulfurPool",
            "Sound": "/Game/FMOD/Events/Environment/Fluids/Lake/ENV_GEOTHERMAL_LAKE.ENV_GEOTHERMAL_LAKE"
        }
    ]
}