{
    "RowStruct": "/Script/Icarus.FarmableData",
    "Defaults": {
        "AllowedSeeds": []
    },
    "Rows": [
        {
            "Name": "Small_Planter",
            "AllowedSeeds": [
                {
                    "RowName": "Beans",
                    "DataTableName": "D_FarmingSeeds"
                },
                {
                    "RowName": "BerryBush",
                    "DataTableName": "D_FarmingSeeds"
                },
                {
                    "RowName": "Carrot",
                    "DataTableName": "D_FarmingSeeds"
                },
                {
                    "RowName": "Cocoa",
                    "DataTableName": "D_FarmingSeeds"
                },
                {
                    "RowName": "Coffee",
                    "DataTableName": "D_FarmingSeeds"
                },
                {
                    "RowName": "Corn",
                    "DataTableName": "D_FarmingSeeds"
                },
                {
                    "RowName": "GreenTea",
                    "DataTableName": "D_FarmingSeeds"
                },
                {
                    "RowName": "Lily",
                    "DataTableName": "D_FarmingSeeds"
                },
                {
                    "RowName": "Pumpkin",
                    "DataTableName": "D_FarmingSeeds"
                },
                {
                    "RowName": "ReedFlower",
                    "DataTableName": "D_FarmingSeeds"
                },
                {
                    "RowName": "Squash",
                    "DataTableName": "D_FarmingSeeds"
                },
                {
                    "RowName": "Watermelon",
                    "DataTableName": "D_FarmingSeeds"
                },
                {
                    "RowName": "Wheat",
                    "DataTableName": "D_FarmingSeeds"
                },
                {
                    "RowName": "WildTea",
                    "DataTableName": "D_FarmingSeeds"
                },
                {
                    "RowName": "Yeast",
                    "DataTableName": "D_FarmingSeeds"
                },
                {
                    "RowName": "Mushroom",
                    "DataTableName": "D_FarmingSeeds"
                }
            ]
        }
    ]
}