{
    "RowStruct": "/Script/Icarus.FarmingGrowthState",
    "Defaults": {
        "TimeToNextState": 0,
        "StageMesh": "None",
        "MeshScale": {
            "X": 1,
            "Y": 1,
            "Z": 1
        }
    },
    "Rows": [
        {
            "Name": "Corn_Growth_01",
            "TimeToNextState": 300,
            "StageMesh": "/Game/ASS/ENV/HRB/Crop_Corn/V2/SM_HRB_Crop_Corn_Stage1_Var1.SM_HRB_Crop_Corn_Stage1_Var1"
        },
        {
            "Name": "Corn_Growth_02",
            "TimeToNextState": 600,
            "StageMesh": "/Game/ASS/ENV/HRB/Crop_Corn/V2/SM_HRB_Crop_Corn_Stage2_Var1.SM_HRB_Crop_Corn_Stage2_Var1"
        },
        {
            "Name": "Corn_Growth_03",
            "TimeToNextState": 900,
            "StageMesh": "/Game/ASS/ENV/HRB/Crop_Corn/V2/SM_HRB_Crop_Corn_Stage3_Var1.SM_HRB_Crop_Corn_Stage3_Var1"
        },
        {
            "Name": "Corn_Growth_04",
            "TimeToNextState": 1800,
            "StageMesh": "/Game/ASS/ENV/HRB/Crop_Corn/V2/SM_HRB_Crop_Corn_Stage4_Var1.SM_HRB_Crop_Corn_Stage4_Var1"
        },
        {
            "Name": "Corn_Growth_05",
            "TimeToNextState": 1,
            "StageMesh": "/Game/ASS/ENV/HRB/Crop_Corn/V2/SM_HRB_Crop_Corn_Stage5_Var1.SM_HRB_Crop_Corn_Stage5_Var1"
        },
        {
            "Name": "Corn_Growth_Dead",
            "TimeToNextState": 1,
            "StageMesh": "/Game/ASS/ENV/HRB/Crop_Corn/V2/SM_HRB_Crop_Corn_Dead_Var1.SM_HRB_Crop_Corn_Dead_Var1"
        },
        {
            "Name": "Wheat_Growth_01",
            "TimeToNextState": 150,
            "StageMesh": "/Game/ASS/ENV/HRB/Crop_Wheat/SM_HRB_Crop_Wheat_01_Stage1_Var2.SM_HRB_Crop_Wheat_01_Stage1_Var2"
        },
        {
            "Name": "Wheat_Growth_02",
            "TimeToNextState": 300,
            "StageMesh": "/Game/ASS/ENV/HRB/Crop_Wheat/SM_HRB_Crop_Wheat_01_Stage2_Var2.SM_HRB_Crop_Wheat_01_Stage2_Var2"
        },
        {
            "Name": "Wheat_Growth_03",
            "TimeToNextState": 450,
            "StageMesh": "/Game/ASS/ENV/HRB/Crop_Wheat/SM_HRB_Crop_Wheat_01_Stage3_Var2.SM_HRB_Crop_Wheat_01_Stage3_Var2"
        },
        {
            "Name": "Wheat_Growth_04",
            "TimeToNextState": 900,
            "StageMesh": "/Game/ASS/ENV/HRB/Crop_Wheat/SM_HRB_Crop_Wheat_01_Stage4_Var2.SM_HRB_Crop_Wheat_01_Stage4_Var2"
        },
        {
            "Name": "Wheat_Growth_05",
            "TimeToNextState": 1,
            "StageMesh": "/Game/ASS/ENV/HRB/Crop_Wheat/SM_HRB_Crop_Wheat_01_Stage5_Var2.SM_HRB_Crop_Wheat_01_Stage5_Var2"
        },
        {
            "Name": "Wheat_Growth_Dead",
            "TimeToNextState": 1,
            "StageMesh": "/Game/ASS/ENV/HRB/Crop_Wheat/SM_HRB_Crop_Wheat_01_Dead_Var2.SM_HRB_Crop_Wheat_01_Dead_Var2"
        },
        {
            "Name": "ReedFlower_Growth_01",
            "TimeToNextState": 200,
            "StageMesh": "/Game/ASS/ENV/HRB/Crop_ReedFlower/SM_HRB_Crop_ReedFlower_01_Stage1_Var1.SM_HRB_Crop_ReedFlower_01_Stage1_Var1"
        },
        {
            "Name": "ReedFlower_Growth_02",
            "TimeToNextState": 400,
            "StageMesh": "/Game/ASS/ENV/HRB/Crop_ReedFlower/SM_HRB_Crop_ReedFlower_01_Stage2_Var1.SM_HRB_Crop_ReedFlower_01_Stage2_Var1"
        },
        {
            "Name": "ReedFlower_Growth_03",
            "TimeToNextState": 600,
            "StageMesh": "/Game/ASS/ENV/HRB/Crop_ReedFlower/SM_HRB_Crop_ReedFlower_01_Stage3_Var1.SM_HRB_Crop_ReedFlower_01_Stage3_Var1"
        },
        {
            "Name": "ReedFlower_Growth_04",
            "TimeToNextState": 1200,
            "StageMesh": "/Game/ASS/ENV/HRB/Crop_ReedFlower/SM_HRB_Crop_ReedFlower_01_Stage4_Var1.SM_HRB_Crop_ReedFlower_01_Stage4_Var1"
        },
        {
            "Name": "ReedFlower_Growth_05",
            "TimeToNextState": 1,
            "StageMesh": "/Game/ASS/ENV/HRB/Crop_ReedFlower/SM_HRB_Crop_ReedFlower_01_Stage5_Var1.SM_HRB_Crop_ReedFlower_01_Stage5_Var1"
        },
        {
            "Name": "ReedFlower_Growth_Dead",
            "TimeToNextState": 1,
            "StageMesh": "/Game/ASS/ENV/HRB/Crop_ReedFlower/SM_HRB_Crop_ReedFlower_01_Dead_Var1.SM_HRB_Crop_ReedFlower_01_Dead_Var1"
        },
        {
            "Name": "Yeast_Growth_01",
            "TimeToNextState": 300,
            "StageMesh": "/Game/ASS/ENV/HRB/Crop_Yeast/SM_HRB_Yeast_01_Stage1_Var1.SM_HRB_Yeast_01_Stage1_Var1"
        },
        {
            "Name": "Yeast_Growth_02",
            "TimeToNextState": 600,
            "StageMesh": "/Game/ASS/ENV/HRB/Crop_Yeast/SM_HRB_Yeast_01_Stage2_Var1.SM_HRB_Yeast_01_Stage2_Var1"
        },
        {
            "Name": "Yeast_Growth_03",
            "TimeToNextState": 900,
            "StageMesh": "/Game/ASS/ENV/HRB/Crop_Yeast/SM_HRB_Yeast_01_Stage3_Var1.SM_HRB_Yeast_01_Stage3_Var1"
        },
        {
            "Name": "Yeast_Growth_04",
            "TimeToNextState": 1800,
            "StageMesh": "/Game/ASS/ENV/HRB/Crop_Yeast/SM_HRB_Yeast_01_Stage4_Var1.SM_HRB_Yeast_01_Stage4_Var1"
        },
        {
            "Name": "Yeast_Growth_05",
            "TimeToNextState": 1,
            "StageMesh": "/Game/ASS/ENV/HRB/Crop_Yeast/SM_HRB_Yeast_01_Stage5_Var1.SM_HRB_Yeast_01_Stage5_Var1"
        },
        {
            "Name": "Yeast_Growth_Dead",
            "TimeToNextState": 1,
            "StageMesh": "/Game/ASS/ENV/HRB/Crop_Yeast/SM_HRB_Yeast_01_Dead_Var1.SM_HRB_Yeast_01_Dead_Var1"
        },
        {
            "Name": "Lily_Growth_01",
            "TimeToNextState": 300,
            "StageMesh": "/Game/ASS/ENV/HRB/Crop_AlpineLily/SM_HRB_Crop_AlpineLily_Stage1_Var1.SM_HRB_Crop_AlpineLily_Stage1_Var1"
        },
        {
            "Name": "Lily_Growth_02",
            "TimeToNextState": 600,
            "StageMesh": "/Game/ASS/ENV/HRB/Crop_AlpineLily/SM_HRB_Crop_AlpineLily_Stage2_Var1.SM_HRB_Crop_AlpineLily_Stage2_Var1"
        },
        {
            "Name": "Lily_Growth_03",
            "TimeToNextState": 900,
            "StageMesh": "/Game/ASS/ENV/HRB/Crop_AlpineLily/SM_HRB_Crop_AlpineLily_Stage3_Var1.SM_HRB_Crop_AlpineLily_Stage3_Var1"
        },
        {
            "Name": "Lily_Growth_04",
            "TimeToNextState": 1800,
            "StageMesh": "/Game/ASS/ENV/HRB/Crop_AlpineLily/SM_HRB_Crop_AlpineLily_Stage4_Var1.SM_HRB_Crop_AlpineLily_Stage4_Var1"
        },
        {
            "Name": "Lily_Growth_05",
            "TimeToNextState": 1,
            "StageMesh": "/Game/ASS/ENV/HRB/Crop_AlpineLily/SM_HRB_Crop_AlpineLily_Stage5_Var1.SM_HRB_Crop_AlpineLily_Stage5_Var1"
        },
        {
            "Name": "Lily_Growth_Dead",
            "TimeToNextState": 1,
            "StageMesh": "/Game/ASS/ENV/HRB/Crop_AlpineLily/SM_HRB_Crop_AlpineLily_Dead_Var1.SM_HRB_Crop_AlpineLily_Dead_Var1"
        },
        {
            "Name": "BerryBush_Growth_01",
            "TimeToNextState": 150,
            "StageMesh": "/Game/ASS/ENV/HRB/Crop_BerryBush/SM_HRB_Crop_BerryBush_Stage1_Var1.SM_HRB_Crop_BerryBush_Stage1_Var1"
        },
        {
            "Name": "BerryBush_Growth_02",
            "TimeToNextState": 300,
            "StageMesh": "/Game/ASS/ENV/HRB/Crop_BerryBush/SM_HRB_Crop_BerryBush_Stage2_Var1.SM_HRB_Crop_BerryBush_Stage2_Var1"
        },
        {
            "Name": "BerryBush_Growth_03",
            "TimeToNextState": 450,
            "StageMesh": "/Game/ASS/ENV/HRB/Crop_BerryBush/SM_HRB_Crop_BerryBush_Stage3_Var1.SM_HRB_Crop_BerryBush_Stage3_Var1"
        },
        {
            "Name": "BerryBush_Growth_04",
            "TimeToNextState": 900,
            "StageMesh": "/Game/ASS/ENV/HRB/Crop_BerryBush/SM_HRB_Crop_BerryBush_Stage4_Var1.SM_HRB_Crop_BerryBush_Stage4_Var1"
        },
        {
            "Name": "BerryBush_Growth_05",
            "TimeToNextState": 1,
            "StageMesh": "/Game/ASS/ENV/HRB/Crop_BerryBush/SM_HRB_Crop_BerryBush_Stage5_Var1.SM_HRB_Crop_BerryBush_Stage5_Var1"
        },
        {
            "Name": "BerryBush_Growth_Dead",
            "TimeToNextState": 1,
            "StageMesh": "/Game/ASS/ENV/HRB/Crop_BerryBush/SM_HRB_Crop_BerryBush_Dead_Var1.SM_HRB_Crop_BerryBush_Dead_Var1"
        },
        {
            "Name": "Pumpkin_Growth_01",
            "TimeToNextState": 300,
            "StageMesh": "/Game/ASS/ENV/HRB/Crop_Pumpkin/v02/SM_HRB_Crop_Pumpkin_Stage1_Var1.SM_HRB_Crop_Pumpkin_Stage1_Var1"
        },
        {
            "Name": "Pumpkin_Growth_02",
            "TimeToNextState": 600,
            "StageMesh": "/Game/ASS/ENV/HRB/Crop_Pumpkin/v02/SM_HRB_Crop_Pumpkin_Stage2_Var1.SM_HRB_Crop_Pumpkin_Stage2_Var1"
        },
        {
            "Name": "Pumpkin_Growth_03",
            "TimeToNextState": 900,
            "StageMesh": "/Game/ASS/ENV/HRB/Crop_Pumpkin/v02/SM_HRB_Crop_Pumpkin_Stage3_Var1.SM_HRB_Crop_Pumpkin_Stage3_Var1"
        },
        {
            "Name": "Pumpkin_Growth_04",
            "TimeToNextState": 1800,
            "StageMesh": "/Game/ASS/ENV/HRB/Crop_Pumpkin/v02/SM_HRB_Crop_Pumpkin_Stage4_Var1.SM_HRB_Crop_Pumpkin_Stage4_Var1"
        },
        {
            "Name": "Pumpkin_Growth_05",
            "TimeToNextState": 1,
            "StageMesh": "/Game/ASS/ENV/HRB/Crop_Pumpkin/v02/SM_HRB_Crop_Pumpkin_Stage5_Var1.SM_HRB_Crop_Pumpkin_Stage5_Var1"
        },
        {
            "Name": "Pumpkin_Growth_Dead",
            "TimeToNextState": 1,
            "StageMesh": "/Game/ASS/ENV/HRB/Crop_Pumpkin/v02/SM_HRB_Crop_Pumpkin_Dead_Var1.SM_HRB_Crop_Pumpkin_Dead_Var1"
        },
        {
            "Name": "Beans_Growth_01",
            "TimeToNextState": 150,
            "StageMesh": "/Game/ASS/ENV/HRB/Crop_Beans/SM_HRB_Crop_Beans_Stage1_Var1.SM_HRB_Crop_Beans_Stage1_Var1"
        },
        {
            "Name": "Beans_Growth_02",
            "TimeToNextState": 300,
            "StageMesh": "/Game/ASS/ENV/HRB/Crop_Beans/SM_HRB_Crop_Beans_Stage2_Var1.SM_HRB_Crop_Beans_Stage2_Var1"
        },
        {
            "Name": "Beans_Growth_03",
            "TimeToNextState": 450,
            "StageMesh": "/Game/ASS/ENV/HRB/Crop_Beans/SM_HRB_Crop_Beans_Stage3_Var1.SM_HRB_Crop_Beans_Stage3_Var1"
        },
        {
            "Name": "Beans_Growth_04",
            "TimeToNextState": 900,
            "StageMesh": "/Game/ASS/ENV/HRB/Crop_Beans/SM_HRB_Crop_Beans_Stage4_Var1.SM_HRB_Crop_Beans_Stage4_Var1"
        },
        {
            "Name": "Beans_Growth_05",
            "TimeToNextState": 1,
            "StageMesh": "/Game/ASS/ENV/HRB/Crop_Beans/SM_HRB_Crop_Beans_Stage5_Var1.SM_HRB_Crop_Beans_Stage5_Var1"
        },
        {
            "Name": "Beans_Growth_Dead",
            "TimeToNextState": 1,
            "StageMesh": "/Game/ASS/ENV/HRB/Crop_Beans/SM_HRB_Crop_Beans_Dead_Var1.SM_HRB_Crop_Beans_Dead_Var1"
        },
        {
            "Name": "Squash_Growth_01",
            "TimeToNextState": 300,
            "StageMesh": "/Game/ASS/ENV/HRB/Crop_Squash/v02/SM_HRB_Crop_Squash_Stage1_Var1.SM_HRB_Crop_Squash_Stage1_Var1"
        },
        {
            "Name": "Squash_Growth_02",
            "TimeToNextState": 600,
            "StageMesh": "/Game/ASS/ENV/HRB/Crop_Squash/v02/SM_HRB_Crop_Squash_Stage2_Var1.SM_HRB_Crop_Squash_Stage2_Var1"
        },
        {
            "Name": "Squash_Growth_03",
            "TimeToNextState": 900,
            "StageMesh": "/Game/ASS/ENV/HRB/Crop_Squash/v02/SM_HRB_Crop_Squash_Stage3_Var1.SM_HRB_Crop_Squash_Stage3_Var1"
        },
        {
            "Name": "Squash_Growth_04",
            "TimeToNextState": 1800,
            "StageMesh": "/Game/ASS/ENV/HRB/Crop_Squash/v02/SM_HRB_Crop_Squash_Stage4_Var1.SM_HRB_Crop_Squash_Stage4_Var1"
        },
        {
            "Name": "Squash_Growth_05",
            "TimeToNextState": 1,
            "StageMesh": "/Game/ASS/ENV/HRB/Crop_Squash/v02/SM_HRB_Crop_Squash_Stage5_Var1.SM_HRB_Crop_Squash_Stage5_Var1"
        },
        {
            "Name": "Squash_Growth_Dead",
            "TimeToNextState": 1,
            "StageMesh": "/Game/ASS/ENV/HRB/Crop_Squash/v02/SM_HRB_Crop_Squash_Dead_Var1.SM_HRB_Crop_Squash_Dead_Var1"
        },
        {
            "Name": "Watermelon_Growth_01",
            "TimeToNextState": 300,
            "StageMesh": "/Game/ASS/ENV/HRB/Crop_Watermelon/v02/SM_HRB_Crop_Watermelon_Stage1_Var1.SM_HRB_Crop_Watermelon_Stage1_Var1"
        },
        {
            "Name": "Watermelon_Growth_02",
            "TimeToNextState": 600,
            "StageMesh": "/Game/ASS/ENV/HRB/Crop_Watermelon/v02/SM_HRB_Crop_Watermelon_Stage2_Var1.SM_HRB_Crop_Watermelon_Stage2_Var1"
        },
        {
            "Name": "Watermelon_Growth_03",
            "TimeToNextState": 900,
            "StageMesh": "/Game/ASS/ENV/HRB/Crop_Watermelon/v02/SM_HRB_Crop_Watermelon_Stage3_Var1.SM_HRB_Crop_Watermelon_Stage3_Var1"
        },
        {
            "Name": "Watermelon_Growth_04",
            "TimeToNextState": 1800,
            "StageMesh": "/Game/ASS/ENV/HRB/Crop_Watermelon/v02/SM_HRB_Crop_Watermelon_Stage4_Var1.SM_HRB_Crop_Watermelon_Stage4_Var1"
        },
        {
            "Name": "Watermelon_Growth_05",
            "TimeToNextState": 1,
            "StageMesh": "/Game/ASS/ENV/HRB/Crop_Watermelon/v02/SM_HRB_Crop_Watermelon_Stage5_Var1.SM_HRB_Crop_Watermelon_Stage5_Var1"
        },
        {
            "Name": "Watermelon_Growth_Dead",
            "TimeToNextState": 1,
            "StageMesh": "/Game/ASS/ENV/HRB/Crop_Watermelon/v02/SM_HRB_Crop_Watermelon_Dead_Var1.SM_HRB_Crop_Watermelon_Dead_Var1"
        },
        {
            "Name": "Cocoa_Growth_01",
            "TimeToNextState": 200,
            "StageMesh": "/Game/ASS/ENV/HRB/HRB_Cocoa/HRB_Crop_Cocoa/SM_HRB_Crop_Cocoa_Stage1_Var1_01.SM_HRB_Crop_Cocoa_Stage1_Var1_01"
        },
        {
            "Name": "Cocoa_Growth_02",
            "TimeToNextState": 400,
            "StageMesh": "/Game/ASS/ENV/HRB/HRB_Cocoa/HRB_Crop_Cocoa/SM_HRB_Crop_Cocoa_Stage2_Var1_01.SM_HRB_Crop_Cocoa_Stage2_Var1_01"
        },
        {
            "Name": "Cocoa_Growth_03",
            "TimeToNextState": 600,
            "StageMesh": "/Game/ASS/ENV/HRB/HRB_Cocoa/HRB_Crop_Cocoa/SM_HRB_Crop_Cocoa_Stage3_Var1_01.SM_HRB_Crop_Cocoa_Stage3_Var1_01"
        },
        {
            "Name": "Cocoa_Growth_04",
            "TimeToNextState": 1200,
            "StageMesh": "/Game/ASS/ENV/HRB/HRB_Cocoa/HRB_Crop_Cocoa/SM_HRB_Crop_Cocoa_Stage4_Var1_01.SM_HRB_Crop_Cocoa_Stage4_Var1_01"
        },
        {
            "Name": "Cocoa_Growth_05",
            "TimeToNextState": 1,
            "StageMesh": "/Game/ASS/ENV/HRB/HRB_Cocoa/HRB_Crop_Cocoa/SM_HRB_Crop_Cocoa_Stage5_Var1_01.SM_HRB_Crop_Cocoa_Stage5_Var1_01"
        },
        {
            "Name": "Cocoa_Growth_Dead",
            "TimeToNextState": 1,
            "StageMesh": "/Game/ASS/ENV/HRB/HRB_Cocoa/HRB_Crop_Cocoa/SM_HRB_Crop_Cocoa_Dead_Var1_01.SM_HRB_Crop_Cocoa_Dead_Var1_01"
        },
        {
            "Name": "Coffee_Growth_01",
            "TimeToNextState": 200,
            "StageMesh": "/Game/ASS/ENV/HRB/HRB_Coffee/HRB_Crop_Coffee/SM_HRB_Crop_Coffee_Stage1_Var1.SM_HRB_Crop_Coffee_Stage1_Var1"
        },
        {
            "Name": "Coffee_Growth_02",
            "TimeToNextState": 400,
            "StageMesh": "/Game/ASS/ENV/HRB/HRB_Coffee/HRB_Crop_Coffee/SM_HRB_Crop_Coffee_Stage2_Var1.SM_HRB_Crop_Coffee_Stage2_Var1"
        },
        {
            "Name": "Coffee_Growth_03",
            "TimeToNextState": 600,
            "StageMesh": "/Game/ASS/ENV/HRB/HRB_Coffee/HRB_Crop_Coffee/SM_HRB_Crop_Coffee_Stage3_Var1.SM_HRB_Crop_Coffee_Stage3_Var1"
        },
        {
            "Name": "Coffee_Growth_04",
            "TimeToNextState": 1200,
            "StageMesh": "/Game/ASS/ENV/HRB/HRB_Coffee/HRB_Crop_Coffee/SM_HRB_Crop_Coffee_Stage4_Var1.SM_HRB_Crop_Coffee_Stage4_Var1"
        },
        {
            "Name": "Coffee_Growth_05",
            "TimeToNextState": 1,
            "StageMesh": "/Game/ASS/ENV/HRB/HRB_Coffee/HRB_Crop_Coffee/SM_HRB_Crop_Coffee_Stage5_Var1.SM_HRB_Crop_Coffee_Stage5_Var1"
        },
        {
            "Name": "Coffee_Growth_Dead",
            "TimeToNextState": 1,
            "StageMesh": "/Game/ASS/ENV/HRB/HRB_Coffee/HRB_Crop_Coffee/SM_HRB_Crop_Coffee_Dead_Var1.SM_HRB_Crop_Coffee_Dead_Var1"
        },
        {
            "Name": "GreenTea_Growth_01",
            "TimeToNextState": 200,
            "StageMesh": "/Game/ASS/ENV/HRB/HRB_Tea_Green/HRB_Crop_Tea_Green/SM_HRB_Crop_Tea_Green_Stage1_Var1_01.SM_HRB_Crop_Tea_Green_Stage1_Var1_01"
        },
        {
            "Name": "GreenTea_Growth_02",
            "TimeToNextState": 400,
            "StageMesh": "/Game/ASS/ENV/HRB/HRB_Tea_Green/HRB_Crop_Tea_Green/SM_HRB_Crop_Tea_Green_Stage2_Var1_01.SM_HRB_Crop_Tea_Green_Stage2_Var1_01"
        },
        {
            "Name": "GreenTea_Growth_03",
            "TimeToNextState": 600,
            "StageMesh": "/Game/ASS/ENV/HRB/HRB_Tea_Green/HRB_Crop_Tea_Green/SM_HRB_Crop_Tea_Green_Stage3_Var1_01.SM_HRB_Crop_Tea_Green_Stage3_Var1_01"
        },
        {
            "Name": "GreenTea_Growth_04",
            "TimeToNextState": 1200,
            "StageMesh": "/Game/ASS/ENV/HRB/HRB_Tea_Green/HRB_Crop_Tea_Green/SM_HRB_Crop_Tea_Green_Stage4_Var1_01.SM_HRB_Crop_Tea_Green_Stage4_Var1_01"
        },
        {
            "Name": "GreenTea_Growth_05",
            "TimeToNextState": 1,
            "StageMesh": "/Game/ASS/ENV/HRB/HRB_Tea_Green/HRB_Crop_Tea_Green/SM_HRB_Crop_Tea_Green_Stage5_Var1_01.SM_HRB_Crop_Tea_Green_Stage5_Var1_01"
        },
        {
            "Name": "GreenTea_Growth_Dead",
            "TimeToNextState": 1,
            "StageMesh": "/Game/ASS/ENV/HRB/HRB_Tea_Green/HRB_Crop_Tea_Green/SM_HRB_Crop_Tea_Green_Dead_Var1_01.SM_HRB_Crop_Tea_Green_Dead_Var1_01"
        },
        {
            "Name": "WildTea_Growth_01",
            "TimeToNextState": 200,
            "StageMesh": "/Game/ASS/ENV/HRB/HRB_Tea_Wild/HRB_Crop_Tea_Wild/SM_HRB_Crop_Tea_Wild_Stage1_Var1.SM_HRB_Crop_Tea_Wild_Stage1_Var1"
        },
        {
            "Name": "WildTea_Growth_02",
            "TimeToNextState": 400,
            "StageMesh": "/Game/ASS/ENV/HRB/HRB_Tea_Wild/HRB_Crop_Tea_Wild/SM_HRB_Crop_Tea_Wild_Stage2_Var1.SM_HRB_Crop_Tea_Wild_Stage2_Var1"
        },
        {
            "Name": "WildTea_Growth_03",
            "TimeToNextState": 600,
            "StageMesh": "/Game/ASS/ENV/HRB/HRB_Tea_Wild/HRB_Crop_Tea_Wild/SM_HRB_Crop_Tea_Wild_Stage3_Var1.SM_HRB_Crop_Tea_Wild_Stage3_Var1"
        },
        {
            "Name": "WildTea_Growth_04",
            "TimeToNextState": 1200,
            "StageMesh": "/Game/ASS/ENV/HRB/HRB_Tea_Wild/HRB_Crop_Tea_Wild/SM_HRB_Crop_Tea_Wild_Stage4_Var1.SM_HRB_Crop_Tea_Wild_Stage4_Var1"
        },
        {
            "Name": "WildTea_Growth_05",
            "TimeToNextState": 1,
            "StageMesh": "/Game/ASS/ENV/HRB/HRB_Tea_Wild/HRB_Crop_Tea_Wild/SM_HRB_Crop_Tea_Wild_Stage5_Var1.SM_HRB_Crop_Tea_Wild_Stage5_Var1"
        },
        {
            "Name": "WildTea_Growth_Dead",
            "TimeToNextState": 1,
            "StageMesh": "/Game/ASS/ENV/HRB/HRB_Tea_Wild/HRB_Crop_Tea_Wild/SM_HRB_Crop_Tea_Wild_Dead_Var1.SM_HRB_Crop_Tea_Wild_Dead_Var1"
        },
        {
            "Name": "Carrot_Growth_01",
            "TimeToNextState": 200,
            "StageMesh": "/Game/ASS/ENV/HRB/Crop_Carrots/v02/SM_ITM_Crop_Carrots_Stage1_Var1.SM_ITM_Crop_Carrots_Stage1_Var1"
        },
        {
            "Name": "Carrot_Growth_02",
            "TimeToNextState": 400,
            "StageMesh": "/Game/ASS/ENV/HRB/Crop_Carrots/v02/SM_ITM_Crop_Carrots_Stage2_Var1.SM_ITM_Crop_Carrots_Stage2_Var1"
        },
        {
            "Name": "Carrot_Growth_03",
            "TimeToNextState": 600,
            "StageMesh": "/Game/ASS/ENV/HRB/Crop_Carrots/v02/SM_ITM_Crop_Carrots_Stage3_Var1.SM_ITM_Crop_Carrots_Stage3_Var1"
        },
        {
            "Name": "Carrot_Growth_04",
            "TimeToNextState": 1200,
            "StageMesh": "/Game/ASS/ENV/HRB/Crop_Carrots/v02/SM_ITM_Crop_Carrots_Stage4_Var1.SM_ITM_Crop_Carrots_Stage4_Var1"
        },
        {
            "Name": "Carrot_Growth_05",
            "TimeToNextState": 1,
            "StageMesh": "/Game/ASS/ENV/HRB/Crop_Carrots/v02/SM_ITM_Crop_Carrots_Stage5_Var1.SM_ITM_Crop_Carrots_Stage5_Var1"
        },
        {
            "Name": "Carrot_Growth_Dead",
            "TimeToNextState": 1,
            "StageMesh": "/Game/ASS/ENV/HRB/Crop_Carrots/v02/SM_ITM_Crop_Carrots_Dead_Var1.SM_ITM_Crop_Carrots_Dead_Var1"
        },
        {
            "Name": "Mushroom_Growth_01",
            "TimeToNextState": 200,
            "StageMesh": "/Game/ASS/ENV/HRB/Crop_Musroom_A/SM_ITM_Crop_Musroom_A_Stage1_Var1.SM_ITM_Crop_Musroom_A_Stage1_Var1"
        },
        {
            "Name": "Mushroom_Growth_02",
            "TimeToNextState": 400,
            "StageMesh": "/Game/ASS/ENV/HRB/Crop_Musroom_A/SM_ITM_Crop_Musroom_A_Stage2_Var1.SM_ITM_Crop_Musroom_A_Stage2_Var1"
        },
        {
            "Name": "Mushroom_Growth_03",
            "TimeToNextState": 600,
            "StageMesh": "/Game/ASS/ENV/HRB/Crop_Musroom_A/SM_ITM_Crop_Musroom_A_Stage3_Var1.SM_ITM_Crop_Musroom_A_Stage3_Var1"
        },
        {
            "Name": "Mushroom_Growth_04",
            "TimeToNextState": 1200,
            "StageMesh": "/Game/ASS/ENV/HRB/Crop_Musroom_A/SM_ITM_Crop_Musroom_A_Stage4_Var1.SM_ITM_Crop_Musroom_A_Stage4_Var1"
        },
        {
            "Name": "Mushroom_Growth_05",
            "TimeToNextState": 1,
            "StageMesh": "/Game/ASS/ENV/HRB/Crop_Musroom_A/SM_ITM_Crop_Musroom_A_Stage5_Var1.SM_ITM_Crop_Musroom_A_Stage5_Var1"
        },
        {
            "Name": "Mushroom_Growth_Dead",
            "TimeToNextState": 1,
            "StageMesh": "/Game/ASS/ENV/HRB/Crop_Musroom_A/SM_ITM_Crop_Musroom_A_Dead_Var1.SM_ITM_Crop_Musroom_A_Dead_Var1"
        }
    ]
}