{
    "RowStruct": "/Script/Icarus.IcarusBuildingType",
    "Defaults": {
        "TagQuery": {
            "RowName": "None",
            "DataTableName": "D_TagQueries"
        },
        "Stats": {}
    },
    "GenerateEnum": true,
    "Rows": [{
            "Name": "Invalid"
        },
        {
            "Name": "Thatch",
            "TagQuery": {
                "RowName": "Building_Thatch"
            },
            "Stats": {
                "(Value=\"BaseBuildingInsulation_+\")": 3,
                "(Value=\"BaseMeleeDamageResistance_%\")": -50
            }
        },
        {
            "Name": "Wood",
            "TagQuery": {
                "RowName": "Building_Wood"
            },
            "Stats": {
                "(Value=\"BaseBuildingInsulation_+\")": 3,
                "(Value=\"BaseTreeCollisionDamageResistance_%\")": 50,
                "(Value=\"BaseMeleeDamageResistance_%\")": -50
            }
        },
        {
            "Name": "Interior_Wood",
            "TagQuery": {
                "RowName": "Building_Interior_Wood"
            },
            "Stats": {
                "(Value=\"BaseBuildingInsulation_+\")": 3,
                "(Value=\"BaseTreeCollisionDamageResistance_%\")": 50
            }
        },
        {
            "Name": "Stone",
            "TagQuery": {
                "RowName": "Building_Stone"
            },
            "Stats": {
                "(Value=\"BaseBuildingInsulation_+\")": 6,
                "(Value=\"BaseTreeCollisionDamageResistance_%\")": 100,
                "(Value=\"BaseWindDamageResistance_%\")": 50
            }
        },
        {
            "Name": "Concrete",
            "TagQuery": {
                "RowName": "Building_Concrete"
            },
            "Stats": {
                "(Value=\"BaseBuildingInsulation_+\")": 15,
                "(Value=\"BaseTreeCollisionDamageResistance_%\")": 100
            }
        },
        {
            "Name": "Iron",
            "TagQuery": {
                "RowName": "Building_Iron"
            },
            "Stats": {
                "(Value=\"BaseBuildingInsulation_+\")": 3,
                "(Value=\"BaseTreeCollisionDamageResistance_%\")": 50,
                "(Value=\"BaseWindDamageResistance_%\")": 50
            }
        },
        {
            "Name": "Aluminium",
            "TagQuery": {
                "RowName": "Building_Aluminium"
            },
            "Stats": {
                "(Value=\"BaseBuildingInsulation_+\")": 15,
                "(Value=\"BaseTreeCollisionDamageResistance_%\")": 100,
                "(Value=\"BaseWindDamageResistance_%\")": 100
            }
        },
        {
            "Name": "Glass",
            "TagQuery": {
                "RowName": "Building_Glass"
            },
            "Stats": {
                "(Value=\"BaseBuildingInsulation_+\")": 5,
                "(Value=\"BaseTreeCollisionDamageResistance_%\")": 50,
                "(Value=\"BaseWindDamageResistance_%\")": 100
            }
        }
    ]
}