{
    "RowStruct": "/Script/Icarus.IcarusToolType",
    "Defaults": {
        "TagQuery": {
            "RowName": "None",
            "DataTableName": "D_TagQueries"
        }
    },
    "GenerateEnum": true,
    "Rows": [
        {
            "Name": "Invalid"
        },
        {
            "Name": "Axe",
            "TagQuery": {
                "RowName": "Any_Axe"
            }
        },
        {
            "Name": "Pickaxe",
            "TagQuery": {
                "RowName": "Any_Pickaxe"
            }
        },
        {
            "Name": "Knife",
            "TagQuery": {
                "RowName": "Any_Knife"
            }
        },
        {
            "Name": "Spear",
            "TagQuery": {
                "RowName": "Any_Spear"
            }
        },
        {
            "Name": "Sickle",
            "TagQuery": {
                "RowName": "Any_Sickle"
            }
        },
        {
            "Name": "Shovel",
            "TagQuery": {
                "RowName": "Any_Shovel"
            }
        },
        {
            "Name": "Bow",
            "TagQuery": {
                "RowName": "Any_Bow"
            }
        },
        {
            "Name": "Fire_Whacker",
            "TagQuery": {
                "RowName": "Any_Firewhacker"
            }
        },
        {
            "Name": "Repair_Hammer",
            "TagQuery": {
                "RowName": "Building_Repair_Tool"
            }
        },
        {
            "Name": "Pistol",
            "TagQuery": {
                "RowName": "Any_Pistol"
            }
        },
        {
            "Name": "Rifle",
            "TagQuery": {
                "RowName": "Any_Rifle"
            }
        },
        {
            "Name": "Shotgun",
            "TagQuery": {
                "RowName": "Any_Shotgun"
            }
        }
    ]
}