{
    "RowStruct": "/Script/Icarus.WeatherTierIcon",
    "Defaults": {
        "TierIcon": "None",
        "BarColor": {
            "SpecifiedColor": {
                "R": 0.2158605009317398,
                "G": 0.2158605009317398,
                "B": 0.2158605009317398,
                "A": 1
            },
            "ColorUseRule": "UseColor_Specified"
        }
    },
    "Rows": [
        {
            "Name": "Tier0",
            "TierIcon": "/Game/Assets/2DArt/UI/WeatherTier/WeatherTier0.WeatherTier0",
            "BarColor": {
                "SpecifiedColor": {
                    "R": 0.25,
                    "G": 0.3499999940395355,
                    "B": 0.2160000056028366,
                    "A": 0.6000000238418579
                }
            }
        },
        {
            "Name": "Tier1",
            "TierIcon": "/Game/Assets/2DArt/UI/WeatherTier/WeatherTier1.WeatherTier1",
            "BarColor": {
                "SpecifiedColor": {
                    "R": 0.25999999046325684,
                    "G": 0.4860000014305115,
                    "B": 0.20000000298023224,
                    "A": 0.6000000238418579
                }
            }
        },
        {
            "Name": "Tier2",
            "TierIcon": "/Game/Assets/2DArt/UI/WeatherTier/WeatherTier2.WeatherTier2",
            "BarColor": {
                "SpecifiedColor": {
                    "R": 0.23999999463558197,
                    "G": 0.6899999976158142,
                    "B": 0.10999999940395355,
                    "A": 0.6000000238418579
                }
            }
        },
        {
            "Name": "Tier3",
            "TierIcon": "/Game/Assets/2DArt/UI/WeatherTier/WeatherTier3.WeatherTier3",
            "BarColor": {
                "SpecifiedColor": {
                    "R": 1,
                    "G": 0.8980000019073486,
                    "B": 0.07999999821186066,
                    "A": 0.6499999761581421
                }
            }
        },
        {
            "Name": "Tier4",
            "TierIcon": "/Game/Assets/2DArt/UI/WeatherTier/WeatherTier4.WeatherTier4",
            "BarColor": {
                "SpecifiedColor": {
                    "R": 1,
                    "G": 0.8980000019073486,
                    "B": 0.07999999821186066,
                    "A": 0.699999988079071
                }
            }
        },
        {
            "Name": "Tier5",
            "TierIcon": "/Game/Assets/2DArt/UI/WeatherTier/WeatherTier5.WeatherTier5",
            "BarColor": {
                "SpecifiedColor": {
                    "R": 1,
                    "G": 0.7200000286102295,
                    "B": 0,
                    "A": 0.800000011920929
                }
            }
        },
        {
            "Name": "Tier6",
            "TierIcon": "/Game/Assets/2DArt/UI/WeatherTier/WeatherTier6.WeatherTier6",
            "BarColor": {
                "SpecifiedColor": {
                    "R": 1,
                    "G": 0,
                    "B": 0.04699999839067459,
                    "A": 0.8999999761581421
                }
            }
        }
    ]
}