{
    "RowStruct": "/Script/Icarus.FactionInfo",
    "Defaults": {
        "Icon": "None",
        "FactionName": "",
        "Description": "",
        "BriefingPool": {
            "RowName": "None",
            "DataTableName": "D_DialoguePool"
        },
        "LandingPool": {
            "RowName": "None",
            "DataTableName": "D_DialoguePool"
        },
        "MissionCompletePool": {
            "RowName": "None",
            "DataTableName": "D_DialoguePool"
        }
    },
    "GenerateEnum": true,
    "Rows": [
        {
            "Name": "ACS",
            "FactionName": "INVTEXT(\"[DNT] ACS\")",
            "BriefingPool": {
                "RowName": "ACS_Intro"
            },
            "LandingPool": {
                "RowName": "ACS_Landing"
            },
            "MissionCompletePool": {
                "RowName": "ACS_Outro"
            }
        },
        {
            "Name": "Sinotai",
            "FactionName": "INVTEXT(\"[DNT] Sinotai\")",
            "BriefingPool": {
                "RowName": "Sinotai_Intro"
            },
            "LandingPool": {
                "RowName": "Sinotai_Landing"
            },
            "MissionCompletePool": {
                "RowName": "Sinotai_Outro"
            }
        },
        {
            "Name": "The_Assembly",
            "FactionName": "INVTEXT(\"[DNT] The Assembly\")",
            "BriefingPool": {
                "RowName": "Assembly_Intro"
            },
            "LandingPool": {
                "RowName": "Assembly_Landing"
            },
            "MissionCompletePool": {
                "RowName": "Assembly_Outro"
            }
        },
        {
            "Name": "Uniao",
            "FactionName": "INVTEXT(\"[DNT] Uniao\")",
            "BriefingPool": {
                "RowName": "Uniao_Intro"
            },
            "LandingPool": {
                "RowName": "Uniao_Landing"
            },
            "MissionCompletePool": {
                "RowName": "Uniao_Outro"
            }
        },
        {
            "Name": "Lagos",
            "FactionName": "INVTEXT(\"[DNT] Lagos\")",
            "BriefingPool": {
                "RowName": "Lagos_Intro"
            },
            "LandingPool": {
                "RowName": "Lagos_Landing"
            },
            "MissionCompletePool": {
                "RowName": "Lagos_Outro"
            }
        },
        {
            "Name": "Group_15",
            "FactionName": "INVTEXT(\"[DNT] Group 15\")",
            "BriefingPool": {
                "RowName": "Group15_Intro"
            },
            "LandingPool": {
                "RowName": "Group15_Landing"
            },
            "MissionCompletePool": {
                "RowName": "Group15_Outro"
            }
        },
        {
            "Name": "The_Administration",
            "FactionName": "INVTEXT(\"[DNT] The Administration\")"
        },
        {
            "Name": "UDA",
            "FactionName": "INVTEXT(\"[DNT] UDA\")"
        }
    ]
}