{
    "RowStruct": "/Script/Icarus.ExoticSpawn",
    "Defaults": {},
    "GenerateEnum": true,
    "Rows": [
        {
            "Name": "OLY_C2"
        },
        {
            "Name": "OLY_C4"
        },
        {
            "Name": "OLY_C13"
        },
        {
            "Name": "OLY_D14"
        },
        {
            "Name": "OLY_E6"
        },
        {
            "Name": "OLY_E6_2"
        },
        {
            "Name": "OLY_E6_3"
        },
        {
            "Name": "OLY_F4"
        },
        {
            "Name": "OLY_G5"
        },
        {
            "Name": "OLY_G14"
        },
        {
            "Name": "OLY_I5"
        },
        {
            "Name": "OLY_I6"
        },
        {
            "Name": "OLY_I6_2"
        },
        {
            "Name": "OLY_I6_3"
        },
        {
            "Name": "OLY_I7"
        },
        {
            "Name": "OLY_I8"
        },
        {
            "Name": "OLY_I8_2"
        },
        {
            "Name": "OLY_I10"
        },
        {
            "Name": "OLY_I11"
        },
        {
            "Name": "OLY_I13"
        },
        {
            "Name": "OLY_I14"
        },
        {
            "Name": "OLY_I16"
        },
        {
            "Name": "OLY_J10"
        },
        {
            "Name": "OLY_J11"
        },
        {
            "Name": "OLY_J11_2"
        },
        {
            "Name": "OLY_J14"
        },
        {
            "Name": "OLY_J14_2"
        },
        {
            "Name": "OLY_J14_3"
        },
        {
            "Name": "OLY_J15"
        },
        {
            "Name": "OLY_K4"
        },
        {
            "Name": "OLY_L6"
        },
        {
            "Name": "OLY_L7"
        },
        {
            "Name": "OLY_L10_2"
        },
        {
            "Name": "OLY_L10_3"
        },
        {
            "Name": "OLY_L10"
        },
        {
            "Name": "OLY_L11"
        },
        {
            "Name": "OLY_L11_2"
        },
        {
            "Name": "OLY_L12"
        },
        {
            "Name": "OLY_L13"
        },
        {
            "Name": "OLY_M3"
        },
        {
            "Name": "OLY_M4"
        },
        {
            "Name": "OLY_M4_2"
        },
        {
            "Name": "OLY_M6"
        },
        {
            "Name": "OLY_M7"
        },
        {
            "Name": "OLY_M7_2"
        },
        {
            "Name": "OLY_M8"
        },
        {
            "Name": "OLY_M8_2"
        },
        {
            "Name": "OLY_M10"
        },
        {
            "Name": "OLY_M10_2"
        },
        {
            "Name": "OLY_M11"
        },
        {
            "Name": "OLY_M11_2"
        },
        {
            "Name": "OLY_M14"
        },
        {
            "Name": "OLY_M14_2"
        },
        {
            "Name": "OLY_M15"
        },
        {
            "Name": "OLY_N4"
        },
        {
            "Name": "OLY_N4_2"
        },
        {
            "Name": "OLY_N4_3"
        },
        {
            "Name": "OLY_N4_4"
        },
        {
            "Name": "OLY_N5"
        },
        {
            "Name": "OLY_N5_2"
        },
        {
            "Name": "OLY_N7"
        },
        {
            "Name": "OLY_N7_2"
        },
        {
            "Name": "OLY_N10"
        },
        {
            "Name": "OLY_N12"
        },
        {
            "Name": "OLY_O6"
        },
        {
            "Name": "OLY_O6_2"
        },
        {
            "Name": "OLY_O6_3"
        },
        {
            "Name": "OLY_O10"
        },
        {
            "Name": "OLY_O11"
        },
        {
            "Name": "OLY_O11_2"
        },
        {
            "Name": "OLY_O11_3"
        },
        {
            "Name": "OLY_O12"
        },
        {
            "Name": "OLY_O14"
        },
        {
            "Name": "OLY_O14_2"
        },
        {
            "Name": "STYX_B03"
        },
        {
            "Name": "STYX_B04"
        },
        {
            "Name": "STYX_B05"
        },
        {
            "Name": "STYX_B05_2"
        },
        {
            "Name": "STYX_B07"
        },
        {
            "Name": "STYX_B07_2"
        },
        {
            "Name": "STYX_B07_3"
        },
        {
            "Name": "STYX_B09"
        },
        {
            "Name": "STYX_B11"
        },
        {
            "Name": "STYX_B13"
        },
        {
            "Name": "STYX_C02"
        },
        {
            "Name": "STYX_D07"
        },
        {
            "Name": "STYX_D07_2"
        },
        {
            "Name": "STYX_D08"
        },
        {
            "Name": "STYX_E03"
        },
        {
            "Name": "STYX_E04"
        },
        {
            "Name": "STYX_E06"
        },
        {
            "Name": "STYX_E09"
        },
        {
            "Name": "STYX_E12"
        },
        {
            "Name": "STYX_E13"
        },
        {
            "Name": "STYX_E15"
        },
        {
            "Name": "STYX_F02"
        },
        {
            "Name": "STYX_F03"
        },
        {
            "Name": "STYX_F10"
        },
        {
            "Name": "STYX_F11"
        },
        {
            "Name": "STYX_F13"
        },
        {
            "Name": "STYX_F13_2"
        },
        {
            "Name": "STYX_F14"
        },
        {
            "Name": "STYX_G02"
        },
        {
            "Name": "STYX_G04"
        },
        {
            "Name": "STYX_G05"
        },
        {
            "Name": "STYX_G06"
        },
        {
            "Name": "STYX_G08"
        },
        {
            "Name": "STYX_G11"
        },
        {
            "Name": "STYX_G11_2"
        },
        {
            "Name": "STYX_H06"
        },
        {
            "Name": "STYX_H10"
        },
        {
            "Name": "STYX_H13"
        },
        {
            "Name": "STYX_H15"
        },
        {
            "Name": "STYX_I03"
        },
        {
            "Name": "STYX_I11"
        },
        {
            "Name": "STYX_I11_2"
        },
        {
            "Name": "STYX_J05"
        },
        {
            "Name": "STYX_J06"
        },
        {
            "Name": "STYX_J07"
        },
        {
            "Name": "STYX_J12"
        },
        {
            "Name": "STYX_J13"
        },
        {
            "Name": "STYX_K04"
        },
        {
            "Name": "STYX_K05"
        },
        {
            "Name": "STYX_K09"
        },
        {
            "Name": "STYX_K14"
        },
        {
            "Name": "STYX_L02"
        },
        {
            "Name": "STYX_L03"
        },
        {
            "Name": "STYX_L06"
        },
        {
            "Name": "STYX_L11"
        },
        {
            "Name": "STYX_L13"
        },
        {
            "Name": "STYX_M06"
        },
        {
            "Name": "STYX_M09"
        },
        {
            "Name": "STYX_M09_2"
        },
        {
            "Name": "STYX_M14"
        },
        {
            "Name": "STYX_N05"
        },
        {
            "Name": "STYX_N08"
        },
        {
            "Name": "STYX_N11"
        },
        {
            "Name": "STYX_N13"
        },
        {
            "Name": "STYX_N13_2"
        },
        {
            "Name": "STYX_N15"
        },
        {
            "Name": "STYX_O07"
        },
        {
            "Name": "STYX_O08"
        },
        {
            "Name": "STYX_P10"
        }
    ]
}