{
    "RowStruct": "/Script/Icarus.ItemAnimationData",
    "Defaults": {
        "FPJumpStart": "None",
        "FPJumpLoop": "None",
        "FPJumpEnd": "None",
        "FPLocoBlendSpace": "None",
        "TPJumpStart": "None",
        "TPJumpLoop": "None",
        "TPJumpEnd": "None",
        "TPLocomotionAnims": {
            "WalkF": "None",
            "WalkR": "None",
            "WalkB": "None",
            "WalkL": "None",
            "RunF": "None",
            "RunR": "None",
            "RunB": "None",
            "RunL": "None",
            "SprintF": "None",
            "CrouchWalkF": "None",
            "CrouchWalkR": "None",
            "CrouchWalkB": "None",
            "CrouchWalkL": "None"
        },
        "UpToDownBlendSpace": "None"
    },
    "Rows": [
        {
            "Name": "1HWEP",
            "FPJumpStart": "/Game/ASS/CHA/1ST/1ST_NewRig/1ST_CHA_1HWEPJumpStart.1ST_CHA_1HWEPJumpStart",
            "FPJumpLoop": "/Game/ASS/CHA/1ST/1ST_NewRig/1ST_CHA_1HWEPJumpLoop.1ST_CHA_1HWEPJumpLoop",
            "FPJumpEnd": "/Game/ASS/CHA/1ST/1ST_NewRig/1ST_CHA_1HWEPJumpLand.1ST_CHA_1HWEPJumpLand",
            "FPLocoBlendSpace": "/Game/ASS/CHA/1ST/1ST_NewRig/1ST_CHA_1H_Loco_BS.1ST_CHA_1H_Loco_BS",
            "TPJumpStart": "/Game/ASS/CHA/Human/3RD/Animations/3RD_CHA_MAL_1HWEPJumpStart.3RD_CHA_MAL_1HWEPJumpStart",
            "TPJumpLoop": "/Game/ASS/CHA/Human/3RD/Animations/3RD_CHA_MAL_1HWEPJumpLoop.3RD_CHA_MAL_1HWEPJumpLoop",
            "TPJumpEnd": "/Game/ASS/CHA/Human/3RD/Animations/3RD_CHA_MAL_1HWEPJumpEnd.3RD_CHA_MAL_1HWEPJumpEnd",
            "TPLocomotionAnims": {
                "WalkF": "/Game/ASS/CHA/Human/3RD/Animations/3RD_CHA_MAL_1HWEPWalkF.3RD_CHA_MAL_1HWEPWalkF",
                "WalkR": "/Game/ASS/CHA/Human/3RD/Animations/3RD_CHA_MAL_1HWEPWalkR.3RD_CHA_MAL_1HWEPWalkR",
                "WalkB": "/Game/ASS/CHA/Human/3RD/Animations/3RD_CHA_MAL_1HWEPWalkB.3RD_CHA_MAL_1HWEPWalkB",
                "WalkL": "/Game/ASS/CHA/Human/3RD/Animations/3RD_CHA_MAL_1HWEPWalkL.3RD_CHA_MAL_1HWEPWalkL",
                "RunF": "/Game/ASS/CHA/Human/3RD/Animations/3RD_CHA_MAL_1HWEPRunF.3RD_CHA_MAL_1HWEPRunF",
                "RunR": "/Game/ASS/CHA/Human/3RD/Animations/3RD_CHA_MAL_1HWEPRunR.3RD_CHA_MAL_1HWEPRunR",
                "RunB": "/Game/ASS/CHA/Human/3RD/Animations/3RD_CHA_MAL_1HWEPRunB.3RD_CHA_MAL_1HWEPRunB",
                "RunL": "/Game/ASS/CHA/Human/3RD/Animations/3RD_CHA_MAL_1HWEPRunL.3RD_CHA_MAL_1HWEPRunL",
                "SprintF": "/Game/ASS/CHA/Human/3RD/Animations/3RD_CHA_MAL_1HWEPSprintF.3RD_CHA_MAL_1HWEPSprintF",
                "CrouchWalkF": "/Game/ASS/CHA/Human/3RD/Animations/3RD_CHA_MAL_1HWEPCrouchWalkF.3RD_CHA_MAL_1HWEPCrouchWalkF",
                "CrouchWalkR": "/Game/ASS/CHA/Human/3RD/Animations/3RD_CHA_MAL_1HWEPCrouchWalkR.3RD_CHA_MAL_1HWEPCrouchWalkR",
                "CrouchWalkB": "/Game/ASS/CHA/Human/3RD/Animations/3RD_CHA_MAL_1HWEPCrouchWalkB.3RD_CHA_MAL_1HWEPCrouchWalkB",
                "CrouchWalkL": "/Game/ASS/CHA/Human/3RD/Animations/3RD_CHA_MAL_1HWEPCrouchWalkL.3RD_CHA_MAL_1HWEPCrouchWalkL"
            }
        },
        {
            "Name": "2HGun",
            "FPJumpStart": "/Game/ASS/CHA/1ST/1ST_NewRig/1ST_CHA_2HGunJumpStart.1ST_CHA_2HGunJumpStart",
            "FPJumpLoop": "/Game/ASS/CHA/1ST/1ST_NewRig/1ST_CHA_2HGunJumpLoop.1ST_CHA_2HGunJumpLoop",
            "FPJumpEnd": "/Game/ASS/CHA/1ST/1ST_NewRig/1ST_CHA_2HGunJumpEnd.1ST_CHA_2HGunJumpEnd",
            "FPLocoBlendSpace": "/Game/ASS/CHA/1ST/1ST_NewRig/1ST_CHA_2HRifle_Loco_BS.1ST_CHA_2HRifle_Loco_BS",
            "TPJumpStart": "/Game/ASS/CHA/Human/3RD/Animations/3RD_CHA_MAL_2HGunJumpStart.3RD_CHA_MAL_2HGunJumpStart",
            "TPJumpLoop": "/Game/ASS/CHA/Human/3RD/Animations/3RD_CHA_MAL_2HGunJumpLoop.3RD_CHA_MAL_2HGunJumpLoop",
            "TPJumpEnd": "/Game/ASS/CHA/Human/3RD/Animations/3RD_CHA_MAL_2HGunJumpEnd.3RD_CHA_MAL_2HGunJumpEnd",
            "TPLocomotionAnims": {
                "WalkF": "/Game/ASS/CHA/Human/3RD/Animations/3RD_CHA_MAL_2HGunWalkF.3RD_CHA_MAL_2HGunWalkF",
                "WalkR": "/Game/ASS/CHA/Human/3RD/Animations/3RD_CHA_MAL_2HGunWalkR.3RD_CHA_MAL_2HGunWalkR",
                "WalkB": "/Game/ASS/CHA/Human/3RD/Animations/3RD_CHA_MAL_2HGunWalkB.3RD_CHA_MAL_2HGunWalkB",
                "WalkL": "/Game/ASS/CHA/Human/3RD/Animations/3RD_CHA_MAL_2HGunWalkL.3RD_CHA_MAL_2HGunWalkL",
                "RunF": "/Game/ASS/CHA/Human/3RD/Animations/3RD_CHA_MAL_2HGunRunF.3RD_CHA_MAL_2HGunRunF",
                "RunR": "/Game/ASS/CHA/Human/3RD/Animations/3RD_CHA_MAL_2HGunRunR.3RD_CHA_MAL_2HGunRunR",
                "RunB": "/Game/ASS/CHA/Human/3RD/Animations/3RD_CHA_MAL_2HGunRunB.3RD_CHA_MAL_2HGunRunB",
                "RunL": "/Game/ASS/CHA/Human/3RD/Animations/3RD_CHA_MAL_2HGunRunL.3RD_CHA_MAL_2HGunRunL",
                "SprintF": "/Game/ASS/CHA/Human/3RD/Animations/3RD_CHA_MAL_2HGunSprintF.3RD_CHA_MAL_2HGunSprintF",
                "CrouchWalkF": "/Game/ASS/CHA/Human/3RD/Animations/3RD_CHA_MAL_2HGunCrouchWalkF.3RD_CHA_MAL_2HGunCrouchWalkF",
                "CrouchWalkR": "/Game/ASS/CHA/Human/3RD/Animations/3RD_CHA_MAL_2HGunCrouchWalkR.3RD_CHA_MAL_2HGunCrouchWalkR",
                "CrouchWalkB": "/Game/ASS/CHA/Human/3RD/Animations/3RD_CHA_MAL_2HGunCrouchWalkB.3RD_CHA_MAL_2HGunCrouchWalkB",
                "CrouchWalkL": "/Game/ASS/CHA/Human/3RD/Animations/3RD_CHA_MAL_2HGunCrouchWalkL.3RD_CHA_MAL_2HGunCrouchWalkL"
            }
        },
        {
            "Name": "Pistol",
            "FPJumpStart": "/Game/ASS/CHA/1ST/1ST_NewRig/1ST_CHA_SGL_Shot_PistolJumpStart.1ST_CHA_SGL_Shot_PistolJumpStart",
            "FPJumpLoop": "/Game/ASS/CHA/1ST/1ST_NewRig/1ST_CHA_SGL_Shot_PistolJumpLoop.1ST_CHA_SGL_Shot_PistolJumpLoop",
            "FPJumpEnd": "/Game/ASS/CHA/1ST/1ST_NewRig/1ST_CHA_SGL_Shot_PistolJumpEnd.1ST_CHA_SGL_Shot_PistolJumpEnd",
            "FPLocoBlendSpace": "/Game/ASS/CHA/1ST/1ST_NewRig/1ST_CHA_2HRifle_Loco_BS.1ST_CHA_2HRifle_Loco_BS",
            "TPJumpStart": "/Game/ASS/CHA/Human/3RD/Animations/3RD_CHA_MAL_SGL_Shot_Pistol_JumpStart.3RD_CHA_MAL_SGL_Shot_Pistol_JumpStart",
            "TPJumpLoop": "/Game/ASS/CHA/Human/3RD/Animations/3RD_CHA_MAL_SGL_Shot_Pistol_JumpLoop.3RD_CHA_MAL_SGL_Shot_Pistol_JumpLoop",
            "TPJumpEnd": "/Game/ASS/CHA/Human/3RD/Animations/3RD_CHA_MAL_SGL_Shot_Pistol_JumpEnd.3RD_CHA_MAL_SGL_Shot_Pistol_JumpEnd",
            "TPLocomotionAnims": {
                "WalkF": "/Game/ASS/CHA/Human/3RD/Animations/3RD_CHA_MAL_SGL_Shot_Pistol_WalkF.3RD_CHA_MAL_SGL_Shot_Pistol_WalkF",
                "WalkR": "/Game/ASS/CHA/Human/3RD/Animations/3RD_CHA_MAL_SGL_Shot_Pistol_WalkR.3RD_CHA_MAL_SGL_Shot_Pistol_WalkR",
                "WalkB": "/Game/ASS/CHA/Human/3RD/Animations/3RD_CHA_MAL_SGL_Shot_Pistol_WalkB.3RD_CHA_MAL_SGL_Shot_Pistol_WalkB",
                "WalkL": "/Game/ASS/CHA/Human/3RD/Animations/3RD_CHA_MAL_SGL_Shot_Pistol_WalkL.3RD_CHA_MAL_SGL_Shot_Pistol_WalkL",
                "RunF": "/Game/ASS/CHA/Human/3RD/Animations/3RD_CHA_MAL_SGL_Shot_Pistol_RunF.3RD_CHA_MAL_SGL_Shot_Pistol_RunF",
                "RunR": "/Game/ASS/CHA/Human/3RD/Animations/3RD_CHA_MAL_SGL_Shot_Pistol_RunR.3RD_CHA_MAL_SGL_Shot_Pistol_RunR",
                "RunB": "/Game/ASS/CHA/Human/3RD/Animations/3RD_CHA_MAL_SGL_Shot_Pistol_RunB.3RD_CHA_MAL_SGL_Shot_Pistol_RunB",
                "RunL": "/Game/ASS/CHA/Human/3RD/Animations/3RD_CHA_MAL_SGL_Shot_Pistol_RunL.3RD_CHA_MAL_SGL_Shot_Pistol_RunL",
                "SprintF": "/Game/ASS/CHA/Human/3RD/Animations/3RD_CHA_MAL_SGL_Shot_Pistol_SprintF.3RD_CHA_MAL_SGL_Shot_Pistol_SprintF",
                "CrouchWalkF": "/Game/ASS/CHA/Human/3RD/Animations/3RD_CHA_MAL_SGL_Shot_Pistol_CrouchWalkF.3RD_CHA_MAL_SGL_Shot_Pistol_CrouchWalkF",
                "CrouchWalkR": "/Game/ASS/CHA/Human/3RD/Animations/3RD_CHA_MAL_SGL_Shot_Pistol_CrouchWalkR.3RD_CHA_MAL_SGL_Shot_Pistol_CrouchWalkR",
                "CrouchWalkB": "/Game/ASS/CHA/Human/3RD/Animations/3RD_CHA_MAL_SGL_Shot_Pistol_CrouchWalkB.3RD_CHA_MAL_SGL_Shot_Pistol_CrouchWalkB",
                "CrouchWalkL": "/Game/ASS/CHA/Human/3RD/Animations/3RD_CHA_MAL_SGL_Shot_Pistol_CrouchWalkL.3RD_CHA_MAL_SGL_Shot_Pistol_CrouchWalkL"
            }
        },
        {
            "Name": "Spear",
            "FPLocoBlendSpace": "/Game/ASS/CHA/1ST/1ST_NewRig/1ST_CHA_SPR__Loco_BS.1ST_CHA_SPR__Loco_BS",
            "TPLocomotionAnims": {
                "WalkF": "/Game/ASS/CHA/Human/3RD/Animations/3RD_CHA_MAL_SprWalkF.3RD_CHA_MAL_SprWalkF",
                "WalkR": "/Game/ASS/CHA/Human/3RD/Animations/3RD_CHA_MAL_SprWalkR.3RD_CHA_MAL_SprWalkR",
                "WalkB": "/Game/ASS/CHA/Human/3RD/Animations/3RD_CHA_MAL_SprWalkB.3RD_CHA_MAL_SprWalkB",
                "WalkL": "/Game/ASS/CHA/Human/3RD/Animations/3RD_CHA_MAL_SprWalkL.3RD_CHA_MAL_SprWalkL",
                "RunF": "/Game/ASS/CHA/Human/3RD/Animations/3RD_CHA_MAL_SprRunF.3RD_CHA_MAL_SprRunF",
                "RunR": "/Game/ASS/CHA/Human/3RD/Animations/3RD_CHA_MAL_SprRunR.3RD_CHA_MAL_SprRunR",
                "RunB": "/Game/ASS/CHA/Human/3RD/Animations/3RD_CHA_MAL_SprRunB.3RD_CHA_MAL_SprRunB",
                "RunL": "/Game/ASS/CHA/Human/3RD/Animations/3RD_CHA_MAL_SprRunL.3RD_CHA_MAL_SprRunL",
                "SprintF": "/Game/ASS/CHA/Human/3RD/Animations/3RD_CHA_MAL_SprSprintF.3RD_CHA_MAL_SprSprintF",
                "CrouchWalkF": "/Game/ASS/CHA/Human/3RD/Animations/3RD_CHA_MAL_SprCrouchWalkF.3RD_CHA_MAL_SprCrouchWalkF",
                "CrouchWalkR": "/Game/ASS/CHA/Human/3RD/Animations/3RD_CHA_MAL_SprCrouchWalkR.3RD_CHA_MAL_SprCrouchWalkR",
                "CrouchWalkB": "/Game/ASS/CHA/Human/3RD/Animations/3RD_CHA_MAL_SprCrouchWalkB.3RD_CHA_MAL_SprCrouchWalkB",
                "CrouchWalkL": "/Game/ASS/CHA/Human/3RD/Animations/3RD_CHA_MAL_SprCrouchWalkL.3RD_CHA_MAL_SprCrouchWalkL"
            }
        },
        {
            "Name": "Bow",
            "FPJumpStart": "/Game/ASS/CHA/1ST/1ST_NewRig/1ST_CHA_BowIdle.1ST_CHA_BowIdle",
            "FPJumpLoop": "/Game/ASS/CHA/1ST/1ST_NewRig/1ST_CHA_BowIdle.1ST_CHA_BowIdle",
            "FPJumpEnd": "/Game/ASS/CHA/1ST/1ST_NewRig/1ST_CHA_BowIdle.1ST_CHA_BowIdle",
            "FPLocoBlendSpace": "/Game/ASS/CHA/1ST/1ST_NewRig/1ST_CHA_Bow_Loco_BS.1ST_CHA_Bow_Loco_BS",
            "TPJumpStart": "/Game/ASS/CHA/Human/3RD/Animations/3RD_CHA_MAL_BowJumpStart.3RD_CHA_MAL_BowJumpStart",
            "TPJumpLoop": "/Game/ASS/CHA/Human/3RD/Animations/3RD_CHA_MAL_BowJumpLoop.3RD_CHA_MAL_BowJumpLoop",
            "TPJumpEnd": "/Game/ASS/CHA/Human/3RD/Animations/3RD_CHA_MAL_BowJumpEnd.3RD_CHA_MAL_BowJumpEnd",
            "TPLocomotionAnims": {
                "WalkF": "/Game/ASS/CHA/Human/3RD/Animations/3RD_CHA_MAL_BowWalkF.3RD_CHA_MAL_BowWalkF",
                "WalkR": "/Game/ASS/CHA/Human/3RD/Animations/3RD_CHA_MAL_BowWalkR.3RD_CHA_MAL_BowWalkR",
                "WalkB": "/Game/ASS/CHA/Human/3RD/Animations/3RD_CHA_MAL_BowWalkB.3RD_CHA_MAL_BowWalkB",
                "WalkL": "/Game/ASS/CHA/Human/3RD/Animations/3RD_CHA_MAL_BowWalkL.3RD_CHA_MAL_BowWalkL",
                "RunF": "/Game/ASS/CHA/Human/3RD/Animations/3RD_CHA_MAL_BowRunF.3RD_CHA_MAL_BowRunF",
                "RunR": "/Game/ASS/CHA/Human/3RD/Animations/3RD_CHA_MAL_BowRunR.3RD_CHA_MAL_BowRunR",
                "RunB": "/Game/ASS/CHA/Human/3RD/Animations/3RD_CHA_MAL_BowRunB.3RD_CHA_MAL_BowRunB",
                "RunL": "/Game/ASS/CHA/Human/3RD/Animations/3RD_CHA_MAL_BowRunL.3RD_CHA_MAL_BowRunL",
                "SprintF": "/Game/ASS/CHA/Human/3RD/Animations/3RD_CHA_MAL_BowSprint.3RD_CHA_MAL_BowSprint",
                "CrouchWalkF": "/Game/ASS/CHA/Human/3RD/Animations/3RD_CHA_MAL_BowCrouchWalkF.3RD_CHA_MAL_BowCrouchWalkF",
                "CrouchWalkR": "/Game/ASS/CHA/Human/3RD/Animations/3RD_CHA_MAL_BowCrouchWalkR.3RD_CHA_MAL_BowCrouchWalkR",
                "CrouchWalkB": "/Game/ASS/CHA/Human/3RD/Animations/3RD_CHA_MAL_BowCrouchWalkB.3RD_CHA_MAL_BowCrouchWalkB",
                "CrouchWalkL": "/Game/ASS/CHA/Human/3RD/Animations/3RD_CHA_MAL_BowCrouchWalkL.3RD_CHA_MAL_BowCrouchWalkL"
            }
        },
        {
            "Name": "Carry_Carcass",
            "FPJumpStart": "/Game/ASS/CHA/1ST/1ST_NewRig/1ST_CHA_CRE_CarryIdle.1ST_CHA_CRE_CarryIdle",
            "FPJumpLoop": "/Game/ASS/CHA/1ST/1ST_NewRig/1ST_CHA_CRE_CarryIdle.1ST_CHA_CRE_CarryIdle",
            "FPJumpEnd": "/Game/ASS/CHA/1ST/1ST_NewRig/1ST_CHA_CRE_CarryIdle.1ST_CHA_CRE_CarryIdle",
            "FPLocoBlendSpace": "/Game/ASS/CHA/1ST/1ST_NewRig/1ST_CHA_Carry_Loco_BS.1ST_CHA_Carry_Loco_BS"
        },
        {
            "Name": "Shovel",
            "FPLocoBlendSpace": "/Game/ASS/CHA/1ST/1ST_NewRig/1ST_CHA_Shovel_Loco_BS.1ST_CHA_Shovel_Loco_BS",
            "TPJumpStart": "/Game/ASS/CHA/Human/3RD/Animations/3RD_CHA_MAL_Shovel_JumpStart.3RD_CHA_MAL_Shovel_JumpStart",
            "TPJumpLoop": "/Game/ASS/CHA/Human/3RD/Animations/3RD_CHA_MAL_Shovel_JumpLoop.3RD_CHA_MAL_Shovel_JumpLoop",
            "TPJumpEnd": "/Game/ASS/CHA/Human/3RD/Animations/3RD_CHA_MAL_Shovel_JumpEnd.3RD_CHA_MAL_Shovel_JumpEnd",
            "TPLocomotionAnims": {
                "WalkF": "/Game/ASS/CHA/Human/3RD/Animations/3RD_CHA_MAL_Shovel_WalkF.3RD_CHA_MAL_Shovel_WalkF",
                "WalkR": "/Game/ASS/CHA/Human/3RD/Animations/3RD_CHA_MAL_Shovel_WalkR.3RD_CHA_MAL_Shovel_WalkR",
                "WalkB": "/Game/ASS/CHA/Human/3RD/Animations/3RD_CHA_MAL_Shovel_WalkB.3RD_CHA_MAL_Shovel_WalkB",
                "WalkL": "/Game/ASS/CHA/Human/3RD/Animations/3RD_CHA_MAL_Shovel_WalkL.3RD_CHA_MAL_Shovel_WalkL",
                "RunF": "/Game/ASS/CHA/Human/3RD/Animations/3RD_CHA_MAL_Shovel_RunF.3RD_CHA_MAL_Shovel_RunF",
                "RunR": "/Game/ASS/CHA/Human/3RD/Animations/3RD_CHA_MAL_Shovel_RunR.3RD_CHA_MAL_Shovel_RunR",
                "RunB": "/Game/ASS/CHA/Human/3RD/Animations/3RD_CHA_MAL_Shovel_RunB.3RD_CHA_MAL_Shovel_RunB",
                "RunL": "/Game/ASS/CHA/Human/3RD/Animations/3RD_CHA_MAL_Shovel_RunL.3RD_CHA_MAL_Shovel_RunL",
                "SprintF": "/Game/ASS/CHA/Human/3RD/Animations/3RD_CHA_MAL_Shovel_SprintF.3RD_CHA_MAL_Shovel_SprintF",
                "CrouchWalkF": "/Game/ASS/CHA/Human/3RD/Animations/3RD_CHA_MAL_Shovel_CrouchWalkF.3RD_CHA_MAL_Shovel_CrouchWalkF",
                "CrouchWalkR": "/Game/ASS/CHA/Human/3RD/Animations/3RD_CHA_MAL_Shovel_CrouchWalkR.3RD_CHA_MAL_Shovel_CrouchWalkR",
                "CrouchWalkB": "/Game/ASS/CHA/Human/3RD/Animations/3RD_CHA_MAL_Shovel_CrouchWalkB.3RD_CHA_MAL_Shovel_CrouchWalkB",
                "CrouchWalkL": "/Game/ASS/CHA/Human/3RD/Animations/3RD_CHA_MAL_Shovel_CrouchWalkL.3RD_CHA_MAL_Shovel_CrouchWalkL"
            }
        },
        {
            "Name": "FireExtinguisher",
            "FPLocoBlendSpace": "/Game/ASS/CHA/1ST/1ST_NewRig/1ST_CHA_FireExtingusher_Loco_BS.1ST_CHA_FireExtingusher_Loco_BS",
            "TPJumpStart": "/Game/ASS/CHA/Human/3RD/Animations/3RD_CHA_MAL_FireExtinguisher_JumpStart.3RD_CHA_MAL_FireExtinguisher_JumpStart",
            "TPJumpLoop": "/Game/ASS/CHA/Human/3RD/Animations/3RD_CHA_MAL_FireExtinguisher_JumpLoop.3RD_CHA_MAL_FireExtinguisher_JumpLoop",
            "TPJumpEnd": "/Game/ASS/CHA/Human/3RD/Animations/3RD_CHA_MAL_FireExtinguisher_JumpEnd.3RD_CHA_MAL_FireExtinguisher_JumpEnd",
            "TPLocomotionAnims": {
                "WalkF": "/Game/ASS/CHA/Human/3RD/Animations/3RD_CHA_MAL_FireExtinguisher_WalkF.3RD_CHA_MAL_FireExtinguisher_WalkF",
                "WalkR": "/Game/ASS/CHA/Human/3RD/Animations/3RD_CHA_MAL_FireExtinguisher_WalkR.3RD_CHA_MAL_FireExtinguisher_WalkR",
                "WalkB": "/Game/ASS/CHA/Human/3RD/Animations/3RD_CHA_MAL_FireExtinguisher_WalkB.3RD_CHA_MAL_FireExtinguisher_WalkB",
                "WalkL": "/Game/ASS/CHA/Human/3RD/Animations/3RD_CHA_MAL_FireExtinguisher_WalkL.3RD_CHA_MAL_FireExtinguisher_WalkL",
                "RunF": "/Game/ASS/CHA/Human/3RD/Animations/3RD_CHA_MAL_FireExtinguisher_RunF.3RD_CHA_MAL_FireExtinguisher_RunF",
                "RunR": "/Game/ASS/CHA/Human/3RD/Animations/3RD_CHA_MAL_FireExtinguisher_RunR.3RD_CHA_MAL_FireExtinguisher_RunR",
                "RunB": "/Game/ASS/CHA/Human/3RD/Animations/3RD_CHA_MAL_FireExtinguisher_RunB.3RD_CHA_MAL_FireExtinguisher_RunB",
                "RunL": "/Game/ASS/CHA/Human/3RD/Animations/3RD_CHA_MAL_FireExtinguisher_RunL.3RD_CHA_MAL_FireExtinguisher_RunL",
                "SprintF": "/Game/ASS/CHA/Human/3RD/Animations/3RD_CHA_MAL_FireExtinguisher_SprintF.3RD_CHA_MAL_FireExtinguisher_SprintF",
                "CrouchWalkF": "/Game/ASS/CHA/Human/3RD/Animations/3RD_CHA_MAL_FireExtinguisher_CrouchWalkF.3RD_CHA_MAL_FireExtinguisher_CrouchWalkF",
                "CrouchWalkR": "/Game/ASS/CHA/Human/3RD/Animations/3RD_CHA_MAL_FireExtinguisher_CrouchWalkR.3RD_CHA_MAL_FireExtinguisher_CrouchWalkR",
                "CrouchWalkB": "/Game/ASS/CHA/Human/3RD/Animations/3RD_CHA_MAL_FireExtinguisher_CrouchWalkB.3RD_CHA_MAL_FireExtinguisher_CrouchWalkB",
                "CrouchWalkL": "/Game/ASS/CHA/Human/3RD/Animations/3RD_CHA_MAL_FireExtinguisher_CrouchWalkL.3RD_CHA_MAL_FireExtinguisher_CrouchWalkL"
            }
        },
        {
            "Name": "Lantern",
            "FPJumpStart": "/Game/ASS/CHA/1ST/1ST_NewRig/1ST_CHA_1HWEPJumpStart.1ST_CHA_1HWEPJumpStart",
            "FPJumpLoop": "/Game/ASS/CHA/1ST/1ST_NewRig/1ST_CHA_1HWEPJumpLoop.1ST_CHA_1HWEPJumpLoop",
            "FPJumpEnd": "/Game/ASS/CHA/1ST/1ST_NewRig/1ST_CHA_1HWEPJumpLand.1ST_CHA_1HWEPJumpLand",
            "FPLocoBlendSpace": "/Game/ASS/CHA/1ST/1ST_NewRig/1ST_CHA_1H_Loco_BS.1ST_CHA_1H_Loco_BS",
            "TPJumpStart": "/Game/ASS/CHA/Human/3RD/Animations/3RD_CHA_MAL_1HLampJumpStart.3RD_CHA_MAL_1HLampJumpStart",
            "TPJumpLoop": "/Game/ASS/CHA/Human/3RD/Animations/3RD_CHA_MAL_1HLampJumpLoop.3RD_CHA_MAL_1HLampJumpLoop",
            "TPJumpEnd": "/Game/ASS/CHA/Human/3RD/Animations/3RD_CHA_MAL_1HLampJumpEnd.3RD_CHA_MAL_1HLampJumpEnd",
            "TPLocomotionAnims": {
                "WalkF": "/Game/ASS/CHA/Human/3RD/Animations/3RD_CHA_MAL_1HLamp_WalkF.3RD_CHA_MAL_1HLamp_WalkF",
                "WalkR": "/Game/ASS/CHA/Human/3RD/Animations/3RD_CHA_MAL_1HLamp_WalkR.3RD_CHA_MAL_1HLamp_WalkR",
                "WalkB": "/Game/ASS/CHA/Human/3RD/Animations/3RD_CHA_MAL_1HLamp_WalkB.3RD_CHA_MAL_1HLamp_WalkB",
                "WalkL": "/Game/ASS/CHA/Human/3RD/Animations/3RD_CHA_MAL_1HLamp_WalkL.3RD_CHA_MAL_1HLamp_WalkL",
                "RunF": "/Game/ASS/CHA/Human/3RD/Animations/3RD_CHA_MAL_1HLamp_RunF.3RD_CHA_MAL_1HLamp_RunF",
                "RunR": "/Game/ASS/CHA/Human/3RD/Animations/3RD_CHA_MAL_1HLamp_RunR.3RD_CHA_MAL_1HLamp_RunR",
                "RunB": "/Game/ASS/CHA/Human/3RD/Animations/3RD_CHA_MAL_1HLamp_RunB.3RD_CHA_MAL_1HLamp_RunB",
                "RunL": "/Game/ASS/CHA/Human/3RD/Animations/3RD_CHA_MAL_1HLamp_RunL.3RD_CHA_MAL_1HLamp_RunL",
                "SprintF": "/Game/ASS/CHA/Human/3RD/Animations/3RD_CHA_MAL_1HLamp_SprintF.3RD_CHA_MAL_1HLamp_SprintF",
                "CrouchWalkF": "/Game/ASS/CHA/Human/3RD/Animations/3RD_CHA_MAL_1HLamp_CrouchWalkF.3RD_CHA_MAL_1HLamp_CrouchWalkF",
                "CrouchWalkR": "/Game/ASS/CHA/Human/3RD/Animations/3RD_CHA_MAL_1HLamp_CrouchWalkR.3RD_CHA_MAL_1HLamp_CrouchWalkR",
                "CrouchWalkB": "/Game/ASS/CHA/Human/3RD/Animations/3RD_CHA_MAL_1HLamp_CrouchWalkB.3RD_CHA_MAL_1HLamp_CrouchWalkB",
                "CrouchWalkL": "/Game/ASS/CHA/Human/3RD/Animations/3RD_CHA_MAL_1HLamp_CrouchWalkL.3RD_CHA_MAL_1HLamp_CrouchWalkL"
            },
            "UpToDownBlendSpace": "/Game/ASS/CHA/Human/3RD/Animations/3RD_CHA_MAL_1HLampLookUp_to_Dwn_BS.3RD_CHA_MAL_1HLampLookUp_to_Dwn_BS"
        },
        {
            "Name": "Jackhammer",
            "FPJumpStart": "/Game/ASS/CHA/1ST/1ST_NewRig/1ST_CHA_Jackhammer_JumpStart.1ST_CHA_Jackhammer_JumpStart",
            "FPJumpLoop": "/Game/ASS/CHA/1ST/1ST_NewRig/1ST_CHA_Jackhammer_JumpLoop.1ST_CHA_Jackhammer_JumpLoop",
            "FPJumpEnd": "/Game/ASS/CHA/1ST/1ST_NewRig/1ST_CHA_Jackhammer_JumpEnd.1ST_CHA_Jackhammer_JumpEnd",
            "FPLocoBlendSpace": "/Game/ASS/CHA/1ST/1ST_NewRig/1ST_CHA_Jackhammer_Loco_BS.1ST_CHA_Jackhammer_Loco_BS",
            "TPJumpStart": "/Game/ASS/CHA/Human/3RD/Animations/3RD_CHA_MAL_Jackhammer_JumpStart.3RD_CHA_MAL_Jackhammer_JumpStart",
            "TPJumpLoop": "/Game/ASS/CHA/Human/3RD/Animations/3RD_CHA_MAL_Jackhammer_JumpLoop.3RD_CHA_MAL_Jackhammer_JumpLoop",
            "TPJumpEnd": "/Game/ASS/CHA/Human/3RD/Animations/3RD_CHA_MAL_Jackhammer_JumpEnd.3RD_CHA_MAL_Jackhammer_JumpEnd",
            "TPLocomotionAnims": {
                "WalkF": "/Game/ASS/CHA/Human/3RD/Animations/3RD_CHA_MAL_Jackhammer_WalkF.3RD_CHA_MAL_Jackhammer_WalkF",
                "WalkR": "/Game/ASS/CHA/Human/3RD/Animations/3RD_CHA_MAL_Jackhammer_WalkR.3RD_CHA_MAL_Jackhammer_WalkR",
                "WalkB": "/Game/ASS/CHA/Human/3RD/Animations/3RD_CHA_MAL_Jackhammer_WalkB.3RD_CHA_MAL_Jackhammer_WalkB",
                "WalkL": "/Game/ASS/CHA/Human/3RD/Animations/3RD_CHA_MAL_Jackhammer_WalkL.3RD_CHA_MAL_Jackhammer_WalkL",
                "RunF": "/Game/ASS/CHA/Human/3RD/Animations/3RD_CHA_MAL_Jackhammer_RunF.3RD_CHA_MAL_Jackhammer_RunF",
                "RunR": "/Game/ASS/CHA/Human/3RD/Animations/3RD_CHA_MAL_Jackhammer_RunR.3RD_CHA_MAL_Jackhammer_RunR",
                "RunB": "/Game/ASS/CHA/Human/3RD/Animations/3RD_CHA_MAL_Jackhammer_RunB.3RD_CHA_MAL_Jackhammer_RunB",
                "RunL": "/Game/ASS/CHA/Human/3RD/Animations/3RD_CHA_MAL_Jackhammer_RunL.3RD_CHA_MAL_Jackhammer_RunL",
                "SprintF": "/Game/ASS/CHA/Human/3RD/Animations/3RD_CHA_MAL_Jackhammer_SprintF.3RD_CHA_MAL_Jackhammer_SprintF",
                "CrouchWalkF": "/Game/ASS/CHA/Human/3RD/Animations/3RD_CHA_MAL_Jackhammer_CrouchWalkF.3RD_CHA_MAL_Jackhammer_CrouchWalkF",
                "CrouchWalkR": "/Game/ASS/CHA/Human/3RD/Animations/3RD_CHA_MAL_Jackhammer_CrouchWalkR.3RD_CHA_MAL_Jackhammer_CrouchWalkR",
                "CrouchWalkB": "/Game/ASS/CHA/Human/3RD/Animations/3RD_CHA_MAL_Jackhammer_CrouchWalkB.3RD_CHA_MAL_Jackhammer_CrouchWalkB",
                "CrouchWalkL": "/Game/ASS/CHA/Human/3RD/Animations/3RD_CHA_MAL_Jackhammer_CrouchWalkL.3RD_CHA_MAL_Jackhammer_CrouchWalkL"
            },
            "UpToDownBlendSpace": "/Game/ASS/CHA/Human/3RD/Animations/3RD_CHA_MAL_Jackhammer_UpToDwn.3RD_CHA_MAL_Jackhammer_UpToDwn"
        },
        {
            "Name": "FlashLight",
            "FPJumpStart": "/Game/ASS/CHA/1ST/1ST_NewRig/1ST_CHA_1HWEPJumpStart.1ST_CHA_1HWEPJumpStart",
            "FPJumpLoop": "/Game/ASS/CHA/1ST/1ST_NewRig/1ST_CHA_1HWEPJumpLoop.1ST_CHA_1HWEPJumpLoop",
            "FPJumpEnd": "/Game/ASS/CHA/1ST/1ST_NewRig/1ST_CHA_1HWEPJumpLand.1ST_CHA_1HWEPJumpLand",
            "FPLocoBlendSpace": "/Game/ASS/CHA/1ST/1ST_NewRig/1ST_CHA_1H_Loco_BS.1ST_CHA_1H_Loco_BS",
            "TPJumpStart": "/Game/ASS/CHA/Human/3RD/Animations/3RD_CHA_MAL_Flashlight_JumpStart.3RD_CHA_MAL_Flashlight_JumpStart",
            "TPJumpLoop": "/Game/ASS/CHA/Human/3RD/Animations/3RD_CHA_MAL_Flashlight_JumpLoop.3RD_CHA_MAL_Flashlight_JumpLoop",
            "TPJumpEnd": "/Game/ASS/CHA/Human/3RD/Animations/3RD_CHA_MAL_Flashlight_JumpEnd.3RD_CHA_MAL_Flashlight_JumpEnd",
            "TPLocomotionAnims": {
                "WalkF": "/Game/ASS/CHA/Human/3RD/Animations/3RD_CHA_MAL_Flashlight_WalkF.3RD_CHA_MAL_Flashlight_WalkF",
                "WalkR": "/Game/ASS/CHA/Human/3RD/Animations/3RD_CHA_MAL_Flashlight_WalkR.3RD_CHA_MAL_Flashlight_WalkR",
                "WalkB": "/Game/ASS/CHA/Human/3RD/Animations/3RD_CHA_MAL_Flashlight_WalkB.3RD_CHA_MAL_Flashlight_WalkB",
                "WalkL": "/Game/ASS/CHA/Human/3RD/Animations/3RD_CHA_MAL_Flashlight_WalkL.3RD_CHA_MAL_Flashlight_WalkL",
                "RunF": "/Game/ASS/CHA/Human/3RD/Animations/3RD_CHA_MAL_Flashlight_RunF.3RD_CHA_MAL_Flashlight_RunF",
                "RunR": "/Game/ASS/CHA/Human/3RD/Animations/3RD_CHA_MAL_Flashlight_RunR.3RD_CHA_MAL_Flashlight_RunR",
                "RunB": "/Game/ASS/CHA/Human/3RD/Animations/3RD_CHA_MAL_Flashlight_RunB.3RD_CHA_MAL_Flashlight_RunB",
                "RunL": "/Game/ASS/CHA/Human/3RD/Animations/3RD_CHA_MAL_Flashlight_RunL.3RD_CHA_MAL_Flashlight_RunL",
                "SprintF": "/Game/ASS/CHA/Human/3RD/Animations/3RD_CHA_MAL_Flashlight_SprintF.3RD_CHA_MAL_Flashlight_SprintF",
                "CrouchWalkF": "/Game/ASS/CHA/Human/3RD/Animations/3RD_CHA_MAL_Flashlight_Crouch_WalkF.3RD_CHA_MAL_Flashlight_Crouch_WalkF",
                "CrouchWalkR": "/Game/ASS/CHA/Human/3RD/Animations/3RD_CHA_MAL_Flashlight_Crouch_WalkR.3RD_CHA_MAL_Flashlight_Crouch_WalkR",
                "CrouchWalkB": "/Game/ASS/CHA/Human/3RD/Animations/3RD_CHA_MAL_Flashlight_Crouch_WalkB.3RD_CHA_MAL_Flashlight_Crouch_WalkB",
                "CrouchWalkL": "/Game/ASS/CHA/Human/3RD/Animations/3RD_CHA_MAL_Flashlight_Crouch_WalkL.3RD_CHA_MAL_Flashlight_Crouch_WalkL"
            },
            "UpToDownBlendSpace": "/Game/ASS/CHA/Human/3RD/Animations/3RD_CHA_MAL_Flashlight_UpToDwn.3RD_CHA_MAL_Flashlight_UpToDwn"
        }
    ]
}