{
    "RowStruct": "/Script/Icarus.PreviewCameraSettings",
    "Defaults": {
        "RelativeOffset": {
            "Rotation": {
                "X": 0,
                "Y": 0,
                "Z": 0,
                "W": 1
            },
            "Translation": {
                "X": 0,
                "Y": 0,
                "Z": 0
            },
            "Scale3D": {
                "X": 1,
                "Y": 1,
                "Z": 1
            }
        },
        "CameraFOV": 90
    },
    "Rows": [
        {
            "Name": "Body",
            "RelativeOffset": {
                "Rotation": {
                    "Z": -0.7071065306663513,
                    "W": 0.7071070671081543
                },
                "Translation": {
                    "Y": 340,
                    "Z": 130
                }
            },
            "CameraFOV": 69
        },
        {
            "Name": "Head",
            "RelativeOffset": {
                "Rotation": {
                    "Z": -0.70710688829422,
                    "W": 0.7071067094802856
                },
                "Translation": {
                    "Y": 340,
                    "Z": 180
                }
            },
            "CameraFOV": 20
        },
        {
            "Name": "InventoryPreview",
            "RelativeOffset": {
                "Rotation": {
                    "Z": -0.7071070075035095,
                    "W": 0.7071070075035095
                },
                "Translation": {
                    "Y": 340,
                    "Z": 100
                }
            },
            "CameraFOV": 15
        },
        {
            "Name": "Eyes",
            "RelativeOffset": {
                "Rotation": {
                    "Z": -0.70710688829422,
                    "W": 0.7071067094802856
                },
                "Translation": {
                    "X": 6,
                    "Y": 340,
                    "Z": 182
                }
            },
            "CameraFOV": 12.56346321105957
        },
        {
            "Name": "DogTags",
            "RelativeOffset": {
                "Rotation": {
                    "X": -0.20603467524051666,
                    "Y": 0.16181711852550507,
                    "Z": -0.4563526511192322,
                    "W": 0.8503570556640625
                },
                "Translation": {
                    "X": -15,
                    "Y": 315,
                    "Z": 105.32066345214844
                }
            },
            "CameraFOV": 110.14093780517578
        },
        {
            "Name": "NoFocus"
        },
        {
            "Name": "CharacterSelection",
            "RelativeOffset": {
                "Rotation": {
                    "Z": -0.7071070075035095,
                    "W": 0.7071070075035095
                },
                "Translation": {
                    "Y": 340,
                    "Z": 182
                }
            },
            "CameraFOV": 7
        }
    ]
}