{
    "RowStruct": "/Script/Icarus.Uses",
    "Defaults": {
        "DescriptionText": "None",
        "Image": "None"
    },
    "GenerateEnum": true,
    "Rows": [
        {
            "Name": "Consume",
            "DescriptionText": "NSLOCTEXT(\"D_Uses\", \"Consume-DescriptionText\", \"Consume\")",
            "Image": "/Game/Assets/2DArt/UI/Icons/Icon_Consume.Icon_Consume"
        },
        {
            "Name": "Place",
            "DescriptionText": "NSLOCTEXT(\"D_Uses\", \"Place-DescriptionText\", \"Deploy\")",
            "Image": "/Game/Assets/2DArt/UI/Icons/Icon_Repair.Icon_Repair"
        },
        {
            "Name": "Repair",
            "DescriptionText": "NSLOCTEXT(\"D_Uses\", \"Repair-DescriptionText\", \"Repair\")",
            "Image": "/Game/Assets/2DArt/UI/Icons/Icon_Place.Icon_Place"
        },
        {
            "Name": "Consume_Stack",
            "DescriptionText": "NSLOCTEXT(\"D_Uses\", \"Consume_Stack-DescriptionText\", \"Consume Stack\")",
            "Image": "/Game/Assets/2DArt/UI/Icons/Icon_Consume.Icon_Consume"
        },
        {
            "Name": "Consume_From_Menu",
            "DescriptionText": "NSLOCTEXT(\"D_Uses\", \"Consume_From_Menu-DescriptionText\", \"Consume\")",
            "Image": "/Game/Assets/2DArt/UI/Icons/Icon_Consume.Icon_Consume"
        },
        {
            "Name": "Consume_Stack_Food",
            "DescriptionText": "NSLOCTEXT(\"D_Uses\", \"Consume_Stack_Food-DescriptionText\", \"Consume Stack\")",
            "Image": "/Game/Assets/2DArt/UI/Icons/Icon_Consume.Icon_Consume"
        },
        {
            "Name": "Consume_Stack_Water",
            "DescriptionText": "NSLOCTEXT(\"D_Uses\", \"Consume_Stack_Water-DescriptionText\", \"Consume Stack\")",
            "Image": "/Game/Assets/2DArt/UI/Icons/Icon_Consume.Icon_Consume"
        },
        {
            "Name": "Consume_Stack_Oxygen",
            "DescriptionText": "NSLOCTEXT(\"D_Uses\", \"Consume_Stack_Oxygen-DescriptionText\", \"Consume Stack\")",
            "Image": "/Game/Assets/2DArt/UI/Icons/Icon_Consume.Icon_Consume"
        },
        {
            "Name": "Consume_Stack_FoodWater",
            "DescriptionText": "NSLOCTEXT(\"D_Uses\", \"Consume_Stack_FoodWater-DescriptionText\", \"Consume Stack\")",
            "Image": "/Game/Assets/2DArt/UI/Icons/Icon_Consume.Icon_Consume"
        },
        {
            "Name": "Convert_Fish",
            "DescriptionText": "NSLOCTEXT(\"D_Uses\", \"Convert_Fish-DescriptionText\", \"Convert to Chunks\")",
            "Image": "/Game/Assets/2DArt/UI/Icons/Icon_Consume.Icon_Consume"
        },
        {
            "Name": "Open_Inventory",
            "DescriptionText": "NSLOCTEXT(\"D_Uses\", \"Open_Inventory-DescriptionText\", \"Open Inventory\")",
            "Image": "/Game/Assets/2DArt/UI/Icons/T_ICON_inventoryOpen.T_ICON_inventoryOpen"
        },
        {
            "Name": "Empty_Container",
            "DescriptionText": "NSLOCTEXT(\"D_Uses\", \"Empty_Container-DescriptionText\", \"Empty Container\")",
            "Image": "/Game/Assets/2DArt/UI/Icons/T_ICON_WaterStorage.T_ICON_WaterStorage"
        }
    ]
}