{
    "RowStruct": "/Script/Icarus.ValidAmmoTypes",
    "Defaults": {
        "AmmoTypes": []
    },
    "Rows": [
        {
            "Name": "AllArrows",
            "AmmoTypes": [
                {
                    "RowName": "Aluminium_Arrow",
                    "DataTableName": "D_ItemsStatic"
                },
                {
                    "RowName": "Black_Wolf_Arrow",
                    "DataTableName": "D_ItemsStatic"
                },
                {
                    "RowName": "Bone_Arrow",
                    "DataTableName": "D_ItemsStatic"
                },
                {
                    "RowName": "Carbon_Arrow",
                    "DataTableName": "D_ItemsStatic"
                },
                {
                    "RowName": "Caveworm_Arrow",
                    "DataTableName": "D_ItemsStatic"
                },
                {
                    "RowName": "Composite_Arrow",
                    "DataTableName": "D_ItemsStatic"
                },
                {
                    "RowName": "Fire_Arrow",
                    "DataTableName": "D_ItemsStatic"
                },
                {
                    "RowName": "Flare_Arrow",
                    "DataTableName": "D_ItemsStatic"
                },
                {
                    "RowName": "Flint_Arrow",
                    "DataTableName": "D_ItemsStatic"
                },
                {
                    "RowName": "Meta_Arrow_Inaris_Alpha",
                    "DataTableName": "D_ItemsStatic"
                },
                {
                    "RowName": "Meta_Arrow_Inaris_Bravo",
                    "DataTableName": "D_ItemsStatic"
                },
                {
                    "RowName": "Meta_Arrow_Inaris_Charlie",
                    "DataTableName": "D_ItemsStatic"
                },
                {
                    "RowName": "Meta_Arrow_Inaris_Delta",
                    "DataTableName": "D_ItemsStatic"
                },
                {
                    "RowName": "Meta_Arrow_Larkwell_Bait",
                    "DataTableName": "D_ItemsStatic"
                },
                {
                    "RowName": "Meta_Arrow_Larkwell_Ballistic",
                    "DataTableName": "D_ItemsStatic"
                },
                {
                    "RowName": "Meta_Arrow_Larkwell_Bleed",
                    "DataTableName": "D_ItemsStatic"
                },
                {
                    "RowName": "Meta_Arrow_Larkwell_Standard",
                    "DataTableName": "D_ItemsStatic"
                },
                {
                    "RowName": "Meta_Arrow_Larkwell_Tazer",
                    "DataTableName": "D_ItemsStatic"
                },
                {
                    "RowName": "Meta_Arrow_Larkwell_Whistling",
                    "DataTableName": "D_ItemsStatic"
                },
                {
                    "RowName": "Meta_Arrow_Printed_Alpha",
                    "DataTableName": "D_ItemsStatic"
                },
                {
                    "RowName": "Meta_Arrow_Printed_Beta",
                    "DataTableName": "D_ItemsStatic"
                },
                {
                    "RowName": "Meta_Arrow_Printed_Charlie",
                    "DataTableName": "D_ItemsStatic"
                },
                {
                    "RowName": "Meta_Arrow_Shengong",
                    "DataTableName": "D_ItemsStatic"
                },
                {
                    "RowName": "Poison_Arrow",
                    "DataTableName": "D_ItemsStatic"
                },
                {
                    "RowName": "Sandworm_Arrow",
                    "DataTableName": "D_ItemsStatic"
                },
                {
                    "RowName": "Steel_Arrow",
                    "DataTableName": "D_ItemsStatic"
                },
                {
                    "RowName": "Stone_Arrow",
                    "DataTableName": "D_ItemsStatic"
                },
                {
                    "RowName": "Titanium_Arrow",
                    "DataTableName": "D_ItemsStatic"
                },
                {
                    "RowName": "Obsidian_Arrow",
                    "DataTableName": "D_ItemsStatic"
                },
                {
                    "RowName": "Cold_Steel_Arrow",
                    "DataTableName": "D_ItemsStatic"
                },
                {
                    "RowName": "Iron_Wood_Arrow",
                    "DataTableName": "D_ItemsStatic"
                }
            ]
        },
        {
            "Name": "AllBolts",
            "AmmoTypes": [
                {
                    "RowName": "Copper_Bolt",
                    "DataTableName": "D_ItemsStatic"
                },
                {
                    "RowName": "Meta_Bolt_Larkwell_Standard",
                    "DataTableName": "D_ItemsStatic"
                },
                {
                    "RowName": "Meta_Bolt_Larkwell_Whistling",
                    "DataTableName": "D_ItemsStatic"
                },
                {
                    "RowName": "Metal_Bolt",
                    "DataTableName": "D_ItemsStatic"
                },
                {
                    "RowName": "Platinum_Bolt",
                    "DataTableName": "D_ItemsStatic"
                },
                {
                    "RowName": "Steel_Bolt",
                    "DataTableName": "D_ItemsStatic"
                },
                {
                    "RowName": "Titanium_Bolt",
                    "DataTableName": "D_ItemsStatic"
                },
                {
                    "RowName": "Tranquilizer_Bolt",
                    "DataTableName": "D_ItemsStatic"
                },
                {
                    "RowName": "Obsidian_Bolt",
                    "DataTableName": "D_ItemsStatic"
                },
                {
                    "RowName": "Cold_Steel_Bolt",
                    "DataTableName": "D_ItemsStatic"
                },
                {
                    "RowName": "Iron_Wood_Bolt",
                    "DataTableName": "D_ItemsStatic"
                },
                {
                    "RowName": "Meta_Bolt_Larkwell_Electroshock",
                    "DataTableName": "D_ItemsStatic"
                },
                {
                    "RowName": "Meta_Bolt_Larkwell_Explosive",
                    "DataTableName": "D_ItemsStatic"
                },
                {
                    "RowName": "Meta_Bolt_Larkwell_Piercing",
                    "DataTableName": "D_ItemsStatic"
                }
            ]
        },
        {
            "Name": "AllRifle",
            "AmmoTypes": [
                {
                    "RowName": "Ammo_Rifle_Round",
                    "DataTableName": "D_ItemsStatic"
                },
                {
                    "RowName": "Ammo_Rifle_Round_Incendiary",
                    "DataTableName": "D_ItemsStatic"
                },
                {
                    "RowName": "Ammo_Rifle_Round_Explosive",
                    "DataTableName": "D_ItemsStatic"
                },
                {
                    "RowName": "Ammo_Rifle_Round_Armor_Piercing",
                    "DataTableName": "D_ItemsStatic"
                },
                {
                    "RowName": "Ammo_Rifle_Round_Obsidian",
                    "DataTableName": "D_ItemsStatic"
                },
                {
                    "RowName": "Ammo_Rifle_Round_Iron_Wood",
                    "DataTableName": "D_ItemsStatic"
                },
                {
                    "RowName": "Ammo_Rifle_Round_Cold_Steel",
                    "DataTableName": "D_ItemsStatic"
                }
            ]
        },
        {
            "Name": "AllPistol",
            "AmmoTypes": [
                {
                    "RowName": "Ammo_Pistol_Round",
                    "DataTableName": "D_ItemsStatic"
                },
                {
                    "RowName": "Ammo_Pistol_Round_Explosive",
                    "DataTableName": "D_ItemsStatic"
                },
                {
                    "RowName": "Ammo_Pistol_Round_Incendiary",
                    "DataTableName": "D_ItemsStatic"
                },
                {
                    "RowName": "Ammo_Pistol_Round_Armor_Piercing",
                    "DataTableName": "D_ItemsStatic"
                },
                {
                    "RowName": "Ammo_Pistol_Round_Obsidian",
                    "DataTableName": "D_ItemsStatic"
                },
                {
                    "RowName": "Ammo_Pistol_Round_Cold_Steel",
                    "DataTableName": "D_ItemsStatic"
                },
                {
                    "RowName": "Ammo_Pistol_Round_Iron_Wood",
                    "DataTableName": "D_ItemsStatic"
                }
            ]
        },
        {
            "Name": "AllShotgun",
            "AmmoTypes": [
                {
                    "RowName": "Ammo_Shell_Buckshot",
                    "DataTableName": "D_ItemsStatic"
                },
                {
                    "RowName": "Ammo_Shell_Explosive",
                    "DataTableName": "D_ItemsStatic"
                },
                {
                    "RowName": "Ammo_Shell_Slug",
                    "DataTableName": "D_ItemsStatic"
                },
                {
                    "RowName": "Ammo_Shell_Ironwood",
                    "DataTableName": "D_ItemsStatic"
                },
                {
                    "RowName": "Ammo_Shell_Obsidian",
                    "DataTableName": "D_ItemsStatic"
                },
                {
                    "RowName": "Ammo_Shell_ColdSteel",
                    "DataTableName": "D_ItemsStatic"
                }
            ]
        },
        {
            "Name": "AllLures",
            "AmmoTypes": [
                {
                    "RowName": "Advanced_Iron_Lure",
                    "DataTableName": "D_ItemsStatic"
                },
                {
                    "RowName": "Bark_Lure",
                    "DataTableName": "D_ItemsStatic"
                },
                {
                    "RowName": "Black_Wolf_Lure",
                    "DataTableName": "D_ItemsStatic"
                },
                {
                    "RowName": "Blue_Reed_Lure",
                    "DataTableName": "D_ItemsStatic"
                },
                {
                    "RowName": "Bone_Lure",
                    "DataTableName": "D_ItemsStatic"
                },
                {
                    "RowName": "Cured_Leather_Lure",
                    "DataTableName": "D_ItemsStatic"
                },
                {
                    "RowName": "Dogtags_Lure",
                    "DataTableName": "D_ItemsStatic"
                },
                {
                    "RowName": "Feather_Lure",
                    "DataTableName": "D_ItemsStatic"
                },
                {
                    "RowName": "Fiber_Lure",
                    "DataTableName": "D_ItemsStatic"
                },
                {
                    "RowName": "Gold_Ore_Lure",
                    "DataTableName": "D_ItemsStatic"
                },
                {
                    "RowName": "Gorse_Flower_Lure",
                    "DataTableName": "D_ItemsStatic"
                },
                {
                    "RowName": "Iron_Lure",
                    "DataTableName": "D_ItemsStatic"
                },
                {
                    "RowName": "Poison_Sack_Lure",
                    "DataTableName": "D_ItemsStatic"
                },
                {
                    "RowName": "Reed_Flower_Lure",
                    "DataTableName": "D_ItemsStatic"
                },
                {
                    "RowName": "Refined_Wood_Lure",
                    "DataTableName": "D_ItemsStatic"
                },
                {
                    "RowName": "Rotten_Meat_Lure",
                    "DataTableName": "D_ItemsStatic"
                },
                {
                    "RowName": "Rubber_Lure",
                    "DataTableName": "D_ItemsStatic"
                },
                {
                    "RowName": "Scorpian_Lure",
                    "DataTableName": "D_ItemsStatic"
                },
                {
                    "RowName": "White_Jelly_Lure",
                    "DataTableName": "D_ItemsStatic"
                },
                {
                    "RowName": "Wolf_Lure",
                    "DataTableName": "D_ItemsStatic"
                },
                {
                    "RowName": "Wood_Lure",
                    "DataTableName": "D_ItemsStatic"
                },
                {
                    "RowName": "Yeast_Lure",
                    "DataTableName": "D_ItemsStatic"
                }
            ]
        }
    ]
}