{
    "RowStruct": "/Script/Icarus.PlayerIdentityData",
    "Defaults": {
        "Color": {
            "B": 255,
            "G": 255,
            "R": 255,
            "A": 255
        },
        "Icon": "None"
    },
    "Rows": [
        {
            "Name": "1",
            "Color": {
                "B": 37,
                "G": 70,
                "R": 222
            },
            "Icon": "Texture2D'/Game/Assets/2DArt/UI/Icons/Icon_PlayerSymbol_1.Icon_PlayerSymbol_1'"
        },
        {
            "Name": "2",
            "Color": {
                "B": 253,
                "G": 132,
                "R": 0
            },
            "Icon": "Texture2D'/Game/Assets/2DArt/UI/Icons/Icon_PlayerSymbol_2.Icon_PlayerSymbol_2'"
        },
        {
            "Name": "3",
            "Color": {
                "B": 99,
                "G": 211,
                "R": 66
            },
            "Icon": "Texture2D'/Game/Assets/2DArt/UI/Icons/Icon_PlayerSymbol_3.Icon_PlayerSymbol_3'"
        },
        {
            "Name": "4",
            "Color": {
                "B": 51,
                "G": 228,
                "R": 246
            },
            "Icon": "Texture2D'/Game/Assets/2DArt/UI/Icons/Icon_PlayerSymbol_4.Icon_PlayerSymbol_4'"
        },
        {
            "Name": "5",
            "Color": {
                "B": 207,
                "G": 103,
                "R": 250
            },
            "Icon": "Texture2D'/Game/Assets/2DArt/UI/Icons/Icon_PlayerSymbol_5.Icon_PlayerSymbol_5'"
        },
        {
            "Name": "6",
            "Color": {
                "B": 230,
                "G": 218,
                "R": 79
            },
            "Icon": "Texture2D'/Game/Assets/2DArt/UI/Icons/Icon_PlayerSymbol_6.Icon_PlayerSymbol_6'"
        },
        {
            "Name": "7",
            "Color": {
                "B": 111,
                "G": 196,
                "R": 243
            },
            "Icon": "Texture2D'/Game/Assets/2DArt/UI/Icons/Icon_PlayerSymbol_7.Icon_PlayerSymbol_7'"
        },
        {
            "Name": "8",
            "Color": {
                "B": 222,
                "G": 222,
                "R": 222
            },
            "Icon": "Texture2D'/Game/Assets/2DArt/UI/Icons/Icon_PlayerSymbol_8.Icon_PlayerSymbol_8'"
        }
    ]
}