{
    "RowStruct": "/Script/Icarus.TimelineRanks",
    "Defaults": {
        "TitleText": "",
        "TooltipText": "",
        "Image": "None"
    },
    "Rows": [
        {
            "Name": "Level1Unlock",
            "TitleText": "NSLOCTEXT(\"D_TimelineRanks\", \"Level1Unlock-TitleText\", \"Experience Icarus\")",
            "TooltipText": "NSLOCTEXT(\"D_TimelineRanks\", \"Level1Unlock-TooltipText\", \"Learn to survive in the wilderness of Icarus. Explore more docile parts of the planet, but the danger is still real.\")",
            "Image": "/Game/Assets/2DArt/UI/Textures/CharacterTimeline/T_Timeline_Explore.T_Timeline_Explore"
        },
        {
            "Name": "FactionContracts",
            "TitleText": "NSLOCTEXT(\"D_TimelineRanks\", \"FactionContracts-TitleText\", \"Faction Contracts\")",
            "TooltipText": "NSLOCTEXT(\"D_TimelineRanks\", \"FactionContracts-TooltipText\", \"With experience under your belt, take on challenging contracts from competing factions with high rewards.\")",
            "Image": "/Game/Assets/2DArt/UI/Textures/CharacterTimeline/T_Timeline_RemovedRestrictions.T_Timeline_RemovedRestrictions"
        },
        {
            "Name": "HarsherEnvironments",
            "TitleText": "NSLOCTEXT(\"D_TimelineRanks\", \"HarsherEnvironments-TitleText\", \"Harsher Environments\")",
            "TooltipText": "NSLOCTEXT(\"D_TimelineRanks\", \"HarsherEnvironments-TooltipText\", \"You can now sign up for contracts that expose you to severe weather conditions, putting your shelter and safety at risk.\")",
            "Image": "/Game/Assets/2DArt/UI/Textures/CharacterTimeline/T_Timeline_Harsher.T_Timeline_Harsher"
        },
        {
            "Name": "ExoticProspecting",
            "TitleText": "NSLOCTEXT(\"D_TimelineRanks\", \"ExoticProspecting-TitleText\", \"Exotic Prospecting\")",
            "TooltipText": "NSLOCTEXT(\"D_TimelineRanks\", \"ExoticProspecting-TooltipText\", \"You now have access to freelance prospects. Explore for exotics, undertaking vast journeys, where your survival is not guaranteed.\")",
            "Image": "/Game/Assets/2DArt/UI/Textures/CharacterTimeline/T_Timeline_Exotics.T_Timeline_Exotics"
        },
        {
            "Name": "ReducedPlanetaryRestrictions",
            "TitleText": "NSLOCTEXT(\"D_TimelineRanks\", \"ReducedPlanetaryRestrictions-TitleText\", \"Reduced Planetary Restrictions\")",
            "TooltipText": "NSLOCTEXT(\"D_TimelineRanks\", \"ReducedPlanetaryRestrictions-TooltipText\", \"New regions of Icarus are available, but failed terraforming has left some regions far more dangerous than others. Expect greater challenges to your survival.\")",
            "Image": "/Game/Assets/2DArt/UI/Textures/CharacterTimeline/T_Timeline_ReducedRestrictions.T_Timeline_ReducedRestrictions"
        },
        {
            "Name": "RemovedAllPlanetaryRestrictions",
            "TitleText": "NSLOCTEXT(\"D_TimelineRanks\", \"RemovedAllPlanetaryRestrictions-TitleText\", \"Removed All Planetary Restrictions\")",
            "TooltipText": "NSLOCTEXT(\"D_TimelineRanks\", \"RemovedAllPlanetaryRestrictions-TooltipText\", \"The entire terrazone of Icarus is opened to you. Extreme storms can threaten the strongest bases, and savage predators roam freely.\")",
            "Image": "/Game/Assets/2DArt/UI/Textures/CharacterTimeline/T_Timeline_Factions.T_Timeline_Factions"
        },
        {
            "Name": "RemoteProspects",
            "TitleText": "NSLOCTEXT(\"D_TimelineRanks\", \"RemoteProspects-TitleText\", \"Remote Prospects\")",
            "TooltipText": "NSLOCTEXT(\"D_TimelineRanks\", \"RemoteProspects-TooltipText\", \"You have proven your ability to survive on Icarus, and may now take contracts in areas where orbital coverage is limited. Very little is known about the terraforming in these zones. Do not expect drop pod respawns, and attempting these prospects alone is not recommended.\")",
            "Image": "/Game/Assets/2DArt/UI/Textures/CharacterTimeline/T_Timeline_Remote.T_Timeline_Remote"
        }
    ]
}