{
    "RowStruct": "/Script/Icarus.ItemAttachmentData",
    "Defaults": {
        "TPAttachmentSocketName": "hand_rSocket",
        "FPAttachmentSocketName": "hand_rSocket",
        "BackAttachmentSocketName": "Backpack_Socket",
        "EquippableHandedness": "Right"
    },
    "Rows": [
        {
            "Name": "GeneralRight",
            "TPAttachmentSocketName": "R_prop_00",
            "FPAttachmentSocketName": "bn_Prop_R_1",
            "BackAttachmentSocketName": "VB BackpackBone"
        },
        {
            "Name": "Prop",
            "TPAttachmentSocketName": "VB LHS_ik_hand_gun",
            "FPAttachmentSocketName": "bn_Prop_R_1",
            "BackAttachmentSocketName": "VB BackpackBone"
        },
        {
            "Name": "GeneralBoth",
            "TPAttachmentSocketName": "R_prop_00",
            "FPAttachmentSocketName": "bn_Prop_R_1",
            "BackAttachmentSocketName": "VB BackpackBone",
            "EquippableHandedness": "Both"
        },
        {
            "Name": "Carcass",
            "TPAttachmentSocketName": "CarrySocket",
            "FPAttachmentSocketName": "VB bn_Arm_r_wrist_1_bn_Prop_R_1",
            "BackAttachmentSocketName": "CarrySocket",
            "EquippableHandedness": "Both"
        },
        {
            "Name": "Dev_Firearm",
            "TPAttachmentSocketName": "TEMPORARY",
            "FPAttachmentSocketName": "DEV_FirearmProp",
            "BackAttachmentSocketName": "TEMPORARY",
            "EquippableHandedness": "Both"
        },
        {
            "Name": "Bow",
            "TPAttachmentSocketName": "L_prop_00",
            "FPAttachmentSocketName": "VB BowAttach",
            "BackAttachmentSocketName": "VB BackpackBone",
            "EquippableHandedness": "Both"
        },
        {
            "Name": "Carcass_Hip",
            "TPAttachmentSocketName": "HipCarrySocket",
            "FPAttachmentSocketName": "bn_Prop_R_1",
            "BackAttachmentSocketName": "HipCarrySocket"
        },
        {
            "Name": "Carcass_wolf",
            "TPAttachmentSocketName": "CarrySocket_Wolf",
            "FPAttachmentSocketName": "VB bn_Arm_r_wrist_1_bn_Prop_R_1",
            "BackAttachmentSocketName": "CarrySocket_Wolf",
            "EquippableHandedness": "Both"
        },
        {
            "Name": "Lantern",
            "TPAttachmentSocketName": "R_prop_00",
            "FPAttachmentSocketName": "bn_Prop_R_1",
            "BackAttachmentSocketName": "VB BackpackBone"
        },
        {
            "Name": "Carcass_Scorpion",
            "TPAttachmentSocketName": "CarrySocket_Scorpion",
            "FPAttachmentSocketName": "VB bn_Arm_r_wrist_1_bn_Prop_R_1",
            "BackAttachmentSocketName": "CarrySocket_Scorpion",
            "EquippableHandedness": "Both"
        },
        {
            "Name": "Shield",
            "TPAttachmentSocketName": "shield_01_l",
            "FPAttachmentSocketName": "hand_lShield_Socket",
            "BackAttachmentSocketName": "VB BackpackBone",
            "EquippableHandedness": "Left"
        }
    ]
}