{
    "RowStruct": "/Script/Icarus.RTXGIVolumes",
    "Defaults": {
        "BoxTransform": {
            "Rotation": {
                "X": 0,
                "Y": 0,
                "Z": 0,
                "W": 1
            },
            "Translation": {
                "X": 0,
                "Y": 0,
                "Z": 0
            },
            "Scale3D": {
                "X": 1,
                "Y": 1,
                "Z": 1
            }
        },
        "EnableVolume": true,
        "UpdatePriority": 1,
        "LightingPriority": 0,
        "BlendingDistance": 20,
        "BlendingCutoffDistance": 0,
        "RuntimeStatic": false,
        "LastOrigin": {
            "X": 0,
            "Y": 0,
            "Z": 0
        },
        "RaysPerProbe": "n288",
        "ProbeCounts": {
            "X": 8,
            "Y": 8,
            "Z": 8
        },
        "ProbeMaxRayDistance": 100000,
        "ProbeHistoryWeight": 0.9700000286102295,
        "ProbeRelocation": {
            "AutomaticProbeRelocation": true,
            "ProbeMinFrontfaceDistance": 10,
            "ProbeBackfaceThreshold": 0.25
        },
        "ScrollProbesInfinitely": false,
        "VisualizeProbes": false,
        "ProbeScrollOffset": {
            "X": 0,
            "Y": 0,
            "Z": 0
        },
        "probeDistanceExponent": 50,
        "probeIrradianceEncodingGamma": 5,
        "probeChangeThreshold": 0.20000000298023224,
        "probeBrightnessThreshold": 2,
        "SkyLightTypeOnRayMiss": "Raster",
        "ViewBias": 40,
        "NormalBias": 10,
        "LightMultiplier": 1,
        "EmissiveMultiplier": 1,
        "IrradianceScalar": 1,
        "LightingChannels": {
            "bChannel0": true,
            "bChannel1": false,
            "bChannel2": false
        }
    },
    "Rows": [
        {
            "Name": "HighQuality",
            "BoxTransform": {
                "Scale3D": {
                    "X": 40,
                    "Y": 40,
                    "Z": 15
                }
            },
            "UpdatePriority": 2,
            "BlendingDistance": 800,
            "BlendingCutoffDistance": 800,
            "RaysPerProbe": "n144",
            "ProbeCounts": {
                "X": 27,
                "Y": 27,
                "Z": 12
            },
            "ProbeMaxRayDistance": 10000,
            "ProbeHistoryWeight": 0.949999988079071,
            "ScrollProbesInfinitely": true,
            "SkyLightTypeOnRayMiss": "None",
            "ViewBias": 80,
            "LightMultiplier": 1.5
        }
    ]
}