{
    "RowStruct": "/Script/Icarus.HintsData",
    "Defaults": {
        "Text": ""
    },
    "Rows": [
        {
            "Name": "0",
            "Text": "NSLOCTEXT(\"D_Hints\", \"0-Text\", \"Knock down building pieces with \\'Y\\'.\")"
        },
        {
            "Name": "1",
            "Text": "NSLOCTEXT(\"D_Hints\", \"1-Text\", \"Hold \\'ALT\\' and drag off a stack to take single items\")"
        },
        {
            "Name": "2",
            "Text": "NSLOCTEXT(\"D_Hints\", \"2-Text\", \"Hold \\'SHIFT\\' and drag to halve the stack into another slot\")"
        },
        {
            "Name": "3",
            "Text": "NSLOCTEXT(\"D_Hints\", \"3-Text\", \"Your Utility slot is for carrying large items like animal carcasses and extractors.\")"
        },
        {
            "Name": "4",
            "Text": "NSLOCTEXT(\"D_Hints\", \"4-Text\", \"Drop your current item with \\'Q\\'.\")"
        },
        {
            "Name": "5",
            "Text": "NSLOCTEXT(\"D_Hints\", \"5-Text\", \"Quick-move items using CTRL + click.\")"
        },
        {
            "Name": "6",
            "Text": "NSLOCTEXT(\"D_Hints\", \"6-Text\", \"Switch to 3rd person with \\'C\\'.\")"
        },
        {
            "Name": "7",
            "Text": "NSLOCTEXT(\"D_Hints\", \"7-Text\", \"Move the camera in 3rd person by holding ALT.\")"
        },
        {
            "Name": "8",
            "Text": "NSLOCTEXT(\"D_Hints\", \"8-Text\", \"Workbenches and other items may be damaged by storms if not sheltered.\")"
        },
        {
            "Name": "9",
            "Text": "NSLOCTEXT(\"D_Hints\", \"9-Text\", \"Skinning benches deliver more resources from animal carcasses.\")"
        },
        {
            "Name": "10",
            "Text": "NSLOCTEXT(\"D_Hints\", \"10-Text\", \"Fill oxygen tanks with an oxite dissolver.\")"
        },
        {
            "Name": "11",
            "Text": "NSLOCTEXT(\"D_Hints\", \"11-Text\", \"Sickles increase the amount of fiber harvested\")"
        },
        {
            "Name": "12",
            "Text": "NSLOCTEXT(\"D_Hints\", \"12-Text\", \"Gather rare herbs, then use the mortar and pestle to grind medicinal pastes\")"
        },
        {
            "Name": "13",
            "Text": "NSLOCTEXT(\"D_Hints\", \"13-Text\", \"Drinking from a water source also refills water containers in your inventory\")"
        },
        {
            "Name": "14",
            "Text": "NSLOCTEXT(\"D_Hints\", \"14-Text\", \"The United Development Agency was created to oversee terraforming on Icarus.\")"
        },
        {
            "Name": "15",
            "Text": "NSLOCTEXT(\"D_Hints\", \"15-Text\", \"Icarus\\'s original designation was Wolf 1061ca.\")"
        },
        {
            "Name": "16",
            "Text": "NSLOCTEXT(\"D_Hints\", \"16-Text\", \"Open your crafting menu with \\'O\\'\")"
        },
        {
            "Name": "17",
            "Text": "NSLOCTEXT(\"D_Hints\", \"17-Text\", \"Terraforming on Icarus collapsed due to the effects of exotic matter.\")"
        },
        {
            "Name": "18",
            "Text": "NSLOCTEXT(\"D_Hints\", \"18-Text\", \"Icarus is an Earth-sized moon of the gas giant Minos.\")"
        },
        {
            "Name": "19",
            "Text": "NSLOCTEXT(\"D_Hints\", \"19-Text\", \"Open the tech tree with \\'P\\'.\")"
        }
    ]
}