{
    "RowStruct": "/Script/Icarus.OreDeposit",
    "Defaults": {
        "ResourceType": {
            "RowName": "None",
            "DataTableName": "D_ItemTemplate"
        },
        "RVTNodeMaterial_CF": "None",
        "RVTNodeMaterial_DC": "None",
        "NodeMaterial_CF": "None",
        "NodeMaterial_DC": "None",
        "RockMaterial": "None",
        "MinOreAvailable": 1000,
        "MaxOreAvailable": 1000,
        "MiningTimeSeconds": 60
    },
    "GenerateEnum": true,
    "Rows": [{
            "Name": "Random",
            "MinOreAvailable": 5000,
            "MaxOreAvailable": 5000
        },
        {
            "Name": "Exotic",
            "ResourceType": {
                "RowName": "Meta_Resource"
            },
            "Metadata": {
                "bIsDeprecated": true
            }
        },
        {
            "Name": "Iron",
            "ResourceType": {
                "RowName": "Metal_Ore"
            },
            "RVTNodeMaterial_CF": "/Game/ASS/ENV/LND/DeepMiningOreDeposit/M_RVT_CF_DeepMiningOreDeposit_Iron_Node.M_RVT_CF_DeepMiningOreDeposit_Iron_Node",
            "RVTNodeMaterial_DC": "/Game/ASS/ENV/LND/DeepMiningOreDeposit/M_RVT_DC_DeepMiningOreDeposit_Iron_Node.M_RVT_DC_DeepMiningOreDeposit_Iron_Node",
            "NodeMaterial_CF": "/Game/ASS/ENV/LND/DeepMiningOreDeposit/M_CF_DeepMiningOreDeposit_Iron_Node.M_CF_DeepMiningOreDeposit_Iron_Node",
            "NodeMaterial_DC": "/Game/ASS/ENV/LND/DeepMiningOreDeposit/M_DC_DeepMiningOreDeposit_Iron_Node.M_DC_DeepMiningOreDeposit_Iron_Node",
            "RockMaterial": "/Game/ASS/ENV/LND/DeepMiningOreDeposit/M_DeepMiningOreDeposit_Iron_Rocks.M_DeepMiningOreDeposit_Iron_Rocks",
            "MinOreAvailable": 6000,
            "MaxOreAvailable": 8000,
            "MiningTimeSeconds": 20
        },
        {
            "Name": "Gold",
            "ResourceType": {
                "RowName": "Gold_Ore"
            },
            "RVTNodeMaterial_CF": "/Game/ASS/ENV/LND/DeepMiningOreDeposit/M_RVT_CF_DeepMiningOreDeposit_Gold_Node.M_RVT_CF_DeepMiningOreDeposit_Gold_Node",
            "RVTNodeMaterial_DC": "/Game/ASS/ENV/LND/DeepMiningOreDeposit/M_RVT_DC_DeepMiningOreDeposit_Gold_Node.M_RVT_DC_DeepMiningOreDeposit_Gold_Node",
            "NodeMaterial_CF": "/Game/ASS/ENV/LND/DeepMiningOreDeposit/M_CF_DeepMiningOreDeposit_Gold_Node.M_CF_DeepMiningOreDeposit_Gold_Node",
            "NodeMaterial_DC": "/Game/ASS/ENV/LND/DeepMiningOreDeposit/M_DC_DeepMiningOreDeposit_Gold_Node.M_DC_DeepMiningOreDeposit_Gold_Node",
            "RockMaterial": "/Game/ASS/ENV/LND/DeepMiningOreDeposit/M_DeepMiningOreDeposit_Gold_Rocks.M_DeepMiningOreDeposit_Gold_Rocks",
            "MinOreAvailable": 6000,
            "MaxOreAvailable": 8000,
            "MiningTimeSeconds": 40
        },
        {
            "Name": "Copper",
            "ResourceType": {
                "RowName": "Copper_Ore"
            },
            "RVTNodeMaterial_CF": "/Game/ASS/ENV/LND/DeepMiningOreDeposit/M_RVT_CF_DeepMiningOreDeposit_Copper_Node.M_RVT_CF_DeepMiningOreDeposit_Copper_Node",
            "RVTNodeMaterial_DC": "/Game/ASS/ENV/LND/DeepMiningOreDeposit/M_RVT_DC_DeepMiningOreDeposit_Copper_Node.M_RVT_DC_DeepMiningOreDeposit_Copper_Node",
            "NodeMaterial_CF": "/Game/ASS/ENV/LND/DeepMiningOreDeposit/M_CF_DeepMiningOreDeposit_Copper_Node.M_CF_DeepMiningOreDeposit_Copper_Node",
            "NodeMaterial_DC": "/Game/ASS/ENV/LND/DeepMiningOreDeposit/M_DC_DeepMiningOreDeposit_Copper_Node.M_DC_DeepMiningOreDeposit_Copper_Node",
            "RockMaterial": "/Game/ASS/ENV/LND/DeepMiningOreDeposit/M_DeepMiningOreDeposit_Copper_Rocks.M_DeepMiningOreDeposit_Copper_Rocks",
            "MinOreAvailable": 6000,
            "MaxOreAvailable": 8000,
            "MiningTimeSeconds": 20
        },
        {
            "Name": "Silicon",
            "ResourceType": {
                "RowName": "Silica"
            },
            "RVTNodeMaterial_CF": "/Game/ASS/ENV/LND/DeepMiningOreDeposit/M_RVT_CF_DeepMiningOreDeposit_Silica_Node.M_RVT_CF_DeepMiningOreDeposit_Silica_Node",
            "RVTNodeMaterial_DC": "/Game/ASS/ENV/LND/DeepMiningOreDeposit/M_RVT_DC_DeepMiningOreDeposit_Silica_Node.M_RVT_DC_DeepMiningOreDeposit_Silica_Node",
            "NodeMaterial_CF": "/Game/ASS/ENV/LND/DeepMiningOreDeposit/M_CF_DeepMiningOreDeposit_Silica_Node.M_CF_DeepMiningOreDeposit_Silica_Node",
            "NodeMaterial_DC": "/Game/ASS/ENV/LND/DeepMiningOreDeposit/M_DC_DeepMiningOreDeposit_Silica_Node.M_DC_DeepMiningOreDeposit_Silica_Node",
            "RockMaterial": "/Game/ASS/ENV/LND/DeepMiningOreDeposit/M_DeepMiningOreDeposit_Silica_Rocks.M_DeepMiningOreDeposit_Silica_Rocks",
            "MinOreAvailable": 6000,
            "MaxOreAvailable": 8000,
            "MiningTimeSeconds": 20
        },
        {
            "Name": "Coal",
            "ResourceType": {
                "RowName": "Coal_Ore"
            },
            "RVTNodeMaterial_CF": "/Game/ASS/ENV/LND/DeepMiningOreDeposit/M_RVT_CF_DeepMiningOreDeposit_Coal_Node.M_RVT_CF_DeepMiningOreDeposit_Coal_Node",
            "RVTNodeMaterial_DC": "/Game/ASS/ENV/LND/DeepMiningOreDeposit/M_RVT_DC_DeepMiningOreDeposit_Coal_Node.M_RVT_DC_DeepMiningOreDeposit_Coal_Node",
            "NodeMaterial_CF": "/Game/ASS/ENV/LND/DeepMiningOreDeposit/M_CF_DeepMiningOreDeposit_Coal_Node.M_CF_DeepMiningOreDeposit_Coal_Node",
            "NodeMaterial_DC": "/Game/ASS/ENV/LND/DeepMiningOreDeposit/M_DC_DeepMiningOreDeposit_Coal_Node.M_DC_DeepMiningOreDeposit_Coal_Node",
            "RockMaterial": "/Game/ASS/ENV/LND/DeepMiningOreDeposit/M_DeepMiningOreDeposit_Coal_Rocks.M_DeepMiningOreDeposit_Coal_Rocks",
            "MinOreAvailable": 6000,
            "MaxOreAvailable": 8000,
            "MiningTimeSeconds": 20
        },
        {
            "Name": "Sulfur",
            "ResourceType": {
                "RowName": "Sulfur"
            },
            "RVTNodeMaterial_CF": "/Game/ASS/ENV/LND/DeepMiningOreDeposit/M_RVT_CF_DeepMiningOreDeposit_Sulfur_Node.M_RVT_CF_DeepMiningOreDeposit_Sulfur_Node",
            "RVTNodeMaterial_DC": "/Game/ASS/ENV/LND/DeepMiningOreDeposit/M_RVT_DC_DeepMiningOreDeposit_Sulfur_Node.M_RVT_DC_DeepMiningOreDeposit_Sulfur_Node",
            "NodeMaterial_CF": "/Game/ASS/ENV/LND/DeepMiningOreDeposit/M_CF_DeepMiningOreDeposit_Sulfur_Node.M_CF_DeepMiningOreDeposit_Sulfur_Node",
            "NodeMaterial_DC": "/Game/ASS/ENV/LND/DeepMiningOreDeposit/M_DC_DeepMiningOreDeposit_Sulfur_Node.M_DC_DeepMiningOreDeposit_Sulfur_Node",
            "RockMaterial": "/Game/ASS/ENV/LND/DeepMiningOreDeposit/M_DeepMiningOreDeposit_Sulfur_Rocks.M_DeepMiningOreDeposit_Sulfur_Rocks",
            "MinOreAvailable": 6000,
            "MaxOreAvailable": 8000,
            "MiningTimeSeconds": 20
        },
        {
            "Name": "Aluminium",
            "ResourceType": {
                "RowName": "Bauxite"
            },
            "RVTNodeMaterial_CF": "/Game/ASS/ENV/LND/DeepMiningOreDeposit/M_RVT_CF_DeepMiningOreDeposit_Aluminum_Node.M_RVT_CF_DeepMiningOreDeposit_Aluminum_Node",
            "RVTNodeMaterial_DC": "/Game/ASS/ENV/LND/DeepMiningOreDeposit/M_RVT_DC_DeepMiningOreDeposit_Aluminum_Node.M_RVT_DC_DeepMiningOreDeposit_Aluminum_Node",
            "NodeMaterial_CF": "/Game/ASS/ENV/LND/DeepMiningOreDeposit/M_CF_DeepMiningOreDeposit_Aluminum_Node.M_CF_DeepMiningOreDeposit_Aluminum_Node",
            "NodeMaterial_DC": "/Game/ASS/ENV/LND/DeepMiningOreDeposit/M_DC_DeepMiningOreDeposit_Aluminum_Node.M_DC_DeepMiningOreDeposit_Aluminum_Node",
            "RockMaterial": "/Game/ASS/ENV/LND/DeepMiningOreDeposit/M_DeepMiningOreDeposit_Aluminum_Rocks.M_DeepMiningOreDeposit_Aluminum_Rocks",
            "MinOreAvailable": 6000,
            "MaxOreAvailable": 8000,
            "MiningTimeSeconds": 40
        }
    ]
}