{
    "RowStruct": "/Script/Icarus.ContextMenuGroupType",
    "Defaults": {
        "GroupName": "",
        "GroupIcon": "None"
    },
    "Rows": [
        {
            "Name": "UseItemGroup",
            "GroupName": "NSLOCTEXT(\"D_ContextMenuGroupTypes\", \"UseItemGroup-GroupName\", \"Use\")",
            "GroupIcon": "Texture2D'/Game/Assets/2DArt/UI/Icons/Icon_Tools.Icon_Tools'"
        },
        {
            "Name": "InventoryGroup",
            "GroupName": "NSLOCTEXT(\"D_ContextMenuGroupTypes\", \"InventoryGroup-GroupName\", \"Inventory Actions\")",
            "GroupIcon": "Texture2D'/Game/Assets/2DArt/UI/Icons/Icon_Split.Icon_Split'"
        },
        {
            "Name": "AmmoGroup",
            "GroupName": "NSLOCTEXT(\"D_ContextMenuGroupTypes\", \"AmmoGroup-GroupName\", \"Ammo\")",
            "GroupIcon": "Texture2D'/Game/Assets/2DArt/UI/Icons/Icon_Ammo.Icon_Ammo'"
        },
        {
            "Name": "DestroyGroup",
            "GroupName": "NSLOCTEXT(\"D_ContextMenuGroupTypes\", \"DestroyGroup-GroupName\", \"Destroy\")",
            "GroupIcon": "Texture2D'/Game/Assets/2DArt/UI/Icons/Icon_Close.Icon_Close'"
        },
        {
            "Name": "MountMovementGroup",
            "GroupName": "NSLOCTEXT(\"D_ContextMenuGroupTypes\", \"MountMovementGroup-GroupName\", \"Movement\")",
            "GroupIcon": "Texture2D'/Game/Assets/2DArt/UI/Icons/Icon_Speed.Icon_Speed'"
        },
        {
            "Name": "MountCombatGroup",
            "GroupName": "NSLOCTEXT(\"D_ContextMenuGroupTypes\", \"MountCombatGroup-GroupName\", \"Combat\")",
            "GroupIcon": "Texture2D'/Game/Assets/2DArt/UI/Icons/Icon_Combat.Icon_Combat'"
        },
        {
            "Name": "FieldGuide",
            "GroupName": "NSLOCTEXT(\"D_ContextMenuGroupTypes\", \"FieldGuide-GroupName\", \"FieldGuide\")",
            "GroupIcon": "Texture2D'/Game/Assets/2DArt/UI/Icons/Icon_Blueprints.Icon_Blueprints'"
        }
    ]
}