{
    "RowStruct": "/Script/Icarus.PlayerAccoladeCategory",
    "Defaults": {
        "DisplayName": ""
    },
    "Rows": [
        {
            "Name": "Medals"
        },
        {
            "Name": "Hunting"
        },
        {
            "Name": "Survival"
        },
        {
            "Name": "Construction"
        },
        {
            "Name": "General"
        },
        {
            "Name": "Achievement"
        },
        {
            "Name": "Badges"
        }
    ]
}