{
    "RowStruct": "/Script/Icarus.ArmourSet",
    "Defaults": {
        "SetBonus": [],
        "FMODParam": "None"
    },
    "Rows": [
        {
            "Name": "Cloth",
            "SetBonus": [
                {
                    "RowName": "Cloth_5",
                    "DataTableName": "D_ArmourSetBonus"
                }
            ],
            "FMODParam": "Fiber"
        },
        {
            "Name": "Fur",
            "SetBonus": [
                {
                    "RowName": "Fur_5",
                    "DataTableName": "D_ArmourSetBonus"
                }
            ],
            "FMODParam": "Fur"
        },
        {
            "Name": "Leather",
            "SetBonus": [
                {
                    "RowName": "Leather_5",
                    "DataTableName": "D_ArmourSetBonus"
                }
            ],
            "FMODParam": "Leather"
        },
        {
            "Name": "Ghillie",
            "SetBonus": [
                {
                    "RowName": "Ghillie_5",
                    "DataTableName": "D_ArmourSetBonus"
                }
            ],
            "FMODParam": "Ghillie"
        },
        {
            "Name": "Carbon",
            "SetBonus": [
                {
                    "RowName": "Carbon_5",
                    "DataTableName": "D_ArmourSetBonus"
                }
            ],
            "FMODParam": "Carbon"
        },
        {
            "Name": "Composite",
            "SetBonus": [
                {
                    "RowName": "Composite_5",
                    "DataTableName": "D_ArmourSetBonus"
                }
            ],
            "FMODParam": "Composite"
        },
        {
            "Name": "Polarbear",
            "SetBonus": [
                {
                    "RowName": "Polarbear_5",
                    "DataTableName": "D_ArmourSetBonus"
                }
            ],
            "FMODParam": "Polar"
        },
        {
            "Name": "Hunter",
            "SetBonus": [
                {
                    "RowName": "Hunter_5",
                    "DataTableName": "D_ArmourSetBonus"
                }
            ],
            "FMODParam": "Composite"
        },
        {
            "Name": "Scale",
            "SetBonus": [
                {
                    "RowName": "Scale_5",
                    "DataTableName": "D_ArmourSetBonus"
                }
            ],
            "FMODParam": "Scale"
        },
        {
            "Name": "Scorpion",
            "SetBonus": [
                {
                    "RowName": "Scorpion_5",
                    "DataTableName": "D_ArmourSetBonus"
                }
            ],
            "FMODParam": "Scale"
        },
        {
            "Name": "CX-400",
            "SetBonus": [
                {
                    "RowName": "Carbon_Alpha_5",
                    "DataTableName": "D_ArmourSetBonus"
                }
            ],
            "FMODParam": "Carbon"
        },
        {
            "Name": "ST-700",
            "SetBonus": [
                {
                    "RowName": "Carbon_Beta_5",
                    "DataTableName": "D_ArmourSetBonus"
                }
            ],
            "FMODParam": "Carbon"
        },
        {
            "Name": "Advanced_Leather",
            "SetBonus": [
                {
                    "RowName": "Advanced_Leather_5",
                    "DataTableName": "D_ArmourSetBonus"
                }
            ],
            "FMODParam": "Leather"
        },
        {
            "Name": "Advanced_Cloth",
            "SetBonus": [
                {
                    "RowName": "Advanced_Cloth_5",
                    "DataTableName": "D_ArmourSetBonus"
                }
            ],
            "FMODParam": "Fiber"
        }
    ]
}