{
    "RowStruct": "/Script/Icarus.HordeWave",
    "Defaults": {
        "Creatures": []
    },
    "Rows": [
        {
            "Name": "Test_Wave_1",
            "Creatures": [
                {
                    "Creature": {
                        "RowName": "Conifer_Wolf",
                        "DataTableName": "D_AISetup"
                    },
                    "Epic": {
                        "RowName": "None",
                        "DataTableName": "D_EpicCreatures"
                    },
                    "AdditionalStats": {},
                    "LevelOverride": 25,
                    "NumberToSpawnAtATime": {
                        "X": 3,
                        "Y": 5
                    },
                    "TotalToSpawn": 25,
                    "ExtraSpawnCountPerAdditionalNearbyPlayer": 5,
                    "InitialSpawnDelay": 5,
                    "TimeBetweenSpawns": {
                        "X": 20,
                        "Y": 25
                    }
                }
            ]
        },
        {
            "Name": "Test_Wave_2",
            "Creatures": [
                {
                    "Creature": {
                        "RowName": "Scorpion",
                        "DataTableName": "D_AISetup"
                    },
                    "Epic": {
                        "RowName": "None",
                        "DataTableName": "D_EpicCreatures"
                    },
                    "AdditionalStats": {},
                    "LevelOverride": 55,
                    "NumberToSpawnAtATime": {
                        "X": 3,
                        "Y": 5
                    },
                    "TotalToSpawn": 15,
                    "ExtraSpawnCountPerAdditionalNearbyPlayer": 5,
                    "InitialSpawnDelay": 5,
                    "TimeBetweenSpawns": {
                        "X": 20,
                        "Y": 25
                    }
                }
            ]
        },
        {
            "Name": "Test_Wave_3",
            "Creatures": [
                {
                    "Creature": {
                        "RowName": "Polar_Bear_Cub",
                        "DataTableName": "D_AISetup"
                    },
                    "Epic": {
                        "RowName": "None",
                        "DataTableName": "D_EpicCreatures"
                    },
                    "AdditionalStats": {},
                    "LevelOverride": 25,
                    "NumberToSpawnAtATime": {
                        "X": 3,
                        "Y": 5
                    },
                    "TotalToSpawn": 15,
                    "ExtraSpawnCountPerAdditionalNearbyPlayer": 5,
                    "InitialSpawnDelay": 5,
                    "TimeBetweenSpawns": {
                        "X": 20,
                        "Y": 25
                    }
                },
                {
                    "Creature": {
                        "RowName": "Polar_Bear_Boss",
                        "DataTableName": "D_AISetup"
                    },
                    "Epic": {
                        "RowName": "PolarBear_Boss",
                        "DataTableName": "D_EpicCreatures"
                    },
                    "AdditionalStats": {},
                    "LevelOverride": 0,
                    "NumberToSpawnAtATime": {
                        "X": 1,
                        "Y": 1
                    },
                    "TotalToSpawn": 1,
                    "ExtraSpawnCountPerAdditionalNearbyPlayer": 0,
                    "InitialSpawnDelay": 60,
                    "TimeBetweenSpawns": {
                        "X": 1,
                        "Y": 1
                    }
                }
            ]
        },
        {
            "Name": "Forest_Wave_01",
            "Creatures": [
                {
                    "Creature": {
                        "RowName": "Conifer_Wolf",
                        "DataTableName": "D_AISetup"
                    },
                    "Epic": {
                        "RowName": "None",
                        "DataTableName": "D_EpicCreatures"
                    },
                    "AdditionalStats": {},
                    "LevelOverride": 25,
                    "NumberToSpawnAtATime": {
                        "X": 3,
                        "Y": 5
                    },
                    "TotalToSpawn": 25,
                    "ExtraSpawnCountPerAdditionalNearbyPlayer": 15,
                    "InitialSpawnDelay": 5,
                    "TimeBetweenSpawns": {
                        "X": 20,
                        "Y": 25
                    }
                },
                {
                    "Creature": {
                        "RowName": "Alpha_Wolf",
                        "DataTableName": "D_AISetup"
                    },
                    "Epic": {
                        "RowName": "None",
                        "DataTableName": "D_EpicCreatures"
                    },
                    "AdditionalStats": {},
                    "LevelOverride": 25,
                    "NumberToSpawnAtATime": {
                        "X": 1,
                        "Y": 1
                    },
                    "TotalToSpawn": 2,
                    "ExtraSpawnCountPerAdditionalNearbyPlayer": 1,
                    "InitialSpawnDelay": 20,
                    "TimeBetweenSpawns": {
                        "X": 40,
                        "Y": 50
                    }
                }
            ]
        },
        {
            "Name": "Forest_Wave_02",
            "Creatures": [
                {
                    "Creature": {
                        "RowName": "Jaguar",
                        "DataTableName": "D_AISetup"
                    },
                    "Epic": {
                        "RowName": "None",
                        "DataTableName": "D_EpicCreatures"
                    },
                    "AdditionalStats": {},
                    "LevelOverride": 25,
                    "NumberToSpawnAtATime": {
                        "X": 3,
                        "Y": 5
                    },
                    "TotalToSpawn": 20,
                    "ExtraSpawnCountPerAdditionalNearbyPlayer": 15,
                    "InitialSpawnDelay": 5,
                    "TimeBetweenSpawns": {
                        "X": 15,
                        "Y": 20
                    }
                },
                {
                    "Creature": {
                        "RowName": "Jaguar_Boss",
                        "DataTableName": "D_AISetup"
                    },
                    "Epic": {
                        "RowName": "None",
                        "DataTableName": "D_EpicCreatures"
                    },
                    "AdditionalStats": {},
                    "LevelOverride": 25,
                    "NumberToSpawnAtATime": {
                        "X": 1,
                        "Y": 1
                    },
                    "TotalToSpawn": 2,
                    "ExtraSpawnCountPerAdditionalNearbyPlayer": 1,
                    "InitialSpawnDelay": 20,
                    "TimeBetweenSpawns": {
                        "X": 40,
                        "Y": 50
                    }
                }
            ]
        },
        {
            "Name": "Forest_Wave_03",
            "Creatures": [
                {
                    "Creature": {
                        "RowName": "Bear",
                        "DataTableName": "D_AISetup"
                    },
                    "Epic": {
                        "RowName": "None",
                        "DataTableName": "D_EpicCreatures"
                    },
                    "AdditionalStats": {},
                    "LevelOverride": 25,
                    "NumberToSpawnAtATime": {
                        "X": 2,
                        "Y": 3
                    },
                    "TotalToSpawn": 12,
                    "ExtraSpawnCountPerAdditionalNearbyPlayer": 5,
                    "InitialSpawnDelay": 5,
                    "TimeBetweenSpawns": {
                        "X": 20,
                        "Y": 25
                    }
                },
                {
                    "Creature": {
                        "RowName": "BearCub",
                        "DataTableName": "D_AISetup"
                    },
                    "Epic": {
                        "RowName": "None",
                        "DataTableName": "D_EpicCreatures"
                    },
                    "AdditionalStats": {},
                    "LevelOverride": 25,
                    "NumberToSpawnAtATime": {
                        "X": 1,
                        "Y": 3
                    },
                    "TotalToSpawn": 10,
                    "ExtraSpawnCountPerAdditionalNearbyPlayer": 5,
                    "InitialSpawnDelay": 6,
                    "TimeBetweenSpawns": {
                        "X": 20,
                        "Y": 25
                    }
                }
            ]
        },
        {
            "Name": "Arctic_Wave_01",
            "Creatures": [
                {
                    "Creature": {
                        "RowName": "Snow_Wolf",
                        "DataTableName": "D_AISetup"
                    },
                    "Epic": {
                        "RowName": "None",
                        "DataTableName": "D_EpicCreatures"
                    },
                    "AdditionalStats": {},
                    "LevelOverride": 25,
                    "NumberToSpawnAtATime": {
                        "X": 3,
                        "Y": 5
                    },
                    "TotalToSpawn": 25,
                    "ExtraSpawnCountPerAdditionalNearbyPlayer": 15,
                    "InitialSpawnDelay": 5,
                    "TimeBetweenSpawns": {
                        "X": 20,
                        "Y": 25
                    }
                },
                {
                    "Creature": {
                        "RowName": "Alpha_Snow_Wolf",
                        "DataTableName": "D_AISetup"
                    },
                    "Epic": {
                        "RowName": "None",
                        "DataTableName": "D_EpicCreatures"
                    },
                    "AdditionalStats": {},
                    "LevelOverride": 25,
                    "NumberToSpawnAtATime": {
                        "X": 1,
                        "Y": 1
                    },
                    "TotalToSpawn": 2,
                    "ExtraSpawnCountPerAdditionalNearbyPlayer": 1,
                    "InitialSpawnDelay": 20,
                    "TimeBetweenSpawns": {
                        "X": 40,
                        "Y": 50
                    }
                }
            ]
        },
        {
            "Name": "Arctic_Wave_02",
            "Creatures": [
                {
                    "Creature": {
                        "RowName": "SnowLeopard",
                        "DataTableName": "D_AISetup"
                    },
                    "Epic": {
                        "RowName": "None",
                        "DataTableName": "D_EpicCreatures"
                    },
                    "AdditionalStats": {},
                    "LevelOverride": 25,
                    "NumberToSpawnAtATime": {
                        "X": 3,
                        "Y": 5
                    },
                    "TotalToSpawn": 20,
                    "ExtraSpawnCountPerAdditionalNearbyPlayer": 15,
                    "InitialSpawnDelay": 5,
                    "TimeBetweenSpawns": {
                        "X": 15,
                        "Y": 20
                    }
                },
                {
                    "Creature": {
                        "RowName": "SnowLeopard_Alpha",
                        "DataTableName": "D_AISetup"
                    },
                    "Epic": {
                        "RowName": "None",
                        "DataTableName": "D_EpicCreatures"
                    },
                    "AdditionalStats": {},
                    "LevelOverride": 25,
                    "NumberToSpawnAtATime": {
                        "X": 1,
                        "Y": 1
                    },
                    "TotalToSpawn": 2,
                    "ExtraSpawnCountPerAdditionalNearbyPlayer": 1,
                    "InitialSpawnDelay": 20,
                    "TimeBetweenSpawns": {
                        "X": 40,
                        "Y": 50
                    }
                }
            ]
        },
        {
            "Name": "Arctic_Wave_03",
            "Creatures": [
                {
                    "Creature": {
                        "RowName": "Polar_Bear",
                        "DataTableName": "D_AISetup"
                    },
                    "Epic": {
                        "RowName": "None",
                        "DataTableName": "D_EpicCreatures"
                    },
                    "AdditionalStats": {},
                    "LevelOverride": 1,
                    "NumberToSpawnAtATime": {
                        "X": 2,
                        "Y": 2
                    },
                    "TotalToSpawn": 6,
                    "ExtraSpawnCountPerAdditionalNearbyPlayer": 3,
                    "InitialSpawnDelay": 5,
                    "TimeBetweenSpawns": {
                        "X": 20,
                        "Y": 25
                    }
                },
                {
                    "Creature": {
                        "RowName": "Polar_Bear_Cub",
                        "DataTableName": "D_AISetup"
                    },
                    "Epic": {
                        "RowName": "None",
                        "DataTableName": "D_EpicCreatures"
                    },
                    "AdditionalStats": {},
                    "LevelOverride": 25,
                    "NumberToSpawnAtATime": {
                        "X": 1,
                        "Y": 3
                    },
                    "TotalToSpawn": 10,
                    "ExtraSpawnCountPerAdditionalNearbyPlayer": 5,
                    "InitialSpawnDelay": 6,
                    "TimeBetweenSpawns": {
                        "X": 20,
                        "Y": 25
                    }
                }
            ]
        },
        {
            "Name": "Desert_Wave_01",
            "Creatures": [
                {
                    "Creature": {
                        "RowName": "Desert_Wolf",
                        "DataTableName": "D_AISetup"
                    },
                    "Epic": {
                        "RowName": "None",
                        "DataTableName": "D_EpicCreatures"
                    },
                    "AdditionalStats": {},
                    "LevelOverride": 25,
                    "NumberToSpawnAtATime": {
                        "X": 4,
                        "Y": 6
                    },
                    "TotalToSpawn": 25,
                    "ExtraSpawnCountPerAdditionalNearbyPlayer": 15,
                    "InitialSpawnDelay": 5,
                    "TimeBetweenSpawns": {
                        "X": 20,
                        "Y": 25
                    }
                },
                {
                    "Creature": {
                        "RowName": "Alpha_Desert_Wolf",
                        "DataTableName": "D_AISetup"
                    },
                    "Epic": {
                        "RowName": "None",
                        "DataTableName": "D_EpicCreatures"
                    },
                    "AdditionalStats": {},
                    "LevelOverride": 25,
                    "NumberToSpawnAtATime": {
                        "X": 1,
                        "Y": 1
                    },
                    "TotalToSpawn": 2,
                    "ExtraSpawnCountPerAdditionalNearbyPlayer": 1,
                    "InitialSpawnDelay": 20,
                    "TimeBetweenSpawns": {
                        "X": 40,
                        "Y": 50
                    }
                }
            ]
        },
        {
            "Name": "Desert_Wave_02",
            "Creatures": [
                {
                    "Creature": {
                        "RowName": "Lion_F",
                        "DataTableName": "D_AISetup"
                    },
                    "Epic": {
                        "RowName": "None",
                        "DataTableName": "D_EpicCreatures"
                    },
                    "AdditionalStats": {},
                    "LevelOverride": 25,
                    "NumberToSpawnAtATime": {
                        "X": 3,
                        "Y": 5
                    },
                    "TotalToSpawn": 20,
                    "ExtraSpawnCountPerAdditionalNearbyPlayer": 15,
                    "InitialSpawnDelay": 5,
                    "TimeBetweenSpawns": {
                        "X": 15,
                        "Y": 20
                    }
                },
                {
                    "Creature": {
                        "RowName": "Cougar_Alpha",
                        "DataTableName": "D_AISetup"
                    },
                    "Epic": {
                        "RowName": "None",
                        "DataTableName": "D_EpicCreatures"
                    },
                    "AdditionalStats": {},
                    "LevelOverride": 25,
                    "NumberToSpawnAtATime": {
                        "X": 1,
                        "Y": 1
                    },
                    "TotalToSpawn": 2,
                    "ExtraSpawnCountPerAdditionalNearbyPlayer": 1,
                    "InitialSpawnDelay": 20,
                    "TimeBetweenSpawns": {
                        "X": 40,
                        "Y": 50
                    }
                }
            ]
        },
        {
            "Name": "Desert_Wave_03",
            "Creatures": [
                {
                    "Creature": {
                        "RowName": "Scorpion",
                        "DataTableName": "D_AISetup"
                    },
                    "Epic": {
                        "RowName": "None",
                        "DataTableName": "D_EpicCreatures"
                    },
                    "AdditionalStats": {
                        "(Value=\"BaseMovementSpeed_+%\")": 25
                    },
                    "LevelOverride": 50,
                    "NumberToSpawnAtATime": {
                        "X": 5,
                        "Y": 8
                    },
                    "TotalToSpawn": 10,
                    "ExtraSpawnCountPerAdditionalNearbyPlayer": 10,
                    "InitialSpawnDelay": 10,
                    "TimeBetweenSpawns": {
                        "X": 15,
                        "Y": 20
                    }
                },
                {
                    "Creature": {
                        "RowName": "Scorpion_Boss_Summon",
                        "DataTableName": "D_AISetup"
                    },
                    "Epic": {
                        "RowName": "None",
                        "DataTableName": "D_EpicCreatures"
                    },
                    "AdditionalStats": {},
                    "LevelOverride": 25,
                    "NumberToSpawnAtATime": {
                        "X": 3,
                        "Y": 5
                    },
                    "TotalToSpawn": 10,
                    "ExtraSpawnCountPerAdditionalNearbyPlayer": 10,
                    "InitialSpawnDelay": 6,
                    "TimeBetweenSpawns": {
                        "X": 8,
                        "Y": 10
                    }
                }
            ]
        },
        {
            "Name": "Grassland_Wave_01",
            "Creatures": [
                {
                    "Creature": {
                        "RowName": "Conifer_Wolf",
                        "DataTableName": "D_AISetup"
                    },
                    "Epic": {
                        "RowName": "None",
                        "DataTableName": "D_EpicCreatures"
                    },
                    "AdditionalStats": {},
                    "LevelOverride": 25,
                    "NumberToSpawnAtATime": {
                        "X": 3,
                        "Y": 5
                    },
                    "TotalToSpawn": 25,
                    "ExtraSpawnCountPerAdditionalNearbyPlayer": 15,
                    "InitialSpawnDelay": 5,
                    "TimeBetweenSpawns": {
                        "X": 20,
                        "Y": 25
                    }
                },
                {
                    "Creature": {
                        "RowName": "Wild_Boar",
                        "DataTableName": "D_AISetup"
                    },
                    "Epic": {
                        "RowName": "None",
                        "DataTableName": "D_EpicCreatures"
                    },
                    "AdditionalStats": {},
                    "LevelOverride": 25,
                    "NumberToSpawnAtATime": {
                        "X": 1,
                        "Y": 1
                    },
                    "TotalToSpawn": 2,
                    "ExtraSpawnCountPerAdditionalNearbyPlayer": 1,
                    "InitialSpawnDelay": 20,
                    "TimeBetweenSpawns": {
                        "X": 40,
                        "Y": 50
                    }
                }
            ]
        },
        {
            "Name": "Grassland_Wave_02",
            "Creatures": [
                {
                    "Creature": {
                        "RowName": "Jaguar",
                        "DataTableName": "D_AISetup"
                    },
                    "Epic": {
                        "RowName": "None",
                        "DataTableName": "D_EpicCreatures"
                    },
                    "AdditionalStats": {},
                    "LevelOverride": 25,
                    "NumberToSpawnAtATime": {
                        "X": 3,
                        "Y": 5
                    },
                    "TotalToSpawn": 20,
                    "ExtraSpawnCountPerAdditionalNearbyPlayer": 15,
                    "InitialSpawnDelay": 5,
                    "TimeBetweenSpawns": {
                        "X": 15,
                        "Y": 20
                    }
                },
                {
                    "Creature": {
                        "RowName": "Bat_Dog",
                        "DataTableName": "D_AISetup"
                    },
                    "Epic": {
                        "RowName": "None",
                        "DataTableName": "D_EpicCreatures"
                    },
                    "AdditionalStats": {},
                    "LevelOverride": 25,
                    "NumberToSpawnAtATime": {
                        "X": 1,
                        "Y": 1
                    },
                    "TotalToSpawn": 2,
                    "ExtraSpawnCountPerAdditionalNearbyPlayer": 1,
                    "InitialSpawnDelay": 20,
                    "TimeBetweenSpawns": {
                        "X": 40,
                        "Y": 50
                    }
                }
            ]
        },
        {
            "Name": "Grassland_Wave_03",
            "Creatures": [
                {
                    "Creature": {
                        "RowName": "Bear",
                        "DataTableName": "D_AISetup"
                    },
                    "Epic": {
                        "RowName": "None",
                        "DataTableName": "D_EpicCreatures"
                    },
                    "AdditionalStats": {},
                    "LevelOverride": 25,
                    "NumberToSpawnAtATime": {
                        "X": 2,
                        "Y": 3
                    },
                    "TotalToSpawn": 12,
                    "ExtraSpawnCountPerAdditionalNearbyPlayer": 5,
                    "InitialSpawnDelay": 5,
                    "TimeBetweenSpawns": {
                        "X": 20,
                        "Y": 25
                    }
                },
                {
                    "Creature": {
                        "RowName": "BearCub",
                        "DataTableName": "D_AISetup"
                    },
                    "Epic": {
                        "RowName": "None",
                        "DataTableName": "D_EpicCreatures"
                    },
                    "AdditionalStats": {},
                    "LevelOverride": 25,
                    "NumberToSpawnAtATime": {
                        "X": 1,
                        "Y": 3
                    },
                    "TotalToSpawn": 10,
                    "ExtraSpawnCountPerAdditionalNearbyPlayer": 5,
                    "InitialSpawnDelay": 6,
                    "TimeBetweenSpawns": {
                        "X": 20,
                        "Y": 25
                    }
                }
            ]
        },
        {
            "Name": "Swamp_Wave_01",
            "Creatures": [
                {
                    "Creature": {
                        "RowName": "Swamp_Bird",
                        "DataTableName": "D_AISetup"
                    },
                    "Epic": {
                        "RowName": "None",
                        "DataTableName": "D_EpicCreatures"
                    },
                    "AdditionalStats": {},
                    "LevelOverride": 25,
                    "NumberToSpawnAtATime": {
                        "X": 3,
                        "Y": 5
                    },
                    "TotalToSpawn": 25,
                    "ExtraSpawnCountPerAdditionalNearbyPlayer": 15,
                    "InitialSpawnDelay": 5,
                    "TimeBetweenSpawns": {
                        "X": 20,
                        "Y": 25
                    }
                },
                {
                    "Creature": {
                        "RowName": "Jaguar",
                        "DataTableName": "D_AISetup"
                    },
                    "Epic": {
                        "RowName": "None",
                        "DataTableName": "D_EpicCreatures"
                    },
                    "AdditionalStats": {},
                    "LevelOverride": 25,
                    "NumberToSpawnAtATime": {
                        "X": 1,
                        "Y": 1
                    },
                    "TotalToSpawn": 2,
                    "ExtraSpawnCountPerAdditionalNearbyPlayer": 1,
                    "InitialSpawnDelay": 20,
                    "TimeBetweenSpawns": {
                        "X": 40,
                        "Y": 50
                    }
                }
            ]
        },
        {
            "Name": "Swamp_Wave_02",
            "Creatures": [
                {
                    "Creature": {
                        "RowName": "Komodo",
                        "DataTableName": "D_AISetup"
                    },
                    "Epic": {
                        "RowName": "None",
                        "DataTableName": "D_EpicCreatures"
                    },
                    "AdditionalStats": {},
                    "LevelOverride": 25,
                    "NumberToSpawnAtATime": {
                        "X": 3,
                        "Y": 5
                    },
                    "TotalToSpawn": 20,
                    "ExtraSpawnCountPerAdditionalNearbyPlayer": 15,
                    "InitialSpawnDelay": 5,
                    "TimeBetweenSpawns": {
                        "X": 15,
                        "Y": 20
                    }
                },
                {
                    "Creature": {
                        "RowName": "Crocodile",
                        "DataTableName": "D_AISetup"
                    },
                    "Epic": {
                        "RowName": "None",
                        "DataTableName": "D_EpicCreatures"
                    },
                    "AdditionalStats": {},
                    "LevelOverride": 25,
                    "NumberToSpawnAtATime": {
                        "X": 1,
                        "Y": 1
                    },
                    "TotalToSpawn": 2,
                    "ExtraSpawnCountPerAdditionalNearbyPlayer": 1,
                    "InitialSpawnDelay": 20,
                    "TimeBetweenSpawns": {
                        "X": 40,
                        "Y": 50
                    }
                }
            ]
        },
        {
            "Name": "Swamp_Wave_03",
            "Creatures": [
                {
                    "Creature": {
                        "RowName": "Swamp_Slug",
                        "DataTableName": "D_AISetup"
                    },
                    "Epic": {
                        "RowName": "None",
                        "DataTableName": "D_EpicCreatures"
                    },
                    "AdditionalStats": {},
                    "LevelOverride": 25,
                    "NumberToSpawnAtATime": {
                        "X": 2,
                        "Y": 3
                    },
                    "TotalToSpawn": 12,
                    "ExtraSpawnCountPerAdditionalNearbyPlayer": 5,
                    "InitialSpawnDelay": 5,
                    "TimeBetweenSpawns": {
                        "X": 20,
                        "Y": 25
                    }
                },
                {
                    "Creature": {
                        "RowName": "Komodo",
                        "DataTableName": "D_AISetup"
                    },
                    "Epic": {
                        "RowName": "None",
                        "DataTableName": "D_EpicCreatures"
                    },
                    "AdditionalStats": {},
                    "LevelOverride": 25,
                    "NumberToSpawnAtATime": {
                        "X": 1,
                        "Y": 3
                    },
                    "TotalToSpawn": 10,
                    "ExtraSpawnCountPerAdditionalNearbyPlayer": 5,
                    "InitialSpawnDelay": 6,
                    "TimeBetweenSpawns": {
                        "X": 20,
                        "Y": 25
                    }
                }
            ]
        },
        {
            "Name": "Lava_Wave_01",
            "Creatures": [
                {
                    "Creature": {
                        "RowName": "Wild_Boar",
                        "DataTableName": "D_AISetup"
                    },
                    "Epic": {
                        "RowName": "None",
                        "DataTableName": "D_EpicCreatures"
                    },
                    "AdditionalStats": {},
                    "LevelOverride": 25,
                    "NumberToSpawnAtATime": {
                        "X": 3,
                        "Y": 5
                    },
                    "TotalToSpawn": 5,
                    "ExtraSpawnCountPerAdditionalNearbyPlayer": 3,
                    "InitialSpawnDelay": 5,
                    "TimeBetweenSpawns": {
                        "X": 20,
                        "Y": 25
                    }
                },
                {
                    "Creature": {
                        "RowName": "LavaBroodlingWorldSpawn",
                        "DataTableName": "D_AISetup"
                    },
                    "Epic": {
                        "RowName": "None",
                        "DataTableName": "D_EpicCreatures"
                    },
                    "AdditionalStats": {},
                    "LevelOverride": 25,
                    "NumberToSpawnAtATime": {
                        "X": 1,
                        "Y": 1
                    },
                    "TotalToSpawn": 5,
                    "ExtraSpawnCountPerAdditionalNearbyPlayer": 3,
                    "InitialSpawnDelay": 20,
                    "TimeBetweenSpawns": {
                        "X": 40,
                        "Y": 50
                    }
                }
            ]
        },
        {
            "Name": "Lava_Wave_02",
            "Creatures": [
                {
                    "Creature": {
                        "RowName": "Lava_Komodo",
                        "DataTableName": "D_AISetup"
                    },
                    "Epic": {
                        "RowName": "None",
                        "DataTableName": "D_EpicCreatures"
                    },
                    "AdditionalStats": {},
                    "LevelOverride": 25,
                    "NumberToSpawnAtATime": {
                        "X": 3,
                        "Y": 5
                    },
                    "TotalToSpawn": 20,
                    "ExtraSpawnCountPerAdditionalNearbyPlayer": 15,
                    "InitialSpawnDelay": 5,
                    "TimeBetweenSpawns": {
                        "X": 15,
                        "Y": 20
                    }
                },
                {
                    "Creature": {
                        "RowName": "Desert_Striker",
                        "DataTableName": "D_AISetup"
                    },
                    "Epic": {
                        "RowName": "None",
                        "DataTableName": "D_EpicCreatures"
                    },
                    "AdditionalStats": {},
                    "LevelOverride": 25,
                    "NumberToSpawnAtATime": {
                        "X": 1,
                        "Y": 1
                    },
                    "TotalToSpawn": 2,
                    "ExtraSpawnCountPerAdditionalNearbyPlayer": 1,
                    "InitialSpawnDelay": 20,
                    "TimeBetweenSpawns": {
                        "X": 40,
                        "Y": 50
                    }
                }
            ]
        },
        {
            "Name": "Lava_Wave_03",
            "Creatures": [
                {
                    "Creature": {
                        "RowName": "Rock_Dog",
                        "DataTableName": "D_AISetup"
                    },
                    "Epic": {
                        "RowName": "None",
                        "DataTableName": "D_EpicCreatures"
                    },
                    "AdditionalStats": {},
                    "LevelOverride": 25,
                    "NumberToSpawnAtATime": {
                        "X": 2,
                        "Y": 3
                    },
                    "TotalToSpawn": 12,
                    "ExtraSpawnCountPerAdditionalNearbyPlayer": 5,
                    "InitialSpawnDelay": 5,
                    "TimeBetweenSpawns": {
                        "X": 20,
                        "Y": 25
                    }
                },
                {
                    "Creature": {
                        "RowName": "Wild_Boar",
                        "DataTableName": "D_AISetup"
                    },
                    "Epic": {
                        "RowName": "None",
                        "DataTableName": "D_EpicCreatures"
                    },
                    "AdditionalStats": {},
                    "LevelOverride": 25,
                    "NumberToSpawnAtATime": {
                        "X": 1,
                        "Y": 3
                    },
                    "TotalToSpawn": 10,
                    "ExtraSpawnCountPerAdditionalNearbyPlayer": 5,
                    "InitialSpawnDelay": 6,
                    "TimeBetweenSpawns": {
                        "X": 20,
                        "Y": 25
                    }
                }
            ]
        }
    ]
}