{
    "RowStruct": "/Script/Icarus.Horde",
    "Defaults": {
        "Waves": [],
        "ExperienceEvent": {
            "RowName": "None",
            "DataTableName": "D_ExperienceEvents"
        },
        "CompletionsBeforeInert": 0,
        "ItemReward": [],
        "InertItemReward": [],
        "LocationQueries": []
    },
    "Rows": [
        {
            "Name": "Horde_Test",
            "Waves": [
                {
                    "RowName": "Test_Wave_1",
                    "DataTableName": "D_HordeWave"
                },
                {
                    "RowName": "Test_Wave_2",
                    "DataTableName": "D_HordeWave"
                },
                {
                    "RowName": "Test_Wave_3",
                    "DataTableName": "D_HordeWave"
                }
            ],
            "ExperienceEvent": {
                "RowName": "HordeReward_Base"
            },
            "CompletionsBeforeInert": 3,
            "ItemReward": [
                {
                    "RowName": "Horde_Mode_Base",
                    "DataTableName": "D_ItemRewards"
                }
            ],
            "InertItemReward": [
                {
                    "RowName": "Horde_Mode_Base_Inert",
                    "DataTableName": "D_ItemRewards"
                }
            ],
            "LocationQueries": [
                {
                    "RowName": "OLY_Horde_Spawn_01",
                    "DataTableName": "D_QuestQueries"
                }
            ]
        },
        {
            "Name": "Forest_Horde",
            "Waves": [
                {
                    "RowName": "Forest_Wave_01",
                    "DataTableName": "D_HordeWave"
                },
                {
                    "RowName": "Forest_Wave_02",
                    "DataTableName": "D_HordeWave"
                },
                {
                    "RowName": "Forest_Wave_03",
                    "DataTableName": "D_HordeWave"
                }
            ],
            "ExperienceEvent": {
                "RowName": "HordeReward_Base"
            },
            "CompletionsBeforeInert": 3,
            "ItemReward": [
                {
                    "RowName": "Horde_Mode_Base",
                    "DataTableName": "D_ItemRewards"
                }
            ],
            "InertItemReward": [
                {
                    "RowName": "Horde_Mode_Base_Inert",
                    "DataTableName": "D_ItemRewards"
                }
            ],
            "LocationQueries": [
                {
                    "RowName": "OLY_Horde_Spawn_01",
                    "DataTableName": "D_QuestQueries"
                }
            ]
        },
        {
            "Name": "Arctic_Horde",
            "Waves": [
                {
                    "RowName": "Arctic_Wave_01",
                    "DataTableName": "D_HordeWave"
                },
                {
                    "RowName": "Arctic_Wave_02",
                    "DataTableName": "D_HordeWave"
                },
                {
                    "RowName": "Arctic_Wave_03",
                    "DataTableName": "D_HordeWave"
                }
            ],
            "ExperienceEvent": {
                "RowName": "HordeReward_Base"
            },
            "CompletionsBeforeInert": 3,
            "ItemReward": [
                {
                    "RowName": "Horde_Mode_Base",
                    "DataTableName": "D_ItemRewards"
                }
            ],
            "InertItemReward": [
                {
                    "RowName": "Horde_Mode_Base_Inert",
                    "DataTableName": "D_ItemRewards"
                }
            ],
            "LocationQueries": [
                {
                    "RowName": "OLY_Horde_Spawn_01",
                    "DataTableName": "D_QuestQueries"
                }
            ]
        },
        {
            "Name": "Desert_Horde",
            "Waves": [
                {
                    "RowName": "Desert_Wave_01",
                    "DataTableName": "D_HordeWave"
                },
                {
                    "RowName": "Desert_Wave_02",
                    "DataTableName": "D_HordeWave"
                },
                {
                    "RowName": "Desert_Wave_03",
                    "DataTableName": "D_HordeWave"
                }
            ],
            "ExperienceEvent": {
                "RowName": "HordeReward_Base"
            },
            "CompletionsBeforeInert": 3,
            "ItemReward": [
                {
                    "RowName": "Horde_Mode_Base",
                    "DataTableName": "D_ItemRewards"
                }
            ],
            "InertItemReward": [
                {
                    "RowName": "Horde_Mode_Base_Inert",
                    "DataTableName": "D_ItemRewards"
                }
            ],
            "LocationQueries": [
                {
                    "RowName": "OLY_Horde_Spawn_01",
                    "DataTableName": "D_QuestQueries"
                }
            ]
        },
        {
            "Name": "Grasslands_Horde",
            "Waves": [
                {
                    "RowName": "Grassland_Wave_01",
                    "DataTableName": "D_HordeWave"
                },
                {
                    "RowName": "Grassland_Wave_02",
                    "DataTableName": "D_HordeWave"
                },
                {
                    "RowName": "Grassland_Wave_03",
                    "DataTableName": "D_HordeWave"
                }
            ],
            "ExperienceEvent": {
                "RowName": "HordeReward_Base"
            },
            "CompletionsBeforeInert": 3,
            "ItemReward": [
                {
                    "RowName": "Horde_Mode_Base",
                    "DataTableName": "D_ItemRewards"
                }
            ],
            "InertItemReward": [
                {
                    "RowName": "Horde_Mode_Base_Inert",
                    "DataTableName": "D_ItemRewards"
                }
            ],
            "LocationQueries": [
                {
                    "RowName": "OLY_Horde_Spawn_01",
                    "DataTableName": "D_QuestQueries"
                }
            ]
        },
        {
            "Name": "Swamp_Horde",
            "Waves": [
                {
                    "RowName": "Swamp_Wave_01",
                    "DataTableName": "D_HordeWave"
                },
                {
                    "RowName": "Swamp_Wave_02",
                    "DataTableName": "D_HordeWave"
                },
                {
                    "RowName": "Swamp_Wave_03",
                    "DataTableName": "D_HordeWave"
                }
            ],
            "ExperienceEvent": {
                "RowName": "HordeReward_Base"
            },
            "CompletionsBeforeInert": 3,
            "ItemReward": [
                {
                    "RowName": "Horde_Mode_Base",
                    "DataTableName": "D_ItemRewards"
                }
            ],
            "InertItemReward": [
                {
                    "RowName": "Horde_Mode_Base_Inert",
                    "DataTableName": "D_ItemRewards"
                }
            ],
            "LocationQueries": [
                {
                    "RowName": "OLY_Horde_Spawn_01",
                    "DataTableName": "D_QuestQueries"
                }
            ]
        },
        {
            "Name": "Lava_Horde",
            "Waves": [
                {
                    "RowName": "Lava_Wave_01",
                    "DataTableName": "D_HordeWave"
                },
                {
                    "RowName": "Lava_Wave_02",
                    "DataTableName": "D_HordeWave"
                },
                {
                    "RowName": "Lava_Wave_03",
                    "DataTableName": "D_HordeWave"
                }
            ],
            "ExperienceEvent": {
                "RowName": "HordeReward_Base"
            },
            "CompletionsBeforeInert": 3,
            "ItemReward": [
                {
                    "RowName": "Horde_Mode_Red",
                    "DataTableName": "D_ItemRewards"
                }
            ],
            "InertItemReward": [
                {
                    "RowName": "Horde_Mode_Base_Inert",
                    "DataTableName": "D_ItemRewards"
                }
            ],
            "LocationQueries": [
                {
                    "RowName": "OLY_Horde_Spawn_01",
                    "DataTableName": "D_QuestQueries"
                }
            ]
        }
    ]
}