{
    "RowStruct": "/Script/Icarus.StatGameplayTag",
    "Defaults": {
        "Stat": {
            "Value": "None"
        },
        "GameplayTag": {
            "TagName": "None"
        }
    },
    "GenerateEnum": true,
    "Rows": [
        {
            "Name": "FellingDamage",
            "Stat": {
                "Value": "FellingDamage_+"
            },
            "GameplayTag": {
                "TagName": "Item.Stat.DealsFellingDamage"
            }
        }
    ]
}