{
    "RowStruct": "/Script/Icarus.RadialMenuData",
    "Defaults": {
        "RadialOptions": []
    },
    "Rows": [
        {
            "Name": "Deployable_Generic",
            "RadialOptions": [
                {
                    "RadialOption": {
                        "RowName": "Pickup_Deployable",
                        "DataTableName": "D_RadialOptions"
                    },
                    "DisplayText": "NSLOCTEXT(\"D_RadialMenuData\", \"Deployable_Generic-RadialOptions-0-DisplayText\", \"Pickup Deployable\")",
                    "Image": "/Engine/EditorResources/S_Pickup.S_Pickup"
                }
            ]
        },
        {
            "Name": "Boombox",
            "RadialOptions": [
                {
                    "RadialOption": {
                        "RowName": "Pickup_Deployable",
                        "DataTableName": "D_RadialOptions"
                    },
                    "DisplayText": "NSLOCTEXT(\"D_RadialMenuData\", \"Boombox-RadialOptions-0-DisplayText\", \"Pickup Boombox\")",
                    "Image": "/Engine/EditorResources/S_Pickup.S_Pickup"
                },
                {
                    "RadialOption": {
                        "RowName": "ToggleOn",
                        "DataTableName": "D_RadialOptions"
                    },
                    "DisplayText": "NSLOCTEXT(\"D_RadialMenuData\", \"Boombox-RadialOptions-1-DisplayText\", \"Toggle On/Off\")",
                    "Image": "/Engine/EditorMaterials/Tick.Tick"
                },
                {
                    "RadialOption": {
                        "RowName": "Boombox_NextSong",
                        "DataTableName": "D_RadialOptions"
                    },
                    "DisplayText": "NSLOCTEXT(\"D_RadialMenuData\", \"Boombox-RadialOptions-2-DisplayText\", \"Play Next Song\")",
                    "Image": "/Game/TRD/LightProfilePack/Lighting/Functions/Bitmaps/Arrow.Arrow"
                },
                {
                    "RadialOption": {
                        "RowName": "Boombox_PreviousSong",
                        "DataTableName": "D_RadialOptions"
                    },
                    "DisplayText": "NSLOCTEXT(\"D_RadialMenuData\", \"Boombox-RadialOptions-3-DisplayText\", \"Play Previous Song\")",
                    "Image": "/Game/Assets/2DArt/UI/Windows/EmptyAsset.EmptyAsset"
                }
            ]
        },
        {
            "Name": "CollectionDrone",
            "RadialOptions": [
                {
                    "RadialOption": {
                        "RowName": "Drone_FollowMe",
                        "DataTableName": "D_RadialOptions"
                    },
                    "DisplayText": "NSLOCTEXT(\"D_RadialMenuData\", \"CollectionDrone-RadialOptions-0-DisplayText\", \"Follow\")",
                    "Image": "/Engine/EditorResources/S_Pickup.S_Pickup"
                },
                {
                    "RadialOption": {
                        "RowName": "Drone_ChangeLootFilter",
                        "DataTableName": "D_RadialOptions"
                    },
                    "DisplayText": "NSLOCTEXT(\"D_RadialMenuData\", \"CollectionDrone-RadialOptions-1-DisplayText\", \"Loot Filter\")",
                    "Image": "/Game/Assets/2DArt/UI/Items/Flaticons_Icons/026-meat.026-meat"
                },
                {
                    "RadialOption": {
                        "RowName": "Drone_OpenInventory",
                        "DataTableName": "D_RadialOptions"
                    },
                    "DisplayText": "NSLOCTEXT(\"D_RadialMenuData\", \"CollectionDrone-RadialOptions-2-DisplayText\", \"Open Inventory\")",
                    "Image": "/Game/Assets/2DArt/UI/Items/Flaticons_Icons/023-entrance.023-entrance"
                },
                {
                    "RadialOption": {
                        "RowName": "Drone_ReturnHome",
                        "DataTableName": "D_RadialOptions"
                    },
                    "DisplayText": "NSLOCTEXT(\"D_RadialMenuData\", \"CollectionDrone-RadialOptions-3-DisplayText\", \"Send Home\")",
                    "Image": "/Game/Assets/2DArt/UI/Items/Flaticons_Icons/005-leaves.005-leaves"
                },
                {
                    "RadialOption": {
                        "RowName": "Drone_StoreInPlayerInventory",
                        "DataTableName": "D_RadialOptions"
                    },
                    "DisplayText": "NSLOCTEXT(\"D_RadialMenuData\", \"CollectionDrone-RadialOptions-4-DisplayText\", \"Put In Inventory\")",
                    "Image": "/Game/Assets/2DArt/UI/Items/Flaticons_Icons/017-backpack.017-backpack"
                }
            ]
        }
    ]
}