{
    "RowStruct": "/Script/Icarus.QuestEvent",
    "Defaults": {},
    "GenerateEnum": true,
    "Rows": [
        {
            "Name": "Scan_Reached_Location"
        },
        {
            "Name": "Scan_Radar_Activated"
        },
        {
            "Name": "Scan_Radar_Stopped"
        },
        {
            "Name": "Scan_Event"
        },
        {
            "Name": "Scan_Complete"
        },
        {
            "Name": "SpawnBoss"
        },
        {
            "Name": "Generic_Event_1"
        },
        {
            "Name": "Generic_Event_2"
        },
        {
            "Name": "Generic_Event_3"
        },
        {
            "Name": "Generic_Event_4"
        },
        {
            "Name": "QuestFailedDestroy"
        }
    ]
}