{
    "RowStruct": "/Script/Icarus.WaterData",
    "Defaults": {
        "Provider": false,
        "Receiver": false,
        "AutoActivate": false,
        "ResourceFlowRate": 1000
    },
    "Rows": [{
            "Name": "Pump",
            "Provider": true
        },
        {
            "Name": "Composter",
            "Receiver": true,
            "AutoActivate": true,
            "ResourceFlowRate": 100
        },
        {
            "Name": "Barrel",
            "Receiver": true,
            "AutoActivate": true
        },
        {
            "Name": "Sprinkler",
            "Receiver": true,
            "AutoActivate": true,
            "ResourceFlowRate": 1
        },
        {
            "Name": "CropPlot",
            "Receiver": true,
            "AutoActivate": true,
            "ResourceFlowRate": 15
        },
        {
            "Name": "CementMixer",
            "Receiver": true,
            "AutoActivate": true,
            "ResourceFlowRate": 100
        },
        {
            "Name": "KitchenBench",
            "Receiver": true,
            "AutoActivate": true,
            "ResourceFlowRate": 100
        },
        {
            "Name": "Generic_Reciever",
            "Receiver": true,
            "AutoActivate": true,
            "ResourceFlowRate": 100
        },
        {
            "Name": "GlassworkingBench",
            "Receiver": true,
            "AutoActivate": true,
            "ResourceFlowRate": 250
        }
    ]
}