{
    "RowStruct": "/Script/Icarus.AfflictionChance",
    "Defaults": {
        "Afflictions": [],
        "ChanceStat": {
            "Value": "None"
        },
        "ChanceInPercent": 0,
        "DurationInSeconds": 0
    },
    "GenerateEnum": true,
    "Rows": [
        {
            "Name": "Fish_Bite",
            "Afflictions": [
                {
                    "RowName": "Poison",
                    "DataTableName": "D_ModifierStates"
                }
            ],
            "ChanceInPercent": 25,
            "DurationInSeconds": 180
        },
        {
            "Name": "Concussion_Contusion",
            "Afflictions": [
                {
                    "RowName": "Concussion",
                    "DataTableName": "D_ModifierStates"
                },
                {
                    "RowName": "Contusion",
                    "DataTableName": "D_ModifierStates"
                }
            ],
            "ChanceInPercent": 25,
            "DurationInSeconds": 300
        },
        {
            "Name": "Drink_Water",
            "Afflictions": [
                {
                    "RowName": "Dysentery",
                    "DataTableName": "D_ModifierStates"
                }
            ],
            "ChanceInPercent": 15,
            "DurationInSeconds": 300
        },
        {
            "Name": "Deep_Wound_Escalation",
            "Afflictions": [
                {
                    "RowName": "Festering_Wound",
                    "DataTableName": "D_ModifierStates"
                }
            ],
            "ChanceInPercent": 5,
            "DurationInSeconds": 600
        },
        {
            "Name": "Underground_Escalation",
            "Afflictions": [
                {
                    "RowName": "Pneumonia",
                    "DataTableName": "D_ModifierStates"
                }
            ],
            "ChanceStat": {
                "Value": "PneumoniaResistance_%"
            },
            "ChanceInPercent": 25,
            "DurationInSeconds": 600
        },
        {
            "Name": "Wound_Escalation",
            "Afflictions": [
                {
                    "RowName": "Infected_Wound",
                    "DataTableName": "D_ModifierStates"
                }
            ],
            "ChanceInPercent": 5,
            "DurationInSeconds": 300
        },
        {
            "Name": "Hunger_Escalation",
            "Afflictions": [
                {
                    "RowName": "Enfeebled",
                    "DataTableName": "D_ModifierStates"
                }
            ],
            "ChanceInPercent": 33,
            "DurationInSeconds": 300
        },
        {
            "Name": "Frostnip_Escalation",
            "Afflictions": [
                {
                    "RowName": "Frostbite",
                    "DataTableName": "D_ModifierStates"
                }
            ],
            "ChanceInPercent": 33
        },
        {
            "Name": "Cold_Escalation",
            "Afflictions": [
                {
                    "RowName": "Affliction_Hypothermia",
                    "DataTableName": "D_ModifierStates"
                }
            ],
            "ChanceInPercent": 100
        },
        {
            "Name": "Overheating_Escalation",
            "Afflictions": [
                {
                    "RowName": "Affliction_Heat_Overload",
                    "DataTableName": "D_ModifierStates"
                }
            ],
            "ChanceInPercent": 100
        },
        {
            "Name": "Frostnip_Low",
            "Afflictions": [
                {
                    "RowName": "Frostnip",
                    "DataTableName": "D_ModifierStates"
                }
            ],
            "ChanceInPercent": 10
        },
        {
            "Name": "Frostnip_High",
            "Afflictions": [
                {
                    "RowName": "Frostnip",
                    "DataTableName": "D_ModifierStates"
                }
            ],
            "ChanceInPercent": 25
        },
        {
            "Name": "Dysentery",
            "Afflictions": [
                {
                    "RowName": "Dysentery",
                    "DataTableName": "D_ModifierStates"
                }
            ],
            "ChanceInPercent": 15,
            "DurationInSeconds": 300
        },
        {
            "Name": "Food_Poisoning",
            "Afflictions": [
                {
                    "RowName": "Food_Poisoning",
                    "DataTableName": "D_ModifierStates"
                }
            ],
            "ChanceInPercent": 33,
            "DurationInSeconds": 300
        },
        {
            "Name": "Heatstroke_Esculation",
            "Afflictions": [
                {
                    "RowName": "Heat_Exhaustion",
                    "DataTableName": "D_ModifierStates"
                }
            ],
            "ChanceInPercent": 33
        },
        {
            "Name": "Heatstroke_Low",
            "Afflictions": [
                {
                    "RowName": "Heatstroke",
                    "DataTableName": "D_ModifierStates"
                }
            ],
            "ChanceInPercent": 10
        },
        {
            "Name": "Taming_Sickness",
            "Afflictions": [
                {
                    "RowName": "Taming_Sickness",
                    "DataTableName": "D_ModifierStates"
                }
            ],
            "ChanceInPercent": 100
        }
    ]
}