{
    "RowStruct": "/Script/Icarus.SurvivalTriggers",
    "Defaults": {
        "Food": [],
        "Water": [],
        "Oxygen": [],
        "Cold": {
            "Modifier": {
                "RowName": "None",
                "DataTableName": "D_ModifierStates"
            },
            "Query": {
                "RowName": "None",
                "DataTableName": "D_TagQueries"
            }
        },
        "Heat": {
            "Modifier": {
                "RowName": "None",
                "DataTableName": "D_ModifierStates"
            },
            "Query": {
                "RowName": "None",
                "DataTableName": "D_TagQueries"
            }
        },
        "Weight": {
            "RowName": "None",
            "DataTableName": "D_ModifierStates"
        }
    },
    "Rows": [
        {
            "Name": "Player",
            "Food": [
                {
                    "Modifier": {
                        "RowName": "Affliction_Hungry",
                        "DataTableName": "D_ModifierStates"
                    },
                    "PercentTrigger": 0.10000000149011612
                },
                {
                    "Modifier": {
                        "RowName": "Affliction_Famished",
                        "DataTableName": "D_ModifierStates"
                    },
                    "PercentTrigger": 0
                }
            ],
            "Water": [
                {
                    "Modifier": {
                        "RowName": "Affliction_Thirsty",
                        "DataTableName": "D_ModifierStates"
                    },
                    "PercentTrigger": 0.10000000149011612
                },
                {
                    "Modifier": {
                        "RowName": "Affliction_Dehydrated",
                        "DataTableName": "D_ModifierStates"
                    },
                    "PercentTrigger": 0
                }
            ],
            "Oxygen": [
                {
                    "Modifier": {
                        "RowName": "Affliction_Disoriented",
                        "DataTableName": "D_ModifierStates"
                    },
                    "PercentTrigger": 0.10000000149011612
                },
                {
                    "Modifier": {
                        "RowName": "Affliction_Suffocation",
                        "DataTableName": "D_ModifierStates"
                    },
                    "PercentTrigger": 0
                }
            ],
            "Cold": {
                "Modifier": {
                    "RowName": "Affliction_Cold"
                },
                "Query": {
                    "RowName": "Is_Cold"
                }
            },
            "Heat": {
                "Modifier": {
                    "RowName": "Affliction_Overheating"
                },
                "Query": {
                    "RowName": "Is_Hot"
                }
            },
            "Weight": {
                "RowName": "Overburdened"
            }
        },
        {
            "Name": "Mount",
            "Food": [
                {
                    "Modifier": {
                        "RowName": "Tame_Hunger_3",
                        "DataTableName": "D_ModifierStates"
                    },
                    "PercentTrigger": 0.05000000074505806
                },
                {
                    "Modifier": {
                        "RowName": "Tame_Hunger_2",
                        "DataTableName": "D_ModifierStates"
                    },
                    "PercentTrigger": 0.20000000298023224
                },
                {
                    "Modifier": {
                        "RowName": "Tame_Hunger_1",
                        "DataTableName": "D_ModifierStates"
                    },
                    "PercentTrigger": 0.5
                }
            ],
            "Water": [
                {
                    "Modifier": {
                        "RowName": "Tame_Thirst_3",
                        "DataTableName": "D_ModifierStates"
                    },
                    "PercentTrigger": 0.05000000074505806
                },
                {
                    "Modifier": {
                        "RowName": "Tame_Thirst_2",
                        "DataTableName": "D_ModifierStates"
                    },
                    "PercentTrigger": 0.20000000298023224
                },
                {
                    "Modifier": {
                        "RowName": "Tame_Thirst_1",
                        "DataTableName": "D_ModifierStates"
                    },
                    "PercentTrigger": 0.5
                }
            ],
            "Weight": {
                "RowName": "Overburdened"
            }
        }
    ]
}