{
    "RowStruct": "/Script/Icarus.DLCPackageData",
    "Defaults": {
        "PackageID": -1
    },
    "Rows": [
        {
            "Name": "Deluxe_Edition_Envirosuit",
            "PackageID": 1648531
        },
        {
            "Name": "Preorder_Content",
            "PackageID": 1648530
        },
        {
            "Name": "New_Frontiers",
            "PackageID": 1648532
        },
        {
            "Name": "Dangerous_Horizons",
            "PackageID": 1648533
        },
        {
            "Name": "Forest_Outpost",
            "PackageID": 1648540
        },
        {
            "Name": "Arctic_Outpost",
            "PackageID": 1648541
        },
        {
            "Name": "Styx_Map",
            "PackageID": 1995690
        }
    ]
}