{
    "RowStruct": "/Script/Icarus.DialogueSpeaker",
    "Defaults": {
        "Speaker": ""
    },
    "Rows": [
        {
            "Name": "Sol",
            "Speaker": "NSLOCTEXT(\"D_DialogueSpeaker\", \"Sol-Speaker\", \"Sol\")"
        },
        {
            "Name": "Group15",
            "Speaker": "NSLOCTEXT(\"D_DialogueSpeaker\", \"Group15-Speaker\", \"Group 15\")"
        },
        {
            "Name": "SMPL3",
            "Speaker": "NSLOCTEXT(\"D_DialogueSpeaker\", \"SMPL3-Speaker\", \"SMPL3\")"
        },
        {
            "Name": "Clarke",
            "Speaker": "NSLOCTEXT(\"D_DialogueSpeaker\", \"Clarke-Speaker\", \"Clarke\")"
        },
        {
            "Name": "Unknown",
            "Speaker": "NSLOCTEXT(\"D_DialogueSpeaker\", \"Unknown-Speaker\", \"Unknown\")"
        },
        {
            "Name": "Mo",
            "Speaker": "NSLOCTEXT(\"D_DialogueSpeaker\", \"Mo-Speaker\", \"Mo\")"
        }
    ]
}