{
    "RowStruct": "/Script/Icarus.DialoguePool",
    "Defaults": {
        "Pool": []
    },
    "Rows": [
        {
            "Name": "Recovery_Intro_Generic",
            "Pool": [
                {
                    "RowName": "RecoveryBriefingExtra",
                    "DataTableName": "D_Dialogue"
                },
                {
                    "RowName": "RecoveryBriefingGeneric1",
                    "DataTableName": "D_Dialogue"
                },
                {
                    "RowName": "RecoveryBriefingGeneric2",
                    "DataTableName": "D_Dialogue"
                }
            ]
        },
        {
            "Name": "Recovery_Landing_Generic",
            "Pool": [
                {
                    "RowName": "RecoveryLandingExtra",
                    "DataTableName": "D_Dialogue"
                },
                {
                    "RowName": "RecoveryLandingGeneric1",
                    "DataTableName": "D_Dialogue"
                },
                {
                    "RowName": "RecoveryLandingGeneric2",
                    "DataTableName": "D_Dialogue"
                }
            ]
        },
        {
            "Name": "Research_Intro_Generic",
            "Pool": [
                {
                    "RowName": "ResearchBriefingGeneric1",
                    "DataTableName": "D_Dialogue"
                },
                {
                    "RowName": "ResearchBriefingGeneric2",
                    "DataTableName": "D_Dialogue"
                }
            ]
        },
        {
            "Name": "Research_Landing_Generic",
            "Pool": [
                {
                    "RowName": "ResearchLandingGeneric1",
                    "DataTableName": "D_Dialogue"
                },
                {
                    "RowName": "ResearchLandingGeneric2",
                    "DataTableName": "D_Dialogue"
                }
            ]
        },
        {
            "Name": "Extermination_Intro_Generic",
            "Pool": [
                {
                    "RowName": "ExterminationBriefingSpare1",
                    "DataTableName": "D_Dialogue"
                },
                {
                    "RowName": "ExterminationBriefingSpare2",
                    "DataTableName": "D_Dialogue"
                },
                {
                    "RowName": "ExterminationBriefingSpare3",
                    "DataTableName": "D_Dialogue"
                },
                {
                    "RowName": "ExterminationBriefingSpare4",
                    "DataTableName": "D_Dialogue"
                }
            ]
        },
        {
            "Name": "Extermination_Landing_Generic",
            "Pool": [
                {
                    "RowName": "ExterminationLandingSpare1",
                    "DataTableName": "D_Dialogue"
                },
                {
                    "RowName": "ExterminationLandingSpare2",
                    "DataTableName": "D_Dialogue"
                },
                {
                    "RowName": "ExterminationLandingSpare3",
                    "DataTableName": "D_Dialogue"
                },
                {
                    "RowName": "ExterminationLandingSpare4",
                    "DataTableName": "D_Dialogue"
                }
            ]
        },
        {
            "Name": "Survey_Intro_Generic",
            "Pool": [
                {
                    "RowName": "SurveyGenericBriefing1",
                    "DataTableName": "D_Dialogue"
                },
                {
                    "RowName": "SurveyGenericBriefing2",
                    "DataTableName": "D_Dialogue"
                }
            ]
        },
        {
            "Name": "Survey_Landing_Generic",
            "Pool": [
                {
                    "RowName": "SurveyGenericLanding1",
                    "DataTableName": "D_Dialogue"
                },
                {
                    "RowName": "SurveyGenericLanding2",
                    "DataTableName": "D_Dialogue"
                }
            ]
        },
        {
            "Name": "Stockpile_Intro_Generic",
            "Pool": [
                {
                    "RowName": "StockPileBriefing1",
                    "DataTableName": "D_Dialogue"
                },
                {
                    "RowName": "StockPileBriefing2",
                    "DataTableName": "D_Dialogue"
                },
                {
                    "RowName": "StockPileBriefing3",
                    "DataTableName": "D_Dialogue"
                }
            ]
        },
        {
            "Name": "Stockpile_Landing_Generic",
            "Pool": [
                {
                    "RowName": "StockpileLanding0",
                    "DataTableName": "D_Dialogue"
                },
                {
                    "RowName": "StockpileLanding2",
                    "DataTableName": "D_Dialogue"
                },
                {
                    "RowName": "StockpileLanding3",
                    "DataTableName": "D_Dialogue"
                }
            ]
        },
        {
            "Name": "Special_Mission_Intro_Generic",
            "Pool": [
                {
                    "RowName": "SpecialGenericBriefing1",
                    "DataTableName": "D_Dialogue"
                },
                {
                    "RowName": "SpecialGenericBriefing2",
                    "DataTableName": "D_Dialogue"
                },
                {
                    "RowName": "SpecialGenericBriefing3",
                    "DataTableName": "D_Dialogue"
                }
            ]
        },
        {
            "Name": "Special_Mission_Landing_Generic",
            "Pool": [
                {
                    "RowName": "SpecialGenericLanding1",
                    "DataTableName": "D_Dialogue"
                },
                {
                    "RowName": "SpecialGenericLanding2",
                    "DataTableName": "D_Dialogue"
                },
                {
                    "RowName": "SpecialGenericLanding3",
                    "DataTableName": "D_Dialogue"
                }
            ]
        },
        {
            "Name": "Generic_Intro",
            "Pool": [
                {
                    "RowName": "GenericBriefing1",
                    "DataTableName": "D_Dialogue"
                },
                {
                    "RowName": "GenericBriefing2",
                    "DataTableName": "D_Dialogue"
                },
                {
                    "RowName": "GenericBriefing3",
                    "DataTableName": "D_Dialogue"
                },
                {
                    "RowName": "GenericBriefing4",
                    "DataTableName": "D_Dialogue"
                },
                {
                    "RowName": "GenericBriefing5",
                    "DataTableName": "D_Dialogue"
                },
                {
                    "RowName": "GenericLanding6",
                    "DataTableName": "D_Dialogue"
                }
            ]
        },
        {
            "Name": "Generic_Landing",
            "Pool": [
                {
                    "RowName": "GenericLanding0",
                    "DataTableName": "D_Dialogue"
                },
                {
                    "RowName": "GenericLanding2",
                    "DataTableName": "D_Dialogue"
                },
                {
                    "RowName": "GenericLanding3",
                    "DataTableName": "D_Dialogue"
                },
                {
                    "RowName": "GenericLanding4",
                    "DataTableName": "D_Dialogue"
                },
                {
                    "RowName": "GenericLanding5",
                    "DataTableName": "D_Dialogue"
                },
                {
                    "RowName": "GenericLanding6",
                    "DataTableName": "D_Dialogue"
                }
            ]
        },
        {
            "Name": "Sinotai_Intro",
            "Pool": [
                {
                    "RowName": "SinotaiBriefingDonut1",
                    "DataTableName": "D_Dialogue"
                },
                {
                    "RowName": "SinotaiBriefingDonut2",
                    "DataTableName": "D_Dialogue"
                },
                {
                    "RowName": "SinotaiBriefingDonut3",
                    "DataTableName": "D_Dialogue"
                }
            ]
        },
        {
            "Name": "Sinotai_Landing",
            "Pool": [
                {
                    "RowName": "SinotaiLandingDonut1",
                    "DataTableName": "D_Dialogue"
                },
                {
                    "RowName": "SinotaiLandingDonut2",
                    "DataTableName": "D_Dialogue"
                },
                {
                    "RowName": "SinotaiLandingDonut3",
                    "DataTableName": "D_Dialogue"
                }
            ]
        },
        {
            "Name": "Sinotai_Outro",
            "Pool": [
                {
                    "RowName": "SinotaiMissionEnd1",
                    "DataTableName": "D_Dialogue"
                },
                {
                    "RowName": "SinotaiMissionEnd2",
                    "DataTableName": "D_Dialogue"
                },
                {
                    "RowName": "SinotaiMissionEnd3",
                    "DataTableName": "D_Dialogue"
                }
            ]
        },
        {
            "Name": "Uniao_Intro",
            "Pool": [
                {
                    "RowName": "UniaoBriefingDonut1",
                    "DataTableName": "D_Dialogue"
                },
                {
                    "RowName": "UniaoBriefingDonut2",
                    "DataTableName": "D_Dialogue"
                },
                {
                    "RowName": "UniaoBriefingDonut3",
                    "DataTableName": "D_Dialogue"
                }
            ]
        },
        {
            "Name": "Uniao_Landing",
            "Pool": [
                {
                    "RowName": "UniaoLandingDonut1",
                    "DataTableName": "D_Dialogue"
                },
                {
                    "RowName": "UniaoLandingDonut2",
                    "DataTableName": "D_Dialogue"
                },
                {
                    "RowName": "UniaoLandingDonut3",
                    "DataTableName": "D_Dialogue"
                }
            ]
        },
        {
            "Name": "Uniao_Outro",
            "Pool": [
                {
                    "RowName": "UniaoMissionEnd1",
                    "DataTableName": "D_Dialogue"
                },
                {
                    "RowName": "UniaoMissionEnd2",
                    "DataTableName": "D_Dialogue"
                },
                {
                    "RowName": "UniaoMissionEnd3",
                    "DataTableName": "D_Dialogue"
                }
            ]
        },
        {
            "Name": "ACS_Intro",
            "Pool": [
                {
                    "RowName": "ACSBriefingDonut1",
                    "DataTableName": "D_Dialogue"
                },
                {
                    "RowName": "ACSBriefingDonut2",
                    "DataTableName": "D_Dialogue"
                },
                {
                    "RowName": "ACSBriefingDonut3",
                    "DataTableName": "D_Dialogue"
                }
            ]
        },
        {
            "Name": "ACS_Landing",
            "Pool": [
                {
                    "RowName": "ACSLandingDonut1",
                    "DataTableName": "D_Dialogue"
                },
                {
                    "RowName": "ACSLandingDonut2",
                    "DataTableName": "D_Dialogue"
                },
                {
                    "RowName": "ACSLandingDonut3",
                    "DataTableName": "D_Dialogue"
                }
            ]
        },
        {
            "Name": "ACS_Outro",
            "Pool": [
                {
                    "RowName": "ACSMissionEnd1",
                    "DataTableName": "D_Dialogue"
                },
                {
                    "RowName": "ACSMissionEnd2",
                    "DataTableName": "D_Dialogue"
                },
                {
                    "RowName": "ACSMissionEnd3",
                    "DataTableName": "D_Dialogue"
                }
            ]
        },
        {
            "Name": "Assembly_Intro",
            "Pool": [
                {
                    "RowName": "AssemblyBriefingDonut1",
                    "DataTableName": "D_Dialogue"
                },
                {
                    "RowName": "AssemblyBriefingDonut2",
                    "DataTableName": "D_Dialogue"
                },
                {
                    "RowName": "AssemblyBriefingDonut3",
                    "DataTableName": "D_Dialogue"
                }
            ]
        },
        {
            "Name": "Assembly_Landing",
            "Pool": [
                {
                    "RowName": "AssemblyLandingDonut1",
                    "DataTableName": "D_Dialogue"
                },
                {
                    "RowName": "AssemblyLandingDonut2",
                    "DataTableName": "D_Dialogue"
                },
                {
                    "RowName": "AssemblyLandingDonut3",
                    "DataTableName": "D_Dialogue"
                }
            ]
        },
        {
            "Name": "Assembly_Outro",
            "Pool": [
                {
                    "RowName": "AssemblyMissionEnd1",
                    "DataTableName": "D_Dialogue"
                },
                {
                    "RowName": "AssemblyMissionEnd2",
                    "DataTableName": "D_Dialogue"
                },
                {
                    "RowName": "AssemblyMissionEnd3",
                    "DataTableName": "D_Dialogue"
                }
            ]
        },
        {
            "Name": "Lagos_Intro",
            "Pool": [
                {
                    "RowName": "LagosUnitBriefingDonut1",
                    "DataTableName": "D_Dialogue"
                },
                {
                    "RowName": "LagosUnitBriefingDonut2",
                    "DataTableName": "D_Dialogue"
                },
                {
                    "RowName": "LagosUnitBriefingDonut3",
                    "DataTableName": "D_Dialogue"
                },
                {
                    "RowName": "LagosUnitBriefingDonut4",
                    "DataTableName": "D_Dialogue"
                },
                {
                    "RowName": "LagosUnitBriefingDonut5",
                    "DataTableName": "D_Dialogue"
                }
            ]
        },
        {
            "Name": "Lagos_Landing",
            "Pool": [
                {
                    "RowName": "LagosUnitLandingDonut1",
                    "DataTableName": "D_Dialogue"
                },
                {
                    "RowName": "LagosUnitLandingDonut2",
                    "DataTableName": "D_Dialogue"
                },
                {
                    "RowName": "LagosUnitLandingDonut3",
                    "DataTableName": "D_Dialogue"
                }
            ]
        },
        {
            "Name": "Lagos_Outro",
            "Pool": [
                {
                    "RowName": "LagosUnitMissionEnd1",
                    "DataTableName": "D_Dialogue"
                },
                {
                    "RowName": "LagosUnitMissionEnd2",
                    "DataTableName": "D_Dialogue"
                },
                {
                    "RowName": "LagosUnitMissionEnd3",
                    "DataTableName": "D_Dialogue"
                }
            ]
        },
        {
            "Name": "Group15_Intro",
            "Pool": [
                {
                    "RowName": "Group15BriefingDonut1",
                    "DataTableName": "D_Dialogue"
                },
                {
                    "RowName": "Group15BriefingDonut2",
                    "DataTableName": "D_Dialogue"
                },
                {
                    "RowName": "Group15BriefingDonut3",
                    "DataTableName": "D_Dialogue"
                }
            ]
        },
        {
            "Name": "Group15_Landing",
            "Pool": [
                {
                    "RowName": "Group15LandingDonut1",
                    "DataTableName": "D_Dialogue"
                },
                {
                    "RowName": "Group15LandingDonut2",
                    "DataTableName": "D_Dialogue"
                },
                {
                    "RowName": "Group15LandingDonut3",
                    "DataTableName": "D_Dialogue"
                }
            ]
        },
        {
            "Name": "Group15_Outro",
            "Pool": [
                {
                    "RowName": "Group15MissionEnd1",
                    "DataTableName": "D_Dialogue"
                },
                {
                    "RowName": "Group15MissionEnd2",
                    "DataTableName": "D_Dialogue"
                },
                {
                    "RowName": "Group15MissionEnd3",
                    "DataTableName": "D_Dialogue"
                }
            ]
        },
        {
            "Name": "Location_Reached",
            "Pool": [
                {
                    "RowName": "LocationReached1",
                    "DataTableName": "D_Dialogue"
                },
                {
                    "RowName": "LocationReached2",
                    "DataTableName": "D_Dialogue"
                },
                {
                    "RowName": "LocationReached3",
                    "DataTableName": "D_Dialogue"
                },
                {
                    "RowName": "LocationReached4",
                    "DataTableName": "D_Dialogue"
                },
                {
                    "RowName": "LocationReached5",
                    "DataTableName": "D_Dialogue"
                },
                {
                    "RowName": "LocationReached6",
                    "DataTableName": "D_Dialogue"
                },
                {
                    "RowName": "LocationReached7",
                    "DataTableName": "D_Dialogue"
                }
            ]
        },
        {
            "Name": "Next_Location",
            "Pool": [
                {
                    "RowName": "MoveToNextLocation1",
                    "DataTableName": "D_Dialogue"
                },
                {
                    "RowName": "MoveToNextLocation2",
                    "DataTableName": "D_Dialogue"
                },
                {
                    "RowName": "MoveToNextLocation3",
                    "DataTableName": "D_Dialogue"
                },
                {
                    "RowName": "MoveToNextLocation4",
                    "DataTableName": "D_Dialogue"
                },
                {
                    "RowName": "MoveToNextLocation5",
                    "DataTableName": "D_Dialogue"
                },
                {
                    "RowName": "MoveToNextLocation6",
                    "DataTableName": "D_Dialogue"
                },
                {
                    "RowName": "MoveToNextLocation7",
                    "DataTableName": "D_Dialogue"
                }
            ]
        },
        {
            "Name": "Decive_Activated",
            "Pool": [
                {
                    "RowName": "SurveyRadarReady1",
                    "DataTableName": "D_Dialogue"
                },
                {
                    "RowName": "SurveyRadarReady2",
                    "DataTableName": "D_Dialogue"
                },
                {
                    "RowName": "SurveyRadarReady3",
                    "DataTableName": "D_Dialogue"
                },
                {
                    "RowName": "SurveyRadarReady4",
                    "DataTableName": "D_Dialogue"
                },
                {
                    "RowName": "SurveyRadarReady5",
                    "DataTableName": "D_Dialogue"
                },
                {
                    "RowName": "SurveyRadarReady6",
                    "DataTableName": "D_Dialogue"
                }
            ]
        },
        {
            "Name": "Device_Paused",
            "Pool": [
                {
                    "RowName": "DevicePaused1",
                    "DataTableName": "D_Dialogue"
                },
                {
                    "RowName": "DevicePaused2",
                    "DataTableName": "D_Dialogue"
                },
                {
                    "RowName": "DevicePaused3",
                    "DataTableName": "D_Dialogue"
                },
                {
                    "RowName": "DevicePaused4",
                    "DataTableName": "D_Dialogue"
                },
                {
                    "RowName": "DevicePaused5",
                    "DataTableName": "D_Dialogue"
                }
            ]
        },
        {
            "Name": "Device_Complete",
            "Pool": [
                {
                    "RowName": "ScanComplete1",
                    "DataTableName": "D_Dialogue"
                },
                {
                    "RowName": "ScanComplete2",
                    "DataTableName": "D_Dialogue"
                },
                {
                    "RowName": "ScanComplete3",
                    "DataTableName": "D_Dialogue"
                },
                {
                    "RowName": "ScanComplete4",
                    "DataTableName": "D_Dialogue"
                },
                {
                    "RowName": "ScanComplete5",
                    "DataTableName": "D_Dialogue"
                },
                {
                    "RowName": "ScanComplete6",
                    "DataTableName": "D_Dialogue"
                },
                {
                    "RowName": "ScanComplete7",
                    "DataTableName": "D_Dialogue"
                }
            ]
        },
        {
            "Name": "Weather_Event",
            "Pool": [
                {
                    "RowName": "WeatherEvent1",
                    "DataTableName": "D_Dialogue"
                },
                {
                    "RowName": "WeatherEvent2",
                    "DataTableName": "D_Dialogue"
                },
                {
                    "RowName": "WeatherEvent3",
                    "DataTableName": "D_Dialogue"
                },
                {
                    "RowName": "WeatherEvent4",
                    "DataTableName": "D_Dialogue"
                },
                {
                    "RowName": "WeatherEvent5",
                    "DataTableName": "D_Dialogue"
                }
            ]
        },
        {
            "Name": "Animal_Spawn",
            "Pool": [
                {
                    "RowName": "AnimalAttack1",
                    "DataTableName": "D_Dialogue"
                },
                {
                    "RowName": "AnimalAttack2",
                    "DataTableName": "D_Dialogue"
                },
                {
                    "RowName": "AnimalAttack3",
                    "DataTableName": "D_Dialogue"
                },
                {
                    "RowName": "AnimalAttack4",
                    "DataTableName": "D_Dialogue"
                },
                {
                    "RowName": "AnimalAttack5",
                    "DataTableName": "D_Dialogue"
                },
                {
                    "RowName": "AnimalAttack6",
                    "DataTableName": "D_Dialogue"
                },
                {
                    "RowName": "InfestationPoint1",
                    "DataTableName": "D_Dialogue"
                },
                {
                    "RowName": "InfestationPoint2",
                    "DataTableName": "D_Dialogue"
                },
                {
                    "RowName": "InfestationPoint3",
                    "DataTableName": "D_Dialogue"
                }
            ]
        },
        {
            "Name": "Animal_Death",
            "Pool": [
                {
                    "RowName": "AnimalDead1",
                    "DataTableName": "D_Dialogue"
                },
                {
                    "RowName": "AnimalDead2",
                    "DataTableName": "D_Dialogue"
                },
                {
                    "RowName": "AnimalDead3",
                    "DataTableName": "D_Dialogue"
                },
                {
                    "RowName": "AnimalDead4",
                    "DataTableName": "D_Dialogue"
                },
                {
                    "RowName": "AnimalDead5",
                    "DataTableName": "D_Dialogue"
                }
            ]
        },
        {
            "Name": "Find_Item",
            "Pool": [
                {
                    "RowName": "ItemFoundGeneric1",
                    "DataTableName": "D_Dialogue"
                },
                {
                    "RowName": "ItemFoundGeneric2",
                    "DataTableName": "D_Dialogue"
                },
                {
                    "RowName": "ItemFoundGeneric3",
                    "DataTableName": "D_Dialogue"
                },
                {
                    "RowName": "ItemFoundGeneric4",
                    "DataTableName": "D_Dialogue"
                },
                {
                    "RowName": "ItemFoundGeneric5",
                    "DataTableName": "D_Dialogue"
                },
                {
                    "RowName": "ItemFoundGeneric6",
                    "DataTableName": "D_Dialogue"
                },
                {
                    "RowName": "ItemFoundGeneric7",
                    "DataTableName": "D_Dialogue"
                },
                {
                    "RowName": "ItemFoundGeneric8",
                    "DataTableName": "D_Dialogue"
                },
                {
                    "RowName": "ItemFoundGeneric9",
                    "DataTableName": "D_Dialogue"
                },
                {
                    "RowName": "ItemFoundGeneric10",
                    "DataTableName": "D_Dialogue"
                },
                {
                    "RowName": "ItemFoundGeneric11",
                    "DataTableName": "D_Dialogue"
                },
                {
                    "RowName": "ItemFoundGeneric12",
                    "DataTableName": "D_Dialogue"
                }
            ]
        },
        {
            "Name": "All_Items_Found",
            "Pool": [
                {
                    "RowName": "AllItemsFound1",
                    "DataTableName": "D_Dialogue"
                },
                {
                    "RowName": "AllItemsFound2",
                    "DataTableName": "D_Dialogue"
                },
                {
                    "RowName": "AllItemsFound3",
                    "DataTableName": "D_Dialogue"
                },
                {
                    "RowName": "AllItemsFound4",
                    "DataTableName": "D_Dialogue"
                },
                {
                    "RowName": "AllItemsFound5",
                    "DataTableName": "D_Dialogue"
                }
            ]
        },
        {
            "Name": "Combine_Item",
            "Pool": [
                {
                    "RowName": "CombineGeneric1",
                    "DataTableName": "D_Dialogue"
                },
                {
                    "RowName": "CombineGeneric2",
                    "DataTableName": "D_Dialogue"
                },
                {
                    "RowName": "CombineGeneric3",
                    "DataTableName": "D_Dialogue"
                }
            ]
        },
        {
            "Name": "Return_To_Dropship",
            "Pool": [
                {
                    "RowName": "ReturnToDropship1",
                    "DataTableName": "D_Dialogue"
                },
                {
                    "RowName": "ReturnToDropship2",
                    "DataTableName": "D_Dialogue"
                },
                {
                    "RowName": "ReturnToDropship3",
                    "DataTableName": "D_Dialogue"
                },
                {
                    "RowName": "ReturnToDropship4",
                    "DataTableName": "D_Dialogue"
                },
                {
                    "RowName": "ReturnToDropship5",
                    "DataTableName": "D_Dialogue"
                }
            ]
        },
        {
            "Name": "Return_To_Dropship_With_Items",
            "Pool": [
                {
                    "RowName": "ReturnItemsToDropship1",
                    "DataTableName": "D_Dialogue"
                },
                {
                    "RowName": "ReturnItemsToDropship2",
                    "DataTableName": "D_Dialogue"
                },
                {
                    "RowName": "ReturnItemsToDropship3",
                    "DataTableName": "D_Dialogue"
                },
                {
                    "RowName": "ReturnItemsToDropship4",
                    "DataTableName": "D_Dialogue"
                },
                {
                    "RowName": "ReturnItemsToDropship5",
                    "DataTableName": "D_Dialogue"
                }
            ]
        },
        {
            "Name": "Survey_Requires_Uplink",
            "Pool": [
                {
                    "RowName": "SurveyUplink1",
                    "DataTableName": "D_Dialogue"
                },
                {
                    "RowName": "SurveyUplink2",
                    "DataTableName": "D_Dialogue"
                },
                {
                    "RowName": "SurveyUplink3",
                    "DataTableName": "D_Dialogue"
                }
            ]
        },
        {
            "Name": "Survey_Uplink_Activated",
            "Pool": [
                {
                    "RowName": "SurveyUplinkActivated1",
                    "DataTableName": "D_Dialogue"
                },
                {
                    "RowName": "SurveyUplinkActivated2",
                    "DataTableName": "D_Dialogue"
                },
                {
                    "RowName": "SurveyUplinkActivated3",
                    "DataTableName": "D_Dialogue"
                }
            ]
        },
        {
            "Name": "Research_Find_Item",
            "Pool": [
                {
                    "RowName": "ResearchFindItem1",
                    "DataTableName": "D_Dialogue"
                },
                {
                    "RowName": "ResearchFindItem2",
                    "DataTableName": "D_Dialogue"
                },
                {
                    "RowName": "ResearchFindItem3",
                    "DataTableName": "D_Dialogue"
                },
                {
                    "RowName": "ResearchFindItem4",
                    "DataTableName": "D_Dialogue"
                },
                {
                    "RowName": "ResearchFindItem5",
                    "DataTableName": "D_Dialogue"
                },
                {
                    "RowName": "ResearchFindItem6",
                    "DataTableName": "D_Dialogue"
                },
                {
                    "RowName": "ResearchFindItem7",
                    "DataTableName": "D_Dialogue"
                },
                {
                    "RowName": "ResearchFindItem8",
                    "DataTableName": "D_Dialogue"
                },
                {
                    "RowName": "ResearchFindItem9",
                    "DataTableName": "D_Dialogue"
                }
            ]
        },
        {
            "Name": "Research_Find_Item_Same",
            "Pool": [
                {
                    "RowName": "ResearchFindSameItem1",
                    "DataTableName": "D_Dialogue"
                },
                {
                    "RowName": "ResearchFindSameItem2",
                    "DataTableName": "D_Dialogue"
                },
                {
                    "RowName": "ResearchFindSameItem3",
                    "DataTableName": "D_Dialogue"
                }
            ]
        },
        {
            "Name": "Radar_Found_Exotics",
            "Pool": [
                {
                    "RowName": "ExtractionRadarShowsExotics1",
                    "DataTableName": "D_Dialogue"
                },
                {
                    "RowName": "ExtractionRadarShowsExotics2",
                    "DataTableName": "D_Dialogue"
                },
                {
                    "RowName": "ExtractionRadarShowsExotics3",
                    "DataTableName": "D_Dialogue"
                }
            ]
        },
        {
            "Name": "Radar_No_Exotics",
            "Pool": [
                {
                    "RowName": "ExtractionRadarNoExotics1",
                    "DataTableName": "D_Dialogue"
                },
                {
                    "RowName": "ExtractionRadarNoExotics2",
                    "DataTableName": "D_Dialogue"
                },
                {
                    "RowName": "ExtractionRadarNoExotics3",
                    "DataTableName": "D_Dialogue"
                }
            ]
        },
        {
            "Name": "Radar_Direction",
            "Pool": [
                {
                    "RowName": "ExtractionRadarShowsArc1",
                    "DataTableName": "D_Dialogue"
                },
                {
                    "RowName": "ExtractionRadarShowsArc2",
                    "DataTableName": "D_Dialogue"
                },
                {
                    "RowName": "ExtractionRadarShowsArc3",
                    "DataTableName": "D_Dialogue"
                }
            ]
        },
        {
            "Name": "Mission_Complete",
            "Pool": [
                {
                    "RowName": "MissionComplete1",
                    "DataTableName": "D_Dialogue"
                },
                {
                    "RowName": "MissionComplete2",
                    "DataTableName": "D_Dialogue"
                },
                {
                    "RowName": "MissionComplete3",
                    "DataTableName": "D_Dialogue"
                },
                {
                    "RowName": "MissionComplete4",
                    "DataTableName": "D_Dialogue"
                },
                {
                    "RowName": "MissionComplete5",
                    "DataTableName": "D_Dialogue"
                },
                {
                    "RowName": "MissionComplete6",
                    "DataTableName": "D_Dialogue"
                },
                {
                    "RowName": "MissionComplete7",
                    "DataTableName": "D_Dialogue"
                },
                {
                    "RowName": "MissionComplete8",
                    "DataTableName": "D_Dialogue"
                },
                {
                    "RowName": "MissionComplete9",
                    "DataTableName": "D_Dialogue"
                },
                {
                    "RowName": "MissionComplete10",
                    "DataTableName": "D_Dialogue"
                },
                {
                    "RowName": "MissionComplete11",
                    "DataTableName": "D_Dialogue"
                },
                {
                    "RowName": "MissionComplete12",
                    "DataTableName": "D_Dialogue"
                },
                {
                    "RowName": "MissionComplete13",
                    "DataTableName": "D_Dialogue"
                },
                {
                    "RowName": "MissionComplete14",
                    "DataTableName": "D_Dialogue"
                },
                {
                    "RowName": "MissionComplete15",
                    "DataTableName": "D_Dialogue"
                }
            ]
        },
        {
            "Name": "Positive_Affirmation",
            "Pool": [
                {
                    "RowName": "PositiveAffirmation1",
                    "DataTableName": "D_Dialogue"
                },
                {
                    "RowName": "PositiveAffirmation2",
                    "DataTableName": "D_Dialogue"
                },
                {
                    "RowName": "PositiveAffirmation3",
                    "DataTableName": "D_Dialogue"
                },
                {
                    "RowName": "PositiveAffirmation4",
                    "DataTableName": "D_Dialogue"
                },
                {
                    "RowName": "PositiveAffirmation5",
                    "DataTableName": "D_Dialogue"
                },
                {
                    "RowName": "PositiveAffirmation6",
                    "DataTableName": "D_Dialogue"
                },
                {
                    "RowName": "PositiveAffirmation7",
                    "DataTableName": "D_Dialogue"
                },
                {
                    "RowName": "PositiveAffirmation8",
                    "DataTableName": "D_Dialogue"
                },
                {
                    "RowName": "PositiveAffirmation9",
                    "DataTableName": "D_Dialogue"
                },
                {
                    "RowName": "PositiveAffirmation10",
                    "DataTableName": "D_Dialogue"
                },
                {
                    "RowName": "PositiveAffirmation11",
                    "DataTableName": "D_Dialogue"
                },
                {
                    "RowName": "PositiveAffirmation12",
                    "DataTableName": "D_Dialogue"
                },
                {
                    "RowName": "PositiveAffirmation13",
                    "DataTableName": "D_Dialogue"
                },
                {
                    "RowName": "PositiveAffirmation14",
                    "DataTableName": "D_Dialogue"
                },
                {
                    "RowName": "PositiveAffirmation15",
                    "DataTableName": "D_Dialogue"
                },
                {
                    "RowName": "PositiveAffirmation16",
                    "DataTableName": "D_Dialogue"
                },
                {
                    "RowName": "PositiveAffirmation17",
                    "DataTableName": "D_Dialogue"
                }
            ]
        },
        {
            "Name": "Negative_Exclamation",
            "Pool": [
                {
                    "RowName": "NegativeExclamation1",
                    "DataTableName": "D_Dialogue"
                },
                {
                    "RowName": "NegativeExclamation2",
                    "DataTableName": "D_Dialogue"
                },
                {
                    "RowName": "NegativeExclamation3",
                    "DataTableName": "D_Dialogue"
                },
                {
                    "RowName": "NegativeExclamation4",
                    "DataTableName": "D_Dialogue"
                },
                {
                    "RowName": "NegativeExclamation5",
                    "DataTableName": "D_Dialogue"
                },
                {
                    "RowName": "NegativeExclamation6",
                    "DataTableName": "D_Dialogue"
                },
                {
                    "RowName": "NegativeExclamation7",
                    "DataTableName": "D_Dialogue"
                },
                {
                    "RowName": "NegativeExclamation8",
                    "DataTableName": "D_Dialogue"
                },
                {
                    "RowName": "NegativeExclamation9",
                    "DataTableName": "D_Dialogue"
                }
            ]
        },
        {
            "Name": "Exotics_Prompt",
            "Pool": [
                {
                    "RowName": "ExoticsAddOn1",
                    "DataTableName": "D_Dialogue"
                },
                {
                    "RowName": "ExoticsAddOn2",
                    "DataTableName": "D_Dialogue"
                },
                {
                    "RowName": "ExoticsAddOn3",
                    "DataTableName": "D_Dialogue"
                }
            ]
        },
        {
            "Name": "Construction_Location_Reached",
            "Pool": [
                {
                    "RowName": "ConstructionArriveGeneric1",
                    "DataTableName": "D_Dialogue"
                },
                {
                    "RowName": "ConstructionArriveGeneric2",
                    "DataTableName": "D_Dialogue"
                },
                {
                    "RowName": "ConstructionArriveGeneric3",
                    "DataTableName": "D_Dialogue"
                }
            ]
        },
        {
            "Name": "Out_Of_Bounds",
            "Pool": [
                {
                    "RowName": "OutOfBounds",
                    "DataTableName": "D_Dialogue"
                }
            ]
        },
        {
            "Name": "Unlock_New_Recipe",
            "Pool": [
                {
                    "RowName": "UnlockNewRecipe",
                    "DataTableName": "D_Dialogue"
                }
            ]
        },
        {
            "Name": "Mission_Chained",
            "Pool": [
                {
                    "RowName": "UpdatedContract",
                    "DataTableName": "D_Dialogue"
                },
                {
                    "RowName": "AfterCombiningCollectedItems",
                    "DataTableName": "D_Dialogue"
                },
                {
                    "RowName": "AfterRetrievingItem",
                    "DataTableName": "D_Dialogue"
                }
            ]
        },
        {
            "Name": "Extermination_Clues",
            "Pool": [
                {
                    "RowName": "ExterminationScratchMarks1",
                    "DataTableName": "D_Dialogue"
                },
                {
                    "RowName": "ExterminationScratchMarks2",
                    "DataTableName": "D_Dialogue"
                },
                {
                    "RowName": "ExterminationScratchMarks3",
                    "DataTableName": "D_Dialogue"
                },
                {
                    "RowName": "ExterminationPrints1",
                    "DataTableName": "D_Dialogue"
                },
                {
                    "RowName": "ExterminationPrints2",
                    "DataTableName": "D_Dialogue"
                },
                {
                    "RowName": "ExterminationPrints3",
                    "DataTableName": "D_Dialogue"
                },
                {
                    "RowName": "ExterminationCorpse1",
                    "DataTableName": "D_Dialogue"
                },
                {
                    "RowName": "ExterminationCorpse2",
                    "DataTableName": "D_Dialogue"
                },
                {
                    "RowName": "ExterminationCorpse3",
                    "DataTableName": "D_Dialogue"
                },
                {
                    "RowName": "ExterminationSandwormMarker1",
                    "DataTableName": "D_Dialogue"
                },
                {
                    "RowName": "ExterminationSandwormMarker2",
                    "DataTableName": "D_Dialogue"
                },
                {
                    "RowName": "ExterminationSandwormMarker3",
                    "DataTableName": "D_Dialogue"
                },
                {
                    "RowName": "ExterminationFindClueGeneric1",
                    "DataTableName": "D_Dialogue"
                },
                {
                    "RowName": "ExterminationFindClueGeneric2",
                    "DataTableName": "D_Dialogue"
                },
                {
                    "RowName": "ExterminationFindClueGeneric3",
                    "DataTableName": "D_Dialogue"
                }
            ]
        },
        {
            "Name": "Extermination_Reach_Lair",
            "Pool": [
                {
                    "RowName": "ExterminationReachLair1",
                    "DataTableName": "D_Dialogue"
                },
                {
                    "RowName": "ExterminationReachLair2",
                    "DataTableName": "D_Dialogue"
                },
                {
                    "RowName": "ExterminationReachLair3",
                    "DataTableName": "D_Dialogue"
                },
                {
                    "RowName": "ExterminationReachLair4",
                    "DataTableName": "D_Dialogue"
                }
            ]
        },
        {
            "Name": "Extermination_Nocturnal",
            "Pool": [
                {
                    "RowName": "ExterminationNocturnalWait1",
                    "DataTableName": "D_Dialogue"
                },
                {
                    "RowName": "ExterminationNocturnalWait2",
                    "DataTableName": "D_Dialogue"
                }
            ]
        },
        {
            "Name": "Boss_Spawn",
            "Pool": [
                {
                    "RowName": "ExterminationBossSpawn1",
                    "DataTableName": "D_Dialogue"
                },
                {
                    "RowName": "ExterminationBossSpawn2",
                    "DataTableName": "D_Dialogue"
                },
                {
                    "RowName": "ExterminationBossSpawn2",
                    "DataTableName": "D_Dialogue"
                },
                {
                    "RowName": "ExterminationBossSpawn3",
                    "DataTableName": "D_Dialogue"
                },
                {
                    "RowName": "BW5_010_BOSSSPAWN",
                    "DataTableName": "D_Dialogue"
                },
                {
                    "RowName": "FM3BossSpawn",
                    "DataTableName": "D_Dialogue"
                },
                {
                    "RowName": "Expedition4aBossSpawn",
                    "DataTableName": "D_Dialogue"
                }
            ]
        },
        {
            "Name": "Boss_Dead",
            "Pool": [
                {
                    "RowName": "FM3ExterminationBossDead",
                    "DataTableName": "D_Dialogue"
                },
                {
                    "RowName": "FM3ExterminationBossDead1",
                    "DataTableName": "D_Dialogue"
                },
                {
                    "RowName": "FM3ExterminationBossDead2",
                    "DataTableName": "D_Dialogue"
                },
                {
                    "RowName": "FM3ExterminationBossDead3",
                    "DataTableName": "D_Dialogue"
                }
            ]
        },
        {
            "Name": "Get_Items_To_Cargo_Pod",
            "Pool": [
                {
                    "RowName": "GenericGetItemsToCargoPod1",
                    "DataTableName": "D_Dialogue"
                },
                {
                    "RowName": "GenericGetItemsToCargoPod2",
                    "DataTableName": "D_Dialogue"
                }
            ]
        },
        {
            "Name": "Desert_recovery_container",
            "Pool": [
                {
                    "RowName": "ItemFoundGeneric8",
                    "DataTableName": "D_Dialogue"
                },
                {
                    "RowName": "ItemFoundGeneric6",
                    "DataTableName": "D_Dialogue"
                }
            ]
        },
        {
            "Name": "Deposit_Complete_Pool1",
            "Pool": [
                {
                    "RowName": "ItemFoundGeneric1",
                    "DataTableName": "D_Dialogue"
                },
                {
                    "RowName": "ItemFoundGeneric2",
                    "DataTableName": "D_Dialogue"
                }
            ]
        },
        {
            "Name": "Deposit_Complete_Pool2",
            "Pool": [
                {
                    "RowName": "ItemFoundGeneric3",
                    "DataTableName": "D_Dialogue"
                },
                {
                    "RowName": "ItemFoundGeneric4",
                    "DataTableName": "D_Dialogue"
                }
            ]
        },
        {
            "Name": "Deposit_Complete_Pool3",
            "Pool": [
                {
                    "RowName": "ItemFoundGeneric5",
                    "DataTableName": "D_Dialogue"
                },
                {
                    "RowName": "ItemFoundGeneric7",
                    "DataTableName": "D_Dialogue"
                }
            ]
        },
        {
            "Name": "Deposit_Complete_Pool4",
            "Pool": [
                {
                    "RowName": "ItemFoundGeneric9",
                    "DataTableName": "D_Dialogue"
                },
                {
                    "RowName": "ItemFoundGeneric10",
                    "DataTableName": "D_Dialogue"
                }
            ]
        },
        {
            "Name": "Deposit_All",
            "Pool": [
                {
                    "RowName": "ExtractionExtractorActivated",
                    "DataTableName": "D_Dialogue"
                },
                {
                    "RowName": "AllItemsFound4",
                    "DataTableName": "D_Dialogue"
                }
            ]
        },
        {
            "Name": "Animal_Aggro",
            "Pool": [
                {
                    "RowName": "AnimalAttack1",
                    "DataTableName": "D_Dialogue"
                },
                {
                    "RowName": "AnimalAttack6",
                    "DataTableName": "D_Dialogue"
                }
            ]
        },
        {
            "Name": "Defend_End",
            "Pool": [
                {
                    "RowName": "AnimalDead2",
                    "DataTableName": "D_Dialogue"
                },
                {
                    "RowName": "AnimalDead3",
                    "DataTableName": "D_Dialogue"
                }
            ]
        },
        {
            "Name": "StyxCExp_Oasis_Plateau",
            "Pool": [
                {
                    "RowName": "StyxCExpeditionArriveLocation2",
                    "DataTableName": "D_Dialogue"
                }
            ]
        },
        {
            "Name": "Styx_E_Expedition_CollectRadar",
            "Pool": [
                {
                    "RowName": "StyxEExpeditionCollectEquipmentA",
                    "DataTableName": "D_Dialogue"
                },
                {
                    "RowName": "StyxEExpeditionCollectEquipmentB",
                    "DataTableName": "D_Dialogue"
                },
                {
                    "RowName": "StyxEExpeditionCollectEquipmentC",
                    "DataTableName": "D_Dialogue"
                }
            ]
        },
        {
            "Name": "Styx_E_Expedition_LaserRestart",
            "Pool": [
                {
                    "RowName": "StyxEExpeditionDrillRestartA",
                    "DataTableName": "D_Dialogue"
                },
                {
                    "RowName": "StyxEExpeditionDrillRestartB",
                    "DataTableName": "D_Dialogue"
                },
                {
                    "RowName": "StyxEExpeditionDrillRestartC",
                    "DataTableName": "D_Dialogue"
                }
            ]
        },
        {
            "Name": "Styx_E_Expedition_ScanArrive",
            "Pool": [
                {
                    "RowName": "StyxEExpeditionArriveLocation3",
                    "DataTableName": "D_Dialogue"
                }
            ]
        },
        {
            "Name": "Styx_Back_To_Radar",
            "Pool": [
                {
                    "RowName": "StyxBExpeditionLeavingScanningAreaA",
                    "DataTableName": "D_Dialogue"
                },
                {
                    "RowName": "StyxBExpeditionLeavingScanningAreaB",
                    "DataTableName": "D_Dialogue"
                },
                {
                    "RowName": "StyxBExpeditionLeavingScanningAreaC",
                    "DataTableName": "D_Dialogue"
                },
                {
                    "RowName": "StyxBExpeditionLeavingScanningAreaD",
                    "DataTableName": "D_Dialogue"
                },
                {
                    "RowName": "StyxBExpeditionLeavingScanningAreaE",
                    "DataTableName": "D_Dialogue"
                }
            ]
        }
    ]
}