{
    "RowStruct": "/Script/Icarus.PrebuiltData",
    "Defaults": {
        "FileName": ""
    },
    "Rows": [
        {
            "Name": "MoCave",
            "FileName": "Prebuilt_Mo_Cave"
        },
        {
            "Name": "MoTree",
            "FileName": "Prebuilt_Mo_Tree"
        },
        {
            "Name": "MoArctic",
            "FileName": "Prebuilt_Mo_Cave"
        },
        {
            "Name": "SolArctic",
            "FileName": "Prebuilt_Sol_Arctic"
        },
        {
            "Name": "MoOutpost",
            "FileName": "Prebuilt_Mo_Outpost"
        },
        {
            "Name": "Dynamic_Base_1",
            "FileName": "Dynamic_Base_1"
        },
        {
            "Name": "DaisysOwner",
            "FileName": "Daisy"
        },
        {
            "Name": "Group15Camp",
            "FileName": "Prebuilt_Group15_Camp_Volcanic"
        },
        {
            "Name": "Group15Base",
            "FileName": "Prebuilt_Group15_Base_Volcanic"
        },
        {
            "Name": "AshlandsOutpost",
            "FileName": "Ashlands_Outpost"
        },
        {
            "Name": "IcesheetOutpost",
            "FileName": "Icesheet_Outpost"
        },
        {
            "Name": "SinotaiCamp",
            "FileName": "Sinotai_Research_Camp"
        },
        {
            "Name": "HippoCamp",
            "FileName": "Hippo"
        }
    ]
}