{
    "RowStruct": "/Script/Icarus.TalentArchetype",
    "Defaults": {
        "Model": {
            "RowName": "None",
            "DataTableName": "D_TalentModels"
        },
        "DisplayName": "",
        "BackgroundTexture": "None",
        "Icon": "None",
        "RequiredLevel": 0
    },
    "Columns": [
        {
            "Name": "Model",
            "Key": true,
            "Cardinality": "Multiple",
            "ForwardDeclare": "struct"
        }
    ],
    "Rows": [
        {
            "Name": "Survival",
            "Model": {
                "RowName": "Player"
            },
            "DisplayName": "NSLOCTEXT(\"D_TalentArchetypes\", \"Survival-DisplayName\", \"Survival\")",
            "Icon": "/Game/Assets/2DArt/UI/Icons/Icon_Survival.Icon_Survival"
        },
        {
            "Name": "Player_Adventure",
            "Model": {
                "RowName": "Player"
            },
            "DisplayName": "NSLOCTEXT(\"D_TalentArchetypes\", \"Player_Adventure-DisplayName\", \"Adventure\")",
            "Icon": "/Game/Assets/2DArt/UI/Icons/Icon_Cave.Icon_Cave"
        },
        {
            "Name": "Construction",
            "Model": {
                "RowName": "Player"
            },
            "DisplayName": "NSLOCTEXT(\"D_TalentArchetypes\", \"Construction-DisplayName\", \"Habitation\")",
            "Icon": "/Game/Assets/2DArt/UI/Icons/Icon_Construction.Icon_Construction"
        },
        {
            "Name": "Combat",
            "Model": {
                "RowName": "Player"
            },
            "DisplayName": "NSLOCTEXT(\"D_TalentArchetypes\", \"Combat-DisplayName\", \"Combat\")",
            "Icon": "/Game/Assets/2DArt/UI/Icons/Icon_Combat.Icon_Combat"
        },
        {
            "Name": "Blueprint_Player",
            "Model": {
                "RowName": "Blueprint"
            },
            "DisplayName": "NSLOCTEXT(\"D_TalentArchetypes\", \"Blueprint_Player-DisplayName\", \"Tier 1\")",
            "Icon": "/Game/Assets/2DArt/UI/Icons/Icon_TechTier_Personal.Icon_TechTier_Personal"
        },
        {
            "Name": "Blueprint_Crafting",
            "Model": {
                "RowName": "Blueprint"
            },
            "DisplayName": "NSLOCTEXT(\"D_TalentArchetypes\", \"Blueprint_Crafting-DisplayName\", \"Tier 2\")",
            "Icon": "/Game/Assets/2DArt/UI/Icons/Icon_TechTier_CraftingBench.Icon_TechTier_CraftingBench",
            "RequiredLevel": 10
        },
        {
            "Name": "Blueprint_Machine",
            "Model": {
                "RowName": "Blueprint"
            },
            "DisplayName": "NSLOCTEXT(\"D_TalentArchetypes\", \"Blueprint_Machine-DisplayName\", \"Tier 3\")",
            "Icon": "/Game/Assets/2DArt/UI/Icons/Icon_TechTier_MachineBench.Icon_TechTier_MachineBench",
            "RequiredLevel": 20
        },
        {
            "Name": "Blueprint_Fabricator",
            "Model": {
                "RowName": "Blueprint"
            },
            "DisplayName": "NSLOCTEXT(\"D_TalentArchetypes\", \"Blueprint_Fabricator-DisplayName\", \"Tier 4\")",
            "Icon": "/Game/Assets/2DArt/UI/Icons/Icon_TechTier_Fabricator.Icon_TechTier_Fabricator",
            "RequiredLevel": 30
        },
        {
            "Name": "Solo",
            "Model": {
                "RowName": "Solo"
            },
            "DisplayName": "NSLOCTEXT(\"D_TalentArchetypes\", \"Solo-DisplayName\", \"Solo\")",
            "Icon": "/Game/Assets/2DArt/UI/Icons/Icon_Solo.Icon_Solo"
        },
        {
            "Name": "Prospect_Olympus",
            "Model": {
                "RowName": "Prospect"
            },
            "DisplayName": "NSLOCTEXT(\"D_TalentArchetypes\", \"Prospect_Olympus-DisplayName\", \"Olympus\")",
            "Icon": "/Game/Assets/2DArt/UI/Icons/Icon_Consume.Icon_Consume"
        },
        {
            "Name": "Prospect_Styx",
            "Model": {
                "RowName": "Prospect"
            },
            "DisplayName": "NSLOCTEXT(\"D_TalentArchetypes\", \"Prospect_Styx-DisplayName\", \"Styx\")",
            "Icon": "/Game/Assets/2DArt/UI/Icons/Icon_Consume.Icon_Consume"
        },
        {
            "Name": "Prospect_Dev",
            "Model": {
                "RowName": "Prospect"
            },
            "DisplayName": "NSLOCTEXT(\"D_TalentArchetypes\", \"Prospect_Dev-DisplayName\", \"Dev\")",
            "Icon": "/Game/Assets/2DArt/UI/Icons/Icon_Consume.Icon_Consume"
        },
        {
            "Name": "Outpost",
            "Model": {
                "RowName": "Outpost"
            },
            "DisplayName": "NSLOCTEXT(\"D_TalentArchetypes\", \"Outpost-DisplayName\", \"Outpost Overview\")",
            "Icon": "/Game/Assets/2DArt/UI/Icons/Icon_Consume.Icon_Consume"
        },
        {
            "Name": "Prospect_Prometheus",
            "Model": {
                "RowName": "Prospect"
            },
            "DisplayName": "NSLOCTEXT(\"D_TalentArchetypes\", \"Prospect_Prometheus-DisplayName\", \"Styx\")",
            "Icon": "/Game/Assets/2DArt/UI/Icons/Icon_Consume.Icon_Consume",
            "Metadata": {
                "RequiredFeatureLevel": {
                    "RowName": "NewFrontiers"
                }
            }
        },
        {
            "Name": "Workshop_Envirosuits",
            "Model": {
                "RowName": "Workshop"
            },
            "DisplayName": "NSLOCTEXT(\"D_TalentArchetypes\", \"Workshop_Envirosuits-DisplayName\", \"Envirosuits\")",
            "Icon": "/Game/Assets/2DArt/UI/Icons/Icon_PlayerSlot.Icon_PlayerSlot"
        },
        {
            "Name": "Workshop_Armor",
            "Model": {
                "RowName": "Workshop"
            },
            "DisplayName": "NSLOCTEXT(\"D_TalentArchetypes\", \"Workshop_Armor-DisplayName\", \"Armors\")",
            "Icon": "/Game/Assets/2DArt/UI/Icons/Icon_BodyArmor.Icon_BodyArmor"
        },
        {
            "Name": "Workshop_Backpacks",
            "Model": {
                "RowName": "Workshop"
            },
            "DisplayName": "NSLOCTEXT(\"D_TalentArchetypes\", \"Workshop_Backpacks-DisplayName\", \"Backpacks\")",
            "Icon": "/Game/Assets/2DArt/UI/Icons/Icon_HeadArmor.Icon_HeadArmor"
        },
        {
            "Name": "Workshop_Modules",
            "Model": {
                "RowName": "Workshop"
            },
            "DisplayName": "NSLOCTEXT(\"D_TalentArchetypes\", \"Workshop_Modules-DisplayName\", \"Modules\")",
            "Icon": "/Game/Assets/2DArt/UI/Icons/Icon_ArmArmor.Icon_ArmArmor"
        },
        {
            "Name": "Workshop_Gadgets",
            "Model": {
                "RowName": "Workshop"
            },
            "DisplayName": "NSLOCTEXT(\"D_TalentArchetypes\", \"Workshop_Gadgets-DisplayName\", \"Gadgets\")",
            "Icon": "/Game/Assets/2DArt/UI/Icons/Icon_Alteration_Item.Icon_Alteration_Item"
        },
        {
            "Name": "Workshop_Axes",
            "Model": {
                "RowName": "Workshop"
            },
            "DisplayName": "NSLOCTEXT(\"D_TalentArchetypes\", \"Workshop_Axes-DisplayName\", \"Axes\")",
            "Icon": "/Game/Assets/2DArt/UI/Icons/Icon_ContextChop.Icon_ContextChop"
        },
        {
            "Name": "Workshop_Pickaxes",
            "Model": {
                "RowName": "Workshop"
            },
            "DisplayName": "NSLOCTEXT(\"D_TalentArchetypes\", \"Workshop_Pickaxes-DisplayName\", \"Pickaxes\")",
            "Icon": "/Game/Assets/2DArt/UI/Icons/Icon_ContextMine.Icon_ContextMine"
        },
        {
            "Name": "Workshop_Knives",
            "Model": {
                "RowName": "Workshop"
            },
            "DisplayName": "NSLOCTEXT(\"D_TalentArchetypes\", \"Workshop_Knives-DisplayName\", \"Knives\")",
            "Icon": "/Game/Assets/2DArt/UI/Icons/Icon_ContextSkin.Icon_ContextSkin"
        },
        {
            "Name": "Workshop_Spears",
            "Model": {
                "RowName": "Workshop"
            },
            "DisplayName": "NSLOCTEXT(\"D_TalentArchetypes\", \"Workshop_Spears-DisplayName\", \"Spears\")",
            "Icon": "/Game/Assets/2DArt/UI/Icons/Icon_Spear.Icon_Spear"
        },
        {
            "Name": "Workshop_Sickles",
            "Model": {
                "RowName": "Workshop"
            },
            "DisplayName": "NSLOCTEXT(\"D_TalentArchetypes\", \"Workshop_Sickles-DisplayName\", \"Sickles\")",
            "Icon": "/Game/Assets/2DArt/UI/Icons/Icon_ContextSickle.Icon_ContextSickle"
        },
        {
            "Name": "Workshop_Hammers",
            "Model": {
                "RowName": "Workshop"
            },
            "DisplayName": "NSLOCTEXT(\"D_TalentArchetypes\", \"Workshop_Hammers-DisplayName\", \"Hammers\")",
            "Icon": "/Game/Assets/2DArt/UI/Icons/Icon_Hammer.Icon_Hammer"
        },
        {
            "Name": "Workshop_Bows",
            "Model": {
                "RowName": "Workshop"
            },
            "DisplayName": "NSLOCTEXT(\"D_TalentArchetypes\", \"Workshop_Bows-DisplayName\", \"Bows\")",
            "Icon": "/Game/Assets/2DArt/UI/Icons/Icon_ClassBow.Icon_ClassBow"
        },
        {
            "Name": "Workshop_Crossbows",
            "Model": {
                "RowName": "Workshop"
            },
            "DisplayName": "NSLOCTEXT(\"D_TalentArchetypes\", \"Workshop_Crossbows-DisplayName\", \"Crossbows\")",
            "Icon": "/Game/Assets/2DArt/UI/Icons/Icon_ClassCrossbow.Icon_ClassCrossbow"
        },
        {
            "Name": "Workshop_Deployables",
            "Model": {
                "RowName": "Workshop"
            },
            "DisplayName": "NSLOCTEXT(\"D_TalentArchetypes\", \"Workshop_Deployables-DisplayName\", \"Deployables\")",
            "Icon": "/Game/Assets/2DArt/UI/Icons/Icon_Construction.Icon_Construction"
        },
        {
            "Name": "Workshop_Farming",
            "Model": {
                "RowName": "Workshop"
            },
            "DisplayName": "NSLOCTEXT(\"D_TalentArchetypes\", \"Workshop_Farming-DisplayName\", \"Farming\")",
            "Icon": "/Game/Assets/2DArt/UI/Icons/Icon_ContextPlant.Icon_ContextPlant"
        },
        {
            "Name": "Workshop_Consumables",
            "Model": {
                "RowName": "Workshop"
            },
            "DisplayName": "NSLOCTEXT(\"D_TalentArchetypes\", \"Workshop_Consumables-DisplayName\", \"Consumables\")",
            "Icon": "/Game/Assets/2DArt/UI/Icons/Icon_Consume.Icon_Consume"
        },
        {
            "Name": "Workshop_Extraction",
            "Model": {
                "RowName": "Workshop"
            },
            "DisplayName": "NSLOCTEXT(\"D_TalentArchetypes\", \"Workshop_Extraction-DisplayName\", \"Extraction\")",
            "Icon": "/Game/Assets/2DArt/UI/Icons/Icon_Meta1.Icon_Meta1"
        },
        {
            "Name": "Workshop_Resources",
            "Model": {
                "RowName": "Workshop"
            },
            "DisplayName": "NSLOCTEXT(\"D_TalentArchetypes\", \"Workshop_Resources-DisplayName\", \"Resources\")",
            "Icon": "/Game/Assets/2DArt/UI/Icons/Icon_Crate.Icon_Crate"
        },
        {
            "Name": "Workshop_Creatures",
            "Model": {
                "RowName": "Workshop"
            },
            "DisplayName": "NSLOCTEXT(\"D_TalentArchetypes\", \"Workshop_Creatures-DisplayName\", \"Creatures\")",
            "Icon": "/Game/Assets/2DArt/UI/Icons/BestiaryTraits/Icon_BestTrait_FollowsParent.Icon_BestTrait_FollowsParent",
            "Metadata": {
                "RequiredFeatureLevel": {
                    "RowName": "Laika"
                }
            }
        },
        {
            "Name": "Creature_Moa",
            "Model": {
                "RowName": "Creature"
            },
            "DisplayName": "NSLOCTEXT(\"D_TalentArchetypes\", \"Creature_Moa-DisplayName\", \"Moa\")",
            "Icon": "/Game/Assets/2DArt/UI/Icons/BossMonsters/Icon_Wolf.Icon_Wolf",
            "Metadata": {
                "RequiredFeatureLevel": {
                    "RowName": "Laika"
                }
            }
        },
        {
            "Name": "Creature_Buffalo",
            "Model": {
                "RowName": "Creature"
            },
            "DisplayName": "NSLOCTEXT(\"D_TalentArchetypes\", \"Creature_Buffalo-DisplayName\", \"Buffalo\")",
            "Icon": "/Game/Assets/2DArt/UI/Icons/BossMonsters/Icon_Wolf.Icon_Wolf",
            "Metadata": {
                "RequiredFeatureLevel": {
                    "RowName": "Laika"
                }
            }
        },
        {
            "Name": "Creature_Tusker",
            "Model": {
                "RowName": "Creature"
            },
            "DisplayName": "NSLOCTEXT(\"D_TalentArchetypes\", \"Creature_Tusker-DisplayName\", \"Tusker\")",
            "Icon": "/Game/Assets/2DArt/UI/Icons/BossMonsters/Icon_Wolf.Icon_Wolf",
            "Metadata": {
                "RequiredFeatureLevel": {
                    "RowName": "Laika"
                }
            }
        },
        {
            "Name": "Creature_Terrenus",
            "Model": {
                "RowName": "Creature"
            },
            "DisplayName": "NSLOCTEXT(\"D_TalentArchetypes\", \"Creature_Terrenus-DisplayName\", \"Terrenus\")",
            "Icon": "/Game/Assets/2DArt/UI/Icons/BossMonsters/Icon_Wolf.Icon_Wolf",
            "Metadata": {
                "RequiredFeatureLevel": {
                    "RowName": "Laika"
                }
            }
        },
        {
            "Name": "Creature_Wolf",
            "Model": {
                "RowName": "Creature"
            },
            "DisplayName": "NSLOCTEXT(\"D_TalentArchetypes\", \"Creature_Wolf-DisplayName\", \"Wolf\")",
            "Icon": "/Game/Assets/2DArt/UI/Icons/BossMonsters/Icon_Wolf.Icon_Wolf",
            "Metadata": {
                "RequiredFeatureLevel": {
                    "RowName": "Laika"
                }
            }
        },
        {
            "Name": "Creature_Snow_Wolf",
            "Model": {
                "RowName": "Creature"
            },
            "DisplayName": "NSLOCTEXT(\"D_TalentArchetypes\", \"Creature_Snow_Wolf-DisplayName\", \"Snow Wolf\")",
            "Icon": "/Game/Assets/2DArt/UI/Icons/BossMonsters/Icon_Wolf.Icon_Wolf",
            "Metadata": {
                "RequiredFeatureLevel": {
                    "RowName": "Laika"
                }
            }
        },
        {
            "Name": "Creature_Desert_Wolf",
            "Model": {
                "RowName": "Creature"
            },
            "DisplayName": "NSLOCTEXT(\"D_TalentArchetypes\", \"Creature_Desert_Wolf-DisplayName\", \"Hyena\")",
            "Icon": "/Game/Assets/2DArt/UI/Icons/BossMonsters/Icon_Wolf.Icon_Wolf",
            "Metadata": {
                "RequiredFeatureLevel": {
                    "RowName": "Laika"
                }
            }
        },
        {
            "Name": "Creature_Boar",
            "Model": {
                "RowName": "Creature"
            },
            "DisplayName": "NSLOCTEXT(\"D_TalentArchetypes\", \"Creature_Boar-DisplayName\", \"Boar\")",
            "Icon": "/Game/Assets/2DArt/UI/Icons/BossMonsters/Icon_Wolf.Icon_Wolf",
            "Metadata": {
                "RequiredFeatureLevel": {
                    "RowName": "Laika"
                }
            }
        },
        {
            "Name": "Creature_Sheep",
            "Model": {
                "RowName": "Creature"
            },
            "DisplayName": "NSLOCTEXT(\"D_TalentArchetypes\", \"Creature_Sheep-DisplayName\", \"Sheep\")",
            "Icon": "/Game/Assets/2DArt/UI/Icons/BossMonsters/Icon_Wolf.Icon_Wolf",
            "Metadata": {
                "RequiredFeatureLevel": {
                    "RowName": "Laika"
                }
            }
        },
        {
            "Name": "Creature_Chicken",
            "Model": {
                "RowName": "Creature"
            },
            "DisplayName": "NSLOCTEXT(\"D_TalentArchetypes\", \"Creature_Chicken-DisplayName\", \"Chicken\")",
            "Icon": "/Game/Assets/2DArt/UI/Icons/BossMonsters/Icon_Wolf.Icon_Wolf",
            "Metadata": {
                "RequiredFeatureLevel": {
                    "RowName": "Laika"
                }
            }
        },
        {
            "Name": "Creature_Horse",
            "Model": {
                "RowName": "Creature"
            },
            "DisplayName": "NSLOCTEXT(\"D_TalentArchetypes\", \"Creature_Horse-DisplayName\", \"Horse\")",
            "Icon": "/Game/Assets/2DArt/UI/Icons/BossMonsters/Icon_Wolf.Icon_Wolf",
            "Metadata": {
                "RequiredFeatureLevel": {
                    "RowName": "Laika"
                }
            }
        },
        {
            "Name": "Creature_Cat",
            "Model": {
                "RowName": "Creature"
            },
            "DisplayName": "NSLOCTEXT(\"D_TalentArchetypes\", \"Creature_Cat-DisplayName\", \"Cat\")",
            "Icon": "/Game/Assets/2DArt/UI/Icons/BossMonsters/Icon_Wolf.Icon_Wolf",
            "Metadata": {
                "RequiredFeatureLevel": {
                    "RowName": "Laika"
                }
            }
        },
        {
            "Name": "Creature_Dog",
            "Model": {
                "RowName": "Creature"
            },
            "DisplayName": "NSLOCTEXT(\"D_TalentArchetypes\", \"Creature_Dog-DisplayName\", \"Dog\")",
            "Icon": "/Game/Assets/2DArt/UI/Icons/BossMonsters/Icon_Wolf.Icon_Wolf",
            "Metadata": {
                "RequiredFeatureLevel": {
                    "RowName": "Laika"
                }
            }
        },
        {
            "Name": "Creature_Zebra",
            "Model": {
                "RowName": "Creature"
            },
            "DisplayName": "NSLOCTEXT(\"D_TalentArchetypes\", \"Creature_Zebra-DisplayName\", \"Zebra\")",
            "Icon": "/Game/Assets/2DArt/UI/Icons/BossMonsters/Icon_Wolf.Icon_Wolf",
            "Metadata": {
                "RequiredFeatureLevel": {
                    "RowName": "Laika"
                }
            }
        },
        {
            "Name": "Creature_Swamp_Quadruped",
            "Model": {
                "RowName": "Creature"
            },
            "DisplayName": "NSLOCTEXT(\"D_TalentArchetypes\", \"Creature_Swamp_Quadruped-DisplayName\", \"Stryder\")",
            "Icon": "/Game/Assets/2DArt/UI/Icons/BossMonsters/Icon_Wolf.Icon_Wolf",
            "Metadata": {
                "RequiredFeatureLevel": {
                    "RowName": "Laika"
                }
            }
        },
        {
            "Name": "Creature_Blueback",
            "Model": {
                "RowName": "Creature"
            },
            "DisplayName": "NSLOCTEXT(\"D_TalentArchetypes\", \"Creature_Blueback-DisplayName\", \"Blueback\")",
            "Icon": "/Game/Assets/2DArt/UI/Icons/BossMonsters/Icon_Wolf.Icon_Wolf",
            "Metadata": {
                "RequiredFeatureLevel": {
                    "RowName": "Laika"
                }
            }
        },
        {
            "Name": "Creature_WoolyZebra",
            "Model": {
                "RowName": "Creature"
            },
            "DisplayName": "NSLOCTEXT(\"D_TalentArchetypes\", \"Creature_WoolyZebra-DisplayName\", \"Shaggy Zebra\")",
            "Icon": "/Game/Assets/2DArt/UI/Icons/BossMonsters/Icon_Wolf.Icon_Wolf",
            "Metadata": {
                "RequiredFeatureLevel": {
                    "RowName": "Laika"
                }
            }
        }
    ]
}