{
    "RowStruct": "/Script/Icarus.CharacterTimeline",
    "Defaults": {
        "Level": 0,
        "Image": "None",
        "TimelineRanks": [],
        "FeatureLocked": false
    },
    "Rows": [
        {
            "Name": "1",
            "Level": 1,
            "Image": "/Game/Assets/2DArt/UI/Windows/EmptyAsset.EmptyAsset",
            "TimelineRanks": [
                {
                    "RowName": "Level1Unlock",
                    "DataTableName": "D_TimelineRanks"
                }
            ]
        },
        {
            "Name": "10",
            "Level": 10,
            "Image": "/Game/Assets/2DArt/UI/Windows/EmptyAsset.EmptyAsset",
            "TimelineRanks": [
                {
                    "RowName": "FactionContracts",
                    "DataTableName": "D_TimelineRanks"
                },
                {
                    "RowName": "HarsherEnvironments",
                    "DataTableName": "D_TimelineRanks"
                }
            ]
        },
        {
            "Name": "20",
            "Level": 20,
            "Image": "/Game/Assets/2DArt/UI/Windows/EmptyAsset.EmptyAsset",
            "TimelineRanks": [
                {
                    "RowName": "ExoticProspecting",
                    "DataTableName": "D_TimelineRanks"
                },
                {
                    "RowName": "ReducedPlanetaryRestrictions",
                    "DataTableName": "D_TimelineRanks"
                }
            ]
        },
        {
            "Name": "30",
            "Level": 30,
            "Image": "/Game/Assets/2DArt/UI/Windows/EmptyAsset.EmptyAsset",
            "TimelineRanks": [
                {
                    "RowName": "RemovedAllPlanetaryRestrictions",
                    "DataTableName": "D_TimelineRanks"
                }
            ]
        },
        {
            "Name": "40",
            "Level": 40,
            "Image": "/Game/Assets/2DArt/UI/Windows/EmptyAsset.EmptyAsset",
            "TimelineRanks": [
                {
                    "RowName": "RemoteProspects",
                    "DataTableName": "D_TimelineRanks"
                }
            ]
        }
    ]
}