{
    "RowStruct": "/Script/Icarus.BuildingStability",
    "Defaults": {
        "BuildingTier": 0,
        "MaxHardStability": 10,
        "HardStabilityMaxRange": 4,
        "MinimumUnstableStability": 0.10000000149011612,
        "StabilityPassMultiplier": 0.5,
        "MaxAnchoredStability": 10,
        "LowestGreenStability": 2.5,
        "YellowStability": 0.10000000149011612,
        "HighestRedStability": 0.10000000149011612
    },
    "GenerateEnum": true,
    "Rows": [
        {
            "Name": "Wood_Beam",
            "BuildingTier": 3,
            "MaxAnchoredStability": 5,
            "YellowStability": 1
        },
        {
            "Name": "Wood_Frame",
            "BuildingTier": 3,
            "MaxAnchoredStability": 5,
            "YellowStability": 1
        },
        {
            "Name": "Wood_General",
            "BuildingTier": 3,
            "MaxAnchoredStability": 5,
            "YellowStability": 1
        },
        {
            "Name": "Interior_Wood_General",
            "BuildingTier": 2,
            "MaxAnchoredStability": 5,
            "YellowStability": 1
        },
        {
            "Name": "Interior_Wood_Frame",
            "BuildingTier": 2,
            "HardStabilityMaxRange": 5,
            "YellowStability": 1
        },
        {
            "Name": "Interior_Wood_Beam",
            "BuildingTier": 2,
            "YellowStability": 1
        },
        {
            "Name": "Stone_General",
            "BuildingTier": 6,
            "MaxHardStability": 20,
            "MinimumUnstableStability": 1.2999999523162842,
            "MaxAnchoredStability": 15,
            "LowestGreenStability": 6,
            "YellowStability": 2.5,
            "HighestRedStability": 1.2999999523162842
        },
        {
            "Name": "Stone_Beam",
            "BuildingTier": 6,
            "MaxHardStability": 20,
            "HardStabilityMaxRange": 5,
            "MinimumUnstableStability": 1.2999999523162842,
            "MaxAnchoredStability": 15,
            "LowestGreenStability": 6,
            "YellowStability": 2.5,
            "HighestRedStability": 1.2999999523162842
        },
        {
            "Name": "Stone_Frame",
            "BuildingTier": 6,
            "MaxHardStability": 20,
            "HardStabilityMaxRange": 5,
            "MinimumUnstableStability": 1.2999999523162842,
            "MaxAnchoredStability": 20,
            "LowestGreenStability": 6,
            "YellowStability": 2.5,
            "HighestRedStability": 1.2999999523162842
        },
        {
            "Name": "Concrete_General",
            "BuildingTier": 8,
            "MaxHardStability": 40,
            "MinimumUnstableStability": 5.300000190734863,
            "StabilityPassMultiplier": 0.6660000085830688,
            "MaxAnchoredStability": 30,
            "LowestGreenStability": 20,
            "YellowStability": 10,
            "HighestRedStability": 5.199999809265137
        },
        {
            "Name": "Concrete_Beam",
            "BuildingTier": 8,
            "MaxHardStability": 40,
            "HardStabilityMaxRange": 6,
            "MinimumUnstableStability": 5.300000190734863,
            "StabilityPassMultiplier": 0.6660000085830688,
            "MaxAnchoredStability": 30,
            "LowestGreenStability": 20,
            "YellowStability": 10,
            "HighestRedStability": 5.199999809265137
        },
        {
            "Name": "Concrete_Frame",
            "BuildingTier": 8,
            "MaxHardStability": 40,
            "HardStabilityMaxRange": 6,
            "MinimumUnstableStability": 5.300000190734863,
            "StabilityPassMultiplier": 0.6660000085830688,
            "MaxAnchoredStability": 40,
            "LowestGreenStability": 20,
            "YellowStability": 10,
            "HighestRedStability": 5.199999809265137
        },
        {
            "Name": "Iron_General",
            "BuildingTier": 3,
            "MaxAnchoredStability": 5,
            "YellowStability": 1
        },
        {
            "Name": "Iron_Beam",
            "BuildingTier": 3,
            "MaxAnchoredStability": 5,
            "YellowStability": 1
        },
        {
            "Name": "Glass_General",
            "BuildingTier": 3,
            "MaxAnchoredStability": 5,
            "YellowStability": 1
        },
        {
            "Name": "Thatch_General",
            "BuildingTier": 1,
            "MaxHardStability": 5,
            "HardStabilityMaxRange": 3,
            "MaxAnchoredStability": 2.5,
            "YellowStability": 1
        },
        {
            "Name": "Thatch_Beam",
            "BuildingTier": 1,
            "MaxHardStability": 5,
            "MaxAnchoredStability": 2.5,
            "YellowStability": 1
        },
        {
            "Name": "Thatch_Frame",
            "BuildingTier": 1,
            "MaxHardStability": 5,
            "MaxAnchoredStability": 5,
            "YellowStability": 1
        }
    ]
}