{
    "RowStruct": "/Script/Icarus.Uses",
    "Defaults": {
        "DescriptionText": "None",
        "Image": "None"
    },
    "GenerateEnum": true,
    "Rows": [
        {
            "Name": "Consume",
            "DescriptionText": "Consume",
            "Image": "/Game/Assets/2DArt/UI/Icons/Icon_Consume.Icon_Consume"
        },
        {
            "Name": "Place",
            "DescriptionText": "Deploy",
            "Image": "/Game/Assets/2DArt/UI/Icons/Icon_Repair.Icon_Repair"
        },
        {
            "Name": "Repair",
            "DescriptionText": "Repair",
            "Image": "/Game/Assets/2DArt/UI/Icons/Icon_Place.Icon_Place"
        },
        {
            "Name": "Consume_Stack",
            "DescriptionText": "Consume Stack",
            "Image": "/Game/Assets/2DArt/UI/Icons/Icon_Consume.Icon_Consume"
        },
        {
            "Name": "Consume_From_Menu",
            "DescriptionText": "Consume",
            "Image": "/Game/Assets/2DArt/UI/Icons/Icon_Consume.Icon_Consume"
        },
        {
            "Name": "Consume_Stack_Food",
            "DescriptionText": "Consume Stack",
            "Image": "/Game/Assets/2DArt/UI/Icons/Icon_Consume.Icon_Consume"
        },
        {
            "Name": "Consume_Stack_Water",
            "DescriptionText": "Consume Stack",
            "Image": "/Game/Assets/2DArt/UI/Icons/Icon_Consume.Icon_Consume"
        },
        {
            "Name": "Consume_Stack_Oxygen",
            "DescriptionText": "Consume Stack",
            "Image": "/Game/Assets/2DArt/UI/Icons/Icon_Consume.Icon_Consume"
        },
        {
            "Name": "Consume_Stack_FoodWater",
            "DescriptionText": "Consume Stack",
            "Image": "/Game/Assets/2DArt/UI/Icons/Icon_Consume.Icon_Consume"
        }
    ]
}