{
    "RowStruct": "/Script/Icarus.CombustibleData",
    "Defaults": {
        "MillijoulesProvided": 1000,
        "ProducesItem": {
            "RowName": "None",
            "DataTableName": "D_ItemTemplate"
        },
        "DescriptionText": "None"
    },
    "Rows": [
        {
            "Name": "StickCombustion",
            "MillijoulesProvided": 10000,
            "ProducesItem": {
                "RowName": "Charcoal"
            },
            "DescriptionText": "Can be used as a fuel source."
        },
        {
            "Name": "WoodCombustion",
            "MillijoulesProvided": 150000,
            "ProducesItem": {
                "RowName": "Charcoal_From_Wood"
            },
            "DescriptionText": "Can be used as a fuel source."
        },
        {
            "Name": "BiofuelCombustion",
            "MillijoulesProvided": 100000,
            "DescriptionText": "Fuel Source"
        },
        {
            "Name": "SulfurCombustion",
            "MillijoulesProvided": 10000,
            "DescriptionText": "Fuel Source"
        }
    ]
}