{
    "RowStruct": "/Script/Icarus.EnergyData",
    "Defaults": {
        "FlowType": "Consume",
        "AlwaysActive": false,
        "AutoActivate": false,
        "ResourceFlowRate": 1000,
        "bAllowPullingResourceFromInventory": false,
        "bAllowPushingResourceToInventory": false,
        "bStorageIsInFlowOnly": false,
        "BrownOutModifier": {
            "RowName": "None",
            "DataTableName": "D_ModifierStates"
        },
        "AutoShutoffFlowPercent": 0,
        "bAllowAutoRestart": false,
        "bIsOptional": false,
        "OptionalFlowType": {
            "RowName": "None",
            "DataTableName": "D_OptionalResourceFlows"
        }
    },
    "Rows": [
        {
            "Name": "Auto_Shutoff_At_0",
            "ResourceFlowRate": 0,
            "bAllowAutoRestart": true
        },
        {
            "Name": "Processor_Generic",
            "ResourceFlowRate": 0,
            "BrownOutModifier": {
                "RowName": "Energy_Brownout_Crafting"
            }
        },
        {
            "Name": "Generator",
            "FlowType": "Produce",
            "ResourceFlowRate": 5000
        },
        {
            "Name": "Battery",
            "FlowType": "Store",
            "AlwaysActive": true,
            "AutoActivate": true,
            "ResourceFlowRate": 1500
        },
        {
            "Name": "Oxite_Dissolver",
            "ResourceFlowRate": 500
        },
        {
            "Name": "Biofuel",
            "ResourceFlowRate": 2500
        },
        {
            "Name": "Generic_Receiver",
            "AutoActivate": true
        },
        {
            "Name": "Mining_Drill",
            "AlwaysActive": true,
            "AutoActivate": true,
            "ResourceFlowRate": 2000,
            "bAllowAutoRestart": true
        },
        {
            "Name": "Internal_Generator",
            "ResourceFlowRate": 2500
        },
        {
            "Name": "Extractor_Backpack",
            "ResourceFlowRate": 250
        },
        {
            "Name": "Energy_Metal_Oxite_Dissolver",
            "ResourceFlowRate": 500
        },
        {
            "Name": "Torch",
            "AutoActivate": true,
            "ResourceFlowRate": 2000
        },
        {
            "Name": "Electric_Furnace",
            "ResourceFlowRate": 0,
            "BrownOutModifier": {
                "RowName": "Energy_Brownout_Crafting"
            }
        },
        {
            "Name": "Electric_Dehumidifier",
            "AlwaysActive": true,
            "AutoActivate": true,
            "ResourceFlowRate": 500,
            "BrownOutModifier": {
                "RowName": "Electronic_Aura_Brownout"
            }
        },
        {
            "Name": "Thumper",
            "AlwaysActive": true,
            "AutoActivate": true,
            "ResourceFlowRate": 1500,
            "AutoShutoffFlowPercent": 99
        },
        {
            "Name": "Refrigerator",
            "AlwaysActive": true,
            "AutoActivate": true,
            "ResourceFlowRate": 500,
            "bAllowAutoRestart": true
        },
        {
            "Name": "SolarPanel",
            "FlowType": "Produce",
            "AutoActivate": true,
            "ResourceFlowRate": 6000
        },
        {
            "Name": "Heater_Large_Receiver",
            "AlwaysActive": true,
            "AutoActivate": true,
            "ResourceFlowRate": 250,
            "BrownOutModifier": {
                "RowName": "Electronic_Aura_Brownout"
            },
            "bAllowAutoRestart": true
        },
        {
            "Name": "Cooler_Large_Receiver",
            "AlwaysActive": true,
            "AutoActivate": true,
            "ResourceFlowRate": 250,
            "BrownOutModifier": {
                "RowName": "Electronic_Aura_Brownout"
            },
            "bAllowAutoRestart": true
        },
        {
            "Name": "WaterWheel_Generator",
            "FlowType": "Produce",
            "AlwaysActive": true,
            "AutoActivate": true,
            "ResourceFlowRate": 2000
        },
        {
            "Name": "Worklamp",
            "AlwaysActive": true,
            "AutoActivate": true,
            "ResourceFlowRate": 150,
            "BrownOutModifier": {
                "RowName": "Electronic_Light_Brownout"
            },
            "bAllowAutoRestart": true
        },
        {
            "Name": "Carpentry_Bench_T4",
            "AutoActivate": true,
            "ResourceFlowRate": 2500,
            "BrownOutModifier": {
                "RowName": "Energy_Brownout_Crafting"
            }
        },
        {
            "Name": "Chemistry_Bench",
            "AutoActivate": true,
            "ResourceFlowRate": 2500,
            "BrownOutModifier": {
                "RowName": "Energy_Brownout_Crafting"
            }
        },
        {
            "Name": "Masonry_Bench_T4",
            "AutoActivate": true,
            "ResourceFlowRate": 2000,
            "BrownOutModifier": {
                "RowName": "Energy_Brownout_Crafting"
            }
        },
        {
            "Name": "Electric_Composter",
            "AutoActivate": true,
            "ResourceFlowRate": 1500,
            "BrownOutModifier": {
                "RowName": "Energy_Brownout_Crafting"
            }
        },
        {
            "Name": "Material_Processor",
            "AutoActivate": true,
            "ResourceFlowRate": 2500
        },
        {
            "Name": "Manual_Reciever"
        },
        {
            "Name": "Meta_Crop_Plot",
            "AlwaysActive": true,
            "AutoActivate": true,
            "ResourceFlowRate": 100,
            "AutoShutoffFlowPercent": -1,
            "bIsOptional": true
        },
        {
            "Name": "Water_Pump_Energy"
        },
        {
            "Name": "Exotic_Electric_Drill",
            "AutoActivate": true,
            "ResourceFlowRate": 1500,
            "bAllowAutoRestart": true
        },
        {
            "Name": "Advanced_Alteration_Bench",
            "AutoActivate": true,
            "ResourceFlowRate": 1500,
            "BrownOutModifier": {
                "RowName": "Energy_Brownout_Crafting"
            }
        },
        {
            "Name": "Electric_Armor_Bench",
            "AutoActivate": true,
            "ResourceFlowRate": 2500,
            "BrownOutModifier": {
                "RowName": "Energy_Brownout_Crafting"
            }
        },
        {
            "Name": "MoDataDevice",
            "AutoActivate": true,
            "ResourceFlowRate": 10000
        },
        {
            "Name": "Repair_Bench_Energy",
            "AutoActivate": true,
            "ResourceFlowRate": 1500,
            "AutoShutoffFlowPercent": 99,
            "bIsOptional": true
        },
        {
            "Name": "Deep_Freeze",
            "AlwaysActive": true,
            "AutoActivate": true,
            "ResourceFlowRate": 2500,
            "bAllowAutoRestart": true
        },
        {
            "Name": "Aquarium",
            "AlwaysActive": true,
            "AutoActivate": true,
            "ResourceFlowRate": 500,
            "AutoShutoffFlowPercent": 99
        },
        {
            "Name": "Advanced_Aquarium",
            "AlwaysActive": true,
            "AutoActivate": true,
            "AutoShutoffFlowPercent": 99
        },
        {
            "Name": "SpawnBlocker",
            "AutoActivate": true,
            "ResourceFlowRate": 1500,
            "AutoShutoffFlowPercent": 99
        },
        {
            "Name": "WindTurbine",
            "FlowType": "Produce",
            "ResourceFlowRate": 1750
        },
        {
            "Name": "T4Communicator",
            "AutoActivate": true,
            "ResourceFlowRate": 1500
        },
        {
            "Name": "Anvil_T4",
            "AutoActivate": true,
            "ResourceFlowRate": 2500,
            "BrownOutModifier": {
                "RowName": "Energy_Brownout_Crafting"
            }
        },
        {
            "Name": "Faction_Mission_Device",
            "AutoActivate": true,
            "AutoShutoffFlowPercent": 99
        },
        {
            "Name": "Electric_Stove",
            "AutoActivate": true
        },
        {
            "Name": "NeonSign",
            "AlwaysActive": true,
            "AutoActivate": true,
            "ResourceFlowRate": 200,
            "bAllowAutoRestart": true
        },
        {
            "Name": "Turret",
            "AutoActivate": true,
            "ResourceFlowRate": 1500,
            "BrownOutModifier": {
                "RowName": "Energy_Brownout_Turret"
            },
            "bAllowAutoRestart": true
        },
        {
            "Name": "Beehive",
            "ResourceFlowRate": 500,
            "bAllowAutoRestart": true,
            "bIsOptional": true,
            "OptionalFlowType": {
                "RowName": "BeehiveExtractor"
            }
        },
        {
            "Name": "Electric_Radar",
            "AutoActivate": true,
            "AutoShutoffFlowPercent": 99
        },
        {
            "Name": "Mission_Ship_Battery",
            "FlowType": "Store",
            "AlwaysActive": true,
            "AutoActivate": true,
            "ResourceFlowRate": 10000
        },
        {
            "Name": "Mission_Analyzer",
            "AlwaysActive": true,
            "AutoActivate": true,
            "AutoShutoffFlowPercent": 99
        },
        {
            "Name": "Mission_Mo_Data_Device",
            "AlwaysActive": true,
            "AutoActivate": true,
            "ResourceFlowRate": 10000,
            "AutoShutoffFlowPercent": 99
        },
        {
            "Name": "Mission_Prototype_Laser",
            "AlwaysActive": true,
            "AutoActivate": true,
            "AutoShutoffFlowPercent": 99
        },
        {
            "Name": "Battery_T4",
            "FlowType": "Store",
            "AlwaysActive": true,
            "AutoActivate": true,
            "ResourceFlowRate": 10000
        },
        {
            "Name": "Enzyme_Cannon",
            "ResourceFlowRate": 5000
        },
        {
            "Name": "Water_Trough_T4",
            "AutoActivate": true,
            "AutoShutoffFlowPercent": 99
        },
        {
            "Name": "Purifier_T4",
            "AutoActivate": true
        },
        {
            "Name": "Food_Trough_T4",
            "AutoActivate": true,
            "ResourceFlowRate": 500,
            "AutoShutoffFlowPercent": 99,
            "bAllowAutoRestart": true
        },
        {
            "Name": "Mission_Incubator",
            "AlwaysActive": true,
            "AutoActivate": true,
            "AutoShutoffFlowPercent": 99
        },
        {
            "Name": "Water_Trough",
            "FlowType": "Store",
            "ResourceFlowRate": 250,
            "bStorageIsInFlowOnly": true,
            "AutoShutoffFlowPercent": 99
        }
    ]
}