{
    "RowStruct": "/Script/Icarus.ExperienceData",
    "Defaults": {
        "ExperienceEvents": {}
    },
    "Rows": [
        {
            "Name": "ResourceNode",
            "ExperienceEvents": {
                "XP_OnInteract": {
                    "ExperienceEvent": {
                        "RowName": "GatherResource",
                        "DataTableName": "D_ExperienceEvents"
                    },
                    "GainedExperience": 0
                },
                "XP_OnHit": {
                    "ExperienceEvent": {
                        "RowName": "GatherResource",
                        "DataTableName": "D_ExperienceEvents"
                    },
                    "GainedExperience": 0
                }
            }
        },
        {
            "Name": "VoxelNode",
            "ExperienceEvents": {
                "XP_OnDamaged": {
                    "ExperienceEvent": {
                        "RowName": "MineVoxel",
                        "DataTableName": "D_ExperienceEvents"
                    },
                    "GainedExperience": 60
                }
            }
        },
        {
            "Name": "AI",
            "ExperienceEvents": {
                "XP_OnDeath": {
                    "ExperienceEvent": {
                        "RowName": "KillAI",
                        "DataTableName": "D_ExperienceEvents"
                    },
                    "GainedExperience": 1000
                }
            }
        },
        {
            "Name": "Player",
            "ExperienceEvents": {
                "XP_OnDeath": {
                    "ExperienceEvent": {
                        "RowName": "KillPlayer",
                        "DataTableName": "D_ExperienceEvents"
                    },
                    "GainedExperience": 0
                },
                "XP_OnCraft": {
                    "ExperienceEvent": {
                        "RowName": "CraftItem",
                        "DataTableName": "D_ExperienceEvents"
                    },
                    "GainedExperience": 0
                }
            }
        },
        {
            "Name": "Tree",
            "ExperienceEvents": {
                "XP_OnDeath": {
                    "ExperienceEvent": {
                        "RowName": "ChopTree",
                        "DataTableName": "D_ExperienceEvents"
                    },
                    "GainedExperience": 300
                }
            }
        },
        {
            "Name": "CraftedItem",
            "ExperienceEvents": {
                "XP_OnCraft": {
                    "ExperienceEvent": {
                        "RowName": "CraftItem",
                        "DataTableName": "D_ExperienceEvents"
                    },
                    "GainedExperience": 100
                }
            }
        },
        {
            "Name": "CatchFish",
            "ExperienceEvents": {
                "XP_OnAchievement": {
                    "ExperienceEvent": {
                        "RowName": "CatchFish",
                        "DataTableName": "D_ExperienceEvents"
                    },
                    "GainedExperience": 500
                }
            }
        },
        {
            "Name": "SurvivedStorm",
            "ExperienceEvents": {
                "XP_OnAchievement": {
                    "ExperienceEvent": {
                        "RowName": "SurviveStorm",
                        "DataTableName": "D_ExperienceEvents"
                    },
                    "GainedExperience": 1000
                }
            }
        },
        {
            "Name": "DiscoveredExotics",
            "ExperienceEvents": {
                "XP_OnAchievement": {
                    "ExperienceEvent": {
                        "RowName": "DiscoveredExotics",
                        "DataTableName": "D_ExperienceEvents"
                    },
                    "GainedExperience": 5000
                }
            }
        },
        {
            "Name": "HarvestedAnimal",
            "ExperienceEvents": {
                "XP_OnAchievement": {
                    "ExperienceEvent": {
                        "RowName": "HarvestingAnimal",
                        "DataTableName": "D_ExperienceEvents"
                    },
                    "GainedExperience": 500
                }
            }
        },
        {
            "Name": "Medium_Animal",
            "ExperienceEvents": {
                "XP_OnDeath": {
                    "ExperienceEvent": {
                        "RowName": "KillMediumAnimal",
                        "DataTableName": "D_ExperienceEvents"
                    },
                    "GainedExperience": 3000
                }
            }
        },
        {
            "Name": "Small_Animal",
            "ExperienceEvents": {
                "XP_OnDeath": {
                    "ExperienceEvent": {
                        "RowName": "KillSmallAnimal",
                        "DataTableName": "D_ExperienceEvents"
                    },
                    "GainedExperience": 1500
                }
            }
        },
        {
            "Name": "VoxelStone",
            "ExperienceEvents": {
                "XP_OnDamaged": {
                    "ExperienceEvent": {
                        "RowName": "MineVoxel",
                        "DataTableName": "D_ExperienceEvents"
                    },
                    "GainedExperience": 60
                }
            }
        },
        {
            "Name": "Kill_Fish",
            "ExperienceEvents": {
                "XP_OnAchievement": {
                    "ExperienceEvent": {
                        "RowName": "KillFish",
                        "DataTableName": "D_ExperienceEvents"
                    },
                    "GainedExperience": 100
                }
            }
        },
        {
            "Name": "Creature_BabyDeer",
            "ExperienceEvents": {
                "XP_OnDeath": {
                    "ExperienceEvent": {
                        "RowName": "Kill_BabyDeer",
                        "DataTableName": "D_ExperienceEvents"
                    },
                    "GainedExperience": 0
                }
            }
        },
        {
            "Name": "Creature_Roat",
            "ExperienceEvents": {
                "XP_OnDeath": {
                    "ExperienceEvent": {
                        "RowName": "Kill_Roat",
                        "DataTableName": "D_ExperienceEvents"
                    },
                    "GainedExperience": 0
                }
            }
        },
        {
            "Name": "Creature_Raccoon",
            "ExperienceEvents": {
                "XP_OnDeath": {
                    "ExperienceEvent": {
                        "RowName": "Kill_Raccoon",
                        "DataTableName": "D_ExperienceEvents"
                    },
                    "GainedExperience": 0
                }
            }
        },
        {
            "Name": "Creature_Chamois",
            "ExperienceEvents": {
                "XP_OnDeath": {
                    "ExperienceEvent": {
                        "RowName": "Kill_Chamois",
                        "DataTableName": "D_ExperienceEvents"
                    },
                    "GainedExperience": 0
                }
            }
        },
        {
            "Name": "Creature_Pronghorn",
            "ExperienceEvents": {
                "XP_OnDeath": {
                    "ExperienceEvent": {
                        "RowName": "Kill_Pronghorn",
                        "DataTableName": "D_ExperienceEvents"
                    },
                    "GainedExperience": 0
                }
            }
        },
        {
            "Name": "Creature_RedGoat",
            "ExperienceEvents": {
                "XP_OnDeath": {
                    "ExperienceEvent": {
                        "RowName": "Kill_RedGoat",
                        "DataTableName": "D_ExperienceEvents"
                    },
                    "GainedExperience": 0
                }
            }
        },
        {
            "Name": "Creature_MediumDeer",
            "ExperienceEvents": {
                "XP_OnDeath": {
                    "ExperienceEvent": {
                        "RowName": "Kill_MediumDeer",
                        "DataTableName": "D_ExperienceEvents"
                    },
                    "GainedExperience": 0
                }
            }
        },
        {
            "Name": "Creature_DeerVarient",
            "ExperienceEvents": {
                "XP_OnDeath": {
                    "ExperienceEvent": {
                        "RowName": "Kill_DeerVarient",
                        "DataTableName": "D_ExperienceEvents"
                    },
                    "GainedExperience": 0
                }
            }
        },
        {
            "Name": "Creature_LargeDeer",
            "ExperienceEvents": {
                "XP_OnDeath": {
                    "ExperienceEvent": {
                        "RowName": "Kill_LargeDeer",
                        "DataTableName": "D_ExperienceEvents"
                    },
                    "GainedExperience": 0
                }
            }
        },
        {
            "Name": "Creature_Wolf",
            "ExperienceEvents": {
                "XP_OnDeath": {
                    "ExperienceEvent": {
                        "RowName": "Kill_Wolf",
                        "DataTableName": "D_ExperienceEvents"
                    },
                    "GainedExperience": 0
                }
            }
        },
        {
            "Name": "Creature_Alpha_Wolf",
            "ExperienceEvents": {
                "XP_OnDeath": {
                    "ExperienceEvent": {
                        "RowName": "Kill_Alpha_Wolf",
                        "DataTableName": "D_ExperienceEvents"
                    },
                    "GainedExperience": 0
                }
            }
        },
        {
            "Name": "Creature_Alpha_Cat",
            "ExperienceEvents": {
                "XP_OnDeath": {
                    "ExperienceEvent": {
                        "RowName": "Kill_Alpha_Cat",
                        "DataTableName": "D_ExperienceEvents"
                    },
                    "GainedExperience": 0
                }
            }
        },
        {
            "Name": "Creature_Hyena",
            "ExperienceEvents": {
                "XP_OnDeath": {
                    "ExperienceEvent": {
                        "RowName": "Kill_Hyena",
                        "DataTableName": "D_ExperienceEvents"
                    },
                    "GainedExperience": 0
                }
            }
        },
        {
            "Name": "Creature_Cougar",
            "ExperienceEvents": {
                "XP_OnDeath": {
                    "ExperienceEvent": {
                        "RowName": "Kill_Cougar",
                        "DataTableName": "D_ExperienceEvents"
                    },
                    "GainedExperience": 0
                }
            }
        },
        {
            "Name": "Creature_Jaguar",
            "ExperienceEvents": {
                "XP_OnDeath": {
                    "ExperienceEvent": {
                        "RowName": "Kill_Jaguar",
                        "DataTableName": "D_ExperienceEvents"
                    },
                    "GainedExperience": 0
                }
            }
        },
        {
            "Name": "Creature_SnowLeopard",
            "ExperienceEvents": {
                "XP_OnDeath": {
                    "ExperienceEvent": {
                        "RowName": "Kill_SnowLeopard",
                        "DataTableName": "D_ExperienceEvents"
                    },
                    "GainedExperience": 0
                }
            }
        },
        {
            "Name": "Creature_Elephant",
            "ExperienceEvents": {
                "XP_OnDeath": {
                    "ExperienceEvent": {
                        "RowName": "Kill_Elephant",
                        "DataTableName": "D_ExperienceEvents"
                    },
                    "GainedExperience": 0
                }
            }
        },
        {
            "Name": "Creature_Bear",
            "ExperienceEvents": {
                "XP_OnDeath": {
                    "ExperienceEvent": {
                        "RowName": "Kill_Bear",
                        "DataTableName": "D_ExperienceEvents"
                    },
                    "GainedExperience": 0
                }
            }
        },
        {
            "Name": "Creature_Mammoth",
            "ExperienceEvents": {
                "XP_OnDeath": {
                    "ExperienceEvent": {
                        "RowName": "Kill_Mammoth",
                        "DataTableName": "D_ExperienceEvents"
                    },
                    "GainedExperience": 0
                }
            }
        },
        {
            "Name": "Creature_PolarBear",
            "ExperienceEvents": {
                "XP_OnDeath": {
                    "ExperienceEvent": {
                        "RowName": "Kill_PolarBear",
                        "DataTableName": "D_ExperienceEvents"
                    },
                    "GainedExperience": 0
                }
            }
        },
        {
            "Name": "ResourceNode_Fiber",
            "ExperienceEvents": {
                "XP_OnInteract": {
                    "ExperienceEvent": {
                        "RowName": "GatherResource_Fiber",
                        "DataTableName": "D_ExperienceEvents"
                    },
                    "GainedExperience": 0
                },
                "XP_OnHit": {
                    "ExperienceEvent": {
                        "RowName": "GatherResource_Fiber",
                        "DataTableName": "D_ExperienceEvents"
                    },
                    "GainedExperience": 0
                }
            }
        },
        {
            "Name": "Creature_Pack_Wolf",
            "ExperienceEvents": {
                "XP_OnDeath": {
                    "ExperienceEvent": {
                        "RowName": "Kill_Pack_Wolf",
                        "DataTableName": "D_ExperienceEvents"
                    },
                    "GainedExperience": 0
                }
            }
        },
        {
            "Name": "Creature_Rabbit",
            "ExperienceEvents": {
                "XP_OnDeath": {
                    "ExperienceEvent": {
                        "RowName": "Kill_Rabbit",
                        "DataTableName": "D_ExperienceEvents"
                    },
                    "GainedExperience": 0
                }
            }
        },
        {
            "Name": "Creature_MediumAntelope",
            "ExperienceEvents": {
                "XP_OnDeath": {
                    "ExperienceEvent": {
                        "RowName": "Kill_Small_Antelope",
                        "DataTableName": "D_ExperienceEvents"
                    },
                    "GainedExperience": 0
                }
            }
        },
        {
            "Name": "Creature_LargeAntelope",
            "ExperienceEvents": {
                "XP_OnDeath": {
                    "ExperienceEvent": {
                        "RowName": "Kill_Large_Antelope",
                        "DataTableName": "D_ExperienceEvents"
                    },
                    "GainedExperience": 0
                }
            }
        },
        {
            "Name": "Creature_WildBoar",
            "ExperienceEvents": {
                "XP_OnDeath": {
                    "ExperienceEvent": {
                        "RowName": "Kill_Boar",
                        "DataTableName": "D_ExperienceEvents"
                    },
                    "GainedExperience": 0
                }
            }
        },
        {
            "Name": "Creature_Cave_Worm",
            "ExperienceEvents": {
                "XP_OnDeath": {
                    "ExperienceEvent": {
                        "RowName": "Kill_Cave_Worm",
                        "DataTableName": "D_ExperienceEvents"
                    },
                    "GainedExperience": 0
                }
            }
        },
        {
            "Name": "Creature_Zebra",
            "ExperienceEvents": {
                "XP_OnDeath": {
                    "ExperienceEvent": {
                        "RowName": "Kill_Zebra",
                        "DataTableName": "D_ExperienceEvents"
                    },
                    "GainedExperience": 0
                }
            }
        },
        {
            "Name": "Creature_Buffalo",
            "ExperienceEvents": {
                "XP_OnDeath": {
                    "ExperienceEvent": {
                        "RowName": "Kill_Buffalo",
                        "DataTableName": "D_ExperienceEvents"
                    },
                    "GainedExperience": 0
                }
            }
        },
        {
            "Name": "Creature_Scorpion",
            "ExperienceEvents": {
                "XP_OnDeath": {
                    "ExperienceEvent": {
                        "RowName": "Kill_Scorpion",
                        "DataTableName": "D_ExperienceEvents"
                    },
                    "GainedExperience": 0
                }
            }
        },
        {
            "Name": "Creature_Scorpion_Summon",
            "ExperienceEvents": {
                "XP_OnDeath": {
                    "ExperienceEvent": {
                        "RowName": "Kill_Scorpion_Summon",
                        "DataTableName": "D_ExperienceEvents"
                    },
                    "GainedExperience": 0
                }
            }
        },
        {
            "Name": "Creature_Crocodile",
            "ExperienceEvents": {
                "XP_OnDeath": {
                    "ExperienceEvent": {
                        "RowName": "Kill_Crocodile",
                        "DataTableName": "D_ExperienceEvents"
                    },
                    "GainedExperience": 0
                }
            }
        },
        {
            "Name": "Creature_Needler",
            "ExperienceEvents": {
                "XP_OnDeath": {
                    "ExperienceEvent": {
                        "RowName": "Kill_Needler",
                        "DataTableName": "D_ExperienceEvents"
                    },
                    "GainedExperience": 0
                }
            }
        },
        {
            "Name": "Creature_Komodo",
            "ExperienceEvents": {
                "XP_OnDeath": {
                    "ExperienceEvent": {
                        "RowName": "Kill_Komodo",
                        "DataTableName": "D_ExperienceEvents"
                    },
                    "GainedExperience": 0
                }
            }
        },
        {
            "Name": "Creature_Kea",
            "ExperienceEvents": {
                "XP_OnDeath": {
                    "ExperienceEvent": {
                        "RowName": "Kill_Kea",
                        "DataTableName": "D_ExperienceEvents"
                    },
                    "GainedExperience": 0
                }
            }
        },
        {
            "Name": "Creature_PolarBearCub",
            "ExperienceEvents": {
                "XP_OnDeath": {
                    "ExperienceEvent": {
                        "RowName": "Kill_PolarBearCub",
                        "DataTableName": "D_ExperienceEvents"
                    },
                    "GainedExperience": 0
                }
            }
        },
        {
            "Name": "Creature_BearCub",
            "ExperienceEvents": {
                "XP_OnDeath": {
                    "ExperienceEvent": {
                        "RowName": "Kill_BearCub",
                        "DataTableName": "D_ExperienceEvents"
                    },
                    "GainedExperience": 0
                }
            }
        },
        {
            "Name": "Creature_SandWorm",
            "ExperienceEvents": {
                "XP_OnDeath": {
                    "ExperienceEvent": {
                        "RowName": "Kill_SandWorm",
                        "DataTableName": "D_ExperienceEvents"
                    },
                    "GainedExperience": 0
                }
            }
        },
        {
            "Name": "Creature_Scorpion_Boss",
            "ExperienceEvents": {
                "XP_OnDeath": {
                    "ExperienceEvent": {
                        "RowName": "Kill_ScorpionBoss",
                        "DataTableName": "D_ExperienceEvents"
                    },
                    "GainedExperience": 0
                }
            }
        },
        {
            "Name": "Creature_Moa",
            "ExperienceEvents": {
                "XP_OnDeath": {
                    "ExperienceEvent": {
                        "RowName": "Kill_Moa",
                        "DataTableName": "D_ExperienceEvents"
                    },
                    "GainedExperience": 0
                }
            }
        },
        {
            "Name": "Creature_BabyMoa",
            "ExperienceEvents": {
                "XP_OnDeath": {
                    "ExperienceEvent": {
                        "RowName": "Kill_BabyMoa",
                        "DataTableName": "D_ExperienceEvents"
                    },
                    "GainedExperience": 0
                }
            }
        },
        {
            "Name": "Creature_BabyBuffalo",
            "ExperienceEvents": {
                "XP_OnDeath": {
                    "ExperienceEvent": {
                        "RowName": "Kill_BabyBuffalo",
                        "DataTableName": "D_ExperienceEvents"
                    },
                    "GainedExperience": 0
                }
            }
        },
        {
            "Name": "Creature_RockDog",
            "ExperienceEvents": {
                "XP_OnDeath": {
                    "ExperienceEvent": {
                        "RowName": "Kill_RockDog",
                        "DataTableName": "D_ExperienceEvents"
                    },
                    "GainedExperience": 0
                }
            }
        },
        {
            "Name": "Creature_BatDog",
            "ExperienceEvents": {
                "XP_OnDeath": {
                    "ExperienceEvent": {
                        "RowName": "Kill_BatDog",
                        "DataTableName": "D_ExperienceEvents"
                    },
                    "GainedExperience": 0
                }
            }
        },
        {
            "Name": "Creature_BlueBack",
            "ExperienceEvents": {
                "XP_OnDeath": {
                    "ExperienceEvent": {
                        "RowName": "Kill_BlueBack",
                        "DataTableName": "D_ExperienceEvents"
                    },
                    "GainedExperience": 0
                }
            }
        },
        {
            "Name": "Creature_Snow_Striker",
            "ExperienceEvents": {
                "XP_OnDeath": {
                    "ExperienceEvent": {
                        "RowName": "Kill_Snow_Striker",
                        "DataTableName": "D_ExperienceEvents"
                    },
                    "GainedExperience": 0
                }
            }
        },
        {
            "Name": "Creature_Desert_Striker",
            "ExperienceEvents": {
                "XP_OnDeath": {
                    "ExperienceEvent": {
                        "RowName": "Kill_Desert_Striker",
                        "DataTableName": "D_ExperienceEvents"
                    },
                    "GainedExperience": 0
                }
            }
        },
        {
            "Name": "Creature_Predator_Bird",
            "ExperienceEvents": {
                "XP_OnDeath": {
                    "ExperienceEvent": {
                        "RowName": "Kill_PredatorBird",
                        "DataTableName": "D_ExperienceEvents"
                    },
                    "GainedExperience": 0
                }
            }
        },
        {
            "Name": "Creature_Gas_Flyer",
            "ExperienceEvents": {
                "XP_OnDeath": {
                    "ExperienceEvent": {
                        "RowName": "Kill_Gas_Flyer",
                        "DataTableName": "D_ExperienceEvents"
                    },
                    "GainedExperience": 0
                }
            }
        },
        {
            "Name": "Creature_LavaSpawns",
            "ExperienceEvents": {
                "XP_OnDeath": {
                    "ExperienceEvent": {
                        "RowName": "Kill_LavaSpawns",
                        "DataTableName": "D_ExperienceEvents"
                    },
                    "GainedExperience": 0
                }
            }
        },
        {
            "Name": "Creature_SwampSlug",
            "ExperienceEvents": {
                "XP_OnDeath": {
                    "ExperienceEvent": {
                        "RowName": "Kill_Slug",
                        "DataTableName": "D_ExperienceEvents"
                    },
                    "GainedExperience": 0
                }
            }
        },
        {
            "Name": "Creature_LavaSlug",
            "ExperienceEvents": {
                "XP_OnDeath": {
                    "ExperienceEvent": {
                        "RowName": "Kill_Lava_Slug",
                        "DataTableName": "D_ExperienceEvents"
                    },
                    "GainedExperience": 0
                }
            }
        },
        {
            "Name": "Creature_LavaKomodo",
            "ExperienceEvents": {
                "XP_OnDeath": {
                    "ExperienceEvent": {
                        "RowName": "Kill_LavaKomodo",
                        "DataTableName": "D_ExperienceEvents"
                    },
                    "GainedExperience": 0
                }
            }
        },
        {
            "Name": "Creature_WoolyZebra",
            "ExperienceEvents": {
                "XP_OnDeath": {
                    "ExperienceEvent": {
                        "RowName": "Kill_WoolyZebra",
                        "DataTableName": "D_ExperienceEvents"
                    },
                    "GainedExperience": 0
                }
            }
        },
        {
            "Name": "Creature_LavaBlueback",
            "ExperienceEvents": {
                "XP_OnDeath": {
                    "ExperienceEvent": {
                        "RowName": "Kill_LavaBlueBack",
                        "DataTableName": "D_ExperienceEvents"
                    },
                    "GainedExperience": 0
                }
            }
        },
        {
            "Name": "Creature_ChamoisVarient",
            "ExperienceEvents": {
                "XP_OnDeath": {
                    "ExperienceEvent": {
                        "RowName": "Kill_ChamoisVarient",
                        "DataTableName": "D_ExperienceEvents"
                    },
                    "GainedExperience": 0
                }
            }
        },
        {
            "Name": "Creature_SwampBird",
            "ExperienceEvents": {
                "XP_OnDeath": {
                    "ExperienceEvent": {
                        "RowName": "Kill_SwampBird",
                        "DataTableName": "D_ExperienceEvents"
                    },
                    "GainedExperience": 0
                }
            }
        },
        {
            "Name": "Creature_SwampQuadruped",
            "ExperienceEvents": {
                "XP_OnDeath": {
                    "ExperienceEvent": {
                        "RowName": "Kill_SwampQuadraped",
                        "DataTableName": "D_ExperienceEvents"
                    },
                    "GainedExperience": 0
                }
            }
        },
        {
            "Name": "Creature_Horse",
            "ExperienceEvents": {
                "XP_OnDeath": {
                    "ExperienceEvent": {
                        "RowName": "Kill_Horse",
                        "DataTableName": "D_ExperienceEvents"
                    },
                    "GainedExperience": 0
                }
            }
        },
        {
            "Name": "Creature_BabyHorse",
            "ExperienceEvents": {
                "XP_OnDeath": {
                    "ExperienceEvent": {
                        "RowName": "Kill_BabyHorse",
                        "DataTableName": "D_ExperienceEvents"
                    },
                    "GainedExperience": 0
                }
            }
        },
        {
            "Name": "Creature_Tusker",
            "ExperienceEvents": {
                "XP_OnDeath": {
                    "ExperienceEvent": {
                        "RowName": "Kill_Tusker",
                        "DataTableName": "D_ExperienceEvents"
                    },
                    "GainedExperience": 0
                }
            }
        },
        {
            "Name": "Creature_BabyTusker",
            "ExperienceEvents": {
                "XP_OnDeath": {
                    "ExperienceEvent": {
                        "RowName": "Kill_BabyTusker",
                        "DataTableName": "D_ExperienceEvents"
                    },
                    "GainedExperience": 0
                }
            }
        },
        {
            "Name": "Creature_Cave_Bat",
            "ExperienceEvents": {
                "XP_OnDeath": {
                    "ExperienceEvent": {
                        "RowName": "Kill_Cave_Bat",
                        "DataTableName": "D_ExperienceEvents"
                    },
                    "GainedExperience": 0
                }
            }
        },
        {
            "Name": "Creature_Arctic_Bat",
            "ExperienceEvents": {
                "XP_OnDeath": {
                    "ExperienceEvent": {
                        "RowName": "Kill_Arctic_Bat",
                        "DataTableName": "D_ExperienceEvents"
                    },
                    "GainedExperience": 0
                }
            }
        },
        {
            "Name": "Creature_Hammerhead_Slug",
            "ExperienceEvents": {
                "XP_OnDeath": {
                    "ExperienceEvent": {
                        "RowName": "Kill_Slug",
                        "DataTableName": "D_ExperienceEvents"
                    },
                    "GainedExperience": 0
                }
            }
        },
        {
            "Name": "Creature_Bee",
            "ExperienceEvents": {
                "XP_OnDeath": {
                    "ExperienceEvent": {
                        "RowName": "Kill_Bee",
                        "DataTableName": "D_ExperienceEvents"
                    },
                    "GainedExperience": 0
                }
            }
        },
        {
            "Name": "Creature_MiniHippo",
            "ExperienceEvents": {
                "XP_OnDeath": {
                    "ExperienceEvent": {
                        "RowName": "Kill_MiniHippo",
                        "DataTableName": "D_ExperienceEvents"
                    },
                    "GainedExperience": 0
                }
            }
        },
        {
            "Name": "Creature_MangeWolf",
            "ExperienceEvents": {
                "XP_OnDeath": {
                    "ExperienceEvent": {
                        "RowName": "Kill_MangeWolf",
                        "DataTableName": "D_ExperienceEvents"
                    },
                    "GainedExperience": 0
                }
            }
        },
        {
            "Name": "Creature_Kiwi",
            "ExperienceEvents": {
                "XP_OnDeath": {
                    "ExperienceEvent": {
                        "RowName": "Kill_Kiwi",
                        "DataTableName": "D_ExperienceEvents"
                    },
                    "GainedExperience": 0
                }
            }
        },
        {
            "Name": "Creature_GhostCrocodile",
            "ExperienceEvents": {
                "XP_OnDeath": {
                    "ExperienceEvent": {
                        "RowName": "Kill_GhostCrocodile",
                        "DataTableName": "D_ExperienceEvents"
                    },
                    "GainedExperience": 0
                }
            }
        },
        {
            "Name": "Creature_Ape",
            "ExperienceEvents": {
                "XP_OnDeath": {
                    "ExperienceEvent": {
                        "RowName": "Kill_Ape",
                        "DataTableName": "D_ExperienceEvents"
                    },
                    "GainedExperience": 0
                }
            }
        },
        {
            "Name": "Creature_Landshark",
            "ExperienceEvents": {
                "XP_OnDeath": {
                    "ExperienceEvent": {
                        "RowName": "Kill_Landshark",
                        "DataTableName": "D_ExperienceEvents"
                    },
                    "GainedExperience": 0
                }
            }
        },
        {
            "Name": "Creature_Pet",
            "ExperienceEvents": {
                "XP_OnDeath": {
                    "ExperienceEvent": {
                        "RowName": "Kill_Pet",
                        "DataTableName": "D_ExperienceEvents"
                    },
                    "GainedExperience": 0
                }
            }
        }
    ]
}