{
    "RowStruct": "/Script/Icarus.FuelData",
    "Defaults": {
        "FlowType": "Consume",
        "AlwaysActive": false,
        "AutoActivate": false,
        "ResourceFlowRate": 1000,
        "bAllowPullingResourceFromInventory": false,
        "bAllowPushingResourceToInventory": false,
        "bStorageIsInFlowOnly": false,
        "BrownOutModifier": {
            "RowName": "None",
            "DataTableName": "D_ModifierStates"
        },
        "AutoShutoffFlowPercent": 0,
        "bAllowAutoRestart": false,
        "bIsOptional": false,
        "OptionalFlowType": {
            "RowName": "None",
            "DataTableName": "D_OptionalResourceFlows"
        }
    },
    "Rows": [
        {
            "Name": "Composter",
            "FlowType": "Produce",
            "AutoActivate": true,
            "ResourceFlowRate": 10
        },
        {
            "Name": "Generator",
            "ResourceFlowRate": 10
        }
    ]
}