{
    "RowStruct": "/Script/Icarus.BuildingSkin",
    "Defaults": {
        "BaseMeshMaterialSlotOverrides": {},
        "FrameMaterialSlotOverrides": {}
    },
    "GenerateEnum": false,
    "Rows": [
        {
            "Name": "Scoria_Frame",
            "BaseMeshMaterialSlotOverrides": {
                "0": "/Game/ASS/BLD/Stone/Frame_Stone/M_BLD_Frame_Stone_Scoria_A.M_BLD_Frame_Stone_Scoria_A",
                "1": "/Game/ASS/BLD/Stone/Frame_Stone/M_BLD_Frame_Stone_Scoria_B.M_BLD_Frame_Stone_Scoria_B"
            }
        },
        {
            "Name": "Scoria_Floor",
            "BaseMeshMaterialSlotOverrides": {
                "0": "/Game/ASS/BLD/Stone/Floor_Stone/M_BLD_Floor_Stone_Scoria_A.M_BLD_Floor_Stone_Scoria_A",
                "1": "/Game/ASS/BLD/Stone/Floor_Stone/M_BLD_Floor_Stone_Scoria_B.M_BLD_Floor_Stone_Scoria_B",
                "2": "/Game/ASS/BLD/Stone/Floor_Stone/M_BLD_Floor_Stone_Scoria_C.M_BLD_Floor_Stone_Scoria_C"
            }
        },
        {
            "Name": "Scoria_Beam_Diagonal",
            "BaseMeshMaterialSlotOverrides": {
                "0": "/Game/ASS/BLD/Stone/Beam_Diagonal_Stone/M_BLD_Beam_Diagonal_Stone_A_Scoria.M_BLD_Beam_Diagonal_Stone_A_Scoria"
            }
        },
        {
            "Name": "Scoria_Beam_Horizontal",
            "BaseMeshMaterialSlotOverrides": {
                "0": "/Game/ASS/BLD/Stone/Beam_Horizontal_Stone/M_BLD_Beam_Horizontal_Stone_A_Scoria.M_BLD_Beam_Horizontal_Stone_A_Scoria"
            }
        },
        {
            "Name": "Scoria_Beam_Vertical",
            "BaseMeshMaterialSlotOverrides": {
                "0": "/Game/ASS/BLD/Stone/Beam_Vertical_Stone/M_BLD_Beam_Vertical_Stone_A_Scoria.M_BLD_Beam_Vertical_Stone_A_Scoria"
            }
        },
        {
            "Name": "Scoria_Floor_Half",
            "BaseMeshMaterialSlotOverrides": {
                "0": "/Game/ASS/BLD/Stone/Floor_Half_Stone/M_BLD_Floor_Half_Stone_C_Scoria.M_BLD_Floor_Half_Stone_C_Scoria",
                "1": "/Game/ASS/BLD/Stone/Floor_Half_Stone/M_BLD_Floor_Half_Stone_Scoria_A.M_BLD_Floor_Half_Stone_Scoria_A",
                "2": "/Game/ASS/BLD/Stone/Floor_Half_Stone/M_BLD_Floor_Half_Stone_Scoria_B.M_BLD_Floor_Half_Stone_Scoria_B"
            }
        },
        {
            "Name": "Scoria_Floor_Quarter",
            "BaseMeshMaterialSlotOverrides": {
                "0": "/Game/ASS/BLD/Stone/Floor_Quarter_Stone/M_BLD_Floor_Quarter_Stone_Scoria_C.M_BLD_Floor_Quarter_Stone_Scoria_C",
                "1": "/Game/ASS/BLD/Stone/Floor_Quarter_Stone/M_BLD_Floor_Quarter_Stone_Scoria_A.M_BLD_Floor_Quarter_Stone_Scoria_A",
                "2": "/Game/ASS/BLD/Stone/Floor_Quarter_Stone/M_BLD_Floor_Quarter_Stone_Scoria_B.M_BLD_Floor_Quarter_Stone_Scoria_B"
            }
        },
        {
            "Name": "Scoria_Floor_TrapDoorHatch",
            "BaseMeshMaterialSlotOverrides": {
                "0": "/Game/ASS/BLD/Stone/Floor_TrapDoorHatch_Stone/M_BLD_Floor_TrapDoorHatch_Stone_Scoria_A.M_BLD_Floor_TrapDoorHatch_Stone_Scoria_A",
                "1": "/Game/ASS/BLD/Stone/Floor_TrapDoorHatch_Stone/M_BLD_Floor_TrapDoorHatch_Stone_Scoria_B.M_BLD_Floor_TrapDoorHatch_Stone_Scoria_B",
                "2": "/Game/ASS/BLD/Stone/Floor_TrapDoorHatch_Stone/M_BLD_Floor_TrapDoorHatch_Stone_Scoria_C.M_BLD_Floor_TrapDoorHatch_Stone_Scoria_C"
            }
        },
        {
            "Name": "Scoria_Ramp_Half",
            "BaseMeshMaterialSlotOverrides": {
                "0": "/Game/ASS/BLD/Stone/Ramp_Half_Stone/M_BLD_Ramp_Half_Stone_Scoria_B.M_BLD_Ramp_Half_Stone_Scoria_B",
                "1": "/Game/ASS/BLD/Stone/Ramp_Half_Stone/M_BLD_Ramp_Half_Stone_Scoria_C.M_BLD_Ramp_Half_Stone_Scoria_C",
                "2": "/Game/ASS/BLD/Stone/Ramp_Half_Stone/M_BLD_Ramp_Half_Stone_Scoria_A.M_BLD_Ramp_Half_Stone_Scoria_A"
            }
        },
        {
            "Name": "Scoria_Ramp",
            "BaseMeshMaterialSlotOverrides": {
                "0": "/Game/ASS/BLD/Stone/Ramp_Stone/M_BLD_Ramp_Stone_Scoria_A.M_BLD_Ramp_Stone_Scoria_A",
                "1": "/Game/ASS/BLD/Stone/Ramp_Stone/M_BLD_Ramp_Stone_Scoria_B.M_BLD_Ramp_Stone_Scoria_B",
                "2": "/Game/ASS/BLD/Stone/Ramp_Stone/M_BLD_Ramp_Stone_Scoria_C.M_BLD_Ramp_Stone_Scoria_C"
            }
        },
        {
            "Name": "Scoria_Roof_HalfPitch",
            "BaseMeshMaterialSlotOverrides": {
                "0": "/Game/ASS/BLD/Stone/Roof_HalfPitch_Stone/M_BLD_Roof_HalfPitch_Stone_Scoria_A.M_BLD_Roof_HalfPitch_Stone_Scoria_A"
            }
        },
        {
            "Name": "Scoria_Roof_Peak",
            "BaseMeshMaterialSlotOverrides": {
                "0": "/Game/ASS/BLD/Stone/Roof_Peak_Stone/M_BLD_Roof_Peak_Stone_Scoria_A.M_BLD_Roof_Peak_Stone_Scoria_A"
            }
        },
        {
            "Name": "Scoria_Roof_PyrimidHip_Single_Inverted_L",
            "BaseMeshMaterialSlotOverrides": {
                "0": "/Game/ASS/BLD/Stone/Roof_PyramidHip_Single_Inverted_Stone_L/M_BLD_Roof_PyramidHip_Single_Inverted_Stone_Scoria_L.M_BLD_Roof_PyramidHip_Single_Inverted_Stone_Scoria_L"
            }
        },
        {
            "Name": "Scoria_Roof_PyrimidHip_Single_Inverted_R",
            "BaseMeshMaterialSlotOverrides": {
                "0": "/Game/ASS/BLD/Stone/Roof_PyramidHip_Single_Inverted_Stone_R/M_BLD_Roof_PyramidHip_Single_Inverted_Stone_Scoria_R.M_BLD_Roof_PyramidHip_Single_Inverted_Stone_Scoria_R"
            }
        },
        {
            "Name": "Scoria_Roof_PyrimidHip_Single_L",
            "BaseMeshMaterialSlotOverrides": {
                "0": "/Game/ASS/BLD/Stone/Roof_PyramidHip_Single_Stone_L/M_BLD_Roof_PyramidHip_Single_Stone_Scoria_L.M_BLD_Roof_PyramidHip_Single_Stone_Scoria_L"
            }
        },
        {
            "Name": "Scoria_Roof_PyrimidHip_Single_R",
            "BaseMeshMaterialSlotOverrides": {
                "0": "/Game/ASS/BLD/Stone/Roof_PyramidHip_Single_Stone_R/M_BLD_Roof_PyramidHip_Single_Stone_Scoria_R.M_BLD_Roof_PyramidHip_Single_Stone_Scoria_R"
            }
        },
        {
            "Name": "Scoria_Roof",
            "BaseMeshMaterialSlotOverrides": {
                "0": "/Game/ASS/BLD/Stone/Roof_Stone/M_BLD_Roof_Stone_Scoria_A.M_BLD_Roof_Stone_Scoria_A"
            }
        },
        {
            "Name": "Scoria_RoofPeak_CapEnd",
            "BaseMeshMaterialSlotOverrides": {
                "0": "/Game/ASS/BLD/Stone/RoofPeak_CapEnd_Stone/M_BLD_RoofPeak_CapEnd_Stone_Scoria_A.M_BLD_RoofPeak_CapEnd_Stone_Scoria_A",
                "1": "/Game/ASS/BLD/Stone/RoofPeak_CapEnd_Stone/M_BLD_RoofPeak_CapEnd_Stone_Scoria_B.M_BLD_RoofPeak_CapEnd_Stone_Scoria_B"
            }
        },
        {
            "Name": "Scoria_Stairs",
            "BaseMeshMaterialSlotOverrides": {
                "0": "/Game/ASS/BLD/Stone/Stairs_Stone/M_BLD_Stairs_Stone_Scoria_A.M_BLD_Stairs_Stone_Scoria_A",
                "1": "/Game/ASS/BLD/Stone/Stairs_Stone/M_BLD_Stairs_Stone_Scoria_B.M_BLD_Stairs_Stone_Scoria_B"
            }
        },
        {
            "Name": "Scoria_Wall_Door_DBL_L",
            "BaseMeshMaterialSlotOverrides": {
                "0": "/Game/ASS/BLD/Stone/Wall_Door_DBL_Stone_L/M_BLD_Wall_Door_DBL_Stone_Scoria_L_A.M_BLD_Wall_Door_DBL_Stone_Scoria_L_A",
                "1": "/Game/ASS/BLD/Stone/Wall_Door_DBL_Stone_L/M_BLD_Wall_Door_DBL_Stone_Scoria_L_B.M_BLD_Wall_Door_DBL_Stone_Scoria_L_B"
            }
        },
        {
            "Name": "Scoria_Wall_Door_DBL_R",
            "BaseMeshMaterialSlotOverrides": {
                "0": "/Game/ASS/BLD/Stone/Wall_Door_DBL_Stone_R/M_BLD_Wall_Door_DBL_Stone_Scoria_R_A.M_BLD_Wall_Door_DBL_Stone_Scoria_R_A",
                "1": "/Game/ASS/BLD/Stone/Wall_Door_DBL_Stone_R/M_BLD_Wall_Door_DBL_Stone_Scoria_R_B.M_BLD_Wall_Door_DBL_Stone_Scoria_R_B"
            }
        },
        {
            "Name": "Scoria_Wall_Doorframe",
            "BaseMeshMaterialSlotOverrides": {
                "0": "/Game/ASS/BLD/Stone/Wall_Doorframe_Stone/M_BLD_Wall_Doorframe_Stone_Scoria_A.M_BLD_Wall_Doorframe_Stone_Scoria_A",
                "1": "/Game/ASS/BLD/Stone/Wall_Doorframe_Stone/M_BLD_Wall_Doorframe_Stone_Scoria_B.M_BLD_Wall_Doorframe_Stone_Scoria_B"
            }
        },
        {
            "Name": "Scoria_Wall_Half",
            "BaseMeshMaterialSlotOverrides": {
                "0": "/Game/ASS/BLD/Stone/Wall_Half_Stone/M_BLD_Wall_Half_Stone_A_2.M_BLD_Wall_Half_Stone_A_2",
                "1": "/Game/ASS/BLD/Stone/Wall_Half_Stone/M_BLD_Wall_Half_Stone_B_2.M_BLD_Wall_Half_Stone_B_2"
            }
        },
        {
            "Name": "Scoria_Wall_HalfPitch_Lower_L",
            "BaseMeshMaterialSlotOverrides": {
                "0": "/Game/ASS/BLD/Stone/Wall_HalfPitch_Lower_Stone_L/M_BLD_Wall_HalfPitch_Lower_Stone_Scoria_L_A.M_BLD_Wall_HalfPitch_Lower_Stone_Scoria_L_A",
                "1": "/Game/ASS/BLD/Stone/Wall_HalfPitch_Lower_Stone_L/M_BLD_Wall_HalfPitch_Lower_Stone_Scoria_L_B.M_BLD_Wall_HalfPitch_Lower_Stone_Scoria_L_B"
            }
        },
        {
            "Name": "Scoria_Wall_HalfPitch_Lower_R",
            "BaseMeshMaterialSlotOverrides": {
                "0": "/Game/ASS/BLD/Stone/Wall_HalfPitch_Lower_Stone_R/M_BLD_Wall_HalfPitch_Lower_Stone_Scoria_R_B.M_BLD_Wall_HalfPitch_Lower_Stone_Scoria_R_B",
                "1": "/Game/ASS/BLD/Stone/Wall_HalfPitch_Lower_Stone_R/M_BLD_Wall_HalfPitch_Lower_Stone_Scoria_R_A.M_BLD_Wall_HalfPitch_Lower_Stone_Scoria_R_A"
            }
        },
        {
            "Name": "Scoria_Wall_HalfPitch_Upper_L",
            "BaseMeshMaterialSlotOverrides": {
                "0": "/Game/ASS/BLD/Stone/Wall_HalfPitch_Upper_Stone_L/M_BLD_Wall_HalfPitch_Upper_Stone_Scoria_L_A.M_BLD_Wall_HalfPitch_Upper_Stone_Scoria_L_A",
                "1": "/Game/ASS/BLD/Stone/Wall_HalfPitch_Upper_Stone_L/M_BLD_Wall_HalfPitch_Upper_Stone_Scoria_L_B.M_BLD_Wall_HalfPitch_Upper_Stone_Scoria_L_B"
            }
        },
        {
            "Name": "Scoria_Wall_HalfPitch_Upper_R",
            "BaseMeshMaterialSlotOverrides": {
                "0": "/Game/ASS/BLD/Stone/Wall_HalfPitch_Upper_Stone_R/M_BLD_Wall_HalfPitch_Upper_Stone_Scoria_R_A.M_BLD_Wall_HalfPitch_Upper_Stone_Scoria_R_A",
                "1": "/Game/ASS/BLD/Stone/Wall_HalfPitch_Upper_Stone_R/M_BLD_Wall_HalfPitch_Upper_Stone_Scoria_R_B.M_BLD_Wall_HalfPitch_Upper_Stone_Scoria_R_B"
            }
        },
        {
            "Name": "Scoria_Wall_Solid",
            "BaseMeshMaterialSlotOverrides": {
                "0": "/Game/ASS/BLD/Stone/Wall_Solid_Stone/M_BLD_Wall_Solid_Stone_Scoria_A.M_BLD_Wall_Solid_Stone_Scoria_A"
            }
        },
        {
            "Name": "Scoria_Wall_Triangle_L",
            "BaseMeshMaterialSlotOverrides": {
                "0": "/Game/ASS/BLD/Stone/Wall_Triangle_Stone_L/M_BLD_Wall_Triangle_Stone_Scoria_L_A.M_BLD_Wall_Triangle_Stone_Scoria_L_A",
                "1": "/Game/ASS/BLD/Stone/Wall_Triangle_Stone_L/M_BLD_Wall_Triangle_Stone_Scoria_L_B.M_BLD_Wall_Triangle_Stone_Scoria_L_B"
            }
        },
        {
            "Name": "Scoria_Wall_Triangle_R",
            "BaseMeshMaterialSlotOverrides": {
                "0": "/Game/ASS/BLD/Stone/Wall_Triangle_Stone_R/M_BLD_Wall_Triangle_Stone_Scoria_R_A.M_BLD_Wall_Triangle_Stone_Scoria_R_A",
                "1": "/Game/ASS/BLD/Stone/Wall_Triangle_Stone_R/M_BLD_Wall_Triangle_Stone_Scoria_R_B.M_BLD_Wall_Triangle_Stone_Scoria_R_B"
            }
        },
        {
            "Name": "Scoria_Wall_Win_DBL_L",
            "BaseMeshMaterialSlotOverrides": {
                "0": "/Game/ASS/BLD/Stone/Wall_Win_DBL_Stone_L/M_BLD_Wall_Win_DBL_Stone_Scoria_L_A.M_BLD_Wall_Win_DBL_Stone_Scoria_L_A",
                "1": "/Game/ASS/BLD/Stone/Wall_Win_DBL_Stone_L/M_BLD_Wall_Win_DBL_Stone_Scoria_L_B.M_BLD_Wall_Win_DBL_Stone_Scoria_L_B"
            }
        },
        {
            "Name": "Scoria_Wall_Win_DBL_R",
            "BaseMeshMaterialSlotOverrides": {
                "0": "/Game/ASS/BLD/Stone/Wall_Win_DBL_Stone_R/M_BLD_Wall_Win_DBL_Stone_Scoria_R_B.M_BLD_Wall_Win_DBL_Stone_Scoria_R_B",
                "1": "/Game/ASS/BLD/Stone/Wall_Win_DBL_Stone_R/M_BLD_Wall_Win_DBL_Stone_Scoria_R_A.M_BLD_Wall_Win_DBL_Stone_Scoria_R_A"
            }
        },
        {
            "Name": "Scoria_Wall_Windowframe",
            "BaseMeshMaterialSlotOverrides": {
                "0": "/Game/ASS/BLD/Stone/Wall_Windowframe_Stone/M_BLD_Wall_Windowframe_Stone_Scoria_B.M_BLD_Wall_Windowframe_Stone_Scoria_B",
                "1": "/Game/ASS/BLD/Stone/Wall_Windowframe_Stone/M_BLD_Wall_Windowframe_Stone_Scoria_A.M_BLD_Wall_Windowframe_Stone_Scoria_A"
            }
        },
        {
            "Name": "Scoria_Brick_Floor",
            "BaseMeshMaterialSlotOverrides": {
                "0": "/Game/ASS/BLD/Brick/Floor_Brick/M_BLD_Floor_Brick_1_Scoria.M_BLD_Floor_Brick_1_Scoria",
                "1": "/Game/ASS/BLD/Brick/Floor_Brick/M_BLD_Floor_Brick_Cement_Scoria.M_BLD_Floor_Brick_Cement_Scoria",
                "2": "/Game/ASS/BLD/Brick/Floor_Brick/M_BLD_Floor_Brick_2_Scoria.M_BLD_Floor_Brick_2_Scoria"
            }
        },
        {
            "Name": "Scoria_Brick_Beam_Diagonal",
            "BaseMeshMaterialSlotOverrides": {
                "0": "/Game/ASS/BLD/Brick/BeamDiagonal_Brick/M_BLD_BeamDiagonal_Brick_Scoria.M_BLD_BeamDiagonal_Brick_Scoria",
                "1": "/Game/ASS/BLD/Brick/BeamDiagonal_Brick/M_BLD_BeamDiagonal_Brick_Cement_Scoria.M_BLD_BeamDiagonal_Brick_Cement_Scoria"
            }
        },
        {
            "Name": "Scoria_Brick_Beam_Horizontal",
            "BaseMeshMaterialSlotOverrides": {
                "0": "/Game/ASS/BLD/Brick/BeamHorizontal_Brick/M_BLD_BeamHorizontal_Brick_Scoria.M_BLD_BeamHorizontal_Brick_Scoria",
                "1": "/Game/ASS/BLD/Brick/BeamHorizontal_Brick/M_BLD_BeamHorizontal_Brick_Cement_Scoria.M_BLD_BeamHorizontal_Brick_Cement_Scoria"
            }
        },
        {
            "Name": "Scoria_Brick_Beam_Vertical",
            "BaseMeshMaterialSlotOverrides": {
                "0": "/Game/ASS/BLD/Brick/BeamVertical_Brick/M_BLD_BeamVertical_Brick_Scoria.M_BLD_BeamVertical_Brick_Scoria",
                "1": "/Game/ASS/BLD/Brick/BeamVertical_Brick/M_BLD_BeamVertical_Brick_Cement_Scoria.M_BLD_BeamVertical_Brick_Cement_Scoria"
            }
        },
        {
            "Name": "Scoria_Brick_Floor_Half",
            "BaseMeshMaterialSlotOverrides": {
                "0": "/Game/ASS/BLD/Brick/Floor_Half_Brick/M_BLD_Floor_Half_Brick_2_Scoria.M_BLD_Floor_Half_Brick_2_Scoria",
                "1": "/Game/ASS/BLD/Brick/Floor_Half_Brick/M_BLD_Floor_Half_Brick_Cement_Scoria.M_BLD_Floor_Half_Brick_Cement_Scoria",
                "2": "/Game/ASS/BLD/Brick/Floor_Half_Brick/M_BLD_Floor_Half_Brick_1_Scoria.M_BLD_Floor_Half_Brick_1_Scoria"
            }
        },
        {
            "Name": "Scoria_Brick_Floor_Quarter",
            "BaseMeshMaterialSlotOverrides": {
                "0": "/Game/ASS/BLD/Brick/Floor_Quarter_Brick/M_BLD_Floor_Quarter_Brick_2_Scoria.M_BLD_Floor_Quarter_Brick_2_Scoria",
                "1": "/Game/ASS/BLD/Brick/Floor_Quarter_Brick/M_BLD_Floor_Quarter_Brick_Cement_Scoria.M_BLD_Floor_Quarter_Brick_Cement_Scoria",
                "2": "/Game/ASS/BLD/Brick/Floor_Quarter_Brick/M_BLD_Floor_Quarter_Brick_1_Scoria.M_BLD_Floor_Quarter_Brick_1_Scoria"
            }
        },
        {
            "Name": "Scoria_Brick_Floor_TrapDoorHatch",
            "BaseMeshMaterialSlotOverrides": {
                "0": "/Game/ASS/BLD/Brick/Floor_TrapDoor_Brick/M_BLD_Floor_TrapDoor_Brick_2_Scoria.M_BLD_Floor_TrapDoor_Brick_2_Scoria",
                "1": "/Game/ASS/BLD/Brick/Floor_TrapDoor_Brick/M_BLD_Floor_TrapDoor_Brick_Cement_Scoria.M_BLD_Floor_TrapDoor_Brick_Cement_Scoria",
                "2": "/Game/ASS/BLD/Brick/Floor_TrapDoor_Brick/M_BLD_Floor_TrapDoor_Brick_1_Scoria.M_BLD_Floor_TrapDoor_Brick_1_Scoria"
            }
        },
        {
            "Name": "Scoria_Brick_Ramp_Half",
            "BaseMeshMaterialSlotOverrides": {
                "0": "/Game/ASS/BLD/Brick/Ramp_Half_Brick/M_BLD_Ramp_Half_Brick_2_Scoria.M_BLD_Ramp_Half_Brick_2_Scoria",
                "1": "/Game/ASS/BLD/Brick/Ramp_Half_Brick/M_BLD_Ramp_Half_Brick_1_Scoria.M_BLD_Ramp_Half_Brick_1_Scoria",
                "2": "/Game/ASS/BLD/Brick/Ramp_Half_Brick/M_BLD_Ramp_Half_Brick_Cement_Scoria.M_BLD_Ramp_Half_Brick_Cement_Scoria"
            }
        },
        {
            "Name": "Scoria_Brick_Ramp",
            "BaseMeshMaterialSlotOverrides": {
                "0": "/Game/ASS/BLD/Brick/Ramp_Brick/M_BLD_Ramp_Brick_1_Scoria.M_BLD_Ramp_Brick_1_Scoria",
                "1": "/Game/ASS/BLD/Brick/Ramp_Brick/M_BLD_Ramp_Brick_Cement_Scoria.M_BLD_Ramp_Brick_Cement_Scoria",
                "2": "/Game/ASS/BLD/Brick/Ramp_Brick/M_BLD_Ramp_Brick_2_Scoria.M_BLD_Ramp_Brick_2_Scoria"
            }
        },
        {
            "Name": "Scoria_Brick_Roof_HalfPitch",
            "BaseMeshMaterialSlotOverrides": {
                "0": "/Game/ASS/BLD/Brick/Roof_HalfPitch_Brick/M_BLD_Roof_HalfPitch_Brick_2_Scoria.M_BLD_Roof_HalfPitch_Brick_2_Scoria"
            }
        },
        {
            "Name": "Scoria_Brick_Roof_Peak",
            "BaseMeshMaterialSlotOverrides": {
                "0": "/Game/ASS/BLD/Brick/Roof_Peak_Brick/M_BLD_Roof_Peak_Brick_2_Scoria.M_BLD_Roof_Peak_Brick_2_Scoria"
            }
        },
        {
            "Name": "Scoria_Brick_Roof_PyrimidHip_Single_Inverted_L",
            "BaseMeshMaterialSlotOverrides": {
                "0": "/Game/ASS/BLD/Brick/Roof_PyramidHip_Single_Brick_Inverted_L/M_BLD_Roof_PyramidHip_Single_Brick_Inverted_L_2_Scoria.M_BLD_Roof_PyramidHip_Single_Brick_Inverted_L_2_Scoria"
            }
        },
        {
            "Name": "Scoria_Brick_Roof_PyrimidHip_Single_Inverted_R",
            "BaseMeshMaterialSlotOverrides": {
                "0": "/Game/ASS/BLD/Brick/Roof_PyramidHip_Single_Brick_Inverted_R/M_BLD_Roof_PyramidHip_Single_Brick_Inverted_R_2_Scoria.M_BLD_Roof_PyramidHip_Single_Brick_Inverted_R_2_Scoria"
            }
        },
        {
            "Name": "Scoria_Brick_Roof_PyrimidHip_Single_L",
            "BaseMeshMaterialSlotOverrides": {
                "0": "/Game/ASS/BLD/Brick/Roof_PyramidHip_Single_Brick_L/M_BLD_Roof_PyramidHip_Single_Brick_L_2_Scoria.M_BLD_Roof_PyramidHip_Single_Brick_L_2_Scoria"
            }
        },
        {
            "Name": "Scoria_Brick_Roof_PyrimidHip_Single_R",
            "BaseMeshMaterialSlotOverrides": {
                "0": "/Game/ASS/BLD/Brick/Roof_PyramidHip_Single_Brick_R/M_BLD_Roof_PyramidHip_Single_Brick_R_2_Scoria.M_BLD_Roof_PyramidHip_Single_Brick_R_2_Scoria"
            }
        },
        {
            "Name": "Scoria_Brick_Roof",
            "BaseMeshMaterialSlotOverrides": {
                "0": "/Game/ASS/BLD/Brick/Roof_Brick/M_BLD_Roof_Brick_2_Scoria.M_BLD_Roof_Brick_2_Scoria"
            }
        },
        {
            "Name": "Scoria_Brick_RoofPeak_CapEnd",
            "BaseMeshMaterialSlotOverrides": {
                "0": "/Game/ASS/BLD/Brick/RoofPeak_CapEnd_Brick/M_BLD_Roof_Peak_CapEnd_Brick_Cement_Scoria.M_BLD_Roof_Peak_CapEnd_Brick_Cement_Scoria",
                "1": "/Game/ASS/BLD/Brick/RoofPeak_CapEnd_Brick/M_BLD_Roof_Peak_CapEnd_Brick_1_Scoria.M_BLD_Roof_Peak_CapEnd_Brick_1_Scoria",
                "2": "/Game/ASS/BLD/Brick/RoofPeak_CapEnd_Brick/M_BLD_Roof_Peak_CapEnd_Brick_2_Scoria.M_BLD_Roof_Peak_CapEnd_Brick_2_Scoria"
            }
        },
        {
            "Name": "Scoria_Brick_Stairs",
            "BaseMeshMaterialSlotOverrides": {
                "0": "/Game/ASS/BLD/Brick/Stairs_Brick/M_BLD_Stairs_Brick_1_Scoria.M_BLD_Stairs_Brick_1_Scoria",
                "1": "/Game/ASS/BLD/Brick/Stairs_Brick/M_BLD_Stairs_Brick_Cement_Scoria.M_BLD_Stairs_Brick_Cement_Scoria",
                "2": "/Game/ASS/BLD/Brick/Stairs_Brick/M_BLD_Stairs_Brick_2_Scoria.M_BLD_Stairs_Brick_2_Scoria"
            }
        },
        {
            "Name": "Scoria_Brick_Wall_Door_DBL_L",
            "BaseMeshMaterialSlotOverrides": {
                "0": "/Game/ASS/BLD/Brick/Wall_Door_DBL_Brick_L/M_BLD_Wall_Door_DBL_Brick_L_Cement_Scoria.M_BLD_Wall_Door_DBL_Brick_L_Cement_Scoria",
                "1": "/Game/ASS/BLD/Brick/Wall_Door_DBL_Brick_L/M_BLD_Wall_Door_DBL_Brick_L_1_Scoria.M_BLD_Wall_Door_DBL_Brick_L_1_Scoria",
                "2": "/Game/ASS/BLD/Brick/Wall_Door_DBL_Brick_L/M_BLD_Wall_Door_DBL_Brick_L_2_Scoria.M_BLD_Wall_Door_DBL_Brick_L_2_Scoria"
            }
        },
        {
            "Name": "Scoria_Brick_Wall_Door_DBL_R",
            "BaseMeshMaterialSlotOverrides": {
                "0": "/Game/ASS/BLD/Brick/Wall_Door_DBL_Brick_R/M_BLD_Wall_Door_DBL_Brick_R_2_Scoria.M_BLD_Wall_Door_DBL_Brick_R_2_Scoria",
                "1": "/Game/ASS/BLD/Brick/Wall_Door_DBL_Brick_R/M_BLD_Wall_Door_DBL_Brick_R_1_Scoria.M_BLD_Wall_Door_DBL_Brick_R_1_Scoria",
                "2": "/Game/ASS/BLD/Brick/Wall_Door_DBL_Brick_R/M_BLD_Wall_Door_DBL_Brick_R_Cement_Scoria.M_BLD_Wall_Door_DBL_Brick_R_Cement_Scoria"
            }
        },
        {
            "Name": "Scoria_Brick_Wall_Doorframe",
            "BaseMeshMaterialSlotOverrides": {
                "0": "/Game/ASS/BLD/Brick/Wall_Door_Brick/M_BLD_Wall_Door_Brick_2_Scoria.M_BLD_Wall_Door_Brick_2_Scoria",
                "1": "/Game/ASS/BLD/Brick/Wall_Door_Brick/M_BLD_Wall_Door_Brick_1_Scoria.M_BLD_Wall_Door_Brick_1_Scoria",
                "2": "/Game/ASS/BLD/Brick/Wall_Door_Brick/M_BLD_Wall_Door_Brick_Cement_Scoria.M_BLD_Wall_Door_Brick_Cement_Scoria"
            }
        },
        {
            "Name": "Scoria_Brick_Wall_Half",
            "BaseMeshMaterialSlotOverrides": {
                "0": "/Game/ASS/BLD/Brick/Wall_Half_Brick/M_BLD_Wall_Half_Brick_1_Scoria.M_BLD_Wall_Half_Brick_1_Scoria",
                "1": "/Game/ASS/BLD/Brick/Wall_Half_Brick/M_BLD_Wall_Half_Brick_2_Scoria.M_BLD_Wall_Half_Brick_2_Scoria",
                "2": "/Game/ASS/BLD/Brick/Wall_Half_Brick/M_BLD_Wall_Half_Brick_Cement_Scoria.M_BLD_Wall_Half_Brick_Cement_Scoria"
            }
        },
        {
            "Name": "Scoria_Brick_Wall_HalfPitch_Lower_L",
            "BaseMeshMaterialSlotOverrides": {
                "0": "/Game/ASS/BLD/Brick/Wall_HalfPitch_Lower_Brick_L/M_BLD_Wall_HalfPitch_Lower_Brick_L_Cement_Scoria.M_BLD_Wall_HalfPitch_Lower_Brick_L_Cement_Scoria",
                "1": "/Game/ASS/BLD/Brick/Wall_HalfPitch_Lower_Brick_L/M_BLD_Wall_HalfPitch_Lower_Brick_L_1_Scoria.M_BLD_Wall_HalfPitch_Lower_Brick_L_1_Scoria",
                "2": "/Game/ASS/BLD/Brick/Wall_HalfPitch_Lower_Brick_L/M_BLD_Wall_HalfPitch_Lower_Brick_L_2_Scoria.M_BLD_Wall_HalfPitch_Lower_Brick_L_2_Scoria"
            }
        },
        {
            "Name": "Scoria_Brick_Wall_HalfPitch_Lower_R",
            "BaseMeshMaterialSlotOverrides": {
                "0": "/Game/ASS/BLD/Brick/Wall_HalfPitch_Lower_Brick_R/M_BLD_Wall_HalfPitch_Lower_Brick_R_Cement_Scoria.M_BLD_Wall_HalfPitch_Lower_Brick_R_Cement_Scoria",
                "1": "/Game/ASS/BLD/Brick/Wall_HalfPitch_Lower_Brick_R/M_BLD_Wall_HalfPitch_Lower_Brick_R_1_Scoria.M_BLD_Wall_HalfPitch_Lower_Brick_R_1_Scoria",
                "2": "/Game/ASS/BLD/Brick/Wall_HalfPitch_Lower_Brick_R/M_BLD_Wall_HalfPitch_Lower_Brick_R_2_Scoria.M_BLD_Wall_HalfPitch_Lower_Brick_R_2_Scoria"
            }
        },
        {
            "Name": "Scoria_Brick_Wall_HalfPitch_Upper_L",
            "BaseMeshMaterialSlotOverrides": {
                "0": "/Game/ASS/BLD/Brick/Wall_HalfPitch_Upper_Brick_L/M_BLD_Wall_HalfPitch_Upper_Brick_L_1_Scoria.M_BLD_Wall_HalfPitch_Upper_Brick_L_1_Scoria",
                "1": "/Game/ASS/BLD/Brick/Wall_HalfPitch_Upper_Brick_L/M_BLD_Wall_HalfPitch_Upper_Brick_L_Cement_Scoria.M_BLD_Wall_HalfPitch_Upper_Brick_L_Cement_Scoria",
                "2": "/Game/ASS/BLD/Brick/Wall_HalfPitch_Upper_Brick_L/M_BLD_Wall_HalfPitch_Upper_Brick_L_2_Scoria.M_BLD_Wall_HalfPitch_Upper_Brick_L_2_Scoria"
            }
        },
        {
            "Name": "Scoria_Brick_Wall_HalfPitch_Upper_R",
            "BaseMeshMaterialSlotOverrides": {
                "0": "/Game/ASS/BLD/Brick/Wall_HalfPitch_Upper_Brick_R/M_BLD_Wall_HalfPitch_Upper_Brick_R_1_Scoria.M_BLD_Wall_HalfPitch_Upper_Brick_R_1_Scoria",
                "1": "/Game/ASS/BLD/Brick/Wall_HalfPitch_Upper_Brick_R/M_BLD_Wall_HalfPitch_Upper_Brick_R_Cement_Scoria.M_BLD_Wall_HalfPitch_Upper_Brick_R_Cement_Scoria",
                "2": "/Game/ASS/BLD/Brick/Wall_HalfPitch_Upper_Brick_R/M_BLD_Wall_HalfPitch_Upper_Brick_R_2_Scoria.M_BLD_Wall_HalfPitch_Upper_Brick_R_2_Scoria"
            }
        },
        {
            "Name": "Scoria_Brick_Wall_Solid",
            "BaseMeshMaterialSlotOverrides": {
                "0": "/Game/ASS/BLD/Brick/Wall_Brick/M_BLD_Wall_Brick_L_1_Scoria.M_BLD_Wall_Brick_L_1_Scoria",
                "1": "/Game/ASS/BLD/Brick/Wall_Brick/M_BLD_Wall_Brick_L_2_Scoria.M_BLD_Wall_Brick_L_2_Scoria",
                "2": "/Game/ASS/BLD/Brick/Wall_Brick/M_BLD_Wall_Brick_L_Cement_Scoria.M_BLD_Wall_Brick_L_Cement_Scoria"
            }
        },
        {
            "Name": "Scoria_Brick_Wall_Triangle_L",
            "BaseMeshMaterialSlotOverrides": {
                "0": "/Game/ASS/BLD/Brick/Wall_Triangle_Brick_L/M_BLD_Wall_Triangle_Brick_L_Cement_Scoria.M_BLD_Wall_Triangle_Brick_L_Cement_Scoria",
                "1": "/Game/ASS/BLD/Brick/Wall_Triangle_Brick_L/M_BLD_Wall_Triangle_Brick_L_1_Scoria.M_BLD_Wall_Triangle_Brick_L_1_Scoria",
                "2": "/Game/ASS/BLD/Brick/Wall_Triangle_Brick_L/M_BLD_Wall_Triangle_Brick_L_2_Scoria.M_BLD_Wall_Triangle_Brick_L_2_Scoria"
            }
        },
        {
            "Name": "Scoria_Brick_Wall_Triangle_R",
            "BaseMeshMaterialSlotOverrides": {
                "0": "/Game/ASS/BLD/Brick/Wall_Triangle_Brick_R/M_BLD_Wall_Triangle_Brick_R_Cement_Scoria.M_BLD_Wall_Triangle_Brick_R_Cement_Scoria",
                "1": "/Game/ASS/BLD/Brick/Wall_Triangle_Brick_R/M_BLD_Wall_Triangle_Brick_R_1_Scoria.M_BLD_Wall_Triangle_Brick_R_1_Scoria",
                "2": "/Game/ASS/BLD/Brick/Wall_Triangle_Brick_R/M_BLD_Wall_Triangle_Brick_R_2_Scoria.M_BLD_Wall_Triangle_Brick_R_2_Scoria"
            }
        },
        {
            "Name": "Scoria_Brick_Wall_Win_DBL_L",
            "BaseMeshMaterialSlotOverrides": {
                "0": "/Game/ASS/BLD/Brick/Wall_Win_DBL_Brick_L/M_BLD_Wall_Win_DBL_Brick_L_2_Scoria.M_BLD_Wall_Win_DBL_Brick_L_2_Scoria",
                "1": "/Game/ASS/BLD/Brick/Wall_Win_DBL_Brick_L/M_BLD_Wall_Win_DBL_Brick_L_Cement_Scoria.M_BLD_Wall_Win_DBL_Brick_L_Cement_Scoria",
                "2": "/Game/ASS/BLD/Brick/Wall_Win_DBL_Brick_L/M_BLD_Wall_Win_DBL_Brick_L_1_Scoria.M_BLD_Wall_Win_DBL_Brick_L_1_Scoria"
            }
        },
        {
            "Name": "Scoria_Brick_Wall_Win_DBL_R",
            "BaseMeshMaterialSlotOverrides": {
                "0": "/Game/ASS/BLD/Brick/Wall_Win_DBL_Brick_R/M_BLD_Wall_Win_DBL_Brick_R_2_Scoria.M_BLD_Wall_Win_DBL_Brick_R_2_Scoria",
                "1": "/Game/ASS/BLD/Brick/Wall_Win_DBL_Brick_R/M_BLD_Wall_Win_DBL_Brick_R_1_Scoria.M_BLD_Wall_Win_DBL_Brick_R_1_Scoria",
                "2": "/Game/ASS/BLD/Brick/Wall_Win_DBL_Brick_R/M_BLD_Wall_Win_DBL_Brick_R_Cement.M_BLD_Wall_Win_DBL_Brick_R_Cement"
            }
        },
        {
            "Name": "Scoria_Brick_Wall_Windowframe",
            "BaseMeshMaterialSlotOverrides": {
                "0": "/Game/ASS/BLD/Brick/Wall_Window_Brick/M_BLD_Wall_Window_Brick_2_Scoria.M_BLD_Wall_Window_Brick_2_Scoria",
                "1": "/Game/ASS/BLD/Brick/Wall_Window_Brick/M_BLD_Wall_Window_Brick_1_Scoria.M_BLD_Wall_Window_Brick_1_Scoria",
                "2": "/Game/ASS/BLD/Brick/Wall_Window_Brick/M_BLD_Wall_Window_Brick_Cement_Scoria.M_BLD_Wall_Window_Brick_Cement_Scoria"
            }
        },
        {
            "Name": "Scoria_Brick_Frame_Pillar"
        },
        {
            "Name": "Scoria_Frame_Pillar"
        },
        {
            "Name": "Scoria_Frame_HalfFrame"
        },
        {
            "Name": "Scoria_Ramp_RoofPeak_Connector"
        },
        {
            "Name": "Scoria_Brick_Ramp_RoofPeak_Connector"
        },
        {
            "Name": "Scoria_Ramp_RoofPeak_Cap"
        },
        {
            "Name": "Scoria_Brick_Ramp_RoofPeak_Cap"
        },
        {
            "Name": "Ice_Floor",
            "BaseMeshMaterialSlotOverrides": {
                "0": "/Game/ASS/BLD/Stone/Floor_Stone/M_BLD_Floor_Ice_A.M_BLD_Floor_Ice_A",
                "1": "/Game/ASS/BLD/Stone/Floor_Stone/M_BLD_Floor_Ice_B.M_BLD_Floor_Ice_B",
                "2": "/Game/ASS/BLD/Stone/Floor_Stone/M_BLD_Floor_Ice_C.M_BLD_Floor_Ice_C"
            }
        },
        {
            "Name": "Ice_Beam_Diagonal",
            "BaseMeshMaterialSlotOverrides": {
                "0": "/Game/ASS/BLD/Stone/Beam_Diagonal_Stone/M_BLD_Beam_Diagonal_Ice_A.M_BLD_Beam_Diagonal_Ice_A"
            }
        },
        {
            "Name": "Ice_Beam_Horizontal",
            "BaseMeshMaterialSlotOverrides": {
                "0": "/Game/ASS/BLD/Stone/Beam_Horizontal_Stone/M_BLD_Beam_Horizontal_Ice_A.M_BLD_Beam_Horizontal_Ice_A"
            }
        },
        {
            "Name": "Ice_Beam_Vertical",
            "BaseMeshMaterialSlotOverrides": {
                "0": "/Game/ASS/BLD/Stone/Beam_Vertical_Stone/M_BLD_Beam_Vertical_Ice_A.M_BLD_Beam_Vertical_Ice_A"
            }
        },
        {
            "Name": "Ice_Floor_Half",
            "BaseMeshMaterialSlotOverrides": {
                "0": "/Game/ASS/BLD/Stone/Floor_Half_Stone/M_BLD_Floor_Half_Ice_C.M_BLD_Floor_Half_Ice_C",
                "1": "/Game/ASS/BLD/Stone/Floor_Half_Stone/M_BLD_Floor_Half_Ice_A.M_BLD_Floor_Half_Ice_A",
                "2": "/Game/ASS/BLD/Stone/Floor_Half_Stone/M_BLD_Floor_Half_Ice_B.M_BLD_Floor_Half_Ice_B"
            }
        },
        {
            "Name": "Ice_Floor_Quarter",
            "BaseMeshMaterialSlotOverrides": {
                "0": "/Game/ASS/BLD/Stone/Floor_Quarter_Stone/M_BLD_Floor_Quarter_Ice_C.M_BLD_Floor_Quarter_Ice_C",
                "1": "/Game/ASS/BLD/Stone/Floor_Quarter_Stone/M_BLD_Floor_Quarter_Ice_A.M_BLD_Floor_Quarter_Ice_A",
                "2": "/Game/ASS/BLD/Stone/Floor_Quarter_Stone/M_BLD_Floor_Quarter_Ice_B.M_BLD_Floor_Quarter_Ice_B"
            }
        },
        {
            "Name": "Ice_Floor_TrapDoorHatch",
            "BaseMeshMaterialSlotOverrides": {
                "0": "/Game/ASS/BLD/Stone/Floor_TrapDoorHatch_Stone/M_BLD_Floor_TrapDoorHatch_Ice_C.M_BLD_Floor_TrapDoorHatch_Ice_C",
                "1": "/Game/ASS/BLD/Stone/Floor_TrapDoorHatch_Stone/M_BLD_Floor_TrapDoorHatch_Ice_B.M_BLD_Floor_TrapDoorHatch_Ice_B",
                "2": "/Game/ASS/BLD/Stone/Floor_TrapDoorHatch_Stone/M_BLD_Floor_TrapDoorHatch_Ice_A.M_BLD_Floor_TrapDoorHatch_Ice_A"
            }
        },
        {
            "Name": "Ice_Ramp_Half",
            "BaseMeshMaterialSlotOverrides": {
                "0": "/Game/ASS/BLD/Stone/Ramp_Half_Stone/M_BLD_Ramp_Half_Ice_B.M_BLD_Ramp_Half_Ice_B",
                "1": "/Game/ASS/BLD/Stone/Ramp_Half_Stone/M_BLD_Ramp_Half_Ice_C.M_BLD_Ramp_Half_Ice_C",
                "2": "/Game/ASS/BLD/Stone/Ramp_Half_Stone/M_BLD_Ramp_Half_Ice_A.M_BLD_Ramp_Half_Ice_A"
            }
        },
        {
            "Name": "Ice_Ramp",
            "BaseMeshMaterialSlotOverrides": {
                "0": "/Game/ASS/BLD/Stone/Ramp_Stone/M_BLD_Ramp_Ice_A.M_BLD_Ramp_Ice_A",
                "1": "/Game/ASS/BLD/Stone/Ramp_Stone/M_BLD_Ramp_Ice_B.M_BLD_Ramp_Ice_B",
                "2": "/Game/ASS/BLD/Stone/Ramp_Stone/M_BLD_Ramp_Ice_C.M_BLD_Ramp_Ice_C"
            }
        },
        {
            "Name": "Ice_Roof_HalfPitch",
            "BaseMeshMaterialSlotOverrides": {
                "0": "/Game/ASS/BLD/Stone/Roof_HalfPitch_Stone/M_BLD_Roof_HalfPitch_Ice_A.M_BLD_Roof_HalfPitch_Ice_A",
                "1": "/Game/ASS/BLD/Stone/M_BLD_Stone_Kit_D_MAS_Ice.M_BLD_Stone_Kit_D_MAS_Ice"
            }
        },
        {
            "Name": "Ice_Roof_Peak",
            "BaseMeshMaterialSlotOverrides": {
                "0": "/Game/ASS/BLD/Stone/Roof_Peak_Stone/M_BLD_Roof_Peak_Ice_A.M_BLD_Roof_Peak_Ice_A",
                "1": "/Game/ASS/BLD/Stone/M_BLD_Stone_Kit_D_MAS_Ice.M_BLD_Stone_Kit_D_MAS_Ice"
            }
        },
        {
            "Name": "Ice_Roof_PyrimidHip_Single_Inverted_L",
            "BaseMeshMaterialSlotOverrides": {
                "0": "/Game/ASS/BLD/Stone/Roof_PyramidHip_Single_Stone_L/M_BLD_Roof_PyramidHip_Single_Ice_L.M_BLD_Roof_PyramidHip_Single_Ice_L",
                "1": "/Game/ASS/BLD/Stone/M_BLD_Stone_Kit_D_MAS_Ice.M_BLD_Stone_Kit_D_MAS_Ice"
            }
        },
        {
            "Name": "Ice_Roof_PyrimidHip_Single_Inverted_R",
            "BaseMeshMaterialSlotOverrides": {
                "0": "/Game/ASS/BLD/Stone/Roof_PyramidHip_Single_Stone_R/M_BLD_Roof_PyramidHip_Single_Ice_R.M_BLD_Roof_PyramidHip_Single_Ice_R",
                "1": "/Game/ASS/BLD/Stone/M_BLD_Stone_Kit_D_MAS_Ice.M_BLD_Stone_Kit_D_MAS_Ice"
            }
        },
        {
            "Name": "Ice_Roof_PyrimidHip_Single_L",
            "BaseMeshMaterialSlotOverrides": {
                "0": "/Game/ASS/BLD/Stone/Roof_PyramidHip_Single_Stone_L/M_BLD_Roof_PyramidHip_Single_Ice_L.M_BLD_Roof_PyramidHip_Single_Ice_L",
                "1": "/Game/ASS/BLD/Stone/M_BLD_Stone_Kit_D_MAS_Ice.M_BLD_Stone_Kit_D_MAS_Ice"
            }
        },
        {
            "Name": "Ice_Roof_PyrimidHip_Single_R",
            "BaseMeshMaterialSlotOverrides": {
                "0": "/Game/ASS/BLD/Stone/Roof_PyramidHip_Single_Stone_R/M_BLD_Roof_PyramidHip_Single_Ice_R.M_BLD_Roof_PyramidHip_Single_Ice_R",
                "1": "/Game/ASS/BLD/Stone/M_BLD_Stone_Kit_D_MAS_Ice.M_BLD_Stone_Kit_D_MAS_Ice"
            }
        },
        {
            "Name": "Ice_Roof",
            "BaseMeshMaterialSlotOverrides": {
                "0": "/Game/ASS/BLD/Stone/Roof_Stone/M_BLD_Roof_Ice_A.M_BLD_Roof_Ice_A",
                "1": "/Game/ASS/BLD/Stone/M_BLD_Stone_Kit_D_MAS_Ice.M_BLD_Stone_Kit_D_MAS_Ice"
            }
        },
        {
            "Name": "Ice_RoofPeak_CapEnd",
            "BaseMeshMaterialSlotOverrides": {
                "0": "/Game/ASS/BLD/Stone/RoofPeak_CapEnd_Stone/M_BLD_RoofPeak_CapEnd_Ice_A.M_BLD_RoofPeak_CapEnd_Ice_A",
                "1": "/Game/ASS/BLD/Stone/RoofPeak_CapEnd_Stone/M_BLD_RoofPeak_CapEnd_Ice_B.M_BLD_RoofPeak_CapEnd_Ice_B"
            }
        },
        {
            "Name": "Ice_Stairs",
            "BaseMeshMaterialSlotOverrides": {
                "0": "/Game/ASS/BLD/Stone/Stairs_Stone/M_BLD_Stairs_Ice_A.M_BLD_Stairs_Ice_A",
                "1": "/Game/ASS/BLD/Stone/Stairs_Stone/M_BLD_Stairs_Ice_B.M_BLD_Stairs_Ice_B"
            }
        },
        {
            "Name": "Ice_Wall_Door_DBL_L",
            "BaseMeshMaterialSlotOverrides": {
                "0": "/Game/ASS/BLD/Stone/Wall_Door_DBL_Stone_L/M_BLD_Wall_Door_DBL_Ice_L_A.M_BLD_Wall_Door_DBL_Ice_L_A",
                "1": "/Game/ASS/BLD/Stone/Wall_Door_DBL_Stone_L/M_BLD_Wall_Door_DBL_Ice_L_B.M_BLD_Wall_Door_DBL_Ice_L_B"
            }
        },
        {
            "Name": "Ice_Wall_Door_DBL_R",
            "BaseMeshMaterialSlotOverrides": {
                "0": "/Game/ASS/BLD/Stone/Wall_Door_DBL_Stone_R/M_BLD_Wall_Door_DBL_Ice_R_A.M_BLD_Wall_Door_DBL_Ice_R_A",
                "1": "/Game/ASS/BLD/Stone/Wall_Door_DBL_Stone_R/M_BLD_Wall_Door_DBL_Ice_R_B.M_BLD_Wall_Door_DBL_Ice_R_B"
            }
        },
        {
            "Name": "Ice_Wall_Doorframe",
            "BaseMeshMaterialSlotOverrides": {
                "0": "/Game/ASS/BLD/Stone/Wall_Doorframe_Stone/M_BLD_Wall_Doorframe_Ice_A.M_BLD_Wall_Doorframe_Ice_A",
                "1": "/Game/ASS/BLD/Stone/Wall_Doorframe_Stone/M_BLD_Wall_Doorframe_Ice_B.M_BLD_Wall_Doorframe_Ice_B"
            }
        },
        {
            "Name": "Ice_Wall_Half",
            "BaseMeshMaterialSlotOverrides": {
                "0": "/Game/ASS/BLD/Stone/Wall_Half_Stone/M_BLD_Wall_Half_Ice_A.M_BLD_Wall_Half_Ice_A",
                "1": "/Game/ASS/BLD/Stone/Wall_Half_Stone/M_BLD_Wall_Half_Ice_B.M_BLD_Wall_Half_Ice_B"
            }
        },
        {
            "Name": "Ice_Wall_HalfPitch_Lower_L",
            "BaseMeshMaterialSlotOverrides": {
                "0": "/Game/ASS/BLD/Stone/Wall_HalfPitch_Lower_Stone_L/M_BLD_Wall_HalfPitch_Lower_Ice_L_A.M_BLD_Wall_HalfPitch_Lower_Ice_L_A",
                "1": "/Game/ASS/BLD/Stone/Wall_HalfPitch_Lower_Stone_L/M_BLD_Wall_HalfPitch_Lower_Ice_L_B.M_BLD_Wall_HalfPitch_Lower_Ice_L_B"
            }
        },
        {
            "Name": "Ice_Wall_HalfPitch_Lower_R",
            "BaseMeshMaterialSlotOverrides": {
                "0": "/Game/ASS/BLD/Stone/Wall_HalfPitch_Lower_Stone_R/M_BLD_Wall_HalfPitch_Lower_Ice_R_B.M_BLD_Wall_HalfPitch_Lower_Ice_R_B",
                "1": "/Game/ASS/BLD/Stone/Wall_HalfPitch_Lower_Stone_R/M_BLD_Wall_HalfPitch_Lower_Ice_R_A.M_BLD_Wall_HalfPitch_Lower_Ice_R_A"
            }
        },
        {
            "Name": "Ice_Wall_HalfPitch_Upper_L",
            "BaseMeshMaterialSlotOverrides": {
                "0": "/Game/ASS/BLD/Stone/Wall_HalfPitch_Upper_Stone_L/M_BLD_Wall_HalfPitch_Upper_Ice_L_A.M_BLD_Wall_HalfPitch_Upper_Ice_L_A",
                "1": "/Game/ASS/BLD/Stone/Wall_HalfPitch_Upper_Stone_L/M_BLD_Wall_HalfPitch_Upper_Ice_L_B.M_BLD_Wall_HalfPitch_Upper_Ice_L_B"
            }
        },
        {
            "Name": "Ice_Wall_HalfPitch_Upper_R",
            "BaseMeshMaterialSlotOverrides": {
                "0": "/Game/ASS/BLD/Stone/Wall_HalfPitch_Upper_Stone_R/M_BLD_Wall_HalfPitch_Upper_Ice_R_A.M_BLD_Wall_HalfPitch_Upper_Ice_R_A",
                "1": "/Game/ASS/BLD/Stone/Wall_HalfPitch_Upper_Stone_R/M_BLD_Wall_HalfPitch_Upper_Ice_R_B.M_BLD_Wall_HalfPitch_Upper_Ice_R_B"
            }
        },
        {
            "Name": "Ice_Wall_Solid",
            "BaseMeshMaterialSlotOverrides": {
                "0": "/Game/ASS/BLD/Stone/Wall_Solid_Stone/M_BLD_Wall_Solid_ICE_A.M_BLD_Wall_Solid_ICE_A",
                "1": "/Game/ASS/BLD/Stone/Wall_Solid_Stone/M_BLD_Wall_Solid_ICE_B.M_BLD_Wall_Solid_ICE_B"
            }
        },
        {
            "Name": "Ice_Wall_Triangle_L",
            "BaseMeshMaterialSlotOverrides": {
                "0": "/Game/ASS/BLD/Stone/Wall_Triangle_Stone_L/M_BLD_Wall_Triangle_Ice_L_A.M_BLD_Wall_Triangle_Ice_L_A",
                "1": "/Game/ASS/BLD/Stone/Wall_Triangle_Stone_L/M_BLD_Wall_Triangle_Ice_L_B.M_BLD_Wall_Triangle_Ice_L_B"
            }
        },
        {
            "Name": "Ice_Wall_Triangle_R",
            "BaseMeshMaterialSlotOverrides": {
                "0": "/Game/ASS/BLD/Stone/Wall_Triangle_Stone_R/M_BLD_Wall_Triangle_Ice_R_A.M_BLD_Wall_Triangle_Ice_R_A",
                "1": "/Game/ASS/BLD/Stone/Wall_Triangle_Stone_R/M_BLD_Wall_Triangle_Ice_R_B.M_BLD_Wall_Triangle_Ice_R_B"
            }
        },
        {
            "Name": "Ice_Wall_Win_DBL_L",
            "BaseMeshMaterialSlotOverrides": {
                "0": "/Game/ASS/BLD/Stone/Wall_Win_DBL_Stone_L/M_BLD_Wall_Win_DBL_Ice_L_A.M_BLD_Wall_Win_DBL_Ice_L_A",
                "1": "/Game/ASS/BLD/Stone/Wall_Win_DBL_Stone_L/M_BLD_Wall_Win_DBL_Ice_L_B.M_BLD_Wall_Win_DBL_Ice_L_B"
            }
        },
        {
            "Name": "Ice_Wall_Win_DBL_R",
            "BaseMeshMaterialSlotOverrides": {
                "0": "/Game/ASS/BLD/Stone/Wall_Win_DBL_Stone_R/M_BLD_Wall_Win_DBL_Ice_R_B.M_BLD_Wall_Win_DBL_Ice_R_B",
                "1": "/Game/ASS/BLD/Stone/Wall_Win_DBL_Stone_R/M_BLD_Wall_Win_DBL_Ice_R_A.M_BLD_Wall_Win_DBL_Ice_R_A"
            }
        },
        {
            "Name": "Ice_Wall_Windowframe",
            "BaseMeshMaterialSlotOverrides": {
                "0": "/Game/ASS/BLD/Stone/Wall_Windowframe_Stone/M_BLD_Wall_Windowframe_Ice_B.M_BLD_Wall_Windowframe_Ice_B",
                "1": "/Game/ASS/BLD/Stone/Wall_Windowframe_Stone/M_BLD_Wall_Windowframe_Ice_A.M_BLD_Wall_Windowframe_Ice_A"
            }
        },
        {
            "Name": "Ice_Frame_Pillar"
        },
        {
            "Name": "Ice_Ramp_RoofPeak_Connector"
        },
        {
            "Name": "Ice_Ramp_RoofPeak_Cap"
        },
        {
            "Name": "Limestone_Frame",
            "BaseMeshMaterialSlotOverrides": {
                "0": "/Game/ASS/BLD/Concrete/Frame_Concrete/M_BLD_Frame_Limestone_Limestone.M_BLD_Frame_Limestone_Limestone"
            }
        },
        {
            "Name": "Limestone_Beam_Diagonal",
            "BaseMeshMaterialSlotOverrides": {
                "0": "/Game/ASS/BLD/Concrete/Beam_Concrete/M_BLD_Beam_Limestone.M_BLD_Beam_Limestone"
            }
        },
        {
            "Name": "Limestone_Beam_Horizontal",
            "BaseMeshMaterialSlotOverrides": {
                "0": "/Game/ASS/BLD/Concrete/Beam_Concrete/M_BLD_Beam_Limestone.M_BLD_Beam_Limestone"
            }
        },
        {
            "Name": "Limestone_Beam_Vertical",
            "BaseMeshMaterialSlotOverrides": {
                "0": "/Game/ASS/BLD/Concrete/Beam_Concrete/M_BLD_Beam_Limestone.M_BLD_Beam_Limestone"
            }
        },
        {
            "Name": "Limestone_Floor",
            "BaseMeshMaterialSlotOverrides": {
                "0": "/Game/ASS/BLD/Concrete/Floor_Concrete/M_BLD_Floor_Limestone_Limestone.M_BLD_Floor_Limestone_Limestone"
            }
        },
        {
            "Name": "Limestone_Floor_Half",
            "BaseMeshMaterialSlotOverrides": {
                "1": "/Game/ASS/BLD/Concrete/Floor_Half_Concrete/M_BLD_Floor_Half_Limestone_Limestone.M_BLD_Floor_Half_Limestone_Limestone"
            }
        },
        {
            "Name": "Limestone_Floor_Quarter",
            "BaseMeshMaterialSlotOverrides": {
                "0": "/Game/ASS/BLD/Concrete/Floor_Quarter_Concrete/M_BLD_Floor_Quarter_Limestone_Limestone.M_BLD_Floor_Quarter_Limestone_Limestone"
            }
        },
        {
            "Name": "Limestone_Floor_TrapDoorHatch",
            "BaseMeshMaterialSlotOverrides": {
                "1": "/Game/ASS/BLD/Concrete/Floor_TrapDoor_Concrete/M_BLD_Floor_TrapDoor_Limestone_Limestone.M_BLD_Floor_TrapDoor_Limestone_Limestone",
                "0": "/Game/ASS/BLD/Concrete/Floor_TrapDoor_Concrete/M_BLD_Floor_TrapDoor_Limestone_Support.M_BLD_Floor_TrapDoor_Limestone_Support"
            }
        },
        {
            "Name": "Limestone_Ramp_Half",
            "BaseMeshMaterialSlotOverrides": {
                "1": "/Game/ASS/BLD/Concrete/Ramp_Half_Concrete/M_BLD_Ramp_Half_Limestone_Limestone.M_BLD_Ramp_Half_Limestone_Limestone",
                "0": "/Game/ASS/BLD/Concrete/Ramp_Half_Concrete/M_BLD_Ramp_Half_Limestone_Support.M_BLD_Ramp_Half_Limestone_Support"
            }
        },
        {
            "Name": "Limestone_Ramp",
            "BaseMeshMaterialSlotOverrides": {
                "0": "/Game/ASS/BLD/Concrete/Ramp_Concrete/M_BLD_Ramp_Limestone_Support.M_BLD_Ramp_Limestone_Support",
                "1": "/Game/ASS/BLD/Concrete/Ramp_Concrete/M_BLD_Ramp_Limestone_Limestone.M_BLD_Ramp_Limestone_Limestone"
            }
        },
        {
            "Name": "Limestone_Roof_HalfPitch",
            "BaseMeshMaterialSlotOverrides": {
                "0": "/Game/ASS/BLD/Concrete/Roof_HalfPitch_Concrete/M_BLD_Roof_HalfPitch_Limestone_Support.M_BLD_Roof_HalfPitch_Limestone_Support",
                "1": "/Game/ASS/BLD/Concrete/Roof_HalfPitch_Concrete/M_BLD_Roof_HalfPitch_Concrete_RoofIron.M_BLD_Roof_HalfPitch_Concrete_RoofIron"
            }
        },
        {
            "Name": "Limestone_Roof_Peak",
            "BaseMeshMaterialSlotOverrides": {
                "0": "/Game/ASS/BLD/Concrete/RoofPeak_Concrete/M_BLD_RoofPeak_Limestone_Support.M_BLD_RoofPeak_Limestone_Support",
                "1": "/Game/ASS/BLD/Concrete/RoofPeak_Concrete/M_BLD_RoofPeak_Concrete_RoofIron.M_BLD_RoofPeak_Concrete_RoofIron"
            }
        },
        {
            "Name": "Limestone_Roof_PyrimidHip_Single_Inverted_L",
            "BaseMeshMaterialSlotOverrides": {
                "0": "/Game/ASS/BLD/Concrete/RoofCorner_Concrete/M_BLD_RoofCorner_Invert_Limestone_Support.M_BLD_RoofCorner_Invert_Limestone_Support",
                "1": "/Game/ASS/BLD/Concrete/RoofCorner_Concrete/M_BLD_RoofCorner_Invert_Concrete_RoofIron.M_BLD_RoofCorner_Invert_Concrete_RoofIron"
            }
        },
        {
            "Name": "Limestone_Roof_PyrimidHip_Single_Inverted_R",
            "BaseMeshMaterialSlotOverrides": {
                "0": "/Game/ASS/BLD/Concrete/RoofCorner_Concrete/M_BLD_RoofCorner_Invert_Limestone_Support.M_BLD_RoofCorner_Invert_Limestone_Support",
                "1": "/Game/ASS/BLD/Concrete/RoofCorner_Concrete/M_BLD_RoofCorner_Invert_Concrete_RoofIron.M_BLD_RoofCorner_Invert_Concrete_RoofIron"
            }
        },
        {
            "Name": "Limestone_Roof_PyrimidHip_Single_L",
            "BaseMeshMaterialSlotOverrides": {
                "0": "/Game/ASS/BLD/Concrete/RoofCorner_Concrete/M_BLD_RoofCorner_Limestone_Support.M_BLD_RoofCorner_Limestone_Support",
                "1": "/Game/ASS/BLD/Concrete/RoofCorner_Concrete/M_BLD_RoofCorner_Concrete_RoofIron.M_BLD_RoofCorner_Concrete_RoofIron"
            }
        },
        {
            "Name": "Limestone_Roof_PyrimidHip_Single_R",
            "BaseMeshMaterialSlotOverrides": {
                "0": "/Game/ASS/BLD/Concrete/RoofCorner_Concrete/M_BLD_RoofCorner_Limestone_Support.M_BLD_RoofCorner_Limestone_Support",
                "1": "/Game/ASS/BLD/Concrete/RoofCorner_Concrete/M_BLD_RoofCorner_Concrete_RoofIron.M_BLD_RoofCorner_Concrete_RoofIron"
            }
        },
        {
            "Name": "Limestone_Roof",
            "BaseMeshMaterialSlotOverrides": {
                "0": "/Game/ASS/BLD/Concrete/Roof_Concrete/M_BLD_Roof_Limestone_Support.M_BLD_Roof_Limestone_Support",
                "1": "/Game/ASS/BLD/Concrete/Roof_Concrete/M_BLD_Roof_Concrete_RoofIron.M_BLD_Roof_Concrete_RoofIron"
            }
        },
        {
            "Name": "Limestone_RoofPeak_CapEnd",
            "BaseMeshMaterialSlotOverrides": {
                "0": "/Game/ASS/BLD/Stone/RoofPeak_CapEnd_Stone/M_BLD_RoofPeak_CapEnd_Ice_A.M_BLD_RoofPeak_CapEnd_Ice_A",
                "1": "/Game/ASS/BLD/Stone/RoofPeak_CapEnd_Stone/M_BLD_RoofPeak_CapEnd_Ice_B.M_BLD_RoofPeak_CapEnd_Ice_B"
            }
        },
        {
            "Name": "Limestone_Stairs",
            "BaseMeshMaterialSlotOverrides": {
                "0": "/Game/ASS/BLD/Concrete/Stairs_Concrete/M_BLD_Stairs_Limestone_Support.M_BLD_Stairs_Limestone_Support",
                "1": "/Game/ASS/BLD/Concrete/Stairs_Concrete/M_BLD_Stairs_Limestone_Limestone.M_BLD_Stairs_Limestone_Limestone"
            }
        },
        {
            "Name": "Limestone_Wall_Door_DBL_L",
            "BaseMeshMaterialSlotOverrides": {
                "0": "/Game/ASS/BLD/Concrete/Wall_Door_DBL_Concrete/M_BLD_Wall_Door_DBL_Limestone_Support.M_BLD_Wall_Door_DBL_Limestone_Support",
                "1": "/Game/ASS/BLD/Concrete/Wall_Door_DBL_Concrete/M_BLD_Wall_Door_DBL_Limestone_Limestone.M_BLD_Wall_Door_DBL_Limestone_Limestone"
            }
        },
        {
            "Name": "Limestone_Wall_Door_DBL_R",
            "BaseMeshMaterialSlotOverrides": {
                "0": "/Game/ASS/BLD/Concrete/Wall_Door_DBL_Concrete/M_BLD_Wall_Door_DBL_Limestone_Support.M_BLD_Wall_Door_DBL_Limestone_Support",
                "1": "/Game/ASS/BLD/Concrete/Wall_Door_DBL_Concrete/M_BLD_Wall_Door_DBL_Limestone_Limestone.M_BLD_Wall_Door_DBL_Limestone_Limestone"
            }
        },
        {
            "Name": "Limestone_Wall_Doorframe",
            "BaseMeshMaterialSlotOverrides": {
                "0": "/Game/ASS/BLD/Concrete/Wall_Doorframe_Concrete/M_BLD_Wall_Doorframe_Limestone_Limestone.M_BLD_Wall_Doorframe_Limestone_Limestone"
            }
        },
        {
            "Name": "Limestone_Wall_Half",
            "BaseMeshMaterialSlotOverrides": {
                "0": "/Game/ASS/BLD/Concrete/Wall_Half_Concrete/M_BLD_Wall_Half_Limestone_Support.M_BLD_Wall_Half_Limestone_Support",
                "1": "/Game/ASS/BLD/Concrete/Wall_Half_Concrete/M_BLD_Wall_Half_Limestone_Limestone.M_BLD_Wall_Half_Limestone_Limestone"
            }
        },
        {
            "Name": "Limestone_Wall_HalfPitch_Lower_L",
            "BaseMeshMaterialSlotOverrides": {
                "0": "/Game/ASS/BLD/Concrete/Wall_HalfPitch_Concrete/M_BLD_Wall_HalfPitch_Lower_Limestone_Limestone.M_BLD_Wall_HalfPitch_Lower_Limestone_Limestone",
                "1": "/Game/ASS/BLD/Concrete/Wall_HalfPitch_Concrete/M_BLD_Wall_HalfPitch_Lower_Limestone_Support.M_BLD_Wall_HalfPitch_Lower_Limestone_Support"
            }
        },
        {
            "Name": "Limestone_Wall_HalfPitch_Lower_R",
            "BaseMeshMaterialSlotOverrides": {
                "0": "/Game/ASS/BLD/Concrete/Wall_HalfPitch_Concrete/M_BLD_Wall_HalfPitch_Lower_Limestone_Limestone.M_BLD_Wall_HalfPitch_Lower_Limestone_Limestone",
                "1": "/Game/ASS/BLD/Concrete/Wall_HalfPitch_Concrete/M_BLD_Wall_HalfPitch_Lower_Limestone_Support.M_BLD_Wall_HalfPitch_Lower_Limestone_Support"
            }
        },
        {
            "Name": "Limestone_Wall_HalfPitch_Upper_L",
            "BaseMeshMaterialSlotOverrides": {
                "0": "/Game/ASS/BLD/Concrete/Wall_HalfPitch_Concrete/M_BLD_Wall_HalfPitch_Upper_Limestone_Limestone.M_BLD_Wall_HalfPitch_Upper_Limestone_Limestone",
                "1": "/Game/ASS/BLD/Concrete/Wall_HalfPitch_Concrete/M_BLD_Wall_HalfPitch_Upper_Limestone_Support.M_BLD_Wall_HalfPitch_Upper_Limestone_Support"
            }
        },
        {
            "Name": "Limestone_Wall_HalfPitch_Upper_R",
            "BaseMeshMaterialSlotOverrides": {
                "0": "/Game/ASS/BLD/Concrete/Wall_HalfPitch_Concrete/M_BLD_Wall_HalfPitch_Upper_Limestone_Limestone.M_BLD_Wall_HalfPitch_Upper_Limestone_Limestone",
                "1": "/Game/ASS/BLD/Concrete/Wall_HalfPitch_Concrete/M_BLD_Wall_HalfPitch_Upper_Limestone_Support.M_BLD_Wall_HalfPitch_Upper_Limestone_Support"
            }
        },
        {
            "Name": "Limestone_Wall_Solid",
            "BaseMeshMaterialSlotOverrides": {
                "0": "/Game/ASS/BLD/Concrete/Wall_Solid_Concrete/M_BLD_Wall_Solid_Limestone_Support.M_BLD_Wall_Solid_Limestone_Support",
                "1": "/Game/ASS/BLD/Concrete/Wall_Solid_Concrete/M_BLD_Wall_Solid_Limestone_Limestone.M_BLD_Wall_Solid_Limestone_Limestone"
            }
        },
        {
            "Name": "Limestone_Wall_Triangle_L",
            "BaseMeshMaterialSlotOverrides": {
                "0": "/Game/ASS/BLD/Concrete/Wall_Half_Angle_Concrete/M_BLD_Wall_Half_Angle_Limestone_Limestone.M_BLD_Wall_Half_Angle_Limestone_Limestone",
                "1": "/Game/ASS/BLD/Concrete/Wall_Half_Angle_Concrete/M_BLD_Wall_Half_Angle_Limestone_Support.M_BLD_Wall_Half_Angle_Limestone_Support"
            }
        },
        {
            "Name": "Limestone_Wall_Triangle_R",
            "BaseMeshMaterialSlotOverrides": {
                "0": "/Game/ASS/BLD/Concrete/Wall_Half_Angle_Concrete/M_BLD_Wall_Half_Angle_Limestone_Limestone.M_BLD_Wall_Half_Angle_Limestone_Limestone",
                "1": "/Game/ASS/BLD/Concrete/Wall_Half_Angle_Concrete/M_BLD_Wall_Half_Angle_Limestone_Support.M_BLD_Wall_Half_Angle_Limestone_Support"
            }
        },
        {
            "Name": "Limestone_Wall_Win_DBL_L",
            "BaseMeshMaterialSlotOverrides": {
                "0": "/Game/ASS/BLD/Concrete/Wall_Win_DBL_Concrete/M_BLD_Wall_Win_DBL_Limestone_Limestone.M_BLD_Wall_Win_DBL_Limestone_Limestone",
                "1": "/Game/ASS/BLD/Concrete/Wall_Win_DBL_Concrete/M_BLD_Wall_Win_DBL_Limestone_Support.M_BLD_Wall_Win_DBL_Limestone_Support"
            }
        },
        {
            "Name": "Limestone_Wall_Win_DBL_R",
            "BaseMeshMaterialSlotOverrides": {
                "0": "/Game/ASS/BLD/Concrete/Wall_Win_DBL_Concrete/M_BLD_Wall_Win_DBL_Limestone_Limestone.M_BLD_Wall_Win_DBL_Limestone_Limestone",
                "1": "/Game/ASS/BLD/Concrete/Wall_Win_DBL_Concrete/M_BLD_Wall_Win_DBL_Limestone_Support.M_BLD_Wall_Win_DBL_Limestone_Support"
            }
        },
        {
            "Name": "Limestone_Wall_Windowframe",
            "BaseMeshMaterialSlotOverrides": {
                "0": "/Game/ASS/BLD/Concrete/Wall_Window_Concrete/M_BLD_Wall_Window_Limestone_Limestone.M_BLD_Wall_Window_Limestone_Limestone"
            }
        },
        {
            "Name": "Ice_Roof_CurvedAngle_Up_L",
            "BaseMeshMaterialSlotOverrides": {
                "0": "/Game/ASS/BLD/Stone/Roof_CurvedAngle_Up_Stone_L/M_BLD_Roof_CurvedAngle_Up_ICE_L_A.M_BLD_Roof_CurvedAngle_Up_ICE_L_A"
            }
        },
        {
            "Name": "Ice_Roof_CurvedAngle_Down_L",
            "BaseMeshMaterialSlotOverrides": {
                "0": "/Game/ASS/BLD/Stone/Roof_CurvedAngle_Down_Stone_L/M_BLD_Roof_CurvedAngle_Down_ICE_L_A.M_BLD_Roof_CurvedAngle_Down_ICE_L_A"
            }
        },
        {
            "Name": "Ice_Roof_CurvedAngle_Up_L_Invert",
            "BaseMeshMaterialSlotOverrides": {
                "0": "/Game/ASS/BLD/Stone/Roof_CurvedAngle_Up_Inverted_Stone_L/M_BLD_Roof_CurvedAngle_Up_Inverted_ICE_L_A.M_BLD_Roof_CurvedAngle_Up_Inverted_ICE_L_A"
            }
        },
        {
            "Name": "Ice_Roof_CurvedAngle_Down_L_Invert",
            "BaseMeshMaterialSlotOverrides": {
                "0": "/Game/ASS/BLD/Stone/Roof_CurvedAngle_Down_Inverted_Stone_L/M_BLD_Roof_CurvedAngle_Down_Inverted_ICE_L_A.M_BLD_Roof_CurvedAngle_Down_Inverted_ICE_L_A"
            }
        },
        {
            "Name": "Ice_Roof_CurvedAngle_Up_R",
            "BaseMeshMaterialSlotOverrides": {
                "0": "/Game/ASS/BLD/Stone/Roof_CurvedAngle_Up_Stone_R/M_BLD_Roof_CurvedAngle_Up_ICE_R_A.M_BLD_Roof_CurvedAngle_Up_ICE_R_A"
            }
        },
        {
            "Name": "Ice_Roof_CurvedAngle_Down_R",
            "BaseMeshMaterialSlotOverrides": {
                "0": "/Game/ASS/BLD/Stone/Roof_CurvedAngle_Down_Stone_R/M_BLD_Roof_CurvedAngle_Down_ICE_R_A.M_BLD_Roof_CurvedAngle_Down_ICE_R_A"
            }
        },
        {
            "Name": "Ice_Roof_CurvedAngle_Up_R_Invert",
            "BaseMeshMaterialSlotOverrides": {
                "0": "/Game/ASS/BLD/Stone/Roof_CurvedAngle_Up_Inverted_Stone_R/M_BLD_Roof_CurvedAngle_Up_Inverted_ICE_R_A.M_BLD_Roof_CurvedAngle_Up_Inverted_ICE_R_A"
            }
        },
        {
            "Name": "Ice_Roof_CurvedAngle_Down_R_Invert",
            "BaseMeshMaterialSlotOverrides": {
                "0": "/Game/ASS/BLD/Stone/Roof_CurvedAngle_Down_Inverted_Stone_R/M_BLD_Roof_CurvedAngle_Down_Inverted_ICE_R_A.M_BLD_Roof_CurvedAngle_Down_Inverted_ICE_R_A"
            }
        },
        {
            "Name": "Ice_Diagonal_Wall_Solid",
            "BaseMeshMaterialSlotOverrides": {
                "0": "/Game/ASS/BLD/Stone/Wall_Diagonal_Solid_Stone/M_BLD_Wall_Diagonal_Solid_ICE_A.M_BLD_Wall_Diagonal_Solid_ICE_A",
                "1": "/Game/ASS/BLD/Stone/Wall_Diagonal_Solid_Stone/M_BLD_Wall_Diagonal_Solid_ICE_B.M_BLD_Wall_Diagonal_Solid_ICE_B"
            }
        },
        {
            "Name": "Ice_Diagonal_Wall_Angle_Left",
            "BaseMeshMaterialSlotOverrides": {
                "0": "/Game/ASS/BLD/Stone/Wall_Diagonal_Angle_Stone_L/M_BLD_Wall_Diagonal_Angle_ICE_L_A.M_BLD_Wall_Diagonal_Angle_ICE_L_A",
                "1": "/Game/ASS/BLD/Stone/Wall_Diagonal_Angle_Stone_L/M_BLD_Wall_Diagonal_Angle_ICE_L_B.M_BLD_Wall_Diagonal_Angle_ICE_L_B"
            }
        },
        {
            "Name": "Ice_Diagonal_Wall_Angle_Left_Invert",
            "BaseMeshMaterialSlotOverrides": {
                "0": "/Game/ASS/BLD/Stone/Wall_Diagonal_Angle_Stone_L_Inverted/M_BLD_Wall_Diagonal_Angle_ICE_L_Inverted_A.M_BLD_Wall_Diagonal_Angle_ICE_L_Inverted_A",
                "1": "/Game/ASS/BLD/Stone/Wall_Diagonal_Angle_Stone_L_Inverted/M_BLD_Wall_Diagonal_Angle_ICE_L_Inverted_B.M_BLD_Wall_Diagonal_Angle_ICE_L_Inverted_B"
            }
        },
        {
            "Name": "Ice_Diagonal_Wall_Angle_Right",
            "BaseMeshMaterialSlotOverrides": {
                "0": "/Game/ASS/BLD/Stone/Wall_Diagonal_Angle_Stone_R/M_BLD_Wall_Diagonal_Angle_ICE_R_A.M_BLD_Wall_Diagonal_Angle_ICE_R_A",
                "1": "/Game/ASS/BLD/Stone/Wall_Diagonal_Angle_Stone_R/M_BLD_Wall_Diagonal_Angle_ICE_R_B.M_BLD_Wall_Diagonal_Angle_ICE_R_B"
            }
        },
        {
            "Name": "Ice_Diagonal_Wall_Angle_Right_Invert",
            "BaseMeshMaterialSlotOverrides": {
                "0": "/Game/ASS/BLD/Stone/Wall_Diagonal_Angle_Stone_R_Inverted/M_BLD_Wall_Diagonal_Angle_ICE_R_Inverted_A.M_BLD_Wall_Diagonal_Angle_ICE_R_Inverted_A",
                "1": "/Game/ASS/BLD/Stone/Wall_Diagonal_Angle_Stone_R_Inverted/M_BLD_Wall_Diagonal_Angle_ICE_R_Inverted_B.M_BLD_Wall_Diagonal_Angle_ICE_R_Inverted_B"
            }
        },
        {
            "Name": "Ice_Diagonal_Floor",
            "BaseMeshMaterialSlotOverrides": {
                "0": "/Game/ASS/BLD/Stone/Floor_Diagonal_Stone/M_BLD_Floor_Diagonal_ICE_A.M_BLD_Floor_Diagonal_ICE_A",
                "1": "/Game/ASS/BLD/Stone/Floor_Diagonal_Stone/M_BLD_Floor_Diagonal_ICE_B.M_BLD_Floor_Diagonal_ICE_B",
                "2": "/Game/ASS/BLD/Stone/Floor_Diagonal_Stone/M_BLD_Floor_Diagonal_ICE_C.M_BLD_Floor_Diagonal_ICE_C"
            }
        },
        {
            "Name": "Ice_Diagonal_Ramp_Roof",
            "BaseMeshMaterialSlotOverrides": {
                "0": "/Game/ASS/BLD/Stone/Roof_Diagonal_Stone/M_BLD_Roof_Diagonal_ICE_A.M_BLD_Roof_Diagonal_ICE_A",
                "1": "/Game/ASS/BLD/Stone/Roof_Diagonal_Stone/M_BLD_Roof_Diagonal_Inverted_ICE_A.M_BLD_Roof_Diagonal_Inverted_ICE_A"
            }
        },
        {
            "Name": "Ice_Diagonal_Beam_Horizontal",
            "BaseMeshMaterialSlotOverrides": {
                "0": "/Game/ASS/BLD/Stone/Beam_Horizontal_Diagonal_Stone/M_BLD_Beam_Horizontal_Diagonal_ICE_A.M_BLD_Beam_Horizontal_Diagonal_ICE_A"
            }
        },
        {
            "Name": "Ice_Diagonal_Beam_Diagonal",
            "BaseMeshMaterialSlotOverrides": {
                "0": "/Game/ASS/BLD/Stone/Beam_Diagonal_Angle_Stone/M_BLD_Beam_Diagonal_Angle_ICE_A.M_BLD_Beam_Diagonal_Angle_ICE_A"
            }
        },
        {
            "Name": "Ice_Diagonal_Curved_Floor",
            "BaseMeshMaterialSlotOverrides": {
                "2": "/Game/ASS/BLD/Stone/Floor_Diagonal_Curved_Stone/M_BLD_Floor_Curved_ICE_A.M_BLD_Floor_Curved_ICE_A",
                "0": "/Game/ASS/BLD/Stone/Floor_Diagonal_Curved_Stone/M_BLD_Floor_Curved_ICE_B.M_BLD_Floor_Curved_ICE_B",
                "1": "/Game/ASS/BLD/Stone/Floor_Diagonal_Curved_Stone/M_BLD_Floor_Curved_ICE_C.M_BLD_Floor_Curved_ICE_C"
            }
        },
        {
            "Name": "Ice_Diagonal_Curved_Ramp_Roof",
            "BaseMeshMaterialSlotOverrides": {
                "0": "/Game/ASS/BLD/Stone/Roof_Curved_Stone/M_BLD_Roof_Curved_ICE.M_BLD_Roof_Curved_ICE"
            }
        },
        {
            "Name": "Ice_Diagonal_Beam_Curved_Horizontal",
            "BaseMeshMaterialSlotOverrides": {
                "0": "/Game/ASS/BLD/Stone/Beam_Curved_Horizontal_Diagonal_Stone/M_BLD_Beam_Curved_Horizontal_Diagonal_ICE_A.M_BLD_Beam_Curved_Horizontal_Diagonal_ICE_A"
            }
        },
        {
            "Name": "Ice_Diagonal_Beam_Curved_Diagonal",
            "BaseMeshMaterialSlotOverrides": {
                "0": "/Game/ASS/BLD/Stone/Beam_Curved_Diagonal_Stone/M_BLD_Beam_Curved_Diagonal_ICE_A.M_BLD_Beam_Curved_Diagonal_ICE_A"
            }
        },
        {
            "Name": "Ice_Diagonal_Wall_Curved_Solid",
            "BaseMeshMaterialSlotOverrides": {
                "0": "/Game/ASS/BLD/Stone/Wall_Curved_Stone/M_BLD_Wall_Curved_ICE_A.M_BLD_Wall_Curved_ICE_A",
                "1": "/Game/ASS/BLD/Stone/Wall_Curved_Stone/M_BLD_Wall_Curved_ICE_B.M_BLD_Wall_Curved_ICE_B"
            }
        },
        {
            "Name": "Ice_Diagonal_Wall_Curved_Angle_Up_L",
            "BaseMeshMaterialSlotOverrides": {
                "0": "/Game/ASS/BLD/Stone/Wall_CurvedAngle_Up_Stone_L/M_BLD_Wall_CurvedAngle_Up_ICE_L_A.M_BLD_Wall_CurvedAngle_Up_ICE_L_A",
                "1": "/Game/ASS/BLD/Stone/Wall_CurvedAngle_Up_Stone_L/M_BLD_Wall_CurvedAngle_Up_ICE_L_B.M_BLD_Wall_CurvedAngle_Up_ICE_L_B"
            }
        },
        {
            "Name": "Ice_Diagonal_Wall_Curved_Angle_Down_L",
            "BaseMeshMaterialSlotOverrides": {
                "0": "/Game/ASS/BLD/Stone/Wall_CurvedAngle_Down_Stone_L/M_BLD_Wall_CurvedAngle_Down_ICE_L_A.M_BLD_Wall_CurvedAngle_Down_ICE_L_A",
                "1": "/Game/ASS/BLD/Stone/Wall_CurvedAngle_Down_Stone_L/M_BLD_Wall_CurvedAngle_Down_ICE_L_B.M_BLD_Wall_CurvedAngle_Down_ICE_L_B"
            }
        },
        {
            "Name": "Ice_Diagonal_Wall_Curved_Angle_Up_L_Invert",
            "BaseMeshMaterialSlotOverrides": {
                "0": "/Game/ASS/BLD/Stone/Wall_CurvedAngle_Up_Stone_L_Inverted/M_BLD_Wall_CurvedAngle_Up_ICE_L_Inverted_A.M_BLD_Wall_CurvedAngle_Up_ICE_L_Inverted_A",
                "1": "/Game/ASS/BLD/Stone/Wall_CurvedAngle_Up_Stone_L_Inverted/M_BLD_Wall_CurvedAngle_Up_ICE_L_Inverted_B.M_BLD_Wall_CurvedAngle_Up_ICE_L_Inverted_B"
            }
        },
        {
            "Name": "Ice_Diagonal_Wall_Curved_Angle_Down_L_Invert",
            "BaseMeshMaterialSlotOverrides": {
                "0": "/Game/ASS/BLD/Stone/Wall_CurvedAngle_Down_Stone_L_Inverted/M_BLD_Wall_CurvedAngle_Down_ICE_L_Inverted_A.M_BLD_Wall_CurvedAngle_Down_ICE_L_Inverted_A",
                "1": "/Game/ASS/BLD/Stone/Wall_CurvedAngle_Down_Stone_L_Inverted/M_BLD_Wall_CurvedAngle_Down_ICE_L_Inverted_B.M_BLD_Wall_CurvedAngle_Down_ICE_L_Inverted_B"
            }
        },
        {
            "Name": "Ice_Diagonal_Wall_Curved_Angle_Up_R",
            "BaseMeshMaterialSlotOverrides": {
                "0": "/Game/ASS/BLD/Stone/Wall_CurvedAngle_Up_Stone_R/M_BLD_Wall_CurvedAngle_Up_ICE_R_A.M_BLD_Wall_CurvedAngle_Up_ICE_R_A",
                "1": "/Game/ASS/BLD/Stone/Wall_CurvedAngle_Up_Stone_R/M_BLD_Wall_CurvedAngle_Up_ICE_R_B.M_BLD_Wall_CurvedAngle_Up_ICE_R_B"
            }
        },
        {
            "Name": "Ice_Diagonal_Wall_Curved_Angle_Down_R",
            "BaseMeshMaterialSlotOverrides": {
                "0": "/Game/ASS/BLD/Stone/Wall_CurvedAngle_Down_Stone_R/M_BLD_Wall_CurvedAngle_Down_ICE_R_A.M_BLD_Wall_CurvedAngle_Down_ICE_R_A",
                "1": "/Game/ASS/BLD/Stone/Wall_CurvedAngle_Down_Stone_R/M_BLD_Wall_CurvedAngle_Down_ICE_R_B.M_BLD_Wall_CurvedAngle_Down_ICE_R_B"
            }
        },
        {
            "Name": "Ice_Diagonal_Wall_Curved_Angle_Up_R_Invert",
            "BaseMeshMaterialSlotOverrides": {
                "0": "/Game/ASS/BLD/Stone/Wall_CurvedAngle_Up_Stone_R_Inverted/M_BLD_Wall_CurvedAngle_Up_ICE_R_Inverted_A.M_BLD_Wall_CurvedAngle_Up_ICE_R_Inverted_A",
                "1": "/Game/ASS/BLD/Stone/Wall_CurvedAngle_Up_Stone_R_Inverted/M_BLD_Wall_CurvedAngle_Up_ICE_R_Inverted_B.M_BLD_Wall_CurvedAngle_Up_ICE_R_Inverted_B"
            }
        },
        {
            "Name": "Ice_Diagonal_Wall_Curved_Angle_Down_R_Invert",
            "BaseMeshMaterialSlotOverrides": {
                "0": "/Game/ASS/BLD/Stone/Wall_CurvedAngle_Down_Stone_R_Inverted/M_BLD_Wall_CurvedAngle_Down_ICE_R_Inverted_A.M_BLD_Wall_CurvedAngle_Down_ICE_R_Inverted_A",
                "1": "/Game/ASS/BLD/Stone/Wall_CurvedAngle_Down_Stone_R_Inverted/M_BLD_Wall_CurvedAngle_Down_ICE_R_Inverted_B.M_BLD_Wall_CurvedAngle_Down_ICE_R_Inverted_B"
            }
        },
        {
            "Name": "Ice_Ramp_Curved",
            "BaseMeshMaterialSlotOverrides": {
                "0": "/Game/ASS/BLD/Stone/Roof_Curved_Stone/M_BLD_Roof_Curved_ICE.M_BLD_Roof_Curved_ICE"
            }
        },
        {
            "Name": "Ice_Wall_Curved_Angle_L",
            "BaseMeshMaterialSlotOverrides": {
                "0": "/Game/ASS/BLD/Stone/Wall_Angle_Curved_Stone_L/M_BLD_Wall_Angle_Curved_ICE_L_A.M_BLD_Wall_Angle_Curved_ICE_L_A",
                "1": "/Game/ASS/BLD/Stone/Wall_Angle_Curved_Stone_L/M_BLD_Wall_Angle_Curved_ICE_L_B.M_BLD_Wall_Angle_Curved_ICE_L_B"
            }
        },
        {
            "Name": "Ice_Wall_Curved_Angle_L_Invert",
            "BaseMeshMaterialSlotOverrides": {
                "0": "/Game/ASS/BLD/Stone/Wall_Angle_Curved_Stone_L_Inverted/M_BLD_Wall_Angle_Curved_ICE_L_Inverted_A.M_BLD_Wall_Angle_Curved_ICE_L_Inverted_A",
                "1": "/Game/ASS/BLD/Stone/Wall_Angle_Curved_Stone_L_Inverted/M_BLD_Wall_Angle_Curved_ICE_L_Inverted_B.M_BLD_Wall_Angle_Curved_ICE_L_Inverted_B"
            }
        },
        {
            "Name": "Ice_Wall_Curved_Angle_R",
            "BaseMeshMaterialSlotOverrides": {
                "0": "/Game/ASS/BLD/Stone/Wall_Angle_Curved_Stone_R/M_BLD_Wall_Angle_Curved_ICE_R_A.M_BLD_Wall_Angle_Curved_ICE_R_A",
                "1": "/Game/ASS/BLD/Stone/Wall_Angle_Curved_Stone_R/M_BLD_Wall_Angle_Curved_ICE_R_B.M_BLD_Wall_Angle_Curved_ICE_R_B"
            }
        },
        {
            "Name": "Ice_Wall_Curved_Angle_R_Invert",
            "BaseMeshMaterialSlotOverrides": {
                "0": "/Game/ASS/BLD/Stone/Wall_Angle_Curved_Stone_R_Inverted/M_BLD_Wall_Angle_Curved_ICE_R_Inverted_A.M_BLD_Wall_Angle_Curved_ICE_R_Inverted_A",
                "1": "/Game/ASS/BLD/Stone/Wall_Angle_Curved_Stone_R_Inverted/M_BLD_Wall_Angle_Curved_ICE_R_Inverted_B.M_BLD_Wall_Angle_Curved_ICE_R_Inverted_B"
            }
        },
        {
            "Name": "Ice_Beam_Curved_Diagonal",
            "BaseMeshMaterialSlotOverrides": {
                "0": "/Game/ASS/BLD/Stone/Beam_Angle_Curved_Stone/M_BLD_Beam_Angle_Curved_ICE_A.M_BLD_Beam_Angle_Curved_ICE_A"
            }
        },
        {
            "Name": "Scoria_Roof_CurvedAngle_Up_L",
            "BaseMeshMaterialSlotOverrides": {
                "0": "/Game/ASS/BLD/Stone/Roof_CurvedAngle_Up_Stone_L/M_BLD_Roof_CurvedAngle_Up_Stone_Scoria_L_A.M_BLD_Roof_CurvedAngle_Up_Stone_Scoria_L_A"
            }
        },
        {
            "Name": "Scoria_Roof_CurvedAngle_Down_L",
            "BaseMeshMaterialSlotOverrides": {
                "0": "/Game/ASS/BLD/Stone/Roof_CurvedAngle_Down_Stone_L/M_BLD_Roof_CurvedAngle_Down_Stone_Scoria_L_A.M_BLD_Roof_CurvedAngle_Down_Stone_Scoria_L_A"
            }
        },
        {
            "Name": "Scoria_Roof_CurvedAngle_Up_L_Invert",
            "BaseMeshMaterialSlotOverrides": {
                "0": "/Game/ASS/BLD/Stone/Roof_CurvedAngle_Up_Inverted_Stone_L/M_BLD_Roof_CurvedAngle_Up_Inverted_Stone_Scoria_L_A.M_BLD_Roof_CurvedAngle_Up_Inverted_Stone_Scoria_L_A"
            }
        },
        {
            "Name": "Scoria_Roof_CurvedAngle_Down_L_Invert",
            "BaseMeshMaterialSlotOverrides": {
                "0": "/Game/ASS/BLD/Stone/Roof_CurvedAngle_Down_Inverted_Stone_L/M_BLD_Roof_CurvedAngle_Down_Inverted_Stone_Scoria_L_A.M_BLD_Roof_CurvedAngle_Down_Inverted_Stone_Scoria_L_A"
            }
        },
        {
            "Name": "Scoria_Roof_CurvedAngle_Up_R",
            "BaseMeshMaterialSlotOverrides": {
                "0": "/Game/ASS/BLD/Stone/Roof_CurvedAngle_Up_Stone_R/M_BLD_Roof_CurvedAngle_Up_Stone_Scoria_R_A.M_BLD_Roof_CurvedAngle_Up_Stone_Scoria_R_A"
            }
        },
        {
            "Name": "Scoria_Roof_CurvedAngle_Down_R",
            "BaseMeshMaterialSlotOverrides": {
                "0": "/Game/ASS/BLD/Stone/Roof_CurvedAngle_Down_Stone_R/M_BLD_Roof_CurvedAngle_Down_Stone_Scoria_R_A.M_BLD_Roof_CurvedAngle_Down_Stone_Scoria_R_A"
            }
        },
        {
            "Name": "Scoria_Roof_CurvedAngle_Up_R_Invert",
            "BaseMeshMaterialSlotOverrides": {
                "0": "/Game/ASS/BLD/Stone/Roof_CurvedAngle_Up_Inverted_Stone_R/M_BLD_Roof_CurvedAngle_Up_Inverted_Stone_Scoria_R_A.M_BLD_Roof_CurvedAngle_Up_Inverted_Stone_Scoria_R_A"
            }
        },
        {
            "Name": "Scoria_Roof_CurvedAngle_Down_R_Invert",
            "BaseMeshMaterialSlotOverrides": {
                "0": "/Game/ASS/BLD/Stone/Roof_CurvedAngle_Down_Inverted_Stone_R/M_BLD_Roof_CurvedAngle_Down_Inverted_Stone_Scoria_R_A.M_BLD_Roof_CurvedAngle_Down_Inverted_Stone_Scoria_R_A"
            }
        },
        {
            "Name": "Scoria_Diagonal_Wall_Solid",
            "BaseMeshMaterialSlotOverrides": {
                "0": "/Game/ASS/BLD/Stone/Wall_Diagonal_Solid_Stone/M_BLD_Wall_Diagonal_Solid_Stone_Scoria_A.M_BLD_Wall_Diagonal_Solid_Stone_Scoria_A",
                "1": "/Game/ASS/BLD/Stone/Wall_Diagonal_Solid_Stone/M_BLD_Wall_Diagonal_Solid_Stone_Scoria_B.M_BLD_Wall_Diagonal_Solid_Stone_Scoria_B"
            }
        },
        {
            "Name": "Scoria_Diagonal_Wall_Angle_Left",
            "BaseMeshMaterialSlotOverrides": {
                "0": "/Game/ASS/BLD/Stone/Wall_Diagonal_Angle_Stone_L/M_BLD_Wall_Diagonal_Angle_Stone_Scoria_L_A.M_BLD_Wall_Diagonal_Angle_Stone_Scoria_L_A",
                "1": "/Game/ASS/BLD/Stone/Wall_Diagonal_Angle_Stone_L/M_BLD_Wall_Diagonal_Angle_Stone_Scoria_L_B.M_BLD_Wall_Diagonal_Angle_Stone_Scoria_L_B"
            }
        },
        {
            "Name": "Scoria_Diagonal_Wall_Angle_Left_Invert",
            "BaseMeshMaterialSlotOverrides": {
                "0": "/Game/ASS/BLD/Stone/Wall_Diagonal_Angle_Stone_L_Inverted/M_BLD_Wall_Diagonal_Angle_Stone_Scoria_L_Inverted_A.M_BLD_Wall_Diagonal_Angle_Stone_Scoria_L_Inverted_A",
                "1": "/Game/ASS/BLD/Stone/Wall_Diagonal_Angle_Stone_L_Inverted/M_BLD_Wall_Diagonal_Angle_Stone_Scoria_L_Inverted_B.M_BLD_Wall_Diagonal_Angle_Stone_Scoria_L_Inverted_B"
            }
        },
        {
            "Name": "Scoria_Diagonal_Wall_Angle_Right",
            "BaseMeshMaterialSlotOverrides": {
                "0": "/Game/ASS/BLD/Stone/Wall_Diagonal_Angle_Stone_R/M_BLD_Wall_Diagonal_Angle_Stone_Scoria_R_A.M_BLD_Wall_Diagonal_Angle_Stone_Scoria_R_A",
                "1": "/Game/ASS/BLD/Stone/Wall_Diagonal_Angle_Stone_R/M_BLD_Wall_Diagonal_Angle_Stone_Scoria_R_B.M_BLD_Wall_Diagonal_Angle_Stone_Scoria_R_B"
            }
        },
        {
            "Name": "Scoria_Diagonal_Wall_Angle_Right_Invert",
            "BaseMeshMaterialSlotOverrides": {
                "0": "/Game/ASS/BLD/Stone/Wall_Diagonal_Angle_Stone_R_Inverted/M_BLD_Wall_Diagonal_Angle_Stone_Scoria_R_Inverted_A.M_BLD_Wall_Diagonal_Angle_Stone_Scoria_R_Inverted_A",
                "1": "/Game/ASS/BLD/Stone/Wall_Diagonal_Angle_Stone_R_Inverted/M_BLD_Wall_Diagonal_Angle_Stone_Scoria_R_Inverted_B.M_BLD_Wall_Diagonal_Angle_Stone_Scoria_R_Inverted_B"
            }
        },
        {
            "Name": "Scoria_Diagonal_Floor",
            "BaseMeshMaterialSlotOverrides": {
                "0": "/Game/ASS/BLD/Stone/Floor_Diagonal_Stone/M_BLD_Floor_Diagonal_Stone_Scoria_A.M_BLD_Floor_Diagonal_Stone_Scoria_A",
                "1": "/Game/ASS/BLD/Stone/Floor_Diagonal_Stone/M_BLD_Floor_Diagonal_Stone_Scoria_B.M_BLD_Floor_Diagonal_Stone_Scoria_B",
                "2": "/Game/ASS/BLD/Stone/Floor_Diagonal_Stone/M_BLD_Floor_Diagonal_Stone_Scoria_C.M_BLD_Floor_Diagonal_Stone_Scoria_C"
            }
        },
        {
            "Name": "Scoria_Diagonal_Ramp_Roof",
            "BaseMeshMaterialSlotOverrides": {
                "0": "/Game/ASS/BLD/Stone/Roof_Diagonal_Stone/M_BLD_Roof_Diagonal_Stone_Scoria_A.M_BLD_Roof_Diagonal_Stone_Scoria_A",
                "1": "/Game/ASS/BLD/Stone/Roof_Diagonal_Stone/M_BLD_Roof_Diagonal_Inverted_Stone_Scoria_A.M_BLD_Roof_Diagonal_Inverted_Stone_Scoria_A"
            }
        },
        {
            "Name": "Scoria_Diagonal_Beam_Horizontal",
            "BaseMeshMaterialSlotOverrides": {
                "0": "/Game/ASS/BLD/Stone/Beam_Horizontal_Diagonal_Stone/M_BLD_Beam_Horizontal_Diagonal_Stone_Scoria_A.M_BLD_Beam_Horizontal_Diagonal_Stone_Scoria_A"
            }
        },
        {
            "Name": "Scoria_Diagonal_Beam_Diagonal",
            "BaseMeshMaterialSlotOverrides": {
                "0": "/Game/ASS/BLD/Stone/Beam_Diagonal_Angle_Stone/M_BLD_Beam_Diagonal_Angle_Stone_Scoria_A.M_BLD_Beam_Diagonal_Angle_Stone_Scoria_A"
            }
        },
        {
            "Name": "Scoria_Diagonal_Curved_Floor",
            "BaseMeshMaterialSlotOverrides": {
                "2": "/Game/ASS/BLD/Stone/Floor_Diagonal_Curved_Stone/M_BLD_Floor_Curved_Stone_Scoria_A.M_BLD_Floor_Curved_Stone_Scoria_A",
                "0": "/Game/ASS/BLD/Stone/Floor_Diagonal_Curved_Stone/M_BLD_Floor_Curved_Stone_Scoria_B.M_BLD_Floor_Curved_Stone_Scoria_B",
                "1": "/Game/ASS/BLD/Stone/Floor_Diagonal_Curved_Stone/M_BLD_Floor_Curved_Stone_Scoria_C.M_BLD_Floor_Curved_Stone_Scoria_C"
            }
        },
        {
            "Name": "Scoria_Diagonal_Curved_Ramp_Roof",
            "BaseMeshMaterialSlotOverrides": {
                "0": "/Game/ASS/BLD/Stone/RoofCorner_Curved_Stone/M_BLD_RoofCorner_Curved_Stone_Scoria.M_BLD_RoofCorner_Curved_Stone_Scoria"
            }
        },
        {
            "Name": "Scoria_Diagonal_Beam_Curved_Horizontal",
            "BaseMeshMaterialSlotOverrides": {
                "0": "/Game/ASS/BLD/Stone/Beam_Curved_Horizontal_Diagonal_Stone/M_BLD_Beam_Curved_Horizontal_Diagonal_Stone_Scoria_A.M_BLD_Beam_Curved_Horizontal_Diagonal_Stone_Scoria_A"
            }
        },
        {
            "Name": "Scoria_Diagonal_Beam_Curved_Diagonal",
            "BaseMeshMaterialSlotOverrides": {
                "0": "/Game/ASS/BLD/Stone/Beam_Curved_Diagonal_Stone/M_BLD_Beam_Curved_Diagonal_Stone_Scoria_A.M_BLD_Beam_Curved_Diagonal_Stone_Scoria_A"
            }
        },
        {
            "Name": "Scoria_Diagonal_Wall_Curved_Solid",
            "BaseMeshMaterialSlotOverrides": {
                "0": "/Game/ASS/BLD/Stone/Wall_Curved_Stone/M_BLD_Wall_Curved_Stone_Scoria_A.M_BLD_Wall_Curved_Stone_Scoria_A",
                "1": "/Game/ASS/BLD/Stone/Wall_Curved_Stone/M_BLD_Wall_Curved_Stone_Scoria_B.M_BLD_Wall_Curved_Stone_Scoria_B"
            }
        },
        {
            "Name": "Scoria_Diagonal_Wall_Curved_Angle_Up_L",
            "BaseMeshMaterialSlotOverrides": {
                "0": "/Game/ASS/BLD/Stone/Wall_CurvedAngle_Up_Stone_L/M_BLD_Wall_CurvedAngle_Up_Stone_Scoria_L_A.M_BLD_Wall_CurvedAngle_Up_Stone_Scoria_L_A",
                "1": "/Game/ASS/BLD/Stone/Wall_CurvedAngle_Up_Stone_L/M_BLD_Wall_CurvedAngle_Up_Stone_Scoria_L_B.M_BLD_Wall_CurvedAngle_Up_Stone_Scoria_L_B"
            }
        },
        {
            "Name": "Scoria_Diagonal_Wall_Curved_Angle_Down_L",
            "BaseMeshMaterialSlotOverrides": {
                "0": "/Game/ASS/BLD/Stone/Wall_CurvedAngle_Down_Stone_L/M_BLD_Wall_CurvedAngle_Down_Stone_Scoria_L_A.M_BLD_Wall_CurvedAngle_Down_Stone_Scoria_L_A",
                "1": "/Game/ASS/BLD/Stone/Wall_CurvedAngle_Down_Stone_L/M_BLD_Wall_CurvedAngle_Down_Stone_Scoria_L_B.M_BLD_Wall_CurvedAngle_Down_Stone_Scoria_L_B"
            }
        },
        {
            "Name": "Scoria_Diagonal_Wall_Curved_Angle_Up_L_Invert",
            "BaseMeshMaterialSlotOverrides": {
                "0": "/Game/ASS/BLD/Stone/Wall_CurvedAngle_Up_Stone_L_Inverted/M_BLD_Wall_CurvedAngle_Up_Stone_Scoria_L_Inverted_A.M_BLD_Wall_CurvedAngle_Up_Stone_Scoria_L_Inverted_A",
                "1": "/Game/ASS/BLD/Stone/Wall_CurvedAngle_Up_Stone_L_Inverted/M_BLD_Wall_CurvedAngle_Up_Stone_Scoria_L_Inverted_B.M_BLD_Wall_CurvedAngle_Up_Stone_Scoria_L_Inverted_B"
            }
        },
        {
            "Name": "Scoria_Diagonal_Wall_Curved_Angle_Down_L_Invert",
            "BaseMeshMaterialSlotOverrides": {
                "0": "/Game/ASS/BLD/Stone/Wall_CurvedAngle_Down_Stone_L_Inverted/M_BLD_Wall_CurvedAngle_Down_Stone_Scoria_L_Inverted_A.M_BLD_Wall_CurvedAngle_Down_Stone_Scoria_L_Inverted_A",
                "1": "/Game/ASS/BLD/Stone/Wall_CurvedAngle_Down_Stone_L_Inverted/M_BLD_Wall_CurvedAngle_Down_Stone_Scoria_L_Inverted_B.M_BLD_Wall_CurvedAngle_Down_Stone_Scoria_L_Inverted_B"
            }
        },
        {
            "Name": "Scoria_Diagonal_Wall_Curved_Angle_Up_R",
            "BaseMeshMaterialSlotOverrides": {
                "0": "/Game/ASS/BLD/Stone/Wall_CurvedAngle_Up_Stone_R/M_BLD_Wall_CurvedAngle_Up_Stone_Scoria_R_A.M_BLD_Wall_CurvedAngle_Up_Stone_Scoria_R_A",
                "1": "/Game/ASS/BLD/Stone/Wall_CurvedAngle_Up_Stone_R/M_BLD_Wall_CurvedAngle_Up_Stone_Scoria_R_B.M_BLD_Wall_CurvedAngle_Up_Stone_Scoria_R_B"
            }
        },
        {
            "Name": "Scoria_Diagonal_Wall_Curved_Angle_Down_R",
            "BaseMeshMaterialSlotOverrides": {
                "0": "/Game/ASS/BLD/Stone/Wall_CurvedAngle_Down_Stone_R/M_BLD_Wall_CurvedAngle_Down_Stone_Scoria_R_A.M_BLD_Wall_CurvedAngle_Down_Stone_Scoria_R_A",
                "1": "/Game/ASS/BLD/Stone/Wall_CurvedAngle_Down_Stone_R/M_BLD_Wall_CurvedAngle_Down_Stone_Scoria_R_B.M_BLD_Wall_CurvedAngle_Down_Stone_Scoria_R_B"
            }
        },
        {
            "Name": "Scoria_Diagonal_Wall_Curved_Angle_Up_R_Invert",
            "BaseMeshMaterialSlotOverrides": {
                "0": "/Game/ASS/BLD/Stone/Wall_CurvedAngle_Up_Stone_R_Inverted/M_BLD_Wall_CurvedAngle_Up_Stone_Scoria_R_Inverted_A.M_BLD_Wall_CurvedAngle_Up_Stone_Scoria_R_Inverted_A",
                "1": "/Game/ASS/BLD/Stone/Wall_CurvedAngle_Up_Stone_R_Inverted/M_BLD_Wall_CurvedAngle_Up_Stone_Scoria_R_Inverted_B.M_BLD_Wall_CurvedAngle_Up_Stone_Scoria_R_Inverted_B"
            }
        },
        {
            "Name": "Scoria_Diagonal_Wall_Curved_Angle_Down_R_Invert",
            "BaseMeshMaterialSlotOverrides": {
                "0": "/Game/ASS/BLD/Stone/Wall_CurvedAngle_Down_Stone_R_Inverted/M_BLD_Wall_CurvedAngle_Down_Stone_Scoria_R_Inverted_A.M_BLD_Wall_CurvedAngle_Down_Stone_Scoria_R_Inverted_A",
                "1": "/Game/ASS/BLD/Stone/Wall_CurvedAngle_Down_Stone_R_Inverted/M_BLD_Wall_CurvedAngle_Down_Stone_Scoria_R_Inverted_B.M_BLD_Wall_CurvedAngle_Down_Stone_Scoria_R_Inverted_B"
            }
        },
        {
            "Name": "Scoria_Ramp_Curved",
            "BaseMeshMaterialSlotOverrides": {
                "0": "/Game/ASS/BLD/Stone/Roof_Curved_Stone/M_BLD_Roof_Curved_Stone_Scoria.M_BLD_Roof_Curved_Stone_Scoria"
            }
        },
        {
            "Name": "Scoria_Wall_Curved_Angle_L",
            "BaseMeshMaterialSlotOverrides": {
                "0": "/Game/ASS/BLD/Stone/Wall_Angle_Curved_Stone_L/M_BLD_Wall_Angle_Curved_Stone_Scoria_L_A.M_BLD_Wall_Angle_Curved_Stone_Scoria_L_A",
                "1": "/Game/ASS/BLD/Stone/Wall_Angle_Curved_Stone_L/M_BLD_Wall_Angle_Curved_Stone_Scoria_L_B.M_BLD_Wall_Angle_Curved_Stone_Scoria_L_B"
            }
        },
        {
            "Name": "Scoria_Wall_Curved_Angle_L_Invert",
            "BaseMeshMaterialSlotOverrides": {
                "0": "/Game/ASS/BLD/Stone/Wall_Angle_Curved_Stone_L_Inverted/M_BLD_Wall_Angle_Curved_Stone_Scoria_L_Inverted_A.M_BLD_Wall_Angle_Curved_Stone_Scoria_L_Inverted_A",
                "1": "/Game/ASS/BLD/Stone/Wall_Angle_Curved_Stone_L_Inverted/M_BLD_Wall_Angle_Curved_Stone_Scoria_L_Inverted_B.M_BLD_Wall_Angle_Curved_Stone_Scoria_L_Inverted_B"
            }
        },
        {
            "Name": "Scoria_Wall_Curved_Angle_R",
            "BaseMeshMaterialSlotOverrides": {
                "0": "/Game/ASS/BLD/Stone/Wall_Angle_Curved_Stone_R/M_BLD_Wall_Angle_Curved_Stone_Scoria_R_A.M_BLD_Wall_Angle_Curved_Stone_Scoria_R_A",
                "1": "/Game/ASS/BLD/Stone/Wall_Angle_Curved_Stone_R/M_BLD_Wall_Angle_Curved_Stone_Scoria_R_B.M_BLD_Wall_Angle_Curved_Stone_Scoria_R_B"
            }
        },
        {
            "Name": "Scoria_Wall_Curved_Angle_R_Invert",
            "BaseMeshMaterialSlotOverrides": {
                "0": "/Game/ASS/BLD/Stone/Wall_Angle_Curved_Stone_R_Inverted/M_BLD_Wall_Angle_Curved_Stone_Scoria_R_Inverted_A.M_BLD_Wall_Angle_Curved_Stone_Scoria_R_Inverted_A",
                "1": "/Game/ASS/BLD/Stone/Wall_Angle_Curved_Stone_R_Inverted/M_BLD_Wall_Angle_Curved_Stone_Scoria_R_Inverted_B.M_BLD_Wall_Angle_Curved_Stone_Scoria_R_Inverted_B"
            }
        },
        {
            "Name": "Scoria_Beam_Curved_Diagonal",
            "BaseMeshMaterialSlotOverrides": {
                "0": "/Game/ASS/BLD/Stone/Beam_Angle_Curved_Stone/M_BLD_Beam_Angle_Curved_Stone_Scoria_A.M_BLD_Beam_Angle_Curved_Stone_Scoria_A"
            }
        }
    ]
}