{
    "RowStruct": "/Script/Icarus.PlayerTrackerCategory",
    "Defaults": {
        "CategoryDescriptor": ""
    },
    "Rows": [
        {
            "Name": "Creatures"
        },
        {
            "Name": "MeleeWeapons"
        },
        {
            "Name": "Projectiles"
        },
        {
            "Name": "RangedWeapons"
        },
        {
            "Name": "Crafting"
        },
        {
            "Name": "Consume"
        },
        {
            "Name": "Skinning"
        },
        {
            "Name": "Mining"
        },
        {
            "Name": "Logging"
        },
        {
            "Name": "Gathering"
        },
        {
            "Name": "ProjectilesFired"
        },
        {
            "Name": "Farming"
        }
    ]
}